target,population_decile,n,median_population,variance_total,variance_sampling_noise,noise_share,r2_ceiling,rmse_grand_mean,r2_grand_mean,rmse_size,r2_size,rmse_emacro,r2_emacro,rmse_size_emacro,r2_size_emacro,rmse_size_emacro_drop_A,r2_size_emacro_drop_A,rmse_size_emacro_drop_B,r2_size_emacro_drop_B,rmse_size_emacro_drop_C,r2_size_emacro_drop_C,rmse_size_emacro_drop_D,r2_size_emacro_drop_D,rmse_size_emacro_drop_E,r2_size_emacro_drop_E,rmse_size_emacro_drop_F,r2_size_emacro_drop_F,rmse_size_emacro_drop_BE,r2_size_emacro_drop_BE,rmse_size_emacro_no_ametro,r2_size_emacro_no_ametro,rmse_size_emacro_drop_F_no_ametro,r2_size_emacro_drop_F_no_ametro,rmse_size_geo,r2_size_geo,rmse_size_geo_emacro,r2_size_geo_emacro,rmse_size_geo_emacro_drop_A,r2_size_geo_emacro_drop_A,rmse_size_geo_emacro_drop_B,r2_size_geo_emacro_drop_B,rmse_size_geo_emacro_drop_C,r2_size_geo_emacro_drop_C,rmse_size_geo_emacro_drop_D,r2_size_geo_emacro_drop_D,rmse_size_geo_emacro_drop_E,r2_size_geo_emacro_drop_E,rmse_size_geo_emacro_drop_F,r2_size_geo_emacro_drop_F,rmse_reduction,share_of_explainable,r2_lift_over_size
broadband_rate,1,315,2631.0,0.006402675398601669,0.002736516215432696,0.42740199136603824,0.5725980086339617,0.08598594114225415,-0.15476447169786822,0.07999879498636368,0.0004479688806412474,0.07107965879771355,0.2109051950528691,0.07102457710979068,0.21212770606388875,0.0711788794097559,0.2087006511160836,0.0695159305796343,0.24524291745167404,0.07160081909756193,0.19929139363187998,0.07202490354116672,0.18977827124465363,0.07524931224706942,0.11561048450252198,0.07495751668954845,0.1224560112025933,0.0720090504176728,0.190134901546406,0.07103683143187987,0.21185580937253168,0.07498650158829959,0.12177721493110472,0.07833456997831278,0.04160300629525293,0.0718539785670248,0.19361924281870557,0.07205789627832697,0.18903581818436033,0.07069248007559356,0.21947835426271645,0.07250264676762547,0.17899417648767424,0.07335696285967279,0.1595319667196209,0.07586424025895284,0.10109718332353923,0.07647913432815354,0.08646657476011121,0.11217941317869494,0.3704653227313147,0.2116797371832475
broadband_rate,2,314,6761.5,0.004551602366439121,0.0007552588968945369,0.16593253014880616,0.8340674698511938,0.0746135264886795,-0.2231249320296571,0.06054657247684665,0.19459409158318075,0.05737525029619715,0.2767559462522524,0.057184737940934934,0.28155098136753254,0.05692074254290524,0.28816916092553013,0.056735395348229085,0.29279738734336824,0.057196424720117475,0.28125729415959055,0.0579677080654809,0.26174236942545903,0.059233602981565055,0.2291462567011121,0.059047990979477556,0.23396971923094345,0.057894927751626746,0.26359501785997863,0.05711358837508849,0.2833376656249982,0.059022452515004944,0.2346321975371949,0.060854119450804586,0.18639117480072065,0.057282071660711566,0.27910316640644484,0.05704210205002383,0.2851305662645359,0.05693847613800422,0.28772555159417423,0.057385806860495346,0.2764897801021211,0.058355604986324826,0.2518290572943601,0.06023505515231954,0.2028605363342637,0.059647110636856196,0.21834608542293676,0.05552477041036969,0.3375637961492061,0.08695688978435179
broadband_rate,3,315,10800.0,0.0043672286139454525,0.0005458788268680152,0.12499433281896731,0.8750056671810327,0.0739192368868499,-0.251148969963787,0.055642204271324235,0.2910710269928537,0.05194825123702735,0.3820747560665667,0.05190157263325248,0.3831847425612174,0.051705041906025186,0.3878471692626595,0.052309998450841694,0.3734388144487373,0.05180043549024407,0.38558629415216317,0.053554317541277395,0.3432757520058247,0.052418111392279955,0.370846217402122,0.05264077386594359,0.3654898064285259,0.052330064731644754,0.372958020545628,0.05195173475086917,0.3819918803869655,0.052817205575613244,0.36122940852955443,0.05478240051830239,0.31281101315270354,0.052169364457576195,0.376803270793598,0.05201824542711725,0.3804084703339504,0.05307622845669228,0.35494880707837007,0.052013366275385706,0.38052469644969633,0.05349647596389911,0.3446935817791882,0.05296508080377852,0.3576475993052223,0.05378663549912053,0.3375656705771467,0.06722651783943664,0.4379225837424652,0.09211371556836367
broadband_rate,4,314,15913.0,0.003908276570142969,0.00044044641347779697,0.11269581504097213,0.8873041849590279,0.06733028041936918,-0.1599400861196103,0.051800115300269255,0.31344368880653883,0.048200195897382114,0.4055541252391398,0.04810050222129491,0.4080105968917751,0.04838164641076072,0.40107009639539226,0.048749554760724394,0.3919265828001699,0.04814758032837146,0.4068512169311036,0.04857165157124314,0.3963566052665656,0.049489432834630864,0.3733289038437101,0.04856002750233502,0.39664549611409083,0.049936701538094146,0.3619504362728677,0.04808066277188541,0.40849883801872244,0.04859681383707501,0.39573101526207155,0.050101807953142015,0.35772427689740005,0.04756625702481779,0.4210878460762921,0.04788048226867631,0.41341393293536455,0.048503697332132494,0.39804448005043414,0.04753769398830428,0.4217828986337593,0.04774008512295771,0.4168489136724848,0.048606043099756344,0.3955014740093108,0.04790635285009877,0.4127798782381943,0.07142094293668715,0.4598317057533267,0.09456690808523627
broadband_rate,5,314,21832.5,0.00284838739058296,0.0003122071954541596,0.10960840385909104,0.890391596140909,0.05663657610984549,-0.1261465922968512,0.04434223610014304,0.3097027781890255,0.04032552813175695,0.4290986456121376,0.0401924818275369,0.43285958897386356,0.040140216769932235,0.4343336135863921,0.04168965588843548,0.3898205651933978,0.04016508869711782,0.4336323930583149,0.040873498915929285,0.41347763329040943,0.0416350844449871,0.39141696018166017,0.04085528864780448,0.4140001405659196,0.0426765819398541,0.36058885385799644,0.04025120064903053,0.4312012617929303,0.0409009471855917,0.412689620025251,0.04159467169453213,0.3925978189989735,0.03894092523969685,0.46763011817247635,0.03909073343156682,0.46352611822752354,0.04014598394285982,0.43417105690441105,0.038941923486158776,0.46760282333244074,0.03916195804472965,0.46156939081826176,0.039188397611249655,0.4608421198553718,0.03861155237706173,0.4765978876695355,0.09358468669090757,0.48614518696036896,0.12315681078483809
broadband_rate,6,314,30910.0,0.002847530925658091,0.00021864742832595121,0.07678491789353253,0.9232150821064675,0.05351023349335823,-0.005553640423403117,0.044384095010677,0.30819087084663377,0.04229370412523867,0.37182160428342603,0.04199205779272124,0.3807502135346543,0.0418022325239582,0.38633620156970827,0.0420534428175032,0.378938421047597,0.04185108197459105,0.38490112726724846,0.04291385505993016,0.35326463375315853,0.04290121742189762,0.35364548995878886,0.04340647778046147,0.33833122010070626,0.04329235919052877,0.34180579132828603,0.0421831882155451,0.3751002484312398,0.04364970876424843,0.3308950368068877,0.04347433594289058,0.3362608045289247,0.041419707757436836,0.39751587059059457,0.04138333919434329,0.39857342814344454,0.04166932335965544,0.3902322557391563,0.04130798002846106,0.40076183241543384,0.04181312425656692,0.3860163749789485,0.04189642749553297,0.3835674896198775,0.042528387858867714,0.364830858349225,0.05389401805715157,0.4124176705019917,0.07255934268802056
broadband_rate,7,315,44668.0,0.002470797829542516,0.00014281340580635013,0.05780052260803262,0.9421994773919674,0.05043726764008218,-0.02959373550538702,0.04157420361536839,0.30046303846230216,0.040450723535986784,0.3377600485881115,0.04029799095535014,0.34275153732907315,0.04003606897632206,0.3512675137109045,0.04036097709614981,0.3406953605517976,0.04052144951172142,0.33544224019534097,0.040318676742863574,0.34207660584009936,0.04150704598118419,0.30272123219278846,0.04141828171526765,0.30570035324868905,0.04130059750245997,0.30964025722167987,0.040268068782121205,0.3437272187737519,0.041400940008990354,0.3062816337565816,0.041035626316805796,0.31847008805074384,0.03951458643756121,0.3680573446105868,0.039302608545161294,0.3748193316406646,0.03996307446693977,0.3536309196346197,0.03979167978481702,0.3591633596381344,0.039301729535931786,0.37484729586251486,0.0399221631279049,0.3549536551494593,0.0404545274185794,0.33763549202906107,0.030697224457391342,0.3637781017219605,0.042288498866770996
broadband_rate,8,314,70275.5,0.0023518366988700117,9.924605453243634e-05,0.04219938169181608,0.957800618308184,0.05258240595807379,-0.17563835008958373,0.040478977069103174,0.30329023892336815,0.037592320608933576,0.39911535123002173,0.03760523001664202,0.3987025862450344,0.03730828343982997,0.40816128352131686,0.03703831165013938,0.416695670004649,0.0380015638778266,0.38596125408945614,0.038181091930344586,0.38014583168386984,0.03979739416509118,0.32655503543565845,0.03866121746941961,0.3644585370506759,0.03884069383085819,0.35854411235809736,0.037578471110084485,0.39955801708088534,0.03859758138551497,0.36654900847187033,0.0408003550952717,0.2921834340368583,0.03713634859856647,0.41360367924487673,0.03692546169958193,0.4202447294140752,0.037156062386431606,0.41298093837564387,0.037666685869075206,0.39673565556602153,0.03748081715093236,0.4026746606273318,0.03909113764258693,0.35024526025727365,0.03840297541749847,0.3729205256361615,0.07099356902115574,0.4162688754046586,0.09541234732166626
broadband_rate,9,314,144842.0,0.001205895552688961,4.504776881040978e-05,0.037356277423828466,0.9626437225761715,0.05874899123336854,-1.8621417196889278,0.03168346657337953,0.1675547257239276,0.029637325729659117,0.27160269026012873,0.02931290042856349,0.2874622270404005,0.02934470952685806,0.2859149573148957,0.029871808841364877,0.26003130083256565,0.029622410038204504,0.27233567242630763,0.028739134853286618,0.3150834081163335,0.03103685111599417,0.20118610185732166,0.030503543364382314,0.22840236394606783,0.030657857447949403,0.22057576114038624,0.02915877726895302,0.294935378172247,0.030370502495695364,0.23511831535965022,0.03278318848861363,0.1087640674323157,0.028803303915764224,0.31202141461262467,0.028955781154830787,0.3047181736288288,0.030017817107087685,0.25277994278582383,0.029136085840714667,0.2960323170405993,0.028371571493435582,0.33249105429386394,0.030269075988522208,0.24021864152669847,0.030264183637682376,0.24046422659657418,0.07482028960832819,0.2986174638641082,0.11990750131647288
broadband_rate,10,315,468058.0,0.0007946035878087134,1.420971406670015e-05,0.017882771088268586,0.9821172289117314,0.07456902651659959,-5.997878943597136,0.029779457674574315,-0.11604844604005016,0.023546903628162568,0.302222291742973,0.022868894006201738,0.34182739533163387,0.02179949361797369,0.40194339757439423,0.026579057203844396,0.11094501373520493,0.02368344499515789,0.2941064255882804,0.023074526814142845,0.32993785094163064,0.025560131478162208,0.1778034592285106,0.027963448705126362,0.015918785817923164,0.026133336705978474,0.1405132095219659,0.02288100340910955,0.34113018737877165,0.028235438300825304,-0.0033178660044430597,0.0299544065278297,-0.1292001246922223,0.021978390204696944,0.3920872704312479,0.021007742624146807,0.4445969576107228,0.026057891623227705,0.1454686006132897,0.022927924849866815,0.3384251644636539,0.02240361224691925,0.3683368041485122,0.024108437693546727,0.2685449991152794,0.02758132743699698,0.042630017208059146,0.23205807654021895,0.3480515210087572,0.457875841371684
median_household_income,1,315,2658.0,167026850.17051864,65597644.943683125,0.39273712505931907,0.607262874940681,13833.339314216151,-0.1456917039797878,17922.206732713916,-0.9230770013456853,9838.933402782442,0.42042485740729874,10065.645124334329,0.3934076367625914,9994.198414090983,0.4019883519431362,9526.904644661961,0.45660286345684953,10108.555435423334,0.38822475017215774,10285.969014800914,0.36656197212944197,16828.389518365093,-0.6955040072461711,10367.172274786248,0.35652105715116156,17101.900656933278,-0.7510658063720026,10066.035778840856,0.39336055132776004,10366.34644698718,0.356623569508399,16339.74115417131,-0.5984683942297357,9834.415684211363,0.4209569793651452,9723.742106998301,0.43391640046564983,9206.759398218424,0.4925102249719322,9859.266996694701,0.41802682854357787,9924.774591090918,0.4102675672599734,15674.923511675319,-0.47104029589273777,9881.486903978182,0.41540067759281063,0.438370214424476,0.6478374572149178,1.3164846381082767
median_household_income,2,314,6794.5,198246975.36790058,24439177.85606629,0.12327642230461687,0.8767235776953831,15356.808122403154,-0.18958463437163986,10196.813376248183,0.47552792249626863,7799.313948713778,0.6931640547972236,7794.185992817745,0.6935674041033937,7613.207770268692,0.7076327018572793,7846.95355474727,0.6894041890117495,7905.04516827781,0.684788436259641,8116.997741762101,0.6676587261041309,9275.490110166667,0.5660225502853746,7929.837218686157,0.6828081830849366,9500.105022068628,0.5447496978814093,7800.098626752705,0.6931023110230984,7921.659246808213,0.6834620800338185,10311.98628027124,0.46361319839979787,7776.187118162313,0.6949810407727188,7556.316666339115,0.7119859132476865,7689.5401986992665,0.701740577087332,7941.735063582357,0.6818556464577179,8104.236745384422,0.6687028737595886,9562.188186557238,0.5387801365168283,7785.958579444417,0.6942139929836242,0.23562531692763622,0.7910901699787217,0.21803948160712505
median_household_income,3,314,10823.0,185235057.28032598,17475256.90519451,0.09434098038336383,0.9056590196166362,15429.89375381533,-0.28529461296156167,8467.654111039208,0.6129179476232187,6276.207106535162,0.7873470809334415,6375.72907757034,0.7805495251956638,6330.217988705267,0.7836712964982369,6130.369393992823,0.7971149227441868,6386.988510336358,0.7797737489322364,6458.128192583992,0.774840570871365,7904.938435565641,0.66265537103208,6489.612009928184,0.7726398843839307,7711.878634595246,0.6789318774322353,6378.812448566897,0.7803372166618826,6490.518303499275,0.7725763769203453,8059.302797476965,0.6493516803186764,6238.448262138061,0.7898981041127848,6174.184720083584,0.7942044150960919,6039.943305259868,0.8030560971212647,6239.639138992232,0.7898178824436877,6155.98811097586,0.7954156725034731,7742.433683809919,0.6763826446876302,6399.27327948468,0.778925765420561,0.24704894720978776,0.8618580594781344,0.16763157757244507
median_household_income,4,314,15924.5,196032262.08994526,13782989.056562092,0.0703097995687978,0.9296902004312022,15306.682081813437,-0.1951834552937386,8358.179238145056,0.643634372056036,6151.322382509796,0.8069768381481796,5837.646467072591,0.8261606742114261,5914.3812533489945,0.8215604654201448,6047.371789244311,0.8134454749057161,5879.601771212382,0.8236529200883158,6299.505044708253,0.7975651385887865,7789.417594796458,0.6904844854655343,5935.7483720337195,0.8202688253429684,7987.296418368039,0.6745591598305231,5842.443211244876,0.825874872264854,5935.698231530861,0.8202718617834808,8203.414262830094,0.6567095392863096,5772.700291044601,0.8300072228165363,5866.784807188657,0.8244209212967856,5969.366802029007,0.8182271650733877,5822.268844516523,0.8270753286401704,6048.585382348148,0.8133705914653514,7760.241973341729,0.6927987523952387,5920.336298420243,0.8212009517580826,0.3015648144477757,0.8886408330734714,0.18252630215539012
median_household_income,5,314,21847.0,184844087.25292525,10533328.657912865,0.0569849369512152,0.9430150630487848,14783.373409885158,-0.18233768049640942,8393.00428265073,0.6189084436755294,6475.270809149367,0.7731648727586857,6304.157415910421,0.7849950122007519,6153.037490590422,0.7951794351484611,6425.082581192012,0.7766675321420988,6247.588938781689,0.788836266671713,6402.385744033956,0.7782426052972893,8112.485246174702,0.6439571433012624,6271.138276449024,0.7872413672148896,7947.48934358699,0.6582926302641082,6290.92769095825,0.7858964719887788,6271.525374816065,0.7872151005125574,8311.55452167491,0.6262691461033931,6136.570366755159,0.7962742740339313,5997.150954609698,0.805426183185598,6262.5162839389195,0.7878259954675425,6087.587764204097,0.7995136044780303,6217.598844865161,0.7908586854456888,7896.97537568821,0.6626225863589854,6114.25285367088,0.7977534011814551,0.2488795187508944,0.8324310426843541,0.1660865685252224
median_household_income,6,314,30944.5,211568152.12250462,8225094.885869506,0.03887681015953156,0.9611231898404684,14904.144294348036,-0.04993835281089387,9459.75819346849,0.5770297930896593,6310.517009844302,0.8117740097834965,6197.450314605198,0.8184585438938824,6254.112253582172,0.81512378073918,6419.430368497495,0.8052207487631384,6167.18344835092,0.8202274240993013,6314.671430327881,0.8115260975106015,7898.850258985383,0.7050981691339506,6512.674198370181,0.7995212191031611,8386.163662814064,0.6675882439112053,6197.371763123327,0.8184631458702762,6513.992533590794,0.7994400466138822,9503.611383270361,0.5730991247116973,6237.746267063215,0.816090096255455,6184.060488849696,0.8192421508337027,6297.914472460201,0.8125250596344146,6082.368808956785,0.8251380940041062,6152.941709682432,0.8210567549844251,7775.302721457404,0.714251262282154,6452.178854080669,0.8032283614173635,0.34486165630700355,0.8515646615807219,0.2414287508042231
median_household_income,7,314,44671.0,199632837.9509269,6151188.309032269,0.030812507462045568,0.9691874925379544,14130.378186325244,-0.00017406824451349223,8683.245121722175,0.6223129089491468,6399.882410151302,0.7948308740978158,6209.152175529078,0.8068776102438888,6214.758503348357,0.8065287071436867,6201.830056525301,0.8073328193657429,6223.751304141479,0.8059683933094991,6461.537744660459,0.790858706141647,7819.396048526947,0.6937229606546554,6435.535264018568,0.7925385695082523,7941.737384193333,0.684064038126844,6205.902777588332,0.8070796884912002,6430.540872967455,0.7928604515001184,8748.28461663071,0.616633793722902,6087.434357998278,0.814374942302593,6137.889323786264,0.8112851285502928,6094.97363076413,0.8139148652044818,6167.217961437325,0.8094773496471322,6388.369443631889,0.7955683815988144,7428.069047142585,0.7236115544143044,6373.132584046303,0.7965423957765054,0.28492722611317955,0.8325299453988678,0.184564701294742
median_household_income,8,314,70275.5,226461956.76372072,4425773.189421553,0.019543119968883724,0.9804568800311163,15303.681768778697,-0.03418110055635082,9659.47162439273,0.5879864618506384,6505.597645450752,0.8131129778735777,6343.530569024833,0.8223084324837069,6225.875434508217,0.8288386911429245,5992.701896556917,0.8414193865750874,6414.962211633141,0.8182840916648226,6533.181612669406,0.8115248026905711,9157.410025883322,0.6297031096059906,6341.761794579146,0.8224075105862255,9169.551607244628,0.6287205238377049,6338.525942053017,0.8225886957251822,6341.897298113726,0.8223999213175333,9848.97791855691,0.5716615389779172,6288.07561759953,0.8254016014976693,6203.8498692086,0.830047599386259,5973.2390182502195,0.8424477785186093,6384.489795525139,0.8200063687001813,6430.827769378347,0.8173841364333171,9106.92943557257,0.6337744099286855,6315.634744712159,0.8238678019097406,0.34328389629452044,0.8386992321963304,0.23432197063306848
median_household_income,9,314,144842.0,262031938.53710753,2780575.2461907216,0.010611589036490496,0.9893884109635095,18471.667370624345,-0.30214086632293835,11434.582003134808,0.5010163023775882,7137.484904769403,0.805582132276609,6731.6397685719185,0.8270631655560502,6635.694542801163,0.8319577288509603,6949.6631419504,0.8156796531895129,6799.391965710008,0.8235645190373817,7192.703942420359,0.8025622743084696,9756.764410116519,0.6367066843607867,6708.122944938413,0.8282693564165015,10485.77184699409,0.5803892768146539,6731.282893407725,0.8270815014229005,6702.17874717025,0.8285735692763294,11606.669841919733,0.4858841041614038,6766.1750956254555,0.8252841784087367,6717.607547847297,0.8277833938151611,7047.726753006465,0.8104412284153331,6843.356253796813,0.8212755090931485,7306.111693331579,0.7962871687571889,9676.42948039617,0.6426646003085603,6847.923034395178,0.8210368928810593,0.41129113712014753,0.8359337509832161,0.326046863178462
median_household_income,10,315,468058.0,483908743.8575877,1280764.2217550108,0.002646706094924241,0.9973532939050758,30477.555898446815,-0.9195383950663145,15664.945569672018,0.4928991823032559,9470.267915857825,0.8146634555863279,9318.347883681594,0.8205620204563457,9280.073864583796,0.8220330340683493,9521.92116518003,0.8126361967483142,9673.188953626073,0.8066358880258404,9676.793122631489,0.8064917686923094,13741.359175343523,0.6097922296659966,8761.181842938347,0.8413785486223364,15227.497986463093,0.5208255732697034,9302.224984614173,0.821182421762881,8765.875572146719,0.8412085428880525,15556.512128939556,0.4998952329551942,9031.354860412595,0.8314447266141929,9075.651578937403,0.8297872220169897,9277.748378457965,0.8221222160860325,9458.436645616139,0.8151262507348647,9504.462388601405,0.813322643074778,13411.711995642081,0.6282893811338407,8501.411864342283,0.8506453859233226,0.4051464882378972,0.8227395702915717,0.32766283815308983
median_age,1,315,2631.0,45.36754524315034,11.27119187151892,0.24844173981885567,0.7515582601811444,7.606160188166881,-0.27522158181546486,6.881122428345915,-0.04369424486404472,6.649016102409009,0.025527722667139652,6.767723174310462,-0.009578030255321002,6.9946000690971815,-0.07840152832604463,6.969427382878738,-0.07065343264420032,6.843173132934856,-0.032214070131814765,7.022567816409785,-0.08704269697114309,6.742835067517955,-0.0021662954006611557,7.640748047679904,-0.28684570468221926,6.598649613324296,0.0402351177244058,6.751267406157189,-0.0046744064540742425,7.620373512858933,-0.27999194499617563,6.910262787086093,-0.05255269004876317,6.8109943514646965,-0.022529295051245457,6.7973724848371075,-0.018443304569065067,6.796390424339921,-0.018149043605866,6.953620254010868,-0.06580231259681302,6.72639328904893,0.002715125174343469,6.722314889737926,0.003924121646960765,7.418381572855128,-0.21303422668180172,0.01647976114598958,-0.012744228575190508,0.034116214608723716
median_age,2,314,6761.5,29.246018294296007,1.136388444822673,0.03885617636518775,0.9611438236348122,5.549868582192866,-0.05317041689804092,4.809692368834858,0.20901572138659175,4.605624444079797,0.2747123281379342,4.535218515481132,0.296717700981046,4.627127519209526,0.2679239661420215,4.432304752945091,0.3282735028989855,4.457902385034129,0.3204923325111616,4.5282855646628075,0.2988662610823565,4.679588192636029,0.2512298449553554,4.875804813732444,0.18712105209025565,4.58006444372557,0.28274029997545136,4.537829017599579,0.295907839974753,4.881270932969561,0.1852974418161878,4.822214912633953,0.20489153669973004,4.526549857034498,0.2994036520788462,4.622690158019568,0.26932739759590707,4.503949571252354,0.3063821017871462,4.449607116748209,0.3230188364725941,4.4683403348033215,0.3173065424935352,4.784656456185333,0.21722891734014582,4.830528361886596,0.2021476557873264,0.057066820974293796,0.30871311211149627,0.08770197959445425
median_age,3,315,10800.0,28.02922919826105,0.5830610499820873,0.02080189383225211,0.9791981061677479,5.42593766492678,-0.0503606551370166,4.670042084033326,0.22190892541578022,3.536779522222682,0.5537226764127443,3.4873663972370563,0.5661056427005604,3.4646258889140125,0.5717458919320577,3.4313765752298537,0.5799261864194736,3.5869307692777896,0.5409765908086415,3.595700607549152,0.5387292755117408,3.714964270886094,0.5076225808301404,3.8654442755220435,0.4669257816018314,3.6509276547231972,0.5244509706014471,3.4767630701266623,0.5687401405049514,3.852626239596692,0.4704553294333973,4.535452541312457,0.2661114720994959,3.38072121457034,0.5922372374280263,3.357066698082371,0.5979234128895394,3.3543110093486175,0.5985832408072291,3.5158418236413578,0.5589909504313918,3.385828437923246,0.5910043001909953,3.7028110334369595,0.5108388656583853,3.7524182674794,0.49764430714396257,0.2532473295775614,0.5781318807040053,0.3441967172847802
median_age,4,314,15913.0,24.67160619442014,0.3003324087432403,0.012173200495197798,0.9878267995048022,5.097094628519421,-0.053047517350426565,4.5657544045207645,0.1550565002486367,3.8245100226567543,0.40713722494848914,3.7827632614838023,0.42000947244092124,3.80538338277001,0.41305229275517497,3.7214942328879372,0.4386454122086929,3.8285181293718793,0.4058939271556554,3.8564357248208494,0.3971978807347345,3.955546450975866,0.36581560184896145,4.082905536525123,0.3243197265382053,3.8788441342458735,0.3901721801486774,3.799389140619394,0.41489995713690686,4.10893342409444,0.31567755457044844,4.558911410959746,0.15758734598805602,3.8683733870216477,0.3934601361786594,3.902570980389538,0.38268874199106384,3.8012834893818788,0.41431635813337087,3.91640337294878,0.3783049527146898,3.917485853831724,0.3779612363283197,4.074473191182908,0.3271077831396775,4.135496343091571,0.30680111100380214,0.17149217274185544,0.425185338817971,0.26495297219228453
median_age,5,314,21832.5,25.014673287071894,0.23806277534614462,0.00951692523080765,0.9904830747691924,5.026221117231449,-0.009923193054843793,4.4204796847884404,0.21883286583933437,2.9797319894541534,0.6450562185209447,2.935222831179327,0.6555808277084685,2.917273575556648,0.6597802810784874,2.8899619221189576,0.6661207677809677,2.962812037797876,0.6490757616308029,2.9969026065357958,0.6409537262394374,3.106867309715687,0.6141215050300629,3.485559691667111,0.5143200063119173,3.149585924359578,0.6034370954566581,2.9428537634082095,0.6537876720028267,3.49805096703709,0.5108326849780154,4.34586036899366,0.244983049346855,2.8877358719527506,0.6666349238119975,2.8857482820270217,0.6670936673186232,2.8665863086567063,0.671500124320034,2.910529441212649,0.6613514983406279,2.9479257801669383,0.6525932477453478,3.0916698570678642,0.6178873737262833,3.4333372713805876,0.5287643902531686,0.3359944982260893,0.6618798891250468,0.4367479618691341
median_age,6,314,30910.0,20.082017052970027,0.16435370069749403,0.008184123151772095,0.9918158768482279,4.486418514957341,-0.0022873219488286356,4.225618279938288,0.11085376530402702,3.1316630797897758,0.5116370223444296,3.1232770564800143,0.5142490146381103,3.1170868648098726,0.5161725788230391,3.158489726747924,0.5032342952573696,3.181180229241634,0.49607115539117763,3.206196477673054,0.4881143748494734,3.3806079639514808,0.4309082511090707,3.444424144679687,0.4092198180512071,3.4149970046562133,0.41927125591768544,3.134693963713614,0.5106912706913916,3.455729662800749,0.405335257366749,4.147531160866758,0.14341200463144388,3.1353003652026623,0.5105019404120998,3.1367001110874195,0.5100647728291463,3.1680310969612773,0.5002284379681203,3.2107850945845366,0.4866481341782566,3.188911606740023,0.4936187331791321,3.4312257734775318,0.41373865595660997,3.4117334894807136,0.4203806633296947,0.2608709898600621,0.5184924204604188,0.40339524933408333
median_age,7,315,44668.0,23.13335658679608,0.10389514403704961,0.004491140040453544,0.9955088599595464,4.84652217273296,-0.015363986746263825,4.45595234196127,0.14169345899578012,3.1520135892996195,0.5705253740479572,3.1483002320669624,0.5715366979260466,3.2995783047526226,0.5293714965943017,3.2131862857863074,0.5536935563835038,3.2159819453924388,0.5529165932196201,3.248724462089515,0.5437665696726918,3.4171537653723867,0.4952336548141234,3.7060247488621503,0.40628505908139034,3.5242976696222623,0.4630837934174107,3.166806903805927,0.5664846159109922,3.7344426605074403,0.39714490059873375,4.384141383825899,0.16913502797317626,3.1891339361145654,0.5603502144482274,3.318220564534085,0.524038473466429,3.2593645667304987,0.5407731973957517,3.2477295413712817,0.5440459695366432,3.272864371891642,0.5369612206249568,3.437688068577749,0.48914896061442936,3.7338343217269085,0.39734129416985253,0.2934618706713433,0.5741151293713966,0.42984323893026644
median_age,8,314,70275.5,21.976880507112188,0.0668242257472518,0.0030406601940446486,0.9969593398059553,4.844313925374199,-0.06782113139213908,4.385077016303999,0.12503958727469533,3.2400095289614255,0.5223315818474069,3.2329417596251657,0.5244132843264174,3.2689183534359243,0.5137696090228969,3.2399781388864537,0.522340837360201,3.269784935876799,0.5135117778236613,3.390716833404716,0.47686112045731677,3.4908321172613386,0.4455123479895311,3.5938082276134247,0.41231615776032327,3.4975104194826274,0.44338874070727097,3.2454261747129216,0.5207331153253024,3.6119163921666844,0.40637889805241234,4.22963079022032,0.1859728856517988,3.2422971194336916,0.521656833539867,3.275264492039526,0.5118798826183119,3.2409683968512795,0.5220488118871341,3.280197296015961,0.5104084814353723,3.390688453110954,0.4768698777636182,3.501816495561398,0.4420173161237586,3.5733971932216386,0.4189727019541327,0.2627400276882527,0.5260127102359936,0.3993736970517221
median_age,9,314,144842.0,24.909813495858856,0.03606013168185619,0.0014476275259086555,0.9985523724740913,5.522572799622847,-0.22436927647830118,4.6715903013909035,0.12388922752562337,3.2535207942645896,0.5750511114636863,3.216449116086368,0.584679952818889,3.235693029264386,0.5796953926864735,3.2080872540089667,0.5868365762334687,3.215917705156278,0.5848171770512471,3.3276821183731133,0.5554575997615925,3.652525464854169,0.4644302626502589,3.672064487085203,0.4586849235320859,3.671185123739156,0.4589441540778989,3.217906831528631,0.5843034160765559,3.680182571455467,0.45628883325456626,4.639535836835316,0.13587097772299017,3.1908508074093636,0.5912643474092001,3.1985287282870374,0.5892949568900514,3.205366920630814,0.5875369722225203,3.1977139134654338,0.5895041817928367,3.265841979689696,0.5718264274408702,3.6941968409013786,0.45214000491836315,3.6628128927313046,0.46140912338066886,0.3114873290303918,0.5855275786589342,0.4607907252932656
median_age,10,315,468058.0,16.03339965625316,0.015743821510582724,0.000981939067703742,0.9990180609322963,5.158062805706218,-0.659386809910492,3.796369157217786,0.10110026027739438,3.089969141624886,0.4044987650220351,3.005890981105356,0.4364650801449558,2.942763329793367,0.45988647443219377,3.1534694949046798,0.379771597509204,3.0812481978441975,0.4078554355117482,3.1610947522155675,0.3767684803772958,3.1498623408734834,0.3811897052922608,3.156608328046949,0.37853628361286173,3.236688477321218,0.34660443051214296,3.0191845911117228,0.4314695703570671,3.172793285582877,0.37214705247406943,3.7635335830180554,0.1165825505397059,2.9570982797331524,0.4546115968243597,2.9017084497844285,0.4748517402379778,3.069892914951103,0.4122118383301542,3.1000498353312875,0.4006069088542028,3.040390098745522,0.42345527768687674,3.2354015113862897,0.3471239310249371,3.1361599900105213,0.3865618213348243,0.20821952328043383,0.43689408351400677,0.3353648198675614
median_home_value,1,314,2723.5,5009819036.751389,365350683.9838466,0.07292692237058483,0.9270730776294152,97693.80621749439,-0.9050747548458742,104748.45531021197,-1.1901467516859467,61954.098861617895,0.23384251255429145,62290.1314044728,0.22550885732141945,62449.070678610005,0.22155143728486748,56900.3368838171,0.3537394636930188,64889.03186665287,0.1595332235150272,62787.62623858827,0.21308814155630085,99004.74430558334,-0.9565456003716242,69059.78920851945,0.048018610944127516,95047.63092959693,-0.8032691558430003,62310.66700928375,0.22499810978012447,69145.02093775233,0.04566734139314077,102971.81037921515,-1.1164823828943469,67893.41768610949,0.07990365893743734,67497.194275335,0.09061161658314809,61653.57955769989,0.24125725013363153,66952.39048833319,0.10523263231300273,63830.96677074889,0.1867186640876186,103588.01904543335,-1.141889280039789,72303.76080846666,-0.04351749807672545,0.4053360384169779,0.2432481999132797,1.4156556090073662
median_home_value,2,314,6874.0,6839548237.520604,192009023.2970929,0.028073348798647826,0.9719266512013521,100243.46885989614,-0.46921298017012414,76728.91597947187,0.13922289266300114,53231.314913429036,0.5857075951496107,51907.99706907182,0.6060499807660503,52397.76251125101,0.5985808680865832,49744.57213301804,0.6382038154037392,50634.25836633882,0.6251465694408842,56582.43015432586,0.5319030890657535,61519.81506272952,0.44664654536826187,52885.61496194954,0.5910711975740846,59943.86125736591,0.47463394106495493,51840.989650820105,0.6070664151130141,52933.32291793265,0.5903330778832462,101000.03271089378,-0.49147374261367416,78556.39325024441,0.09773179365365137,77951.6174943668,0.1115707559961826,73653.2224082435,0.20684861298898893,77170.3610092718,0.12928977010034615,77641.54052414148,0.1186247094666033,92907.12856141123,-0.26203284745831,85961.31042901496,-0.08038522926657188,0.32348846055691266,0.6235552652218569,0.4668270881030492
median_home_value,3,314,10863.0,7775680766.874909,131968493.88516554,0.016971953690198167,0.9830280463098018,102125.3888754581,-0.3413095734838476,69569.13192747982,0.3775639378404857,46545.314855210905,0.7213792078244703,47541.79991406321,0.7093215620814103,46560.9003273808,0.7211925869524107,47461.58468076695,0.7103016330086624,47239.0700236469,0.7130116572936571,51671.669731700735,0.6566266629365456,54107.615095774185,0.6234883993920595,52989.24762902966,0.6388920213581349,53485.05574851218,0.6321027992033721,47667.65575400661,0.7077805181043084,53068.69966579768,0.6378083194700757,67659.78835480138,0.4112609432580424,47634.30271723276,0.7081893067134104,46896.51441878667,0.7171587761163489,48205.035474804696,0.7011547265383559,46907.36358296458,0.7170278944992303,48080.37065269116,0.7026984374219288,52753.798487525455,0.6420939415725355,50915.43687294872,0.6666038910693193,0.31662508073808243,0.7215679804295911,0.3317576242409246
median_home_value,4,313,15958.0,16622232910.82985,123047922.06646436,0.007402610872230962,0.9925973891277691,133352.55284267644,-0.06982638524290863,99326.2794914359,0.4064750596062787,67083.51054842172,0.7292663740400243,65897.66097407881,0.7387534066481906,67478.19779244404,0.726071268418481,64798.38856882566,0.7473966834876402,67071.21219678053,0.7293656315804219,69543.34698577842,0.709047687159202,76994.28744835609,0.6433619760063796,68732.4451658651,0.7157933567757472,77214.3310976863,0.6413205759510998,65908.30728746968,0.7386689867238382,68727.31488894264,0.7158357822813071,100940.8805032009,0.3870221039844156,67993.31263390878,0.7218730727855229,70477.98256277734,0.701174562240497,67084.88588731785,0.7292552728230434,67324.69192666179,0.7273161694138701,69449.27507441834,0.7098343023926843,77326.78151681344,0.6402750959016323,71371.90244206086,0.6935460785848931,0.3365536159062453,0.7442628952483541,0.33227834704191184
median_home_value,5,314,21864.5,14542161113.937445,133131515.68771666,0.009154864579248901,0.9908451354207511,124282.7271411144,-0.06216649262871998,81772.37180835032,0.5401838324597832,63192.48962716958,0.7253990851846154,62709.51087071976,0.7295805813981827,61326.66559992844,0.7413754472847311,60029.2315236241,0.7522026740672538,63441.72913195053,0.723228689070547,65466.099651518656,0.7052838178587513,77847.85455267986,0.5832608089696573,65190.89578771432,0.7077564427799181,76643.7563575456,0.5960527914269345,62519.514146488764,0.7312167277966095,65038.362522313946,0.7091224222835875,81805.01648354801,0.539816629079994,59671.41688860151,0.7551479477090468,59261.47700048218,0.75850063626975,57284.4413860083,0.7743452847760042,58917.42627086941,0.761296612574563,61652.01120900542,0.7386240974546474,72537.81000005873,0.6381738698685102,61824.75762713986,0.7371573161851966,0.233121047073309,0.7363215050638308,0.18939674893839953
median_home_value,6,314,31056.0,8568627282.717079,66077412.58198486,0.007711551734227371,0.9922884482657727,94582.49045513583,-0.04402341303135371,67873.54231524111,0.4623622204094725,54130.52814075277,0.6580415998829978,52584.902081460204,0.6772911417801881,50924.26331713497,0.6973516867020759,53639.731600221785,0.6642144988676091,53449.72957816841,0.6665891165856117,55741.94367535972,0.6373789894007731,58152.52222920204,0.6053375027247645,52330.243791577625,0.6804092038395215,60890.9116224338,0.5672932202700098,52173.00285576479,0.6823269192163417,52027.9176689131,0.6840912636703167,64509.78129582774,0.5143315556239334,46283.39722547925,0.7500004623783528,44901.190778024975,0.7647094608314796,48085.79643969717,0.7301500295264576,46504.96222640896,0.7476011687377377,49248.14328919572,0.716946537944865,49628.8617897124,0.7125532665529408,45750.988240588464,0.7557189902270165,0.22525183911533989,0.6825546976424981,0.21492892137071562
median_home_value,7,313,44751.0,10804987970.222002,48533720.278022364,0.0044917884602721295,0.9955082115397279,103979.84268797138,-0.0006311636081473004,68030.22124367609,0.571669027747337,53622.95969391611,0.7338801473671356,52270.19171785153,0.7471378080428517,50279.492508413736,0.7660314501163029,50136.56833403141,0.7673597146761696,53356.6278735291,0.7365170839726748,55158.32894849601,0.7184225229333612,61560.284706446444,0.6492667401775107,54278.05684391034,0.7273382013131264,59084.71854076137,0.6769081118218716,52031.209552200504,0.7494447217409186,54165.983091215174,0.7284630272311607,61222.293762327834,0.6531075033261926,44322.15461305881,0.8181901363557438,43588.114311178164,0.8241623484967843,42994.7101414863,0.8289174309823462,43720.671478409815,0.8230912315875755,46960.23707545537,0.7959031632186386,49658.092667055564,0.7717789067303134,46233.232372703504,0.8021736089369768,0.23166218244938563,0.7505089354182947,0.17546878029551471
median_home_value,8,314,70365.0,10614211229.726704,31537626.21119645,0.0029712642351483035,0.9970287357648517,104953.95769137173,-0.037791032859054274,79346.04454903128,0.4068523181501673,71838.43956003094,0.5137875734028426,70468.31375280274,0.5321571112834065,68026.54791508423,0.5640174176783928,69018.25878224756,0.5512129971568369,70349.88882066247,0.5337282488576403,73093.25268009808,0.496653734156539,75407.23715545662,0.46427941819227503,72658.69070330865,0.5026210407483098,73614.62055297711,0.48944747359259666,70090.29631633913,0.537163004260401,72301.13449565867,0.5075042378354928,67866.7678282258,0.5660630756479775,62598.94553645454,0.630813077160054,61926.30903669331,0.6387044060167262,62030.985590293276,0.6374819484912166,61678.29915526902,0.6415925305846009,63664.57812924088,0.6181366263917307,64969.17437806229,0.6023262088900647,62906.70447463606,0.6271740422146197,0.11188624268148131,0.5337430027783223,0.12530479313323917
median_home_value,9,314,145240.0,11851089513.847908,17896933.67895667,0.001510150915495511,0.9984898490845044,121844.53802179705,-0.25271954349830894,89062.38893872693,0.3306852408629214,71216.2420091141,0.5720433028562983,68494.26204690713,0.6041322675127513,69129.84234142331,0.5967514128919629,69271.66632668549,0.5950951387154264,67918.85025242454,0.6107556006373043,73600.2185956517,0.5429118840931881,69782.33220167726,0.5891032734319336,74578.28614352719,0.5306827479780016,70471.83505708187,0.5809432094399849,68348.07093551311,0.6058203091667338,74396.60223044391,0.5329666173757732,76817.06297944672,0.5020828120576448,62228.204136544286,0.6732495028803371,63073.423629115634,0.6643129930248759,63422.852413476554,0.6605832566228264,60725.63127278238,0.6888385418767624,65355.95378814293,0.6395773831117574,61760.56961317088,0.6781420008273276,65841.74152454184,0.6341994614150028,0.2309406601025518,0.6050459782507235,0.2734470266498299
median_home_value,10,314,468935.0,43699854261.512794,12624603.874922419,0.0002888935006367086,0.9997111064993633,274236.0755782912,-0.7209536832441328,177717.6227138473,0.27726181341347067,141647.7542921676,0.540866059279171,136100.26623559892,0.5761248456676279,136657.55588724843,0.5726464562257347,140612.71276299478,0.5475514661388252,138857.45394021706,0.5587767318542076,141466.80740825675,0.5420383446012891,154175.7049332415,0.45605887265860456,138315.965407757,0.5622112107698927,161733.06843178056,0.4014262549292654,135984.62058527823,0.5768448808762245,138259.12134936845,0.5625709751362991,166287.06033621705,0.36724305143475644,130798.23448405738,0.608507203667864,132551.81427380978,0.5979395408933263,134144.0828013145,0.5882220832380645,128921.34461317612,0.6196620474428571,132401.02467210256,0.5988537803966612,144828.09370462515,0.5200172384879351,131267.53595806324,0.6056928269512054,0.23417686914065197,0.576291332488057,0.2988630322541572
mean_commute_minutes,1,315,2694.0,42.4721754138601,14.59180098184438,0.3435614220288463,0.6564385779711537,7.878413920687963,-0.46141339125837555,7.186190716991944,-0.2158863189317326,6.7966560924006325,-0.08764228787988593,6.902144854411425,-0.12166619974289605,6.71836360130493,-0.06272892875200875,6.890743044107125,-0.11796344871036757,6.978735811186254,-0.14669788038312026,6.833820105798667,-0.09956923052210698,6.911603826236586,-0.12474265764261205,7.02564607361121,-0.16216563598814093,6.619622923598286,-0.031720349231939116,6.831346768206712,-0.09877344903456908,6.963464946053722,-0.1416849639186386,6.696119366113578,-0.05570327227950633,6.549807156407015,-0.01007243843979877,6.3498336658792605,0.05066347105037261,6.488428864824827,0.008769653928453303,6.7197194484071305,-0.06315791515980496,6.404373240660995,0.034285477350196936,6.6248930677390705,-0.03336379008866741,6.695630198073319,-0.05554903445612869,0.03952662457300009,-0.18534285434431386,0.09422011918883655
mean_commute_minutes,2,314,6838.0,47.68223275656251,7.488631673534043,0.15705287358850412,0.8429471264114958,7.034606398284605,-0.03782235683952906,6.465224788892736,0.12338141159800653,6.508209929942721,0.11168596679492804,6.062052568933608,0.22930451818121167,6.019899748133877,0.23998540163590154,6.030030814909244,0.23742514713196539,6.028434437519257,0.2378288585392141,5.954544445725748,0.25639808569485534,6.092447499633171,0.2215566597879598,6.148857656875341,0.20707466285099807,6.066626513367312,0.22814106796150635,6.002827218930947,0.24429011526565125,6.0954046277562615,0.22080080088198184,5.915392907777113,0.26614440577840126,6.0546770406765145,0.2311787442074026,6.0336945523359935,0.23649821230574497,6.062244931148754,0.2292556056913937,6.036640056686658,0.2357525839857295,5.864684258316365,0.278672170715201,6.049116776016947,0.23259017763060763,6.001229102443778,0.24469244290869663,0.06236012406742272,0.2720271663507322,0.10592310658320514
mean_commute_minutes,3,314,10832.5,41.085554569484785,5.845414736141981,0.14227420798850574,0.8577257920114942,6.445580547909156,-0.01119503034387015,5.779716274722058,0.18693758508744096,5.037464016335224,0.3823609299722197,4.851548782692955,0.4271094588478217,4.94429770615331,0.4049957445328105,4.802124807803981,0.43872237063938935,4.9096470732383946,0.41330633999373056,4.851263675377427,0.42717679012378895,4.868233632513472,0.42316225376357364,5.009158524487817,0.3892824525220079,4.83816316060565,0.43026635483150555,4.849907579264494,0.42749699319192735,4.981883662789601,0.3959150584764477,5.200174473589737,0.3418169758414581,4.674331416488095,0.46819814360262657,4.718550202514032,0.4580889500714749,4.610616552841929,0.4825971020693328,4.763922706145651,0.4476170569452118,4.642767388856234,0.47535601617419676,4.6840585951902085,0.46598250521191864,4.787800451190998,0.44206586960736294,0.1605904940504606,0.49795571361587093,0.24017187376038074
mean_commute_minutes,4,314,15938.0,36.382549556807035,4.202721869476163,0.1155147706983567,0.8844852293016433,6.165974349331105,-0.044985580717662677,5.754262445612383,0.089906103438813,4.9816576863334,0.31788965847332995,4.70909588886643,0.3904884522753369,4.759975520223767,0.3772463109614478,4.761861237147302,0.3767527917074308,4.728998629268114,0.38532542914009205,4.718692453986079,0.38800170008593393,4.774563948761774,0.3734232158408346,4.995676728260301,0.3140451596358169,4.880997380799155,0.3451768575434867,4.725709733760511,0.38618011217466885,4.950275531173574,0.3264565531265531,5.125013766924115,0.2780669185882415,4.564709122943079,0.42729221478703827,4.5601217310446565,0.4284427436983975,4.62834646287381,0.411212483969843,4.610893303610613,0.41564466162313063,4.559235858736687,0.4286647893343869,4.612618606993906,0.4152072718167795,4.749438712632452,0.3800003474239356,0.18163345287507549,0.4414866855194994,0.3005823488365239
mean_commute_minutes,5,314,21854.0,29.09278145364685,3.2973225001206616,0.11333816621742554,0.8866618337825745,5.493154064818658,-0.03718998569836862,4.821597018169362,0.20090838194140737,4.110344133291617,0.41927419621244244,3.945840903932718,0.46482736743630015,4.067130004719229,0.4314209350644981,3.9180532980991205,0.47233846749221386,3.9346371912030884,0.46786216192271635,3.8658516586439506,0.4863052516841143,4.041173347105215,0.43865518505428336,4.172873349898783,0.4014710479972774,4.027536974822964,0.44243715199899636,4.036251078087581,0.4400218215188565,4.207625052775336,0.3914604345084579,4.2746114247455775,0.3719300142656198,3.888563519107907,0.480251612716067,3.959443696145758,0.4611311260174057,3.825205383318898,0.4970506258438999,3.9065391972131547,0.4754352201188453,3.773095457706754,0.5106604242825743,3.9195974932881543,0.47192245836415336,4.078154239209395,0.42833441260059446,0.18163195948075023,0.5242442493022478,0.2639189854948928
mean_commute_minutes,6,314,31000.5,24.389762205957222,2.1030122859183336,0.08622520663217745,0.9137747933678225,4.957123778058556,-0.007516020184548555,4.673209847402163,0.10458781461500377,3.664855330277483,0.44931137587792047,3.557677037099351,0.4810500490565457,3.593097151550122,0.4706653131155073,3.535857514221517,0.48739605350383164,3.54351100283202,0.485174553111278,3.6485651507282735,0.4541960865917194,3.745146308485038,0.4249176866294656,3.910803983094634,0.3729177158417236,3.7503697801626865,0.423312397669787,3.6450998126771528,0.4552323826620289,3.9363861316032756,0.364686885988011,4.099042851719448,0.31109815018498377,3.4329812231227437,0.5167906936200164,3.42779091703291,0.5182507122589564,3.4294037924076513,0.5177972514833542,3.4714320081065257,0.505905794195768,3.4915223739029875,0.5001702605986229,3.6073783914082784,0.4664491293965589,3.6944136013991535,0.4403925818157687,0.23870805008316417,0.5264426777232278,0.3764622344415419
mean_commute_minutes,7,314,44712.5,21.29882408852217,1.3781552052167043,0.06470569452514448,0.9352943054748555,4.621422132477383,-0.0027568863795288667,4.217145992967195,0.16500928633035905,3.4927438374509796,0.42723319074568455,3.302666044449677,0.48787768959325173,3.348994991728113,0.47340907610650185,3.456351710926381,0.43910672720840216,3.283441185308054,0.4938224771203693,3.430446171306485,0.44748306829891993,3.444768650011686,0.4428598028330544,3.407636971910299,0.4548060642189333,3.6327751183928982,0.3803857430830484,3.3465580654542624,0.47417515451041725,3.428526048549751,0.4481014155181098,3.9352253633677843,0.27291766925111893,3.2845463236711914,0.4934816820166297,3.307990169202305,0.48622520595228014,3.440636356110982,0.4441956755081101,3.2824511508892793,0.49412767985718664,3.428454731018675,0.44812437560913665,3.4436164604358286,0.44323243962679293,3.278062853850763,0.49547937345578574,0.21684806502847376,0.5216301294014111,0.3228684032628927
mean_commute_minutes,8,314,70365.0,22.092022439267286,1.0150622267546765,0.045947003247220244,0.9540529967527798,4.745557430042353,-0.01938676659143823,4.30073096420351,0.1627617219153834,3.742834067887317,0.36588843786261593,3.6733843408943914,0.3892024800796978,3.6608160303788533,0.39337495943973577,3.805066714652978,0.34462619967173047,3.615107400978918,0.4084289224067075,3.9249919134879248,0.30266404701983685,4.016211646299727,0.2698741805004007,3.2806503433019887,0.5128256498654717,4.260229107629744,0.178456743858998,3.676949641597269,0.38801625319683974,3.3054449778409176,0.5054338491837908,4.118830203626061,0.2320865012273201,3.6532674413885684,0.3958740973127298,3.5979955091466445,0.41401599969274794,3.8046513607705905,0.3447692705904384,3.6150033797258523,0.40846296569927065,3.9254690262694285,0.3024945036805907,3.9825226932119455,0.28207175030942233,3.2100186114986187,0.5335773574151197,0.14586976691421621,0.407946394387303,0.22644075816431442
mean_commute_minutes,9,314,145240.0,22.15911374305048,0.4868770906755013,0.021971866579194543,0.9780281334208054,4.711163373270508,-0.001622203261912869,4.373796491423931,0.13669400454285519,3.461552490524141,0.45925880504080296,3.226856803565961,0.5300983174931568,3.2334378072563927,0.5281796837802706,3.343415096248872,0.49553828571638525,3.1922313945779988,0.5401286624233661,3.571239431918384,0.42444669818581704,3.638020626439885,0.4027200621887299,3.000591632047087,0.5936863609838778,3.8279164095319254,0.3387396171040806,3.249440174781475,0.5234980256015282,3.0176998559892216,0.5890398629460827,4.194795949452821,0.20591079311263816,3.0877460938890753,0.5697401958001438,3.0376196892764677,0.5835964613172371,3.1872348987996557,0.5415671214146667,3.0440533465661663,0.5818307138006928,3.4561965722702723,0.46093084386468064,3.579002913394102,0.42194159917155083,2.879821098749057,0.625735502919146,0.262229779119095,0.5420072279915462,0.39340431295030165
mean_commute_minutes,10,314,468935.0,19.9893753311923,0.1785168756230881,0.008930588008146634,0.9910694119918534,4.967122644877437,-0.23427105452137198,4.625476642562283,-0.0703202984789375,3.8639267059927747,0.2531067458627956,3.429832082561214,0.4114999633725659,3.500768711394267,0.38690522501955127,3.7704163108251896,0.2888202396823626,3.3765244350285264,0.4296511486002158,3.5896600291626855,0.3553745971810882,3.658027056524867,0.33058628773719456,3.3383340497827887,0.44248011539666143,4.044474521488643,0.18167657148118088,3.474193939818503,0.39617805301614306,3.3417907915093585,0.4413249284088241,4.7964205758897265,-0.15089391037244204,3.4416819998637154,0.40742645570808955,3.511813917778542,0.38303039545921325,3.7360200250290556,0.3017367778553004,3.40908690988772,0.4185974615708715,3.6766820419005333,0.3237412068530322,3.7150622656552583,0.3095488273633633,3.3745135213564676,0.4303302971129709,0.25849110316526036,0.41520801509304217,0.4818202618515034
per_capita_income,1,315,2631.0,66077961.980729975,22653911.849557344,0.34283611616477827,0.6571638838352217,8168.187960100844,-0.009705695387418833,10874.985548931398,-0.7897844779770282,6680.219879041183,0.32465626519548396,7004.677372355637,0.25746037528972476,7115.838502767853,0.23370582143196317,6702.339002155075,0.3201765497412087,7053.098277367673,0.24715905546974792,6929.020592698506,0.2734139350720095,9975.79523854719,-0.5060466100701224,7209.633428917152,0.21337140823867973,9808.555948532587,-0.4559736243613359,7010.628487764676,0.2561981283897542,7216.281093651198,0.2119201128240903,10115.681779484608,-0.5485801134974178,6799.862997500408,0.30024874559146575,6903.071757689779,0.27884580178621565,6534.016136799257,0.35389401252412167,6863.332181461061,0.28712497751041166,6772.849292491086,0.3057974827950307,9272.002560538154,-0.3010393920396204,6977.381317368409,0.2632362048006387,0.3558908799613133,0.39177499193531573,1.0472448532667529
per_capita_income,2,314,6761.5,54673677.68095887,4919546.088384865,0.08998015676011839,0.9100198432398816,8047.6271433187,-0.18456093288261233,4631.6381893685375,0.6076343639731383,3964.833995086098,0.7124775710110106,3905.0024694617887,0.7210898382309952,3950.038457924355,0.7146194570972608,3757.295018602622,0.7417904473301478,3901.828658305919,0.7215430253728934,3901.4644909377894,0.721595001110569,4243.807385492031,0.6705928357289015,4124.6748918507565,0.6888275366668972,4305.2022286321935,0.6609928759946089,3904.4429008177194,0.7211697655551141,4122.000699779968,0.6892308970299259,4460.921500574021,0.6360255706519984,3818.7845936135473,0.7332698952955377,3857.443823227147,0.7278421082960098,3651.494428124668,0.7561274067489865,3816.786494482711,0.7335489441651526,3820.2843333460937,0.7330603499407093,4041.21658871278,0.7012926108211104,3989.7793711452364,0.7088482043716635,0.15688525100571726,0.7923891369926046,0.11345547425785685
per_capita_income,3,315,10800.0,49282520.47493681,3564686.39600961,0.072331657586841,0.927668342413159,7880.519116130294,-0.2601340382190469,4072.918846121054,0.6633965193496056,3243.3730025596224,0.7865476779118385,3272.329035632968,0.7827193655224607,3319.9800123131636,0.7763453010126701,3193.0354759875345,0.7931218725694038,3263.130214541329,0.7839392406387228,3198.6911717376697,0.7923883536485128,4006.157970488432,0.6743408914592741,3463.5954305905007,0.7565771151475836,4038.022250136755,0.6691398180234732,3282.991395891183,0.7813011103809752,3465.6441083318427,0.7562890661867956,3928.077471701532,0.6869114551165033,3247.4271799098574,0.7860137187143165,3288.6649812307055,0.7805445570854395,3168.982847423797,0.7962268936229948,3239.8833468758244,0.7870067520856288,3199.4246326820994,0.7922931318941209,3830.437571820602,0.7022828408486809,3425.6389826910945,0.7618830707796115,0.19656414496216823,0.8437491393598275,0.11932284617285505
per_capita_income,4,314,15913.0,72508278.47919253,2518086.578092987,0.03472826318467338,0.9652717368153266,9039.536494424618,-0.12695021517416794,4373.7198332256385,0.7361759845802873,3484.746728839225,0.8325231267538582,3425.9355431450385,0.838128354555368,3407.9887841729555,0.8398198413112014,3481.4312726552516,0.8328416566985506,3414.957346120393,0.8391641075967866,3425.8155699178815,0.8381396915600515,4182.851049027097,0.7587000648020084,3602.463982891708,0.8210170339134977,4536.036689284066,0.7162306252735586,3419.4371904253303,0.8387418520408086,3601.30748231989,0.8211319334255741,4362.886757483479,0.7374812744438959,3380.1943920025647,0.8424219362620174,3358.5060861312663,0.8444375819263504,3399.385818740272,0.8406275229942384,3359.5763077165902,0.8443384230862747,3380.644640442353,0.8423799540595729,4193.01374805934,0.7575261106707987,3495.121460198464,0.831524423448484,0.21669981759705095,0.8682822904569479,0.10195236997508073
per_capita_income,5,314,21832.5,57319893.385289274,2675151.784732312,0.046670564558636635,0.9533294354413634,8105.367876568161,-0.14614638190104712,3642.0557989496415,0.7685869658985276,3068.940591369808,0.8356871271541055,2952.8030336845336,0.8478879627858089,2914.1091142636174,0.8518484346655518,2914.3612543736504,0.851822796251499,2940.739073035887,0.8491283604184198,2960.919284706781,0.8470506050732028,3711.7362987692545,0.7596473835183887,3121.22348564397,0.8300409252010975,3693.0956981611403,0.7620554570103814,2938.6777284638342,0.8493397966789366,3114.2832994301125,0.8307959087795788,3631.9051221991663,0.7698750985457722,3012.9212567046516,0.8416309947039702,2969.624800009096,0.8461498978451989,2968.9813150837463,0.8462165658602101,2992.535586016823,0.8437668197778723,3028.6076875071485,0.8399776415637674,3716.217547577894,0.7590666687375562,3185.054902888642,0.8230182553511429,0.18924827166675656,0.8893966044311449,0.07930099688728132
per_capita_income,6,314,30910.0,43652571.99365093,1893452.5369403036,0.04337550917310663,0.9566244908268934,6922.375017880938,-0.09774232535832605,3386.0054318478974,0.7373572217881914,2703.085091615756,0.8326176745421076,2626.1875924377646,0.8420056148884612,2648.8192231678872,0.8392707930693245,2723.8733696640343,0.830033242141058,2605.5649858859983,0.844477230421554,2641.115717425117,0.8402043244131285,2901.019368567613,0.8072069297994975,2753.3930303657476,0.8263292898120798,3202.828939926304,0.765005525449418,2627.5305165985415,0.8418439899334971,2758.058409404666,0.8257402521254834,3298.3698704328604,0.7507765681307021,2568.651237835504,0.8488526819772839,2570.0314213491233,0.8486902098762366,2655.5109602516227,0.8384576638223713,2539.6526323996677,0.8522461518603609,2587.266766458558,0.8466539538198453,2853.921982566608,0.8134160185621696,2661.2765067244777,0.837755432915299,0.2243994744554989,0.8801840460520123,0.10464839310026974
per_capita_income,7,315,44668.0,45520913.77903144,1430898.5777328457,0.03143387201493237,0.9685661279850676,6770.097321435087,-0.006882637817684056,2949.07779529032,0.8089436454441169,2570.984535977014,0.8547928647408276,2481.8077295900716,0.8646914331168314,2532.457226595423,0.8591122393617328,2471.9441133406212,0.8657648278076951,2488.521828126775,0.8639583353022227,2459.0228769266732,0.8671644963323627,2900.4741463128357,0.8151893366142314,2757.3833214680867,0.8329742935649797,2997.7437482034475,0.8025859581045506,2476.420210028143,0.8652782524005317,2757.821589729345,0.8329211940319025,3001.3132973483457,0.8021155385288123,2418.6480339070604,0.8714907538912995,2479.2719785403106,0.8649677909935407,2416.6157830206353,0.8717066210249372,2425.6405538782747,0.8707466171443782,2411.3652934239676,0.8722634917533639,2741.0377844982413,0.8349486529967701,2675.389190097602,0.8427600255733838,0.15844616457608512,0.8927541528998858,0.05574778767271449
per_capita_income,8,314,70275.5,50627108.655633785,1025259.9904306486,0.020251205681218725,0.9797487943187813,7193.480644091097,-0.022103871838530464,3234.919482903046,0.7932984059578287,2339.592794092537,0.8918821440228424,2262.5351881630836,0.8988868688414322,2283.0084468741134,0.8970486818840178,2177.3770662698325,0.9063550928620877,2243.4407976568596,0.9005863311921296,2241.0251537014883,0.9008003049574922,3493.339053042859,0.7589548748967243,2536.5379103442556,0.8729134500969052,3383.1736650946323,0.7739182751666749,2273.699660160325,0.8978865220256285,2548.268519971796,0.8717352694571343,3236.5830739699077,0.7930857543937029,2249.992067119573,0.9000048701865249,2270.0359558108144,0.8982153360618494,2176.6889737520196,0.9064142706493199,2224.1856271936717,0.902285517866239,2217.7923951675257,0.9028464544258431,3464.1665380254703,0.7629639510957937,2469.688147969265,0.8795238418668587,0.3005899528192696,0.9174666751862938,0.10558846288360346
per_capita_income,9,314,144842.0,54304067.64299668,648438.348561305,0.011940879877069958,0.9880591201229301,8292.099554286617,-0.26618351078655866,3571.526721848033,0.7651040948031154,2406.2075640255075,0.8933811942185098,2370.8522704361158,0.8964913544748615,2361.9281303001935,0.8972691230171075,2429.5281700968753,0.8913045120653038,2357.1298196044245,0.8976860992624938,2387.8093909928384,0.8950054031827411,3595.8918399252,0.7618882215334708,2486.230361268483,0.886171668576831,3790.861255507404,0.7353673549285129,2374.1617680915556,0.8962021751644134,2491.430133950365,0.8856950430829016,3693.107533207023,0.7488393808453606,2418.57131654578,0.8922827061193018,2413.781512624728,0.8927089361152063,2474.172299063515,0.8872731117363599,2392.182118624386,0.8946205038214249,2432.97618279714,0.8909957695071202,3655.1298122911057,0.7539783938004471,2504.7526356821636,0.8844693217605433,0.33617960746788034,0.9073256207212822,0.13138725967174614
per_capita_income,10,315,468058.0,127939140.99595591,285377.05469995446,0.002230568788241083,0.9977694312117589,15541.245739961327,-0.8878532188792854,6239.666613129519,0.6956878157855236,2971.7766630741085,0.9309714254258512,2891.0197772894985,0.9346721004407618,2856.950439424394,0.9362027464793965,2973.318510431878,0.9308997786318083,2885.9808667624993,0.9348996288510136,2937.1519831150117,0.9325705823506417,5244.410138658743,0.7850240552784703,2887.467129764407,0.9348325589763539,6410.056749695873,0.678840836240878,2892.799292927022,0.9345916528435688,2889.30647350189,0.934749507986115,6289.37693569782,0.6908196980895936,2841.247380644198,0.9369021347558314,2771.3960973718263,0.9399664850901995,2979.248084641485,0.9306238960122413,2822.9836980688606,0.9377107201320475,2877.1173052185304,0.935298893493043,5336.220859624706,0.7774312627001777,2809.509951699674,0.9383038989690496,0.536670794044315,0.9367616116537391,0.23898428465523813
median_family_income,1,314,2705.0,266475859.50461936,101684420.77677925,0.3815896155314457,0.6184103844685542,16766.6738620001,-0.054959923639177344,17733.22082397601,-0.18009609341909294,12202.346577029957,0.4412354565146882,12894.372365686502,0.37606040932162743,12679.385362899999,0.39669276804364395,11891.975613518962,0.46929870399731954,12829.405576854624,0.3823318639016331,12964.950595910563,0.36921136396038967,17149.937638137526,-0.10374111012824261,12858.308450004408,0.3795456875425195,16836.195661330687,-0.06372669131665387,12890.58016195799,0.3764273536042976,12857.185938116558,0.37965401235740626,16639.27213829656,-0.03898858908640723,13099.204211620185,0.35607994173763613,12841.57667702561,0.3811593595814279,11717.260044917815,0.484778158834131,12845.724501704342,0.380759524407025,13217.57337238484,0.34438997146250594,16930.47658110951,-0.07567356306258088,12776.956552962609,0.38737182775288426,0.27286912548605924,0.6081081734175663,0.5561565027407204
median_family_income,2,314,6838.0,270296448.5662584,46537823.32736273,0.17217326966082874,0.8278267303391713,18163.51994007022,-0.2205615662480891,11161.194337122413,0.5391272815762624,8759.122981624054,0.7161552221119636,8714.730094704024,0.7190250888371437,8604.618206882064,0.7260805501554459,8294.708248123263,0.7454565707894661,8985.393054825237,0.7013009650035772,8741.000413313566,0.717328553035655,10425.129279968598,0.5979106603858437,8765.617890683852,0.7157341229859266,10455.244876043027,0.5955842335411667,8721.042120462705,0.718617924614571,8759.941311588495,0.7161021826608864,10855.032821939889,0.5640647955590585,8663.595877889726,0.7223126906271995,8536.287760049794,0.7304137397701931,8113.8392312721535,0.7564363593375406,9018.043693331972,0.6991262279389173,8753.491452125932,0.7165200911485197,10507.5189543497,0.591530132335595,8475.063696479723,0.734266931584262,0.21919376802546908,0.8685695478117139,0.17989780726088123
median_family_income,3,314,10832.5,240962717.5355101,30199318.19635554,0.12532776234109802,0.874672237658902,17662.575657546982,-0.2946674159773177,9166.780939683294,0.6512743811342613,7181.669409834588,0.7859570308649378,7199.8292087357195,0.7848731904871349,7153.573942741405,0.7876284734930935,6986.3362644951485,0.797442131713147,7232.4054905236835,0.7829220648142439,7198.635223437938,0.7849445357766405,8712.460157598145,0.6849846201350678,7130.98224712054,0.7889677360513062,8412.823362623882,0.7062798857243127,7196.936620536754,0.7850460135502499,7136.026015840617,0.7886691027575677,8943.230096727617,0.6680757696417166,7324.564251831337,0.77735459647902,7258.413778981843,0.7813579995870129,7073.970803486435,0.792328608174814,7323.029259045647,0.7774479053136683,7348.650754016458,0.7758878698878036,8452.84682141472,0.7034785293049683,7298.591899040346,0.7789307646694881,0.21457387755745058,0.8973340603422854,0.1335988093528736
median_family_income,4,314,15938.0,302736582.69843924,23718251.266032506,0.07834616832435687,0.9216538316756431,18594.99174544118,-0.1421603392988562,9637.99332603446,0.6931625688421841,6990.770732048282,0.8385696403373095,6930.250455477784,0.8413526011704642,6922.009328364422,0.8417296888440727,6818.107676652953,0.8464454084931652,6961.121079498747,0.8399360716451278,7034.239824017653,0.836555828632431,9122.015861728652,0.7251367091485039,7121.16797757907,0.832491227479397,9468.714691489038,0.7038463039066254,6923.523449342791,0.8416604411454678,7119.590119876964,0.8325654500581405,9587.374997278763,0.6963770994600718,6972.301541115135,0.8394214919553986,6924.7429172036855,0.8416046582743902,6821.105024119676,0.8463103687854683,6989.734222838838,0.8386175067762092,7020.638534161471,0.8371872834527869,9103.292520145995,0.726263889323564,7175.203897645232,0.8299394459900246,0.28094467167168846,0.9128726776308361,0.1481900323282801
median_family_income,5,314,21854.0,246560131.30461326,18454018.310285073,0.07484591370324188,0.9251540862967581,17301.61124789047,-0.21408822338475564,9467.679850808088,0.6364498944614233,7071.410398778252,0.7971900616561134,6906.983519473749,0.8065120216887662,6817.649760893224,0.8114847359292521,6903.1491675422585,0.8067267884017072,6870.070776854947,0.8085745970799894,6957.147194976658,0.8036913071206417,8567.794335155844,0.7022750621476689,6901.027222263568,0.8068455898752527,8707.31599331571,0.692499548056361,6894.434794286635,0.8072144475217481,6907.65873052105,0.8064741899476313,9324.766675785011,0.6473425241228213,6819.783800031119,0.811366700556682,6734.538552516553,0.8160529471031996,6777.227063494906,0.8137135698819755,6780.973654859118,0.8135075469639276,6844.999645883176,0.8099691953268191,8544.054099450448,0.7039226899009599,6742.257846192978,0.8156310161581252,0.2704671441880006,0.8717596707777654,0.17006212722734293
median_family_income,6,314,31000.5,270494590.6051566,13648988.851664282,0.0504593782120687,0.9495406217879313,16895.53141118017,-0.05532233020830679,9009.145078575073,0.6999396739682299,7089.951556781246,0.8141648120761106,7205.69563171132,0.8080477342607761,7052.691639855093,0.8161129239013563,7160.584482339476,0.8104436395049172,7217.718050386161,0.8074066703577285,7246.221340461505,0.805882536883683,7818.688458429427,0.7739995869299572,7442.098813279076,0.795246054190209,8164.335838487128,0.7535759235166952,7207.467650449789,0.8079533131658497,7440.125961847306,0.7953545976490258,9053.147104421692,0.6970014361065879,7110.731302737386,0.8130738971651531,6961.79713095685,0.8208222235270273,7040.732562579536,0.8167360208318237,7137.652137491393,0.8116558341449353,7119.8851716200825,0.8125923156406029,7715.207864009848,0.7799422448644537,7329.603698538215,0.8013894094612593,0.2001798651408769,0.8509880627742581,0.10810806029254627
median_family_income,7,314,44712.5,245724206.34944344,10206587.92361019,0.0415367621905977,0.9584632378094023,15724.451669711845,-0.006243479168993593,8089.627989594116,0.7336767020951953,6114.314316050042,0.8478585398204943,5929.365714972734,0.8569234252326897,5832.366159100512,0.861566365319963,5904.495501794318,0.8581211527808102,5941.000102109944,0.8563613950060874,6000.340832751325,0.8534776420928527,7666.390440516708,0.7608150077698721,5996.872400750732,0.8536469844580808,7791.22695047859,0.7529619963141193,5926.7586301618385,0.857049216346864,5996.34822587037,0.8536725682012558,8064.384314001532,0.7353362319077797,5820.189717981518,0.8621437877181508,5732.922208719258,0.8662468075917302,5808.98826845656,0.8626739090772431,5861.170852487048,0.8601956059909295,5885.6240523092265,0.8590266258267667,7356.055820074693,0.7797874371762018,5868.009858473526,0.8598691589620003,0.2670409909331034,0.8940597734256506,0.12324672313749441
median_family_income,8,314,70365.0,291535193.5427036,7486043.282632402,0.02567800885945476,0.9743219911405452,17308.75888276283,-0.027639683638185586,9525.835273896193,0.6887458541017852,6654.910622932572,0.8480875160866862,6402.021303624689,0.8594136225063997,6267.226500952027,0.8652714015864367,6088.035701110569,0.8728655081137991,6544.676132945491,0.8530785077278422,6548.039283185427,0.8529274701516989,9298.38037086912,0.7034324519427202,6394.931915316415,0.8597248115927993,9580.285210788521,0.6851774099561356,6389.906305150495,0.8599452021814951,6391.874746898098,0.8598588997659073,9501.580168851293,0.6903288944019581,6408.788566547261,0.8591162514837487,6315.300644098108,0.8631965433034281,6101.924080362704,0.8722847933724464,6549.914305345692,0.8528432300538424,6450.703429455477,0.8572674049087201,9290.464851410705,0.7039371607028474,6303.505061510329,0.8637071031540275,0.3279307147827492,0.8820632504664775,0.1706677684046145
median_family_income,9,314,145240.0,328738557.0228628,4712639.872913927,0.014335525213691854,0.9856644747863081,20892.856793103256,-0.32783774720640046,11523.278138908641,0.5960743386197473,6481.862604662295,0.8721946606865544,6143.773456027577,0.8851794184995345,5990.012311384217,0.8908547636898001,6198.544647903411,0.8831230625941456,6205.743111257501,0.8828514430686584,6339.6526108763965,0.8777411582305,10186.434325761506,0.6843587645673221,6044.982007980156,0.8888423438743074,10752.229158655096,0.6483210459788187,6151.431990223952,0.8848929803883061,6044.652460535388,0.8888544632562969,11339.334887686702,0.6088669462457779,6147.242144146742,0.8850497297274875,5986.072324073809,0.8909982990934942,6205.043612104809,0.8828778510899014,6179.182284551761,0.8838520979969415,6360.1215646672035,0.8769504049549881,9977.509742882054,0.6971736398344571,6021.084657544605,0.8897194756172222,0.46683804886363284,0.898053486904295,0.2891050798797872
median_family_income,10,314,468935.0,662740448.6127673,2349497.665536041,0.003545124898373042,0.996454875101627,35492.433546319655,-0.900763476375583,16275.530413600354,0.6003067402955445,9175.917926034139,0.8729555892332288,8838.431413298287,0.8821290144413361,8690.366162417968,0.8860451867771447,9153.832823764136,0.873566408175607,9393.88934248906,0.8668480893785158,8993.834510393363,0.877947604722697,14238.244126302372,0.6941071029774497,8047.4577798256105,0.9022821424984198,16073.246782730293,0.6101803312604198,8822.489260499815,0.8825538460575936,8054.636472879442,0.9021077273221528,16088.646767186792,0.6094329909376781,8681.698897731372,0.8862723772049272,8603.217898606075,0.8883192381484741,9088.253057145712,0.8753715065926532,9307.00396435655,0.869299779462895,8875.74459046381,0.8811316825462432,14003.974393196258,0.7040903430358112,7680.974065850539,0.9109796863557061,0.45694971600356504,0.885267397935475,0.28182227414579153
median_gross_rent,1,314,2736.0,36102.70873608596,15432.401758355103,0.42745827940965164,0.5725417205903484,266.08240271958726,-0.9610673967591141,259.7876327370986,-0.8693781293946876,181.97240830839968,0.08278468445055098,184.87116763833794,0.053330073546504986,186.34149191045185,0.038212011701328374,185.37515559535518,0.048161494939183425,188.9531383773255,0.011063442257616574,186.6247861483106,0.03528538372274537,231.93680199076664,-0.49004553954519126,193.2944009341014,-0.034900890833372555,254.41571607585328,-0.7928670410730667,184.822137932886,0.05383213985992796,193.33248792154453,-0.035308767526743834,259.8654823391168,-0.8704986765672538,176.2802803646249,0.13926853875176304,176.44364707778246,0.1376724438687026,175.47341635897337,0.14712992662755564,177.58802803916936,0.12645037430895245,176.66851845515984,0.13547302942552153,230.4392303803617,-0.4708657814701813,179.4740508481729,0.10779728016206824,0.28837579491158866,0.09314617892215137,0.9227082029411926
median_gross_rent,2,313,6900.0,33448.02349062013,6324.135353741014,0.1890735144788002,0.8109264855211998,251.24549525905775,-0.8872355463894968,169.9418790827963,0.13656356184123464,137.87327266257057,0.43168422732009093,138.47365179929614,0.4267239064810522,138.35953047423428,0.4276684337291571,135.6722228432625,0.4496849101892745,138.48109153713364,0.42666230431541585,144.24780991709346,0.3779174822777501,146.30997410187283,0.36000378235521824,140.74295378061905,0.40778028201132976,149.76428148838042,0.3294270432445513,138.74476535290742,0.42447690763456714,141.0187380749836,0.4054571118727671,210.76966389510906,-0.32814577910455833,159.48003158224918,0.23959989801467196,158.55489011605744,0.2483964504878744,157.8752119478942,0.25482644573655766,158.86058211508228,0.24549549072697963,165.00423611865037,0.18600876536891775,180.66015775324965,0.02421461140800163,173.95693328194727,0.09528242691691535,0.18517052684917493,0.5262177448881665,0.29016034463981755
median_gross_rent,3,313,10896.0,26420.856537232732,5047.300525956263,0.19103470467899175,0.8089652953210082,225.8061246774311,-0.9298543887093818,141.24996032624009,0.244855999878417,130.14609133784055,0.3589153679916396,129.71843584391766,0.3631216090939421,130.77856400982452,0.3526692527787705,131.75098281260512,0.34300686097645183,129.32692807319276,0.3669601777944266,131.96582891684315,0.3408623987201921,139.95460149180548,0.2586428660582095,136.0824168155246,0.2990982657864373,135.2907749185768,0.30722935676686836,130.3834378416006,0.35657495284310514,136.62691414948392,0.2934781034178544,138.74985287933552,0.27135134143332296,124.44137384751897,0.4138851818359741,125.21214073544904,0.40660212262762674,126.54402993809842,0.39391096233356404,122.83941530608749,0.4288783964487667,123.14962437569878,0.42599022244022444,135.90750787672354,0.3008988686179713,125.50128757248498,0.4038583434963363,0.08163913430976169,0.4488716774306747,0.11826560921552509
median_gross_rent,4,314,15980.0,46285.42768767424,2964.352311958741,0.06404504527778503,0.935954954722215,241.59683527767316,-0.2610671162001763,163.46859527775527,0.42266966133709105,128.3989849850191,0.6438123148298478,127.25856845426893,0.6501114053799162,126.19354641499683,0.6559433075945257,128.5152284389243,0.643167088091807,127.74164454666412,0.6474499952426338,129.93708788124428,0.6352275942876445,145.97670376135392,0.5396132410221911,131.02174116644957,0.6291122818584308,145.32982298794747,0.543684513574613,127.01051369238373,0.6514740946706421,130.79369606798758,0.6304022283955111,161.95284128570756,0.4333265541478777,127.49573824388563,0.6488060263796129,127.55784599402892,0.6484637846617683,129.3474754341775,0.6385305216559435,128.09073287107012,0.6455204873948464,129.34488985006462,0.638544972659277,147.5526165595019,0.5296192399805091,129.4177014537283,0.6381379132416103,0.22151060123787453,0.6945968949679472,0.22744174404282513
median_gross_rent,5,313,21940.0,29930.03778569673,2980.8857781061447,0.09959512244687778,0.9004048775531223,200.16793039533727,-0.3386952814974493,138.78051286926532,0.3564982814201293,122.35400704595675,0.499816767777143,122.40328582700178,0.4994137832860768,120.14549781545216,0.5177105772909805,126.53456922058092,0.4650525561484764,121.53167629648102,0.5065175510573174,124.18882959345395,0.4847027756455965,128.95980940356014,0.44434976793279646,132.28614476658814,0.41531566974600964,131.3637916997856,0.423440561842814,122.07583463807838,0.5020885202588946,131.8598850861438,0.4190776029277138,135.4536391845564,0.3869807816578109,117.79540640228664,0.5363935766191728,115.75207565483413,0.5523379183702376,121.21742216886683,0.5090663251923041,116.94312595256376,0.543077933764164,118.76597174713541,0.5287224110427893,126.47311219019184,0.4655720710544202,126.28543122767691,0.46715703285942023,0.11800811730456202,0.5546546845050961,0.14291550186594748
median_gross_rent,6,313,31094.0,34449.95412468256,1741.3396499286157,0.05054693668462646,0.9494530633153735,195.33198142035542,-0.10753653916378458,149.8594450493419,0.3481020848615234,118.14739543079286,0.594809125244118,112.65587209604077,0.6316005103581124,111.80436890199367,0.6371485180986937,113.077132482978,0.6288402055835604,111.67440161596855,0.637991623119482,114.8779186700257,0.6169244188194215,122.71063034307451,0.5629051131767384,116.21643605700473,0.6079454863449307,127.15734325629465,0.5306527873598981,112.53937602709352,0.6323620312895191,115.92418863543206,0.6099147922767498,144.4508047457124,0.3943087727732586,110.39017739047186,0.6462697389901928,109.88078976777726,0.6495267332928061,110.8783399880115,0.6431343207598434,109.32949417781168,0.6530347107599727,111.8234603907095,0.6370245879429658,120.43210091008251,0.578986640239831,112.16267151120071,0.6348191107890064,0.24825644417041373,0.6652256280606869,0.283498425496589
median_gross_rent,7,314,44775.0,40419.97545837489,1269.8721307024423,0.03141694462457495,0.9685830553754251,202.313471464689,-0.012636456898511561,159.66255190584548,0.36931850670372157,121.29883939767304,0.6359867052770833,118.4809440627893,0.6527030522206506,119.31732763574274,0.6477824513081094,117.53735648748071,0.658212801630915,118.23662041215242,0.6541339214595978,118.9217206795643,0.6501141950481304,133.73027156249645,0.5575508067639466,125.95993755665037,0.6074736392253821,134.47312825121978,0.5526216427248656,118.74256920006435,0.6511675828513983,126.24883738099547,0.6056709891754628,150.41508759066767,0.4402594677919215,116.71226294179247,0.662994542512229,117.84819555829739,0.6564026316480824,116.45437916526863,0.6644821706847863,116.14955439872628,0.6662363389874982,116.48872970364144,0.6642842061608315,131.88425942339282,0.5696816317573268,125.4728935849371,0.6105033007555931,0.25792903440088666,0.6738741180720546,0.28338454551692904
median_gross_rent,8,313,70525.0,49923.72216760874,986.3057625551171,0.019756254536546697,0.9802437454634533,234.25470064683347,-0.09918216015434544,179.1191960909007,0.35734586654945155,140.76608305891227,0.6030926926236899,137.25779127576837,0.6226302757904965,136.37939013696854,0.6274448849849781,133.55510238117543,0.6427156350209171,137.56821997893596,0.6209213911447542,137.8987031962414,0.6190978653522157,149.98001944945486,0.5494325090877678,149.19104527123682,0.554160486784266,153.6803641913062,0.5269252108510452,136.95625678806758,0.624286502307936,148.95217217859147,0.5555870309062041,164.4015612874285,0.45861662191365615,131.39368525405914,0.6541864313185347,131.63292076118668,0.6529260023932467,127.10603137448986,0.6763874464822053,131.83165434044102,0.6518772172517686,131.25905542393917,0.6548947297450685,144.847216479429,0.5797445540739115,143.1421645293265,0.5895802961696076,0.23370697127229287,0.6351790344717994,0.2652844092410449
median_gross_rent,9,313,145319.0,60934.551261571236,618.6006713866788,0.010151886878287445,0.9898481131217125,317.6489080031567,-0.6558885995970507,209.26710436803324,0.28131544314498835,157.83362467604485,0.5911768846636414,153.82584603316346,0.6116753070643954,152.95610118159277,0.6160541367040769,159.61783345363384,0.5818816709248541,157.0343177887992,0.5953071541047776,161.7873381933579,0.5704384087882914,166.1465210823512,0.546978423632419,149.41059658350056,0.6336474806286787,181.15082348947575,0.4614611879219568,153.54102120573376,0.6131120242159359,149.48019825745604,0.6333060766268421,199.3209933913503,0.3480076970457652,148.0456263043958,0.6403106773729008,148.18282092432293,0.639643716701365,155.51614992915415,0.6030942644515748,151.03648402368358,0.6256307951081446,154.14864804338407,0.6100438059910909,163.17773862758915,0.5630233778318432,149.62650354567762,0.6325879144132818,0.2649305943344374,0.6179486518748188,0.3303598639194071
median_gross_rent,10,314,468935.0,133360.54618343135,265.56921782879283,0.0019913627038053256,0.9980086372961947,634.9508373439459,-2.023102239617752,304.7501218215199,0.30359735762862616,232.80691849076123,0.5935899870819694,224.3700898993172,0.6225125145169648,225.91245463214577,0.6173048280132039,231.0015622768181,0.599868752030049,229.5664849440253,0.6048248712398951,231.9478645773755,0.5965837466801813,247.92292679889488,0.5391007356254615,207.76551276427972,0.6763172502695773,278.20594829940444,0.419629329031746,223.74311901774385,0.6246192390444195,208.03456537926505,0.6754783807422904,294.01460818047224,0.3517978720286882,209.97966242909106,0.6693815382760262,214.53943428111648,0.654866673998521,220.50824009715413,0.6353952848703526,214.36805900239358,0.6554178425660725,214.24503576082273,0.6558132321607204,238.38590126153355,0.5738781855159056,206.06105454590192,0.6816062964966731,0.26375717732863807,0.6237546362358906,0.3189151568883386
median_contract_rent,1,313,2752.0,28752.927091013353,8489.104289319126,0.29524313341901015,0.7047568665809898,257.5781650495908,-1.3074698064758303,239.4765898941313,-0.9945460483307187,152.17099800352034,0.19465546724720284,159.6894831219196,0.1131083475770357,162.15163462650338,0.0855486633127901,155.64839734297038,0.15742757185208145,162.0609647928132,0.08657103930868659,161.16031024978392,0.09669559841355124,204.4325771294518,-0.45351040120195063,163.98355164075508,0.06476981896146583,222.06696624136683,-0.7150858185515738,159.68599038008227,0.1131471434907384,163.96446624529142,0.06498750175922297,230.73915529947942,-0.8516569676468688,154.93538697153667,0.16512937760961033,156.95357278802317,0.14323769774992046,151.017678212865,0.2068167856227584,157.409595273783,0.13825188629228657,149.06940121300138,0.22715046340627687,205.50130606980622,-0.46874739614233185,151.93667733424684,0.19713377889146766,0.3331728867839828,0.16049272159030098,1.1076543959077543
median_contract_rent,2,313,6946.0,34177.115323175225,4224.812144878576,0.1236152350755526,0.8763847649244474,258.25496565838193,-0.9514703525018178,166.54340569520141,0.18844215732424863,124.62967652225464,0.5455275811557645,127.1569017969888,0.5269092338040282,126.35524027138956,0.5328556376665761,126.69056347306886,0.5303729199684686,124.2497372941521,0.5482943170690175,134.87156748828306,0.467762579002337,134.7434755292396,0.4687730656604746,125.5973214699133,0.5384429899582526,144.18523240542203,0.3917163269274382,127.37458581941245,0.5252880484718583,125.97312221089378,0.5356768009967189,202.9219106085838,-0.20482086962781443,145.19051729264586,0.383204635254523,142.24663733052893,0.40796332164047666,145.5946900610788,0.3797658587175281,145.14578265745635,0.38358465821250887,149.04544326345544,0.3500169938995287,165.96934708528855,0.19402723397084432,155.49850013889838,0.2925153771228065,0.23649392621582163,0.6012304810541209,0.3384670764797796
median_contract_rent,3,313,10971.0,27193.903190792174,2687.697872629686,0.0988345753006776,0.9011654246993224,235.9433262036357,-1.0471225770519323,131.73627581866194,0.36182583850461125,110.75701523981931,0.5489019601648358,113.18903659462043,0.5288738834094118,113.89129471094758,0.523009737883896,115.96492112200104,0.5054824297754594,112.07488914923223,0.5381030560531759,114.65396169978725,0.5166000687276351,122.47724511221519,0.44838093064342266,116.8139484742302,0.49821478504194805,120.59328964365021,0.46522051633979966,113.63657002402599,0.5251409863370485,117.34540750724973,0.49363853484243514,125.0391800383125,0.42506243274604827,108.19882524760372,0.5694996153062184,110.26733888671812,0.5528819110720624,112.23696531730197,0.5367661532345742,106.92859302872505,0.5795482565748725,105.37924071663544,0.591644336743294,119.20082353410328,0.4774991941568901,109.01883979181154,0.5629495572530774,0.14079067522428076,0.5868776907257319,0.16704804490480052
median_contract_rent,4,313,16030.0,47576.79179978702,2237.857994848969,0.047036757002580976,0.9529632429974191,248.48436627275782,-0.297785704883331,157.84504812918598,0.47631905648971107,115.93699739878225,0.7174801650685195,112.96341506984008,0.7317865988538954,112.24427473038682,0.7351906941777661,114.39485752341655,0.7249460728064192,114.91626229080768,0.722433000643208,118.04421685063203,0.707116923929675,130.14254084157088,0.6440054006168662,118.78177246114562,0.7034455469720315,131.47441901699116,0.6366816213964904,112.69555300865628,0.733057081247254,118.46914998464983,0.7050044997328238,154.25260484668036,0.49988502372930843,114.17320745769685,0.7260109223834501,114.80147287533526,0.7229872449195842,114.98988668471992,0.7220772242187226,115.23630359264885,0.7208848019517663,116.75357741225322,0.7134864011864703,133.64053139214965,0.6246112662254774,117.02910313394315,0.7121325238160254,0.2843398230815146,0.7679064268545742,0.25546754236418434
median_contract_rent,5,313,22024.0,31739.092078315716,1957.3078451460508,0.061668677866286284,0.9383313221337137,207.16549185031693,-0.35219813180809845,126.88172836283626,0.49277147082164163,109.47836464620069,0.6223738128352122,107.4191349070954,0.6364461051463988,105.44122295567767,0.6497111048118263,110.83184362799916,0.6129789241711318,106.90594279960449,0.6399115457470641,110.99046308389637,0.6118703438276965,116.18343880001767,0.5747013992054377,115.07843509716832,0.5827528338953057,118.13514133245828,0.5602926642260624,106.93577303346454,0.6397105649383947,114.56586913023297,0.5864614420230074,121.93038676810026,0.5315864996788697,105.14442510377552,0.6516803283747199,103.34111414808365,0.6635257918841524,108.68105748833186,0.6278541229964227,104.27836219031344,0.6573948368068367,106.11828149572898,0.6451981159442048,113.86526097571289,0.5915038267296514,112.31389710656138,0.6025591578947062,0.15339161679832117,0.6782743900088035,0.14367463432475713
median_contract_rent,6,312,31222.5,36900.72652320884,1581.3229216191125,0.0428534359784091,0.9571465640215909,200.71335124909055,-0.09173594032905763,146.38189494088564,0.4193160627065843,120.09668329936763,0.609134705506758,114.29054944523028,0.6460142950227001,112.67076753974489,0.655976912811978,114.34268401542734,0.6456912744081402,113.25831759916375,0.6523795677213786,117.26191426933181,0.6273689481571647,116.8205874276222,0.6301685377833588,115.90673786847974,0.6359320493361322,122.20865882607096,0.5952666058573775,113.88963382163865,0.648493406115761,115.16424665665684,0.6405815018397101,142.22943469689633,0.45179366369723195,112.24489427459137,0.6585726765355131,110.66139888205146,0.6681381003479601,114.11851176078471,0.6470791782837806,111.89234307288358,0.6607140937871387,113.75076211911608,0.6493501049487045,117.1395557558305,0.6281461961448638,114.51342984460933,0.6446323189184746,0.21923029148252943,0.6749376942945674,0.22669823231611586
median_contract_rent,7,313,44806.0,43701.38672483002,976.8994658204581,0.022353969496931515,0.9776460305030685,208.7364921522265,0.002985341623939486,157.05329974701465,0.43558452465740205,122.78749283375724,0.6550048058810511,117.37217512237505,0.6847645229269081,117.27464315842926,0.6852882034490997,117.83135265088283,0.6822932014729857,119.44625827153892,0.6735250369763484,119.7574665200125,0.6718216088291029,130.55530057526173,0.6099737837698278,124.17289574937422,0.6471757718840458,134.7261952187899,0.5846551096325173,117.46265233054997,0.6842783324152897,124.23319261842629,0.6468330342616369,151.29974458516355,0.476181091101869,115.37460959706087,0.6954032460459415,116.19153089761535,0.6910745204188022,117.35281746075046,0.6848684950733728,116.45960310375715,0.6896473963061089,115.88840828034357,0.6926842789150911,126.33000810028399,0.6348108803249906,121.53922802575343,0.6619836335604624,0.25266024138657983,0.7004217288894918,0.2491799982695061
median_contract_rent,8,313,70545.0,53222.38396002294,762.1449863107213,0.014320008417570943,0.985679991582429,242.75084060949337,-0.10720276380100446,178.3710951353459,0.4022017577476267,140.15190817571755,0.6309342817103245,133.96129130584114,0.6628180432164035,132.93950733648083,0.6679421082651815,129.00832995183242,0.6872904225886973,136.1254226260739,0.6518357633313492,139.2107642161313,0.6358743176894146,145.69929316232654,0.601139925563146,148.77842395104182,0.5841031951897858,145.1811279167902,0.6039718942499188,133.5306541754379,0.6649823950405265,148.13949224581742,0.5876676779579728,167.40662946899081,0.4734362216615765,132.9575074275375,0.6678521804919151,132.5743930901705,0.669763576986162,127.57549942212808,0.6941980640132456,133.81338842899495,0.6635621783440051,133.94134331550302,0.6629184543361122,145.36110380183058,0.6029894017081632,145.91837098112427,0.599939547883119,0.2489742174639177,0.6724474970343093,0.2606162854687768
median_contract_rent,9,313,145487.0,62192.15677480135,494.68478412847105,0.007954134569086122,0.9920458654309139,327.5012509258414,-0.7246076502278294,203.48080058943486,0.3342498740083354,144.92103637727342,0.6623029675476295,138.08261918979719,0.6934209921139136,138.14858757931827,0.6931279884814456,144.26743746740073,0.6653421493521301,140.75813827484876,0.6814252066808995,147.1938409188268,0.6516276661237226,155.41314702196516,0.6116351720245015,144.14705562362965,0.6659004169898697,162.5229655340872,0.5752886586384434,137.79837606174644,0.6946818790348159,143.90062026871834,0.667041800966903,200.64440836129904,0.35268077689553123,138.56967650720307,0.6912543921440126,138.87158310281845,0.689907576877975,144.6339358197506,0.6636396536872065,140.68532241677056,0.6817547264813617,146.35059118565053,0.6556077703182722,155.92557097887143,0.6090699383022847,145.50786249468794,0.6595625695304463,0.3213973073144734,0.6989807792936198,0.3591711181055782
median_contract_rent,10,313,469812.0,141630.0399975424,213.88787704918204,0.0015101872247786803,0.9984898127752213,659.6596713291383,-2.0724476388315476,304.8532499245088,0.34381502687461163,215.10164673084046,0.6733128196029448,203.75433210421838,0.7068713116796654,207.9983071667278,0.6945330539695168,210.91975953890088,0.6858918844849602,207.93831590192386,0.6947092352662008,209.62336315551292,0.6897412838308133,236.6246220417826,0.604665706813413,208.65364840636354,0.6926051493451402,256.2836085135648,0.5362474797445946,203.5704801075566,0.7074000658903987,208.52645537819868,0.6929798043314086,303.37386906285315,0.35016819573190694,202.59183707063767,0.7102065885996502,208.05502668692992,0.6943664343351859,209.6765585005607,0.6895837974387218,205.7729891077889,0.7010343070785763,206.14052013366603,0.6999653884040721,236.21490241147035,0.6060335778890644,211.43509543073293,0.6843551016396037,0.33163142543281293,0.7079404342794184,0.3630562848050538
median_monthly_housing_cost,1,315,2646.0,24078.89738145789,5698.859819424116,0.23667445104079224,0.7633255489592078,285.6325946318459,-2.3882772048750955,293.3704877812949,-2.57434319925757,165.1047095273704,-0.13209357871630623,168.27893193539293,-0.17604217853940907,167.8332179471121,-0.16982055283701558,164.49765027009465,-0.12378388909201865,170.168597273623,-0.2026028866409506,171.99674506197883,-0.228581186391692,255.25520109547847,-1.7059053682610217,168.552361098074,-0.179867083681861,276.1570351142436,-2.167201007377364,167.9200509495632,-0.1710313418511138,168.12254170688027,-0.17385728184329108,275.1577576008814,-2.1443213685626543,178.5700176455693,-0.32428203404753564,176.13338681784842,-0.28838831199202897,165.39338631425034,-0.13605585019685007,181.14412480683504,-0.3627365668870801,183.06794788969148,-0.39183588906153033,260.81366233731126,-1.8250366029709957,175.58154370340407,-0.28032766620826943,0.4263944774811726,-0.23062529320476968,2.3983010207181605
median_monthly_housing_cost,2,314,6776.0,38882.220966199304,2265.0023064243815,0.05825290454455701,0.941747095455443,280.1240516807578,-1.0181327707143626,177.42133802762947,0.19041838646823228,128.4305167906545,0.5757856101519168,136.47692751371713,0.5209648193765444,137.2279252647361,0.5156782970593577,130.19594613358578,0.5640427946655817,136.81225226454916,0.518607942021367,138.47214844599603,0.5068559506433912,162.18844350703023,0.3234673700841212,144.93531493473657,0.4597467687483128,163.69929730275933,0.3108042886564405,136.6741597319025,0.5195792453661492,145.0197254798319,0.45911729691243686,213.73176624339362,-0.17486261757608523,155.27535514532326,0.37991104118085983,152.18323622985983,0.40436176705218807,143.1402435944807,0.47304632227416565,156.97763042703312,0.3662405119319776,160.6722920693758,0.33605681986971525,195.6783484269006,0.015230738070096117,174.76000789726007,0.21452376944207885,0.23077500693595351,0.5531897277841861,0.3305464329083121
median_monthly_housing_cost,3,314,10810.0,38239.42801326794,1847.71573365097,0.04831964884542383,0.9516803511545762,271.48474669697083,-0.9274338429838784,143.48875109939854,0.46157610712897246,125.491224410369,0.5881725166351994,127.35411375258398,0.5758547883070173,127.57202973910978,0.5744020343058086,126.47040370872666,0.5817206520793512,126.01308893112414,0.5847401646161193,125.20217297210398,0.5900675054161981,141.7264986741837,0.47472016528400973,135.30101218067702,0.5212699339863571,135.31371326055157,0.5211800503395131,128.06694516559102,0.5710934159800771,135.44265327540765,0.5202670834951498,143.3180532482847,0.46285639053619265,128.50623628025326,0.5681459263149422,127.97174975564266,0.5717308132893992,126.87807307364417,0.5790197117672511,126.7001552666292,0.580199543282445,124.27440752686805,0.5961203091009775,144.81195827038763,0.4515999755323654,133.57299826179488,0.5334201688776594,0.11244531172786958,0.6050926528097293,0.11427868117804485
median_monthly_housing_cost,4,314,15913.0,72966.00733603304,1445.019156062283,0.01980400475261697,0.980195995247383,304.32566507494874,-0.26927748693704334,182.31420937439788,0.5444663597017523,153.7402840402155,0.6760673113452125,153.04367674815092,0.6789961812666463,156.1499223762263,0.6658334593283898,150.69484695874942,0.6887737491879115,153.14591241174048,0.678567166483258,153.38100615720353,0.6775795482209657,175.57511371777474,0.577520797937558,162.44784639457365,0.6383342906964422,173.34082376711424,0.588204942530499,152.95561186646367,0.6793655010654415,162.3168588116156,0.6389173038736485,181.64711571944295,0.5477938857578365,154.86979758892974,0.6712900283171771,157.73311257340814,0.6590229380714792,151.52770113869195,0.6853240974713712,154.1941166879007,0.6741520265503052,154.9046136992705,0.6711422178438087,179.00058985931452,0.5608748191137558,163.76870471962843,0.6324289950246442,0.16054992491637013,0.6927147066085293,0.13452982156489401
median_monthly_housing_cost,5,315,21843.0,46132.89319583459,1282.116054078619,0.027791798113246953,0.972208201886753,248.59073356532488,-0.3395507745897479,146.1611514618861,0.5369229910212241,125.82119701518887,0.6568397834678972,122.89055854732044,0.6726394480406015,120.42538356185571,0.6856413721017285,119.32188326652734,0.6913761344680562,122.30252053797525,0.6757648286560871,124.88063400958599,0.6619511227176995,140.93743367031954,0.5694317257481434,136.94718752086328,0.5934672449381981,137.81488726405456,0.588299327532335,122.3914822090216,0.6752929660463223,136.43020125228477,0.5965308367995541,144.85129698757564,0.5451857278945313,122.2474524352968,0.6760567440788754,119.72415614391795,0.6892916838420298,118.68713519871487,0.6946509293947789,121.10544876545372,0.682080860213506,124.49946568275396,0.664011600367376,138.9709599146553,0.5813631801149527,135.02371140395132,0.6048068660271306,0.1592118882604305,0.6918676953508703,0.1357164570193774
median_monthly_housing_cost,6,314,30944.5,59912.482458639424,1021.6762700501364,0.017052811503102887,0.9829471884968971,251.69766786584262,-0.05740429054728091,174.92407033333419,0.48928121275721015,128.1013471366745,0.7261012319167481,122.97975311961413,0.747564796905184,121.9289573075026,0.7518602130973625,127.574567310579,0.7283492595100348,124.17191513689188,0.7426468763098282,125.58071556462936,0.7367741166023037,139.70259256564452,0.67424460532017,129.39306393397987,0.7205496366173572,150.21828345661777,0.623358409489527,122.62513808500141,0.7490185037692871,129.1069965516041,0.7217839108889688,171.69204463642748,0.5079796900122233,120.47023825927533,0.757762027032252,118.95069423157037,0.763834395145611,125.431896449647,0.7373976173025988,119.46324998950938,0.7617947460630041,122.25050924559056,0.7505496951970964,135.26887496954518,0.6945933838051488,125.7709062295576,0.7359762072165121,0.29695351311420604,0.7605340405402093,0.2582835841479738
median_monthly_housing_cost,7,314,44671.0,60942.43890030727,735.59961767316,0.012070400052030918,0.987929599947969,247.49531809728617,-0.0051112752523601035,167.5175752974721,0.5395304398721275,129.97550451659868,0.7227936380757616,123.97069222208533,0.747815597679575,123.81206434848937,0.7484605546668205,124.278745403525,0.7465607409585259,125.68570306661636,0.7407898955079395,127.89289020887952,0.7316058946584423,144.23095920414679,0.6586521647586479,137.8536255086486,0.6881709624886228,144.71116639930324,0.6563753919513509,124.09838101006456,0.7472958344428597,138.0102107091543,0.6874621593149084,168.05320639456602,0.5365810642121804,122.91583295447037,0.752088983251783,122.8088197068337,0.7525204689878346,123.30549828224123,0.7505146465912913,124.87041724935183,0.7441418265269228,127.0770709982148,0.735019105489001,139.7048380100492,0.6797397328429584,135.52082224272772,0.6986354075623907,0.2599541152506396,0.7569523149412265,0.2082851578074475
median_monthly_housing_cost,8,314,70275.5,74092.74850939134,572.9206417597155,0.007732479268023067,0.9922675207319769,284.38011030667576,-0.0914974645296962,206.23227193839938,0.4259660918978736,151.46297655023653,0.6903741091133946,144.38582133041305,0.7186328511134183,142.38868081490105,0.7263627435600131,140.19763370091306,0.7347192958721993,146.4706654632931,0.710448643452056,150.67103340547237,0.69360347990606,174.54338133762468,0.588820868685821,163.09724535871405,0.640980905975854,174.7796946765765,0.5877067285826856,144.17634267555138,0.719448688225363,163.29991881826479,0.6400880784889251,200.96756461430243,0.45489993502016457,145.31391396334567,0.715004045386842,143.30401757662204,0.7228333154492462,141.2344801036609,0.7307809634349971,147.56458969923165,0.7061074319527703,150.99250958122457,0.692294611708912,176.0488308173575,0.5816973798963587,160.3954499129618,0.6527770818284526,0.2998873552945175,0.7242329675199854,0.29266675921554475
median_monthly_housing_cost,9,314,144842.0,89679.02107201726,346.92694769286067,0.003868540752850758,0.9961314592471492,387.79821006450504,-0.6769524235602937,237.16179039852364,0.3728107850344975,158.6647160831484,0.7192822598996753,145.6743355243319,0.7633670419594125,143.08923672262958,0.7716909772083425,149.90636596713202,0.7494183334201929,147.03219492660114,0.758935076604224,156.49791578762307,0.7268971343230671,189.7998019734057,0.5983010920668418,163.35386955634655,0.7024444916988696,197.58770887409383,0.5646595800063245,145.87057968701595,0.7627290556490524,163.86110311196887,0.700593730929457,233.6355209405484,0.3913230096331429,146.77895968634968,0.7597647392994402,143.22096522976307,0.7712704193673956,151.1157986518431,0.7453586766536422,148.5082228861025,0.7540707737311589,158.09720736756617,0.721286799536415,189.791618751748,0.5983357298304797,161.38881752531051,0.709560272727539,0.3857596736829208,0.7663316270890048,0.390556256924915
median_monthly_housing_cost,10,315,468058.0,182803.35773935902,154.91474565208176,0.0008474392788395013,0.9991525607211605,736.6966891100607,-1.9688842615218167,334.0389536861435,0.38960627441632056,217.77058451171857,0.740573542712532,195.81643673936523,0.790244132430145,194.46215516841656,0.7931354748600259,205.45053407912798,0.7690965719919554,201.10977819851786,0.7787505471057937,208.7192848182427,0.7616907019992932,273.289428899072,0.5914346822093399,214.42081669181502,0.7484932049424502,288.21223781898334,0.5455975477919717,196.10637404335736,0.7896225188857516,214.86312783623407,0.7474545091814255,328.9524176555875,0.4080541275629005,196.03756058186173,0.7897701353293431,193.62589971232134,0.7949108293029248,206.3379870618123,0.7670974678406917,205.19216245536606,0.7696769684441959,207.96896840547652,0.7634009990051414,273.74163887388835,0.5900814636008826,211.68683738462468,0.7548660064231616,0.4137916114916629,0.7909143843456387,0.40063785801382445
median_year_built,1,315,2631.0,139.24331210191082,391053688005353.4,2808419895378.135,-2808419895377.135,15.026744062909875,-0.6216436805735714,13.107389393181057,-0.23383776291340896,10.514791117129766,0.205988204618742,10.110739240823811,0.26583872178280654,10.211609215313059,0.2511169032667989,10.183626451859693,0.25521559243639036,10.014349878769632,0.2797700515697721,10.319197532711486,0.23525348462565387,10.165661777867067,0.2578409848054076,11.174169711437617,0.10328139387675217,10.108493338308094,0.2661648446294256,10.11094433439912,0.2658089369599621,11.198772198311246,0.09932838528086185,13.585303136863578,-0.3254529681497189,10.702483624315875,0.17738845765952171,10.806285296197448,0.16135432186972032,10.894639108784181,0.14758447268347508,10.677713872873117,0.18119174393451953,10.82406704091123,0.15859206781585167,10.799003404765381,0.16248419564465422,11.851991725088713,-0.008807573815559078,0.22862295934507085,,0.4996764846962155
median_year_built,2,314,6761.5,116.64662908772712,5.982168712104276,0.051284539972477304,0.9487154600275227,12.020164619927684,-0.23865008890653838,10.910922073232875,-0.02058860525345385,8.505047984896745,0.37987199637810265,8.19471609114664,0.4243007934331885,8.256189572063075,0.41563106638445546,7.824479316912007,0.4751457709528851,8.167707293093242,0.4280894103208377,8.352371703281895,0.401936312987513,8.357196021467212,0.40124523196722317,8.654839141529813,0.3578362173722027,8.139573230815982,0.43202257195114413,8.194459396981083,0.424336859676671,8.652200928548089,0.35822765309687987,11.590716665069102,-0.15172391916163463,8.781464333138013,0.33890832133537807,8.880062100351093,0.3239795824122227,8.579330494839361,0.36899238053142447,8.734872508154615,0.3459048209928689,8.951668087864356,0.31303319965617304,8.957728077940283,0.3121027761721903,9.542397314185104,0.2193743855788146,0.24894376147637823,0.4472371446554474,0.44488939868664235
median_year_built,3,315,10800.0,111.3249823071479,4.007518202693783,0.03599837268904259,0.9640016273109574,10.644706145781363,-0.017828762077963356,10.285007184676415,0.04979663507160936,8.595524524150704,0.3363300823041556,8.433020582946199,0.36118708776270714,8.406824397367032,0.3651497176691876,8.037952995540483,0.4196389074622844,8.314556508946774,0.37900865998134203,8.61903386448724,0.3326947535260645,8.371484364734602,0.3704759792762514,9.004224911042524,0.2717172321218231,7.8880576574408385,0.44108274425374905,8.423048685888771,0.36269696437852306,8.992011027813371,0.2736916669680377,9.857538776690253,0.1271404789820223,8.787753843183067,0.30631367723630565,8.71173876233466,0.3182627053667968,8.39286161602314,0.3672567949629778,8.699713417211155,0.32014349364289774,8.997418681939726,0.27281782345344996,8.434581593295782,0.36095056851047747,9.302808649400527,0.22261610131147913,0.18006663179482094,0.37467476976177266,0.3113904526910978
median_year_built,4,314,15913.0,96.79912903685313,3.0775863037876614,0.031793533003958846,0.9682064669960412,9.851631131127531,-0.002639557912248458,10.0989061656265,-0.05360354743791507,7.445982144936311,0.42724019674182856,7.352381239422263,0.441549625211733,7.285747902847941,0.4516260318453499,7.12816001889713,0.4750917104258342,7.318920946915739,0.4466210144637952,7.682658514764683,0.39025027971052195,7.535300961517731,0.4134166170128183,8.251785983362932,0.2965642088649255,7.343326098178012,0.4429243452835995,7.339849714015583,0.44345166779523315,8.281934615052894,0.2914146888460356,9.622947681236173,0.043368230714619815,7.397990330196394,0.4345996552836485,7.336361137860143,0.4439805886619753,7.213766171962542,0.46240815489218756,7.330199370938196,0.44491419135345656,7.7104955946447316,0.38582358223077096,7.568352774239161,0.40825951343502165,8.315926714178506,0.28558616380464186,0.27196261467925553,0.4560490352658824,0.4951531726496481
median_year_built,5,314,21832.5,68.46218025681202,2.559751514622625,0.03738927835807462,0.9626107216419254,8.426113631014934,-0.037060033093398115,8.29474989453946,-0.004976405292270503,6.602623175329748,0.3632304342065734,6.6765372437561075,0.3488938067696573,6.477957790030969,0.38704936109236043,6.705821678094504,0.343169554201747,6.728604424513776,0.33869886509958813,7.108803079152203,0.2618540480510686,6.2488309413798255,0.4296429358885252,7.676265655358594,0.13930502664973443,6.336459340361632,0.41353435106149494,6.645358656034911,0.3549607753991433,7.629618722185905,0.14973374164288833,7.215645161564394,0.2394993133098896,6.280173645379656,0.42390702621252196,6.070949333472377,0.4616527596501504,6.094677833412131,0.45743624065508437,6.318053744464727,0.4169364316443468,6.5627415812390275,0.3708997157180326,5.9904740494656155,0.47583060891855955,7.208710058791036,0.2409604760353149,0.19508878162181154,0.3624453778933077,0.3538702120619278
median_year_built,6,314,30910.0,88.88269469485765,2.077223642900659,0.023370394541164127,0.9766296054588359,9.558517561440455,-0.027930783219734634,9.443078992672163,-0.0032519959929318,6.716075639522929,0.49252582687051527,6.6718385869800905,0.49918901217458433,6.58108307006658,0.5127211824100701,6.86619945956786,0.46958521925531194,6.674107832508778,0.49884827960180966,6.8327392444088,0.47474223478076893,6.801635611665608,0.47951345137880563,7.769332640566271,0.32087421643776104,7.054118603262939,0.4401543580588674,6.646632402707893,0.5029659885043694,7.715273138648272,0.33029213607548913,8.79824691374054,0.12908638716571808,6.574643332643152,0.5136743423467571,6.413249179035368,0.5372578973488592,6.756366786098415,0.48641867457991417,6.6067495578988735,0.508912956896183,6.7090768875839935,0.49358294279844894,6.651754678433481,0.5021996075393338,7.506351710335448,0.36607101986844026,0.29346788349886277,0.5111344253587905,0.5024410081675161
median_year_built,7,315,44668.0,101.60317460317461,1.7280662507517401,0.017007994656672337,0.9829920053433276,10.279568425713196,-0.04002190317012033,10.32335250548146,-0.04890036525591479,7.037213861001398,0.5125902402273672,6.9926269106248276,0.518747014528159,6.871725211246462,0.535244764119754,7.160748155811596,0.4953276376331154,7.093913483227767,0.5047043686964843,7.297490365010791,0.47586907756166286,7.451367186667677,0.4535321050016389,7.834573581280378,0.39587967167141447,7.831516413208282,0.3963510533022816,6.979584010225759,0.5205406411161784,7.827343934640105,0.39699410662673396,9.00955145390459,0.20108778374708303,6.6913408519219075,0.5593243757247717,6.513534221302584,0.5824330468237726,6.808951408754748,0.5436971387178027,6.814032144680313,0.5430159121496008,6.934749364459164,0.5266806481619111,7.058866051559005,0.5095862887310281,7.490404734645568,0.4477912397134125,0.3226399169347452,0.5277225162649998,0.5676473797840738
median_year_built,8,314,70275.5,114.75236564172484,1.325186301363253,0.011548226426117398,0.9884517735738826,11.258712894898192,-0.10462747622569646,10.931999552285644,-0.04144793480160991,8.047496275476787,0.43563519634958403,7.773301776139036,0.47343812770204385,7.665652641739896,0.48792140279461527,7.813482477671702,0.46798039336729547,7.844080563098747,0.4638053905355749,7.718698443524545,0.48080978262285934,8.433589441460283,0.38018331500741953,9.294869452206347,0.24712141967254586,8.63801831959562,0.3497706119398831,7.751167510852833,0.47643259949096217,9.311921064365535,0.244356546167398,9.721132734614981,0.17648389106810836,7.57677374334283,0.4997270859143359,7.481631351787183,0.5122121677316251,7.621085239081876,0.4938584499191102,7.677427083204643,0.48634708933188164,7.475126770213699,0.5130599711972474,8.21436183607007,0.4119882409696506,8.796024540117333,0.3257651179766703,0.2889405328859708,0.47896937448982824,0.5148860625036538
median_year_built,9,314,144842.0,139.52780773692027,1.0191930168566403,0.007304587045317369,0.9926954129546827,12.787275330483295,-0.17191270349415322,11.866581620880233,-0.009230788105842658,8.61969206676753,0.46749617491313233,8.495855322872092,0.4826869364759988,8.458982506679789,0.48716756746274914,8.99686199144438,0.41987531370294606,8.575592971520285,0.4729309088561807,8.466576989418757,0.48624631118039674,8.999768815499271,0.41950038457458727,9.485234743120197,0.3551846073455671,9.74336796883136,0.3196107577706263,8.47554790875034,0.48515701981810677,9.487108504389477,0.354929821991011,10.593427874576914,0.1957107622198483,8.354036011016133,0.49981355827690455,8.299813719516123,0.5062854573867143,8.755586948293868,0.45057330110369875,8.475358950353492,0.4851799759315667,8.303885020683435,0.5058009757686117,8.91834133381027,0.42995727205636725,9.226068115112627,0.3899400109174491,0.2840520046714269,0.4862387094540084,0.49191772458184146
median_year_built,10,315,468058.0,178.59468203417248,130351229335114.72,729871840809.7571,-729871840808.7571,13.731581140459458,-0.055777912698113274,14.08165676762412,-0.11029653885904933,10.057299401441718,0.4336378323354224,10.638110880824991,0.3663338581880443,11.275337342006067,0.28814659693108535,11.494141527199753,0.2602507087975957,10.744744890320787,0.35356673870062705,10.789114594457839,0.34821690989617426,10.30500388960252,0.40539604004331997,10.90574144983638,0.33404961885750817,11.344955457567538,0.27932896507207117,10.626866992615719,0.3676726496417332,10.978750619952278,0.3251032796595834,12.95797883764925,0.05983082113924365,10.693811321579926,0.3596808187173809,11.192475699812096,0.29857087084533285,11.362336310242194,0.2771190891207749,10.83526951423745,0.34262843602644666,10.944221701806114,0.3293417962167211,10.196006913602018,0.41790788058107675,10.968848250260969,0.3263201873265643,0.24454124565202914,,0.47663039704709365
mean_household_size,1,315,2631.0,0.13265717925386716,0.026900935200008563,0.20278537016476142,0.7972146298352386,0.3708352192837754,-0.03664770074806856,0.365179979410424,-0.005271015954533498,0.3663095396562507,-0.011499562993027235,0.36255022280288424,0.009155291905626362,0.3668238900856356,-0.014342134322412381,0.3344223524913818,0.15693737440441058,0.3653829976621372,-0.006389067907740298,0.36147453818075925,0.01502623161509653,0.37333228553460857,-0.05065550320324208,0.3763479998852338,-0.06769809078001332,0.3418930610383052,0.11885006266832165,0.3627382214015534,0.00812743037631991,0.3764729281848313,-0.06840705081500098,0.3608093455203995,0.018648032868797904,0.36381034043325927,0.002255554123690051,0.3685606429479426,-0.023969816742812844,0.3351362156646796,0.15333430364064948,0.36705651835941766,-0.0156290705707125,0.36085978776123717,0.01837362172549728,0.37037206637008585,-0.03405988517766878,0.3814035904323919,-0.09657614923603242,0.007201261722467564,0.011484099216190372,0.01442630786015986
mean_household_size,2,314,6761.5,0.08398670763720723,0.00770161559158182,0.09170041079417075,0.9082995892058292,0.2920584847048543,-0.015614981081927715,0.2855169936422113,0.029370766495291245,0.24751012969963113,0.2705838098981669,0.24554627515892963,0.28211290880851003,0.24807266843933323,0.26726442126482053,0.25133417621909354,0.2478706462861069,0.24491288378286702,0.28581173937734927,0.24852089198309393,0.2646141813432513,0.24924386399360193,0.26032933679448045,0.25183851255135214,0.24484911733841452,0.2634232590223383,0.1737762397628686,0.24553700394256203,0.28216711904561964,0.25171851870403933,0.2455685614888241,0.31308470092964075,-0.1671136149261021,0.2571727729786574,0.2125202068019616,0.2603692844741346,0.1928226953435188,0.26254762324532704,0.1792599518303688,0.2567502098618698,0.21510591236808474,0.2627434076131161,0.1780354274350785,0.2682288015876249,0.1433562283222527,0.2604515958769591,0.19231226341341912,0.13999418379058023,0.31059455730369223,0.2527421423132188
mean_household_size,3,315,10800.0,0.06664257405722374,0.004610757623017303,0.0691863675472409,0.930813632452759,0.2596610071378202,-0.01172320519811465,0.24756269307419113,0.08035834646001472,0.2168534603675132,0.29436364158164907,0.2146406569163487,0.3086909944096333,0.2158013867959588,0.3011938809105613,0.22476925899016878,0.24190773688290168,0.21585888236572526,0.30082146802777443,0.22268403780572357,0.2559083829673021,0.21454167897962734,0.30932841849904147,0.22679222616705794,0.22820037224785616,0.216643739228102,0.2957278374866975,0.21441857416269322,0.31012081096260025,0.22662078996944368,0.22936676482099583,0.24304059536766007,0.11364871732075743,0.20853237375334027,0.34747792205830696,0.2085545124572084,0.3473393655395691,0.21663675996612938,0.2957732135567893,0.20984277506871982,0.3392513588876258,0.2117994702154889,0.3268715049175196,0.2125499579067075,0.322092742585982,0.21546412739050852,0.30337639491100876,0.13298464218910455,0.33163566115400667,0.2283326479496186
mean_household_size,4,314,15913.0,0.06390913900816018,0.0033849918649919964,0.05296569344424725,0.9470343065557527,0.25504827748605746,-0.017845410815175544,0.24392516378949305,0.06899879339426129,0.21712437802920936,0.2623434415451662,0.21469404766461164,0.278764589572563,0.2174807436765634,0.25992002702349226,0.21286605481676757,0.29099408947647576,0.2135332554107932,0.2865425528497715,0.21962852442960187,0.24523018942619212,0.22661486725218585,0.19644828804267445,0.21636736880819202,0.2674781883855034,0.22634595787373388,0.19835420346945165,0.21448807617860854,0.2801477920563684,0.21630145679774312,0.2679244167746955,0.23895955441369637,0.10651794826556282,0.21286823636068436,0.2909795570000959,0.21502150519892196,0.27656281377681136,0.21121466018170826,0.30195221891538404,0.21182856215687879,0.29788852671413246,0.21530263887444961,0.2746698355553996,0.2300425239893362,0.17195625438441087,0.21404960163848963,0.2830879484114789,0.11983641076944324,0.29435532339519516,0.2097657961783017
mean_household_size,5,314,21832.5,0.03941518589365296,0.0023899252417214547,0.0606346307276025,0.9393653692723976,0.1998673138484024,-0.013491177049312242,0.1957554040038615,0.027781365788617562,0.15582631463734425,0.3839470807274128,0.154567172907299,0.3938627866676626,0.15336585160194147,0.40324816680932274,0.15549566779185728,0.386558704371627,0.15496339936739154,0.3907511889379517,0.15828135422379253,0.36438236870140017,0.16996654256850816,0.2670686453024078,0.15902847355348734,0.35836772484118384,0.17439886418864675,0.22834402170895796,0.15476496808606138,0.39231048126208057,0.15912402284790444,0.35759646762498787,0.18501295428240627,0.13155824395551607,0.1530148427352944,0.40597661620880077,0.1513281072698133,0.4190006838569358,0.1540506285880483,0.39790728800814035,0.15361728423003687,0.4012898967955403,0.15537647005031963,0.3874988307695526,0.16706906413375555,0.2918447152364284,0.15665746351167462,0.3773577285636094,0.21040661077101103,0.4192860409286071,0.36608142087904505
mean_household_size,6,314,30910.0,0.030828155715186906,0.0015836329370465304,0.05136969436891691,0.9486303056310831,0.1767955593295737,-0.013900088199528593,0.1787000116164355,-0.03586132257605845,0.1535988086826765,0.23470627803028077,0.15314780309810005,0.23919387813977677,0.15094704364872433,0.2609025918775515,0.1587649919300265,0.18236034307676863,0.1500082428224829,0.27006749535770713,0.1505777597987806,0.2645144926769162,0.16389240238869685,0.12869521586378585,0.15623231629152173,0.20823882948697814,0.17176321819374443,0.04299811520226737,0.15275871930943968,0.24305474058688104,0.15578545643074582,0.21276158523553557,0.16587339206215992,0.1075047612837644,0.14774889832141408,0.29188962334073243,0.14472238419857353,0.320602611404302,0.15461104062748204,0.22458631308467247,0.1427351697237606,0.3391324195876495,0.14383374908539376,0.32892036853932227,0.161270990436246,0.15634484928090497,0.1507668953285243,0.2626656963522349,0.14298940602858554,0.2521465703972543,0.2750552007158352
mean_household_size,7,315,44668.0,0.03459446365382671,0.0010354319571714088,0.029930568299383745,0.9700694317006162,0.187630259579218,-0.01765168733496103,0.19444022237928968,-0.09286273252354804,0.14454700790042507,0.39603522395831803,0.14360849306782109,0.4038526081057153,0.14094460746062684,0.4257641173161314,0.1444209503965953,0.39708818375773036,0.14462192404941984,0.39540901327306544,0.14757417834159778,0.3704733124027292,0.16941773673063304,0.17031899074535461,0.14581917897623967,0.38535734590142834,0.17186777313283877,0.14614859368188238,0.14318057331024156,0.40740007480411533,0.14562640654537817,0.38698138246829206,0.18316106648206357,0.03025014029561457,0.14257440645384994,0.4124070955666035,0.13940475336345154,0.4382429091894572,0.1436687532090871,0.4033521994965117,0.143926033176724,0.40121334924364194,0.1448575130170056,0.3934376526993558,0.16453416657759595,0.21746172328965863,0.14401998871681204,0.4004313130116619,0.26142599864092114,0.41631309564896457,0.49671534062926337
mean_household_size,8,314,70275.5,0.04390486966077206,0.0006920155818841855,0.01576170450410162,0.9842382954958984,0.21284770280936666,-0.03187060891568083,0.2089823789830357,0.00526672638250647,0.16394133438030875,0.3878409997328851,0.15825386493309684,0.4295784053166358,0.15646167715282158,0.44242502923664784,0.15614906140582463,0.44465091079167496,0.15747837085659297,0.4351552007953158,0.16438401400270344,0.38453059379459686,0.1819575219388508,0.24590278832534485,0.16099807424871246,0.409624032321108,0.18526915674803746,0.21820379590382588,0.1580865725635313,0.4307837691358909,0.1611478842219272,0.40852482219287856,0.18640446993543702,0.20859288091779682,0.1520837551122982,0.47319127131532945,0.1497544955454398,0.4892045208345853,0.15131794913941823,0.4784833229509029,0.15321388174500897,0.46533280383821574,0.15801730022031346,0.43128251235360593,0.17726642347886096,0.2842847470957668,0.15179242983435487,0.47520760377967664,0.24274062864437382,0.43645772297469604,0.42431167893412935
mean_household_size,9,314,144842.0,0.048139652225229444,0.0003038748694600283,0.006312361128790435,0.9936876388712096,0.22139901056316383,-0.018235895203630115,0.22163274940974134,-0.02038700614412403,0.15928727424637515,0.4729410254538041,0.14957099138728025,0.535279537128662,0.14875124588361852,0.5403595138493281,0.14869485670348953,0.5407079322753479,0.14973044707252983,0.5342881440927816,0.16410625497232476,0.440567979281589,0.17605105273989738,0.356165411710587,0.15264793564245435,0.5159625967615342,0.18541035078808132,0.28589018428050095,0.1490627928785829,0.5384321407889563,0.1520654337088389,0.519649705384903,0.20547193531523572,0.12299498956367483,0.14550647281068285,0.5601934652384148,0.14434439219681514,0.567190401351748,0.14635480420312255,0.5550501982623692,0.1505068493359438,0.5294458798528531,0.15954736342723388,0.4712184238996022,0.1735574098298631,0.37427519488675565,0.1480255187517805,0.5448335584308579,0.32514038748505364,0.5386798790580899,0.5556665432727861
mean_household_size,10,315,468058.0,0.06185763421292084,9.526067858862269e-05,0.001539998737435138,0.9984600012625648,0.26321655553619794,-0.12003887620177589,0.25059203242702355,-0.015175693589482675,0.20713329660868832,0.30640408237563976,0.19375239997159815,0.3931227249083382,0.19159829846515625,0.40654199854485995,0.2062766725947629,0.3121291139214125,0.19429302346789432,0.38973128460818907,0.20371561317666942,0.32910381103327313,0.20953318905077342,0.29023866055620273,0.19728672036276482,0.3707801708432342,0.22586382705212216,0.17529228170877853,0.19334492155884472,0.39567267374109494,0.196869115423124,0.3734411427039729,0.23815634578671616,0.08308092024258906,0.18998101443773346,0.4165184894954935,0.18719552884897264,0.4335029707016028,0.20200648700615162,0.34031391093772534,0.1981608163670313,0.3651921926389151,0.19788694325071765,0.3669456841119676,0.2105801068289478,0.28312839706326054,0.1930696073516859,0.39739251658693453,0.22682138735587298,0.39372906717467876,0.4082984184978209
owner_occupied_share,1,315,2631.0,0.010110661089647097,0.0023392715413432007,0.23136682365295766,0.7686331763470423,0.10343393813072695,-0.05814837055372735,0.10389282666382897,-0.06755822754782481,0.08693828626981549,0.25244595259238356,0.09167014207906551,0.16885603480460742,0.09193484093061732,0.1640492246750881,0.08929304689441295,0.21140189024315048,0.09233206030320028,0.15680989756809494,0.09290774855151912,0.14626257725610392,0.0904583805858413,0.1906841159386028,0.09949253927651217,0.020957652133721916,0.09253095811737705,0.15317325601123144,0.09157733953765382,0.17053800513775774,0.09942930879697874,0.0222016779923514,0.10302426455485987,-0.04978289678189851,0.09017700475623543,0.19571112959835713,0.09055625377649745,0.18893185862689843,0.08866545274734416,0.2224482216161474,0.0916369476109317,0.1694578531519404,0.09082979387938973,0.18402452786987977,0.09026500645507216,0.19414058901873366,0.09649649360847411,0.07903418024119557,0.1176470501116789,0.21968351093964222,0.23641426235243224
owner_occupied_share,2,314,6761.5,0.006967705351333931,0.0006371709898016696,0.09144631663847361,0.9085536833615264,0.08581266166883667,-0.05684906743085305,0.07539626486018472,0.18415081174768133,0.07465141529030002,0.20019094897892753,0.06928069222465252,0.3111341434367444,0.06904431272974157,0.3158268210337406,0.06988205851720745,0.2991233330973897,0.07003172080385324,0.29611806592683754,0.06832072852206461,0.33009194413020904,0.06802308069362752,0.3359163061959961,0.07473321134112279,0.19843727658666055,0.06987173385576845,0.29933041857507725,0.06920512476111267,0.31263607576570773,0.07462493610775012,0.20075823986735408,0.08044069590646416,0.07132904856870026,0.07338248518774064,0.2271502796400473,0.07307869050841118,0.2335360442011608,0.07295249278111895,0.2361809326566412,0.07364792043584055,0.22154914551811522,0.07135805102178921,0.2692039647380551,0.07302865753684588,0.2345851966009287,0.0797399130710328,0.0874393482556528,0.0811124085108586,0.3424499279839909,0.12698333168906306
owner_occupied_share,3,315,10800.0,0.0049913439325859135,0.00048708219444879654,0.09758538001536776,0.9024146199846322,0.07458425162228771,-0.1144915407932523,0.0654134394516725,0.14273227437548985,0.06441465898683336,0.16871120314876964,0.06232239040017562,0.22183676427610155,0.061764479033114474,0.23570667103766563,0.06116573563419801,0.2504529308734017,0.06376514384438695,0.18539102405855445,0.0610979865844548,0.25211245406199734,0.06335274490593429,0.1958938631910636,0.06687678613668947,0.10394783762068127,0.0622823036499505,0.22283749620616466,0.062174722398298896,0.22551998870116086,0.06680985513703455,0.10574049720531598,0.06470223142993248,0.16127223277846425,0.06074126795631612,0.2608199950209522,0.060357334047193595,0.2701348930292714,0.06018473210313923,0.2743032683684353,0.06273263219594545,0.2115584108440851,0.05904632524440021,0.30149703727965194,0.06250675789612714,0.2172258943773352,0.0641517836490891,0.17548231479464393,0.047254036439721904,0.24582576496808012,0.0791044899006117
owner_occupied_share,4,314,15913.0,0.004661422905822223,0.0003899198046601813,0.08364823628707076,0.9163517637129293,0.07167226855629137,-0.10200558580278818,0.060369509407650415,0.2181619776295438,0.06127298604235778,0.194585238370527,0.05738406761448657,0.2935781021131937,0.05787167495589046,0.28152179498300844,0.05732168913846511,0.2951130776864678,0.05758952812083694,0.28851043636521,0.05625575649156269,0.3210849557363261,0.056229244792669664,0.32172471070906294,0.060449913066732586,0.21607799515221882,0.05613500359174433,0.3239964079832136,0.057332550985970586,0.294845915299092,0.060338418207777446,0.21896708679461352,0.05960777363331275,0.23776779122907532,0.05732810573548254,0.2949552585941647,0.05800579825812334,0.2781876479476788,0.057414138232573235,0.2928375443318454,0.05758743956106727,0.2885620416338056,0.056451167861565454,0.31636017213663725,0.05588078272567721,0.3301054332285387,0.05943153480883942,0.24226842294814965,0.049452808585943406,0.3203770797839208,0.07541612448364987
owner_occupied_share,5,314,21832.5,0.004741709299836582,0.0003182670685414343,0.06712074663716797,0.9328792533628321,0.07127666180282974,-0.07142007164590569,0.0633495930910998,0.15364466882306993,0.052644761328480366,0.4155122720348593,0.05068596414856223,0.4581981308390466,0.05025821540528506,0.4673042871246694,0.05132667308195692,0.4444139859537839,0.05099099314415996,0.4516573629013113,0.04879998895829961,0.49776783608133934,0.051767449670728195,0.4348306325940867,0.05826663513141318,0.28401330514836953,0.05297174360590013,0.40822909140677877,0.05066175256158113,0.45871562124246457,0.058301835650438706,0.28314794828778045,0.06319406149629038,0.1577953948938703,0.05077501606128476,0.45629263773876294,0.05057338216829128,0.4606023224519079,0.0515245253091392,0.44012242411747593,0.051134735899656905,0.4485614679883949,0.0488038860662384,0.497687617575277,0.05153309520700865,0.43993616358848864,0.05792489051942541,0.292387464199238,0.19990071482111427,0.49116552778651623,0.30455346201597666
owner_occupied_share,6,314,30910.0,0.005787939288788581,0.00023084096187588678,0.03988310007380916,0.9601168999261909,0.07632131106993782,-0.006393162194584301,0.06395382042944542,0.29334242405679956,0.05550266024348971,0.4677647534984748,0.05333797960502126,0.5084709900367473,0.05392222627439564,0.4976439210377952,0.05584540185936873,0.4611711088823234,0.05342250466406912,0.5069118969318314,0.05317167769678712,0.5115312777092468,0.05468700785233045,0.48329298587601444,0.05717068148743904,0.435293520084192,0.057390548036816195,0.4309416806865859,0.05339700295458054,0.5073825445863913,0.057078733497600405,0.4371085018115337,0.062939910653263,0.3155711980749094,0.05317449205977356,0.5114795672974787,0.053806309364374805,0.49980143485216866,0.0559376828863816,0.45938887562998343,0.053413081301729726,0.5070858362886672,0.05309573454074042,0.5129256051663205,0.05457390420468087,0.48542808216548405,0.05638727160472828,0.450663830357683,0.16599228557636633,0.5295927923733413,0.21512856597994778
owner_occupied_share,7,315,44668.0,0.005642495851236909,0.0001694866099437471,0.030037524955661848,0.9699624750443382,0.0750778129036394,0.0010310793302137355,0.06586964987086374,0.23104759161514377,0.053331329419684555,0.4959268428974708,0.05078349894513826,0.5429391827473802,0.05094052818797454,0.5401082286128781,0.052517710709494306,0.5111897268721042,0.05060667113180156,0.546116606806028,0.04965320312444308,0.5630585036271232,0.0514302094939965,0.5312240330639261,0.0586179944400444,0.39103734184937944,0.05354667383507129,0.4918478711559937,0.05081634527010437,0.5423477456267186,0.05863391835834899,0.3907064404309851,0.0649382743491834,0.25263933078029766,0.05021797688931588,0.5530621077367665,0.050335702940686074,0.5509641376204865,0.05236509706964522,0.5140265117762981,0.05023340918958923,0.5527873718763043,0.04904041693557471,0.5737768256067386,0.05098311534901286,0.5393389522615325,0.05757340798103804,0.4125476750107969,0.22903037977735735,0.5597527705621413,0.3118915911322364
owner_occupied_share,8,314,70275.5,0.00551281025605537,0.00012420738604408695,0.02253068403862718,0.9774693159613728,0.07457959630963469,-0.008943882949453252,0.06589660738103596,0.21231410793421124,0.05580112477638064,0.43517636528683623,0.051832855875629,0.5126541956939896,0.05137656354448696,0.5211967836655768,0.05301224536342344,0.49022403675422577,0.052276259164673045,0.5042805492443173,0.05158206018563137,0.5173588769772139,0.05156583364317952,0.5176624850464728,0.06164468023966462,0.3106843106605317,0.05363471007926688,0.4781822715325251,0.05180686371066413,0.5131428431466096,0.06158537668905301,0.3120099466934274,0.06471304160781867,0.24035518009433754,0.05155295329810848,0.5179034158054541,0.051070059961464485,0.5268926548664108,0.053084153191011695,0.4888401397614701,0.05221240221489392,0.5054908806165741,0.05140614706421394,0.5206452184555199,0.051216393479560876,0.5241775357365284,0.06049849200860241,0.33607953742020324,0.21342148047297346,0.5244708834566102,0.3003400877597784
owner_occupied_share,9,314,144842.0,0.006708878346154067,6.982955449920966e-05,0.010408528951674935,0.989591471048325,0.087498928249361,-0.1411836747905466,0.07012669498353141,0.26697830910402454,0.060992791187457686,0.4454929147777119,0.05653699618377404,0.5235519601698446,0.056093057811088115,0.531004890496815,0.059060591972213805,0.4800690452066484,0.056219508910081234,0.5288879870801997,0.05697886358132711,0.5160754559097608,0.05602619952945922,0.5321222309070184,0.06506367679178861,0.36900301075020914,0.05910291118778112,0.4793236766808824,0.05649383149343351,0.524279196590582,0.06490315320693744,0.37211273198626316,0.0697128455195798,0.2756045676066292,0.05637636780915119,0.5262554061403293,0.05581066265870974,0.5357152260496859,0.05919570883277412,0.47768736241530585,0.05613294647389348,0.5303376336154193,0.056479644928495346,0.5245180898119011,0.05571002456257473,0.5373881181581042,0.06474318038195032,0.3752041414832513,0.19378781222969066,0.5290586827867657,0.2565736510658201
owner_occupied_share,10,315,468058.0,0.009996453093640474,2.6614077508291763e-05,0.0026623520621752387,0.9973376479378248,0.12620361430643362,-0.5933003551169254,0.08845559469443688,0.21728315438961066,0.07589318504466822,0.423818080045962,0.0705973091484031,0.5014251542713785,0.06871372952752024,0.5276748081191949,0.07495484592767652,0.43797776317122716,0.06895405348187626,0.5243651476135807,0.07153061748259874,0.4881555298151752,0.06967672689388268,0.5143431149861282,0.07584607454272305,0.4245331849553722,0.0744264575807197,0.4458736977880037,0.0702982418344481,0.5056403747686825,0.07555640418422081,0.4289204220963998,0.08850232705242883,0.21645589487354822,0.07083830961186707,0.4980153398749879,0.06906073610118928,0.5228922472639534,0.07565990430786945,0.4273547761137684,0.06892339956793288,0.524787945934238,0.07162295981559316,0.4868331472480403,0.06963872262510731,0.5148727610254269,0.07567935647970125,0.4270602839295745,0.20188983645097705,0.5027636882134805,0.2841419998817678
poverty_rate,1,315,2631.0,0.004921162290427742,0.0011779478108950065,0.23936373998196683,0.7606362600180332,0.0705742455235577,-0.012103205965695585,0.08161494396390229,-0.35354184339487493,0.05758268488908696,0.3262230742754715,0.06078426203865925,0.24921669038001792,0.06092707885685013,0.24568451130958713,0.05889769523151559,0.2950977230862716,0.05984098999684798,0.2723377380241593,0.05951434744253345,0.280259958424837,0.0724142655457858,-0.06556653592494932,0.07068154443562674,-0.015183086630382592,0.06728144618810417,0.08013742810963209,0.06073177521224255,0.2505127238732515,0.07078097751056085,-0.01804136536920886,0.07791979907378602,-0.233752257979579,0.06268815799385109,0.2014477636094253,0.06275044850935414,0.19986000140977822,0.06029646029465316,0.2612186086330681,0.06117709074063519,0.2394812016730694,0.06176516624680033,0.22478968659184517,0.0720749255035691,-0.05560324569046271,0.0734765368282219,-0.09705820406906196,0.2552312225375821,0.32764240081600826,0.6027585337748929
poverty_rate,2,314,6761.5,0.005366149915842827,0.00065014166477947,0.12115607558037379,0.8788439244196262,0.07392265829030328,-0.018338938420556783,0.05739979368842754,0.38601485848414596,0.04175358192281579,0.6751187293075336,0.041666252163025295,0.6764763197935859,0.04124698955092332,0.6829544135561552,0.04066207409778619,0.6918825795283126,0.04241467786877474,0.6647494149575262,0.041634405336759966,0.6769706894270826,0.04263498448247645,0.6612577117060461,0.04965358441599861,0.5405498385205916,0.04095523676909444,0.6874236752386487,0.04167135028244115,0.6763971447694512,0.049687463468754786,0.5399226513091042,0.055424058622155964,0.42755489087566634,0.04181596047295388,0.6741472792041809,0.041458630244924397,0.6796925078983009,0.04045086217350461,0.6950751886843498,0.042856581657131035,0.6577273053979029,0.0418190784714641,0.6740986831099753,0.04210047334784896,0.6696980360388323,0.04940683371264801,0.54510491585365,0.2741044961033424,0.769734307761551,0.29046146130943995
poverty_rate,3,315,10800.0,0.004409251262742482,0.0005111765625612327,0.11593273599093769,0.8840672640090623,0.06883968231706981,-0.07476339612534932,0.049200126872084235,0.4510060007957951,0.03802683764304289,0.6720440058952479,0.03792656700289388,0.6737712598101468,0.03760817009901298,0.6792257066074805,0.03730896602841498,0.6843094522938011,0.03830928771256208,0.6671540273867187,0.037714887714853707,0.6774026539691218,0.040012275008548565,0.636903851479778,0.04403467829480837,0.5602308017889621,0.03881053420616944,0.6583869968817833,0.03792315737158589,0.6738299136675749,0.044063563033843074,0.5596536755245334,0.04767624077825886,0.48448754691000995,0.03806518421050002,0.6713822455021372,0.037867499033936866,0.6747866252935384,0.03748743309026518,0.6812820236461121,0.03856409494607734,0.6627115738273757,0.03772680789855533,0.6771987012304623,0.03919723801118358,0.6515454946539507,0.04430083011133153,0.5548986819743233,0.22913680483996646,0.7621266924359731,0.22276525901435174
poverty_rate,4,314,15913.0,0.004085891536479995,0.0003796033171196009,0.09290587225098736,0.9070941277490127,0.06560932396668122,-0.05352365644863366,0.046655906947730294,0.46724634423591105,0.03716379034745829,0.661971616069942,0.0367281870773317,0.6698493550444056,0.037464291070354275,0.6564830238706217,0.03693414640971171,0.6661362253905491,0.036789625751387986,0.6687438834724396,0.03663707871425734,0.671485274454676,0.03718802164812942,0.661530674088046,0.0434064168557515,0.5388724817011568,0.03733825554961287,0.6587904218599852,0.03669800388312476,0.6703917671377879,0.04337338753467191,0.539573987846595,0.04563694847509616,0.49026276211118924,0.03687221089039637,0.667255010612169,0.03757423275484356,0.6544639145434958,0.03705448808233835,0.6639570397830414,0.03697715365171401,0.665358250463886,0.03668437527312971,0.670636536196658,0.0373057324155182,0.6593845777273831,0.0433102873452069,0.5409126813140079,0.21278591543662095,0.7384562798423812,0.20260301080849452
poverty_rate,5,314,21832.5,0.0032728240413596437,0.00030732335012676333,0.09390158048310188,0.9060984195168982,0.058420604547697416,-0.04282020438244505,0.039462907577461896,0.5241659634655046,0.030747292384024485,0.7111375445176882,0.030459073372863014,0.7165276412635886,0.030057627343793192,0.7239506462550258,0.031106881152748157,0.7043415585980576,0.030357034916793285,0.7184237351921421,0.03028897697466361,0.7196848609708411,0.031526865298431885,0.6963041022112052,0.03492155423314231,0.6273814495839284,0.032071216310114094,0.685726179405958,0.03041811489746991,0.7172895022088339,0.034945940228007594,0.6268608629774844,0.0383008195290219,0.5517776824979315,0.030175071205847386,0.7217892221606597,0.02976656244042119,0.7292710428907145,0.030726635111919847,0.7115255530484177,0.030160467190883097,0.7220584517600787,0.029891794567410347,0.7269882611565441,0.03138052619436757,0.6991169058308753,0.03456705479459059,0.6349081826361085,0.2281594225393864,0.7907834577678852,0.192361677798084
poverty_rate,6,314,30910.0,0.00282769290695222,0.00022115621929764953,0.07821083355760118,0.9217891664423988,0.05361041915268188,-0.01640352623157182,0.037434318449833165,0.5044270209264283,0.029121910315661397,0.7000785840823429,0.028832812162214554,0.7060037689603348,0.028184940317443896,0.7190674918253075,0.028929635465353303,0.7040259194693488,0.029087301655345222,0.7007910174726251,0.02912697826320028,0.699974187204312,0.030049333157347237,0.6806716807963102,0.03395960823767306,0.5921569174570489,0.030116501069399892,0.6792425250870813,0.028789886761244794,0.7068785023693863,0.03389953812291222,0.5935984837245281,0.03496015125983861,0.567770540745128,0.02819030591176548,0.7189605188579455,0.027629358522700737,0.7300338199742018,0.02801724953634602,0.7224004524494338,0.028678382207513592,0.7091446514513151,0.028164913561388373,0.719466582113585,0.029040618121117114,0.701750674982046,0.03273675142089458,0.6210002539672701,0.22977595542832557,0.765905908490032,0.20157674803390646
poverty_rate,7,315,44668.0,0.002494316132933742,0.00014370412267180737,0.05761263409012504,0.9423873659098749,0.04993720947796961,0.00023703590708390454,0.03656218702260934,0.46406411672286085,0.029598671970348503,0.6487689066991389,0.029118480566229628,0.6600727953883561,0.029293103858208956,0.6559834888937832,0.029304245731717127,0.6557217400928095,0.02896370478888153,0.6636768755888238,0.029602556490752975,0.6486767097330486,0.03062626847900054,0.6239577218928497,0.033162284854031485,0.5591027447485387,0.031004918017407925,0.6146018026449889,0.029065890104749435,0.66129956166073,0.03310509147817301,0.5606222213343974,0.034879781374676136,0.512251421268612,0.02850544273631125,0.6742352523545561,0.028697911480570517,0.6698212738663556,0.028488071909249253,0.6746321645476385,0.028549106512692452,0.6732364948005132,0.02886993159684594,0.6658511167041778,0.029105070974604706,0.6603858086583287,0.03263138805781592,0.5731064428760375,0.20359029539936083,0.700426193374373,0.1960086786654952
poverty_rate,8,314,70275.5,0.0024682029657134494,0.0001045737877210708,0.04236839075786585,0.9576316092421342,0.050144727496254475,-0.018754831188199983,0.034372513693979825,0.5213239291683132,0.02592002317111952,0.7277988842391772,0.025515529485985528,0.7362282381173587,0.02523022510640361,0.7420940385525401,0.02584828551465382,0.7293035162309133,0.025584702491168777,0.7347961206373446,0.026036134843261317,0.7253547106971648,0.02757756952394265,0.6918720415571429,0.030580598311465413,0.6211117942576154,0.028134105335799204,0.6793100510609551,0.025521990330332006,0.7360946407285118,0.03057678831823276,0.6212061986613142,0.03358266806473975,0.5430701567038694,0.024797215029096924,0.7508706205522571,0.02461451064652025,0.7545282366223367,0.02520270852730417,0.7426562864012083,0.025036690169686876,0.7460355313722327,0.024903896744216277,0.7487224180255726,0.026222870464700575,0.7214009767589354,0.029856542015896652,0.6388412486615203,0.2576763598626642,0.7688011036937333,0.21490430894904555
poverty_rate,9,314,144842.0,0.001944147539001519,5.3730399208912715e-05,0.02763699674588881,0.9723630032541112,0.046950023084195346,-0.13381552756976944,0.032025259044294596,0.47245916460593695,0.02726889980617154,0.6175223938915053,0.026663701083861648,0.6343112128955716,0.026713314656903502,0.6329490608900861,0.027730235896456065,0.6044713853003008,0.026419042914025307,0.6409913267942751,0.027187844015400538,0.6197928154231647,0.027439952087800826,0.6127089351626536,0.031040024682257993,0.5044187167142604,0.0286745339016917,0.5770748474667982,0.026653767684663994,0.6345836323960785,0.0310048232138915,0.5055421241237833,0.03271687576138916,0.44942760870097886,0.026766682113318806,0.6314810182958542,0.026874484993294926,0.6285066183681907,0.02783259859402099,0.6015459069049112,0.026513220816841484,0.6384271954773453,0.027260845290235848,0.6177483081763202,0.027198323562276586,0.6194996574291824,0.031296517417461256,0.4961946134167905,0.16741653683479343,0.6523399294016585,0.16185204828963462
poverty_rate,10,315,468058.0,0.0017527435871335332,1.8265927246559315e-05,0.010421334518434454,0.9895786654815656,0.05015754477464287,-0.4353378989876395,0.0327991060736367,0.38623004121839455,0.026673623610267802,0.5940751392701964,0.026027669838733246,0.6134976032963266,0.025576523534572335,0.6267802313375714,0.028595437009936074,0.53347481982433,0.027373425484873367,0.5724962691198089,0.0265824679796909,0.5968448499378493,0.02440063183406105,0.6603092213418931,0.02971891461745765,0.4960963528703243,0.02631955371306629,0.6047802355461098,0.026021866094602518,0.6136699514885537,0.029767501680072587,0.49444735511925386,0.03333278159189428,0.3660941983704551,0.02567027824965581,0.6240390264428627,0.0253992135961278,0.6319370066235623,0.028255749141159102,0.5444927795549321,0.02753714185720319,0.5673673050466788,0.026174468779177857,0.6091254756820504,0.02343548118745459,0.6866502422149809,0.029043690188762315,0.5187339745682131,0.20645185328225174,0.6199583971404395,0.22726756207793208
family_household_share,1,315,2631.0,0.007142970958829452,0.0018153365780989475,0.2541430713581445,0.7458569286418555,0.08632600316972068,-0.04328841125231775,0.08946377321565951,-0.12050948605488476,0.0917378464570699,-0.17819777247982382,0.09223798823072565,-0.19107952725677868,0.09440751607856525,-0.24776919064852665,0.08488431281714319,-0.00873244536043738,0.0926858198740296,-0.20267340511893206,0.09469666825762527,-0.25542425284678294,0.09290514175582558,-0.20837189657068178,0.09531917555052732,-0.2719840637740971,0.08442212330782431,0.0022226122882851307,0.09244897004272158,-0.19653462280919487,0.09570272064991248,-0.2822410720393169,0.08911919545437019,-0.11189462258933247,0.09498516280326567,-0.2630852350884241,0.0958169431476437,-0.2853036428504947,0.08589107833837745,-0.032802370421262106,0.0933802935509477,-0.22076363937648247,0.09503270656831442,-0.26434999802649806,0.09449611862543952,-0.25011238135237424,0.09627755726695171,-0.297690846948393,-0.03100936742717831,-0.25618790939532987,-0.07057004120189392
family_household_share,2,314,6761.5,0.0031896149474734846,0.000902980173011566,0.2831000568663696,0.7168999431336305,0.056954663900677695,-0.01699853852535438,0.06098233773077287,-0.165923027184133,0.05101678856265699,0.18400410140149503,0.05178355054838001,0.15929159113055613,0.052226900010518836,0.14483436727391752,0.05354697390898807,0.10105813333956204,0.05182675951793004,0.1578880064325755,0.052780108014237694,0.12662191271670542,0.053299086997201324,0.10936187548736997,0.05415139960830504,0.08064950540155547,0.055158869263693,0.04612283659531946,0.051977486976226873,0.15298266503803648,0.05451653734076184,0.06820951977891154,0.06038108961583737,-0.14304580434817282,0.051419413840864306,0.17107357368250253,0.0515867670286229,0.16566903018392087,0.05331537232626213,0.10881753029796148,0.05137127591082065,0.17262489919166024,0.051923902660435506,0.15472816879480278,0.05287682631601011,0.12341809049139407,0.05406659825239757,0.08352666553006838,0.15084346590653858,0.22219501153017124,0.3252146183146891
family_household_share,3,315,10800.0,0.0028084165591427267,0.000690542179860409,0.24588310363445445,0.7541168963655456,0.05328687594670552,-0.01106480764603579,0.05595176125232197,-0.11472052714019698,0.04562335189752329,0.25883849687860405,0.04610625531019707,0.24306571551551637,0.04642788594512012,0.23246835078088723,0.0476685940789776,0.19089821128246032,0.0463717324790727,0.23432385195482563,0.046485866299386634,0.2305501267005493,0.04872789774485768,0.15453852068223883,0.04845134267822668,0.16410811648271384,0.04930159437582584,0.134513290029731,0.046205394150703225,0.23980705722888462,0.04872627117155709,0.1545949640003338,0.055521110754965325,-0.09762696328998022,0.046279900685759226,0.23735344726156515,0.04639791584241134,0.2334589441472954,0.048020285149960124,0.17891532921762332,0.046432721192151485,0.23230847279785471,0.046426515100671625,0.23251367487633812,0.048278774724138114,0.1700518638247991,0.04806022632062272,0.17754887661873697,0.17596418274887315,0.322318352349573,0.35778624265571335
family_household_share,4,314,15913.0,0.0027554140277379177,0.0006386052565491996,0.23176381121695472,0.7682361887830453,0.05253750166846935,-0.001732971444012854,0.05139511330059343,0.04135725354154329,0.04711173222657664,0.19448936129181593,0.04668944174924188,0.20886518363069284,0.046834970835589435,0.2039256274777339,0.04725089158009491,0.1897236739602446,0.04646182670921047,0.21656008156098816,0.04708590065154596,0.19537244934933062,0.048980383258090815,0.1293221563225445,0.04681124084311143,0.20473212112128736,0.049468299764015705,0.11188929979009532,0.04644257596524203,0.21720915964922538,0.04638089749345517,0.21928696354049082,0.05129088941429341,0.04524136466380024,0.046436946467949734,0.217398918797863,0.04673333860315424,0.2073768533471373,0.046679853340775464,0.20919009412709444,0.046371119935108424,0.2196160931206762,0.046868259297122086,0.202793588393822,0.048485473700430645,0.14682834002805156,0.047496665439159855,0.18127250383075422,0.09155873485149445,0.27187626237909196,0.16750793008914955
family_household_share,5,314,21832.5,0.0020902422063864405,0.00040937751149316563,0.1958517105062611,0.8041482894937388,0.04662127017811771,-0.03985214076153154,0.04786874612797616,-0.09624465952487782,0.039794133910005906,0.2423973217988339,0.03981652352623066,0.24154457274326901,0.039655195159442526,0.24767833204744572,0.041493313529131146,0.17631791073475533,0.039865259545193994,0.23968671489362092,0.039750806994803406,0.24404614359510246,0.042702702188828365,0.12760312242463767,0.040804524743648575,0.20343717370751202,0.044367748069687137,0.05824451216191051,0.03981831945149112,0.24147615089929353,0.040829478650483066,0.2024626037227517,0.045743145213315455,-0.0010492217664168635,0.03967339791996143,0.24698750331108488,0.039119312340407185,0.26787403234388096,0.04069071162615409,0.20787456707937002,0.03935391012972883,0.25906661066988,0.039125337560532984,0.26764848851078904,0.04172022125510288,0.16728460641706955,0.03995823382872293,0.23613615406265975,0.16821461293801257,0.30037317233533667,0.33778923226814683
family_household_share,6,314,30910.0,0.002749079386100203,0.00030371743922029745,0.110479690312307,0.889520309687693,0.05258393669360588,-0.00581686079267163,0.0507002877639839,0.06495272841237565,0.040073966534701466,0.41583251398843457,0.03987984633711705,0.4214782767229629,0.040596167252748984,0.4005088379964672,0.042322794281472474,0.3484295415954386,0.03971587501011146,0.42622583553092697,0.04007534402735797,0.4157923532396104,0.041713026434364496,0.3670693603423755,0.03995617153788942,0.41926171647228927,0.04568908704343905,0.2406575505175821,0.03970639989576347,0.4264995763113192,0.03963484000478129,0.4285648678799733,0.04983203001038346,0.09670443585173172,0.03872810397425266,0.45441152226301873,0.03969309599147049,0.4268838225064402,0.04110480952634148,0.3853922972396737,0.03925725150575549,0.43940076682457485,0.03951489932891931,0.4320181232781197,0.040924822491192,0.3907629207058019,0.039876084515752086,0.4215874141913759,0.21341972410960147,0.4738264794324283,0.35652554831058725
family_household_share,7,315,44668.0,0.00287273348504896,0.00021786934103257548,0.07584042939119441,0.9241595706088056,0.0540662041958415,-0.017551558945472667,0.052929407962486706,0.024788675371462454,0.039829007796824065,0.44779079913414377,0.03951340529908886,0.45650746703241285,0.03958105126545007,0.45464498275534027,0.03977489287370842,0.449290332239777,0.0394804905006827,0.45741255209132936,0.041119648269674944,0.41142278508548635,0.04142569590578425,0.40262878884872855,0.040529229528210864,0.4282036761504855,0.04326673894576897,0.3483521152435006,0.039408857965730716,0.4593796834109487,0.04037702207483354,0.43249037193444695,0.05125385432432386,0.0855547175639787,0.03848729610663615,0.48436847020124985,0.03886527546019329,0.47419082053448514,0.038684291416279645,0.479076492766212,0.03893607931767275,0.4722732615043591,0.04043762416254322,0.43078553704287315,0.04095900502489515,0.4160126230433123,0.03986775228125491,0.4467159309307047,0.2534697284524008,0.4939703938051314,0.4317187916609504
family_household_share,8,314,70275.5,0.0028792226669071596,0.0001523776726537988,0.05292319847477507,0.9470768015252249,0.05473205868582365,-0.04041909728582871,0.05299760723379119,0.024477542223460103,0.04125054367623082,0.40900459935164335,0.04065797576988171,0.42586205203781424,0.040833921335562566,0.42088218781980125,0.03887754642630051,0.47504455508029364,0.0407581614242847,0.423029089836762,0.040838766528156885,0.42074474797989436,0.04371628903814189,0.33623962146725184,0.04098447615140503,0.4166038963532337,0.044439878643933894,0.31408472273212606,0.0406962439367184,0.4247807612823671,0.041227843888352995,0.40965485885527275,0.04979919022416133,0.13867052538657587,0.03857256833031838,0.4832483625883265,0.0391302323687107,0.4681984471614097,0.0370160907459396,0.5241107991194427,0.039242636682437576,0.46513878503046246,0.039260263003105714,0.4646581979264709,0.042324037000503044,0.37784453817732044,0.03942167967352298,0.4602470846927499,0.2328337468043604,0.44965946938197876,0.40138450981435414
family_household_share,9,314,144842.0,0.0037907920732041505,8.434338594946625e-05,0.0222495416052127,0.9777504583947872,0.06169521750623596,-0.004090910194529673,0.06004689682449018,0.04884526805414413,0.045070530877164096,0.4641350107518796,0.04448844996621022,0.4778869053814757,0.04364965373702143,0.49738940185357394,0.04469616744027832,0.47300001021664884,0.04456264750805979,0.47614389959165615,0.04568571966691445,0.4494066302824915,0.045558841812195536,0.45246058681497203,0.04462081673920754,0.4747753904658122,0.049745750114329586,0.347197206639286,0.044377640382829604,0.48048457211129925,0.04441999823976597,0.47949235792481026,0.0579219759570209,0.11497248227335621,0.04196635402372251,0.5354071560681024,0.0425900897430591,0.5214942657647209,0.043217840199231264,0.5072845792073328,0.0437026039116863,0.49616925650913124,0.044575638216344415,0.4758384305908574,0.045143723376443415,0.4623931566454209,0.0439821563640922,0.48970293250603236,0.25910492766604437,0.48876162754865093,0.4290416373273316
family_household_share,10,315,468058.0,0.0052058507241706025,2.9865295977191066e-05,0.00573687137023108,0.994263128629769,0.0722952039896041,-0.003985092317676742,0.07025547027027566,0.05186849096907864,0.05568743784034276,0.40430663545080703,0.05432082789816858,0.4331853716353795,0.05412830995926011,0.4371959369786721,0.058574001916626546,0.3409504262964467,0.05438919811709633,0.4317576456647143,0.054330613853950445,0.43298112870546135,0.05635568339337619,0.3899242949882218,0.05502301875272768,0.4184365336089484,0.0614552148658924,0.27451945237736064,0.05430347378854368,0.4335474792214936,0.05503950223844039,0.4180880384083774,0.06981441105197392,0.0637357371958619,0.05294345676269525,0.4615655034115568,0.05351221686148954,0.44993479353226984,0.057974100156468145,0.35438097113557276,0.05404268854548825,0.43897504174210455,0.05363773390558215,0.44735132623603935,0.057181306412650366,0.3719178715831619,0.05517382863859346,0.4152442073479027,0.2268099880451424,0.435684839517652,0.3813168806663009
single_unit_share,1,315,2631.0,0.009383164390865648,0.0012621400900610787,0.1345111347819666,0.8654888652180334,0.12188792571115425,-0.5833322123856821,0.09916668267967359,-0.04805058763164549,0.09158415723393477,0.1060949689408267,0.09192520686272991,0.09942495892090997,0.0934998365246401,0.06830797522370768,0.09480015347301694,0.04221340220189185,0.09300664684837537,0.07811096580602683,0.09308365176449723,0.07658377655101112,0.09450038155586343,0.048261147071313015,0.10537534088573329,-0.18339208440108035,0.09298528413517293,0.07853441488078028,0.09310598559213745,0.07614060758413632,0.10506335813993065,-0.1763951651944773,0.09903364963805468,-0.045240534225379436,0.094568543501464,0.0468876972149872,0.09425509162198388,0.05319549710575011,0.0965177530319201,0.007192428665176442,0.09500045975444886,0.038161650205934095,0.09417627954437552,0.05477819002570705,0.09618404069071478,0.014045870005311989,0.10776155499017041,-0.2375945097161618,0.07302327375752761,0.11487722478770758,0.14747554655255546
single_unit_share,2,314,6761.5,0.011865080005409775,0.0006561585089039193,0.05530165060874009,0.94469834939126,0.11900622684414666,-0.19362718340063756,0.10493148993411096,0.07201488951003798,0.09425820996143129,0.2511967773430598,0.09459205337817686,0.24588316655089915,0.09356923513497797,0.2621034363229796,0.09532190116429141,0.23420113160365208,0.0946367961469118,0.24516959170366504,0.09606218736560966,0.22226029346130827,0.0971210200666408,0.20502073863099224,0.1011506129353082,0.1376841544664169,0.09680691407490505,0.21015462108699112,0.09499080540587679,0.23951181892215812,0.10064233371385181,0.14632861044745227,0.10470215970361282,0.0760667233931357,0.09809655284252573,0.18897018181091452,0.09593523900803602,0.2243145364942577,0.0960059785817339,0.22317018349359008,0.09537414596813318,0.23336145099709138,0.09786060993877614,0.19286688558164933,0.09875685796817214,0.17801506679272516,0.10225100579565906,0.11882025393365092,0.09853511622132195,0.2602769092476346,0.17386827704086116
single_unit_share,3,315,10800.0,0.009987897150154088,0.0005480370161151272,0.054870110081847646,0.9451298899181524,0.10157490280832637,-0.03299630797277242,0.09684715348661292,0.06092633940319847,0.08343979864181514,0.30293635459799995,0.08377299065883978,0.2973582067955326,0.08408259312184146,0.2921550592875227,0.08597131282951469,0.2599977233930316,0.08374002164016936,0.29791114997736534,0.0835943164628368,0.30035225234762264,0.08706996831971071,0.24096341109414932,0.09168423144603897,0.15838157226907779,0.08692022064607184,0.24357203087085677,0.0842790827901788,0.2888429176661843,0.09190331734311663,0.15435455414763688,0.09449387373235772,0.1060087985778857,0.08578113232116732,0.26326807818719933,0.08538791597529966,0.2700068808285284,0.08687165154857901,0.24441714513837354,0.08428418511265605,0.2887568070327118,0.08479271847253023,0.2801482636561943,0.08834480434092518,0.21857380620745126,0.09306683564541027,0.1328068594582812,0.1349979050192773,0.31462152447774516,0.23643186739233413
single_unit_share,4,314,15913.0,0.010447854519249627,0.0004410822093185862,0.042217491496068904,0.9577825085039311,0.10261300548769971,-0.007807763385178079,0.09715524017781836,0.09654746085730348,0.08687329817696089,0.2776536156549406,0.08685961501500235,0.2778811471145676,0.08792468308611422,0.26006340521394933,0.08618218401078605,0.28910104680492577,0.08710540395057037,0.273788567460167,0.08811748469336174,0.2568147752843608,0.09016585356721442,0.22186118360229157,0.09232377963164352,0.18416931727295394,0.08935656744700025,0.2357669097326054,0.08741667330034442,0.26858909101196227,0.09225128360909313,0.18545005466475906,0.09342998740791099,0.16450190506008866,0.0871342294932739,0.27330784177766165,0.08766908269737243,0.26435919960046195,0.08622585228976146,0.2883804431429102,0.08634027096462016,0.286490601825548,0.08717377792012461,0.272648030955451,0.08958399602558405,0.2318717370034512,0.09235106588033659,0.18368700927826398,0.10597086831314963,0.29012969504801417,0.1813336862572641
single_unit_share,5,314,21832.5,0.006910376694572167,0.0003615275295229095,0.052316616807138075,0.9476833831928619,0.08331769760634265,-0.004552869002713011,0.08143755149956514,0.04027304337062232,0.0705491328542409,0.27975270141283104,0.07061086531239967,0.2784916770048046,0.07075096314413341,0.2756257716378461,0.0756984917208823,0.1707743438476539,0.07061980975794845,0.278308875091274,0.07381280200953073,0.2115726853533707,0.07172903902817115,0.2554595404406619,0.07685100603754545,0.14533210126998697,0.07506140339678412,0.18467335010547092,0.07111138726958172,0.268226665070752,0.07671929819178663,0.14825906384186205,0.07884900437938083,0.10031453183978234,0.0743947981294582,0.19909055130525077,0.07406362552229391,0.2062052666658286,0.07640593576492757,0.15520278008872435,0.07043628299113384,0.28205506285873305,0.0750896485078771,0.18405963057479668,0.0722249357493268,0.24512923469256065,0.07736011860159968,0.1339708072999507,0.13294464270850873,0.2938657382242283,0.23821863363418228
single_unit_share,6,314,30910.0,0.007576156882251062,0.00026588530630976867,0.03509501062902589,0.9649049893709741,0.08698726777952528,0.0012370554952711998,0.08148852320312217,0.1235161154882578,0.07474778148643643,0.2625244006980033,0.0745217573178805,0.26697765106271176,0.07457393978550154,0.26595072124757546,0.07630530858648116,0.2314704923655031,0.07386325855837049,0.27987486932297456,0.07422987875131326,0.27270844769023717,0.0757039841493043,0.24353556755080452,0.08005587156455561,0.15406416847371684,0.07768557260113285,0.20341562560505988,0.07465219070801514,0.2644094276133836,0.08005015321396819,0.15418501369842275,0.0809032573257524,0.13606104682825293,0.07620299103998963,0.23353014810915995,0.07561706991939016,0.24527153383141165,0.07739855796853831,0.2092908226803707,0.07488280937422943,0.2598575733147864,0.0751871288167771,0.2538295566510289,0.07669081785490311,0.223685354637694,0.08146826579101578,0.12395183545571542,0.08549382920924925,0.27668802006791954,0.14346153557445396
single_unit_share,7,315,44668.0,0.007972251802381213,0.000185753016663103,0.023299943512524388,0.9767000564874756,0.08931722868757813,-0.0006667549118719585,0.0855652726120362,0.08163765286675284,0.07869756302698287,0.2231421460451014,0.07860074111181654,0.22505251258101344,0.07733816684719232,0.24974872852138863,0.08003074167017568,0.19659843027470325,0.07819515205910146,0.23302951824481022,0.0790501662104625,0.2161651522302308,0.08079340693245268,0.18121319226229327,0.08294840708040206,0.1369517160608258,0.0825171159915203,0.14590324034619306,0.07830016237582323,0.2309681655753706,0.08267543441206726,0.1426227338701923,0.08509658530146558,0.09167083410402532,0.08031478185775258,0.1908855434130029,0.07847127237362657,0.22760334964625084,0.0807282077996139,0.18253415771550485,0.07908060730758228,0.21556134864328802,0.08011066847497839,0.19499291259327733,0.08215513406892007,0.15338022165001752,0.08412278528125076,0.1123407565524066,0.08139437049184338,0.2304213162333316,0.1434148597142606
single_unit_share,8,314,70275.5,0.005836334133103666,0.00013482649142134727,0.023101229015763832,0.9768987709842362,0.07790348226153548,-0.039856939315776385,0.07561653413031288,0.02029936883683714,0.07020417449309022,0.15552708192269027,0.06985205948742966,0.16397688971233138,0.06934959261549477,0.1759611622205829,0.07159128304965891,0.12182687080480381,0.06947251554763756,0.17303733706039115,0.0691246347336683,0.18129856548804468,0.07089707316136844,0.1387753222800021,0.07614791321926136,0.006481713451075288,0.0716307482932107,0.1208584046032426,0.07002698996589855,0.1597843420461763,0.0762829846486042,0.0029539751856726415,0.07670429608031785,-0.00808982196642849,0.07152543721648764,0.12344152128089836,0.0705359850453492,0.14752564317767547,0.07204443330854529,0.11067456859443703,0.07036256046355245,0.15171239307467943,0.07061101335195448,0.14571114455051493,0.07257304863073825,0.09757610386184723,0.076810447250894,-0.010881946154945643,0.07623299201929942,0.1678545357848315,0.14367752087549424
single_unit_share,9,314,144842.0,0.007180312151886874,7.075872956019442e-05,0.009854547833494973,0.9901454521665051,0.09094199744531431,-0.15182275149001856,0.08516152728607984,-0.010051593340810516,0.07495387872244358,0.2175710725803982,0.07491853604389548,0.21830876928024467,0.0766435574391668,0.1818970021537012,0.07535148840229619,0.20924791508551244,0.07461369842412022,0.22465710755171198,0.0738156819268603,0.24115347869722292,0.07405873012191189,0.23614804046800575,0.08064204346913001,0.09430968496709002,0.0754405201290676,0.2073781812050225,0.07502548355525543,0.21607542072934294,0.08088762988595317,0.08878492603589705,0.08644204161297518,-0.040654835076459284,0.07464095691696015,0.22409049472654774,0.07644517265433055,0.18612668940656962,0.07624203422480332,0.1904463678214109,0.07635429581641276,0.18806057922032815,0.07463478088103363,0.2242188919744803,0.07531395232778823,0.21003553950759735,0.08116553928013995,0.08251276166249155,0.12027721400269721,0.2204815149153797,0.2283603626210552
single_unit_share,10,315,468058.0,0.01807572156214976,2.434865527800932e-05,0.0013470364208859563,0.998652963579114,0.17541694986370912,-0.702344561664481,0.13308249156044474,0.020180218032221697,0.10387649749333612,0.40304863103900557,0.10329624135541442,0.40969916794364347,0.11480585783561448,0.2708238535289892,0.10290063596448265,0.41421199449834434,0.10298768571219845,0.41322046968435777,0.10176076579190614,0.4271181142644457,0.10225947411885025,0.421489205224284,0.10215763722786336,0.42264087172968423,0.10416522983836483,0.3997254787327602,0.10275953095964596,0.41581744514377295,0.10142950960830073,0.43084178498726466,0.133756040412181,0.010237113620528482,0.10181866162515307,0.4264660572750901,0.11391657084895908,0.28207650967807063,0.10118022122641787,0.4336360442249855,0.10058141461474598,0.4403199379278191,0.1003870835075738,0.4424805394071326,0.10174108507506115,0.42733968562969227,0.10127452940592692,0.43257975781896596,0.2238179482197454,0.4102517920492676,0.3895189499114218
bachelors_share,1,315,2631.0,0.0027566996483261393,0.000996798479183254,0.36159125270992337,0.6384087472900766,0.052641299403045634,-0.005226087841561311,0.07573319157072524,-1.0805735252916504,0.04527513332076528,0.2564160196205175,0.04498295312276739,0.26598239569779325,0.04516276466055142,0.2601024514865674,0.04596577738261559,0.23355716620376343,0.0456313151801,0.2446703701181442,0.04455550933075016,0.2798659030816184,0.060372014976720866,-0.322153537677748,0.047489406373387846,0.18190444901527514,0.06436861259485752,-0.5029995342084737,0.04497637407419884,0.26619708966461064,0.04753510245023141,0.18032928747750565,0.07307175540408337,-0.9369108423096817,0.04572815505269292,0.2414610108893026,0.04585840271498714,0.23713375853373386,0.046206327012857366,0.22551422774131613,0.04613827871910325,0.22779372629360572,0.04533314685734303,0.2545092080534499,0.060119676719903155,-0.3111241665737159,0.04612474875808914,0.22824655588117715,0.40603383813873745,0.4166333823382556,1.3465559209894438
bachelors_share,2,314,6761.5,0.0026667157914638533,0.0003556283484685951,0.13335817397825447,0.8666418260217456,0.055028786332123644,-0.13554182822169136,0.04118190548922477,0.3640307133020442,0.03358531885960232,0.5770176760073951,0.03344175408602541,0.5806261319897552,0.033484427135173134,0.5795551726360576,0.034415014534564,0.555860722314133,0.03342924425690022,0.5809398304968773,0.03332773507212677,0.5834809511409741,0.035636115376866936,0.5237840030728353,0.03346756272734468,0.5799785794593804,0.03900759007991959,0.4294134797890157,0.03342960357433808,0.5809308218316203,0.03344084636783377,0.5806488980277902,0.04162992768196926,0.3501178924452768,0.03377127799846089,0.572320672004095,0.03382131394391809,0.571052423151118,0.034608118270813296,0.550862580076773,0.03376610712952607,0.5724516297041302,0.03376239700678464,0.5725455801129786,0.03585291084817724,0.5179721737119474,0.03346404808299615,0.5800667931372028,0.18795029786138875,0.669972432158134,0.21659541868771104
bachelors_share,3,315,10800.0,0.0024425798052437513,23799.185481978424,9743462.805549333,-9743461.805549333,0.05679880425263611,-0.3207773836512713,0.03498121592341205,0.4990192480698651,0.028839600220360886,0.6594901263472782,0.028804746739583643,0.6603126608390364,0.028875954140523904,0.6586311220065006,0.028986820541000203,0.6560047850750563,0.028945226351197152,0.6569912980024704,0.028630606966525897,0.6644074214026018,0.03030248498091391,0.6240693573052449,0.029046471194999895,0.6545875442551758,0.031715407565785655,0.5881947951487645,0.02878725175093211,0.6607251637827878,0.029001568655942847,0.6556546555000147,0.03447675759662522,0.5133641849389496,0.029292433652219053,0.648712943819648,0.029340684280368654,0.647554707448192,0.029124295808387983,0.6527341278620621,0.02930851501797254,0.6483271290810491,0.029177265183903695,0.651469809999971,0.03089353047065198,0.6092613953115611,0.029648286619649453,0.6401260267550746,0.17656530857449845,,0.1612934127691713
bachelors_share,4,314,15913.0,0.0026570272218888057,0.00018050895524235905,0.06793643428088039,0.9320635657191196,0.05776635866515614,-0.25589687826356355,0.035467210687241846,0.5265675023686884,0.026106122261445184,0.7434991956743885,0.026043086860113595,0.7447363852293248,0.025727232071891648,0.7508905950875238,0.026549664216921978,0.7347092780140112,0.02632852275345369,0.7391102715589197,0.02609594075398013,0.7436992296408846,0.028604973171286605,0.6920451234412421,0.028717715771474202,0.6896128152782277,0.03151203492506732,0.6262709177617077,0.026020457412964597,0.7451798015458049,0.02878407014519258,0.6881768138098362,0.034961494893763774,0.5399722986888453,0.026320154221961097,0.7392760930106844,0.02599515978522033,0.7456750436381432,0.02678776011536546,0.7299297176608321,0.02659669508111224,0.7337685578039352,0.02643571431860944,0.7369816214986531,0.02875939901247136,0.6887111186724786,0.028770525190483814,0.6884702147884489,0.26571370131788424,0.7990188787765078,0.2181688828606364
bachelors_share,5,314,21832.5,0.0023398661708658296,0.00014498138894012498,0.0619614022140749,0.9380385977859251,0.055914732916467084,-0.3361693057697197,0.03100793826530169,0.5890823811051655,0.022139671116646838,0.7905157810919123,0.021862536495078768,0.795727418965254,0.02150570281929133,0.8023411511691131,0.02344698647850377,0.7650458894750769,0.021862858915084504,0.795721393859026,0.02178846589805511,0.7971092312450324,0.024728932588443973,0.7386516739384615,0.022890343070134638,0.776069327215165,0.028063789143797875,0.6634096979930619,0.021846146743338766,0.7960335794098469,0.022992722014972756,0.7740617509495473,0.0298732722597034,0.6186053687112618,0.02198303224630534,0.7934695100261737,0.021623663772933427,0.8001668468107934,0.02336221278121192,0.7667417936844398,0.02186641791149689,0.7956548805082712,0.0219215526108888,0.7946230964593398,0.02472884529433851,0.7386535190749621,0.023101624255671683,0.7719164241548239,0.2949374347941331,0.8482885681286766,0.20664503786008848
bachelors_share,6,314,30910.0,0.002310802763679792,0.0001197355798883102,0.05181557758639671,0.9481844224136033,0.05064694058878919,-0.11005258922210182,0.034266168537530034,0.4918777471199536,0.02503914145661244,0.7286836355146729,0.024985845567121457,0.7298374017391684,0.024799160165181695,0.7338594385619512,0.026179134316211588,0.703416023072917,0.025108014487305968,0.7271890092035035,0.024934699601971286,0.7309423140681766,0.02768154893710039,0.6683974229211778,0.02554667536045365,0.7175732034640907,0.030354903446448384,0.6012553828800573,0.02497726782168851,0.7300228658014514,0.02553648917030435,0.7177983818460438,0.03358879680514266,0.5117682527691934,0.02513612922912146,0.7265777060016334,0.02503353766614672,0.728805063793309,0.026525970487455856,0.6955053363442831,0.025299593151946846,0.7230099324293824,0.025125098550194756,0.7268176293195425,0.027310522798260024,0.6772270367521358,0.02571913957779559,0.7137470358704348,0.2708304828491198,0.7697209366521414,0.23795965461921487
bachelors_share,7,315,44668.0,0.00225341455487565,8.954887555343018e-05,0.039739192843889194,0.9602608071561108,0.04803634327940058,-0.023997235956323193,0.034895722505768854,0.45961498892208064,0.024575454922090935,0.7319831882149836,0.024494647388961652,0.733742843982529,0.024384555142379003,0.7361308738309208,0.025575052353162698,0.7097368074366116,0.02496266729574457,0.7234708734929504,0.024484133632537375,0.7339713642840882,0.026949696115440014,0.6776952917326652,0.026421674353282562,0.6902013106641033,0.02953733210922108,0.6128302330156169,0.024470124653691413,0.7342757020577426,0.026469331772712656,0.6890827198315499,0.034880937062636286,0.4600728180551166,0.025000243957608744,0.7226377203486012,0.02489980652310575,0.7248618264461715,0.026111642150808353,0.6974290175162661,0.02551740507619394,0.7110438643374699,0.024893413589682046,0.7250030897305699,0.02679175141402781,0.6814620983618029,0.026953273222054666,0.6776097252896202,0.2980616066937066,0.7641078741467822,0.27412785506044834
bachelors_share,8,314,70275.5,0.0023022064756504485,6.815153898334864e-05,0.029602704928581008,0.970397295071419,0.04845865094030119,-0.01999576310395823,0.03400583352436891,0.49770069456503774,0.024115262869179425,0.7473962872572851,0.02410506512925753,0.7476098816368846,0.023889247424872986,0.7521090533960207,0.024488418739047023,0.7395183018197882,0.02458333883417576,0.7374950706516678,0.024119626136003637,0.7473048698743563,0.02992045654785328,0.6111409947367803,0.026059991871694544,0.7050120466884227,0.03252191158679202,0.5405821569673549,0.02409026307617536,0.7479197538459826,0.026036007556829752,0.7055547811767081,0.034300549742240255,0.48895647498885153,0.024355420880973554,0.7423399974922892,0.02401205107797168,0.7495539157458853,0.024821074805314706,0.7323933535036365,0.02483187333746311,0.7321604556456669,0.0243865673688806,0.7416805684777128,0.029799496714762588,0.6142787304938605,0.026337788874302277,0.6986894398377828,0.2911491167542296,0.7704162876730424,0.24990918707184684
bachelors_share,9,314,144842.0,0.002567885184192233,7107.69898715064,2767919.3099852223,-2767918.3099852223,0.06147525938317786,-0.47171981811866104,0.03586401866758538,0.49911006811875236,0.025358313822786294,0.7495822305866866,0.02535688950629275,0.7496103605439837,0.025295307694187426,0.7508250776621491,0.026138052030184857,0.733945361678014,0.025938666937751466,0.7379888919296658,0.02541358403516693,0.7484894350073312,0.03088176739176489,0.6286112934059905,0.026293133582336703,0.7307789001492798,0.0330866457977284,0.573685717381986,0.025382112202605205,0.7491119837321313,0.026231905996576908,0.7320312853357952,0.036423579070870106,0.48335808762055166,0.02530312985275401,0.7506709473279153,0.025184938254507416,0.7529947527296188,0.026392086686159742,0.7287486824030731,0.02600156268893254,0.7367167089757714,0.025315185187192016,0.7504333118135819,0.03021756238431269,0.6444151467243038,0.027200783351604477,0.7118708346091165,0.29297132757710675,,0.2505002924252313
bachelors_share,10,315,468058.0,0.002923749888670938,3100.3117059439055,1060388.8239404869,-1060387.8239404869,0.09499114602420126,-2.0862139945537197,0.040596374366358434,0.43631785397255973,0.03208533809089291,0.6478943276249687,0.03180505444988833,0.6540191442229721,0.03169547360008444,0.6563991158661261,0.03477839984040227,0.5863062363351753,0.03245131633243042,0.6398159993821592,0.03163508675825665,0.6577071390134012,0.03435184232856017,0.5963919225995495,0.03158454841496062,0.6587999190893625,0.04193571999201533,0.39851058462181577,0.03182140200173443,0.6536633898543589,0.0315842940096209,0.6588054156234124,0.041963998076144315,0.3976991187385256,0.031981824994485195,0.6501625758272936,0.032006975609039784,0.6496121328273552,0.0355552196872293,0.5676190867400771,0.032924013755583625,0.6292464393147479,0.03163655198968009,0.657675430557878,0.03298167999513425,0.627946556059239,0.03237842566449792,0.6414322399553896,0.21655431189824018,,0.2177012902504124
masters_share,1,315,2631.0,0.0006278763161934051,0.0003919665257733525,0.6242734686183239,0.3757265313816761,0.02972896464206732,-0.40762012500730793,0.032277966987078195,-0.6593509357629328,0.026617393214451907,-0.12838405154067822,0.026142108716511507,-0.08844661045535585,0.026185718959375586,-0.09208113084518388,0.027248649552965496,-0.18254006929545885,0.026018702471543417,-0.07819463936297155,0.026568954069737118,-0.12428085301812675,0.028477731620909278,-0.2916257188823941,0.026351740875121085,-0.10597299060349741,0.03260945975442382,-0.6936088176127897,0.026121420192873987,-0.08672452725945279,0.026346506927248176,-0.10553370045211308,0.032902874067858405,-0.7242235357574398,0.02580632725485804,-0.06066514886618335,0.0258503259797978,-0.06428501287181976,0.026826709997971522,-0.14620085318456932,0.025737430448682472,-0.05500925742311891,0.0261858662851383,-0.09209341938600257,0.028674073426700735,-0.30949753267419267,0.02647845570372332,-0.11663491418917471,0.19009432263881582,-0.23540155689859626,0.570904325307577
masters_share,2,314,6761.5,0.0005146476061083604,0.00013024024056086146,0.25306683450003076,0.7469331654999692,0.02727170826259568,-0.44515599165836184,0.022868350368023146,-0.01615443722583554,0.01877737463154462,0.3148908226357573,0.018599724875128697,0.32779291825241563,0.01857045878873771,0.32990664771188294,0.019745656910106595,0.24241177422372429,0.01863615396733185,0.32515719383143815,0.019002755271703812,0.29834569590859916,0.01998727750709706,0.2237576597964508,0.01901081925529447,0.2977500634067286,0.022311239917198054,0.0327528570336717,0.018586706826453615,0.32873355175036256,0.01900289071644245,0.2983356935988116,0.02356002910521261,-0.07855348951451813,0.018903194174252135,0.30567878729383824,0.018865676059343722,0.30843216027481846,0.020041123665604045,0.21956959866735148,0.01894136330074499,0.30287202459993934,0.01962965080182342,0.25128731577079155,0.020233182311889433,0.20453984122883662,0.019271528746228925,0.2783570431326744,0.18666084016550996,0.4388517385394224,0.34394735547825117
masters_share,3,315,10800.0,0.00047022105998292764,5669.338201365104,12056750.928108029,-12056749.928108029,0.027157441045578795,-0.5684678269639076,0.020522652934264186,0.10429515114539067,0.017865775880775106,0.3212002290291416,0.017821403955562136,0.3245678129370536,0.01770880175423913,0.33307610768788454,0.019308896159350275,0.20711022405906643,0.017714892605359387,0.3326172587191002,0.018900602079311428,0.24028762349895272,0.01785590719129589,0.32194993215372314,0.018648375374244436,0.260428905265637,0.019186315679547657,0.2171454222645378,0.0177646969543866,0.3288593711803327,0.01860446179837341,0.26390791850177364,0.021155844872644016,0.04817157212901513,0.017649655682034374,0.33752361983600165,0.017527356332941786,0.3466727754961285,0.01875520410878767,0.25193124872999695,0.017542862070839303,0.34551632024378964,0.018545587512021865,0.26855931085147755,0.018225979395529654,0.29355285588796864,0.018659977343000258,0.25950838005017285,0.13162279688470988,,0.22027266179166294
masters_share,4,314,15913.0,0.0008313532678979912,7.793991838140375e-05,0.09375066098972398,0.906249339010276,0.031008593741000297,-0.15658760592300314,0.02347376612971225,0.33720390886821283,0.01830770422078837,0.5968356091468463,0.018484065849527925,0.5890306762207773,0.01836561552886394,0.5942809792437896,0.0187447150193303,0.5773585613678973,0.018334339615725077,0.5956616493555517,0.01943575452042418,0.5456220978919164,0.020926261710617556,0.4732583053549858,0.019329036025191773,0.5505982257003598,0.022359332649042652,0.3986434217374263,0.018451155706041562,0.5904928024768846,0.01929614990745439,0.5521261350275475,0.023940811809266178,0.3105668886875331,0.018389863228946368,0.5932089490254461,0.018273195106723223,0.5983540664335911,0.018632664446271242,0.582396319623369,0.018248716164644303,0.599429442913296,0.019226683574787733,0.555345031337062,0.02082798977155142,0.4781939583629814,0.0194336636176586,0.5457198567833763,0.2125649651876076,0.6499653581696,0.2518267673525645
masters_share,5,314,21832.5,0.0005600621376269961,5.947221542130889e-05,0.10618860198851302,0.893811398011487,0.026897562362908335,-0.2917832012925381,0.020133782014643824,0.2762067796070644,0.01757889099606769,0.44824442166194656,0.017237968287150924,0.46943824496359265,0.017141114689381325,0.47538354576254493,0.01725160570762437,0.46859842953791586,0.0171145413072897,0.4770088808359989,0.017903671647860466,0.42766804441994843,0.018808809134672314,0.3683356233230214,0.01749859213724435,0.45327365266466035,0.01913084141939381,0.34652055758544387,0.017234821786594443,0.46963191749716215,0.017504092467400655,0.4529298938051556,0.020188465249601377,0.2722698040948297,0.01740307343723078,0.45922613811227087,0.017264546916407934,0.4678008738606019,0.017492119460829403,0.45367804271084833,0.017265977836903337,0.4677126507291546,0.018051661247022118,0.41816728558382577,0.01881037527924631,0.3682304259215372,0.01770316900833555,0.44041531844021997,0.14382860236525355,0.5252095084130484,0.19323146535652824
masters_share,6,314,30910.0,0.0006285884221400161,5.476520247428852e-05,0.08712410306228921,0.9128758969377108,0.025507112004052607,-0.03503777650292572,0.02079430703106521,0.31210440779341686,0.017852775040320214,0.4929566542838961,0.017700312580380607,0.5015799616917012,0.017703823947387176,0.50138219012525,0.01882769358477254,0.43606653696347386,0.017585130685820023,0.508045629945619,0.01811382042164919,0.47802015005190523,0.01822090827712654,0.4718300771223779,0.017940771925789904,0.4879458705309795,0.019946551655466084,0.36705018907339393,0.017670578558526433,0.5032531055376304,0.0179165720974242,0.4893263311638012,0.021000538158865562,0.2983920997772813,0.01762325108413574,0.5059104370437942,0.01763925888179476,0.5050124327144079,0.018641104396659728,0.44718871540118166,0.017529464781915367,0.5111552731208833,0.017953030135899307,0.48724589937051865,0.018359257255640547,0.463778976661281,0.01799644644627429,0.4847628857193983,0.14879045721804512,0.5494503287624057,0.1894755538982843
masters_share,7,315,44668.0,0.00067363203204413,4.084347421281086e-05,0.06063172810959082,0.9393682718904092,0.026021956238423946,-0.00521081876060614,0.022156244166511317,0.2712651236663465,0.015395348097310997,0.6481510204938559,0.015356824400941074,0.6499096770002029,0.0152916862419616,0.6528732943220862,0.01697422017441886,0.5722825863025868,0.015272659360313526,0.6537365908382282,0.015243160447792302,0.6550729042203296,0.01700293594838061,0.5708341986240426,0.017038577080482866,0.5690330995000288,0.01928516601081285,0.4478920087335654,0.015316450976588182,0.6517480473629544,0.017018596183301374,0.5700432843560116,0.022251651177165235,0.26497560009467847,0.015238263478645717,0.6552944889808685,0.015190104614899605,0.6574698541109779,0.016695639833956385,0.5862067475928305,0.015126879917580122,0.6603152980321778,0.015043543759464864,0.6640477321777527,0.01681319598251915,0.580359089681651,0.017035256096645513,0.5692010823807039,0.30688503495765856,0.6918582375496968,0.3786445533338564
masters_share,8,314,70275.5,0.0007585937023489252,3.145588883732743e-05,0.041466055860899936,0.9585339441391001,0.028557470453727973,-0.07505390064579354,0.02212909682287983,0.3544674511796203,0.016901069709696757,0.6234530336232049,0.016862017523806255,0.6251911476555219,0.016874507698050416,0.6246356789281798,0.01781466907185964,0.5816437268630297,0.01674842758184079,0.6302238924531156,0.017249618346809294,0.6077619255350499,0.01989122013482856,0.4784287857556986,0.017819562324708667,0.5814138708758733,0.021303163556049953,0.40175514759668784,0.016888250934324382,0.6240240081909869,0.017831519358623007,0.5808519347677161,0.02197549050864911,0.3633981120586727,0.016822622357291164,0.6269404529727263,0.016853236571286095,0.6255814119623537,0.01767872701560096,0.5880042400505145,0.016640071631045732,0.6349930364186271,0.01721133863039949,0.6095008744034804,0.019323232967544006,0.5077900974371191,0.017899650308541102,0.5776428407249228,0.23801600857147545,0.6522368367632849,0.27072369647590155
masters_share,9,314,144842.0,0.0010296598071570704,1970.0523476156757,1913304.116487818,-1913303.116487818,0.03862661251742135,-0.4490370355336313,0.026908384964366063,0.29679572189024084,0.01768265647687274,0.6963304404952926,0.017916999187394547,0.6882282306741272,0.0180385128868423,0.6839849968824323,0.018762410412763667,0.6581122793663811,0.017887110785667532,0.6892675327959685,0.018112181521386307,0.6813985384460046,0.021726399523136115,0.5415607825440525,0.01970838894603542,0.6227680325595548,0.023360080962785766,0.4700255571841869,0.017942046162441914,0.6873559419746395,0.019708711924509358,0.6227556684029685,0.02665440157495084,0.31000790903906317,0.017798282832727684,0.6923460840251623,0.017952076211296446,0.6870062927035923,0.018555524517375875,0.6656104397572018,0.017691404647655416,0.6960298962516083,0.017834174654654058,0.691104009885678,0.02134805966695188,0.5573881311323086,0.019787892622615228,0.6197183849243721,0.33414810249216104,,0.39143250878388636
masters_share,10,315,468058.0,0.0014298291463304168,582.8779207775721,407655.64352461154,-407654.64352461154,0.05973229711466665,-1.4953661965499636,0.02943248729447551,0.3941434817140892,0.01729530095794781,0.7907949799500971,0.017336158322465826,0.7898053860820171,0.017680156806196293,0.781380911492866,0.020127843417233636,0.7166583981950423,0.01730508891041816,0.7905581216007227,0.017691695216519056,0.7810954683379537,0.02066049887517608,0.7014634826359103,0.01761419957933342,0.7830090206114094,0.026334874527710786,0.5149590997146979,0.017359863010254,0.7892301716549684,0.017622011313707567,0.7828165109534868,0.029156486848342288,0.4054529329470611,0.017327082503939068,0.7900254104703135,0.017597951318527177,0.7834091636724216,0.020006996321632334,0.7200505369182691,0.017238602086851088,0.7921643976334818,0.01767507455641759,0.7815065797359774,0.020308147994268673,0.7115593313959394,0.01771288656649782,0.7805707406910589,0.41098561772861686,,0.3956619043679279
labor_force_participation,1,315,2631.0,0.006464888053445203,0.0015850522570346743,0.2451786084973249,0.7548213915026751,0.08018351143707564,0.005490048206890252,0.09428370850475516,-0.37503041288895655,0.06938307068975887,0.25536057878455576,0.07054066187960138,0.2303060877039479,0.06998963329279799,0.2422840538051002,0.06997329253092571,0.2426378264958141,0.07213867782793176,0.19503805854938572,0.07870341860822379,0.04186614688241341,0.07164462101790153,0.2060262020989927,0.08841024375867848,-0.2090497371108424,0.07001365151709976,0.24176391636888317,0.07051009661053403,0.23097295994516287,0.08847091935829529,-0.21070983865387216,0.08365682065027233,-0.08253438937465907,0.06743289652740901,0.29663197622532633,0.06674880842094469,0.31083053739164934,0.06620057890407215,0.32210478959511224,0.07311480980679529,0.17310626744185753,0.07215878887002779,0.1945891764646348,0.06785789228653942,0.287738084943683,0.08194608481213388,-0.03871262124312591,0.25182554867319745,0.3051133556846629,0.6053365005929044
labor_force_participation,2,314,6761.5,0.00848254113480059,0.00047435975612484567,0.055921892813314014,0.9440781071866859,0.09585980804863924,-0.0832959903280186,0.08074009028488825,0.23148475490827614,0.057352024603248085,0.6122323872268616,0.05714245176076474,0.6150611306987683,0.0573775661917891,0.6118869275403127,0.05879407785052759,0.5924872587870851,0.056212004457961186,0.6274949457989125,0.0602397150019561,0.5722009235382031,0.058223724795503515,0.6003553563501554,0.07186450114428719,0.39116045031255076,0.05928338001475829,0.5856761446690159,0.05715205629796461,0.6149317183166831,0.07205070584429536,0.38800129228218394,0.07711667135016215,0.2989151593110757,0.054049260620900035,0.6556076148359697,0.054499144598749334,0.6498505913740893,0.05638408345501948,0.6252107927871147,0.05389963728230342,0.6575117228438683,0.0551796155084716,0.6410521423620144,0.05583204861637564,0.6325137004154813,0.06795761243845784,0.4555597179023634,0.292266684875632,0.651493902905582,0.3835763757904922
labor_force_participation,3,315,10800.0,0.006857644825307443,0.0003518041722324386,0.05130101969325401,0.948698980306746,0.08839623468706252,-0.1394428416610105,0.0668023330487167,0.349258846961121,0.04383614717175454,0.7197860420282741,0.0436160357247686,0.7225930154148799,0.04386669667829974,0.7193953424994297,0.044586218865161835,0.7101146292447437,0.046389944726410136,0.6861857056554532,0.05082742057777501,0.623277852907145,0.0441848082934093,0.7153108197262452,0.05663043753748571,0.5323457925595769,0.044162900175583254,0.715593064149237,0.04355392141641106,0.7233825724326768,0.056586359349083244,0.5330735046867892,0.06251109698018852,0.4301779480841885,0.04102610246638506,0.7545598924326229,0.04134341849126071,0.7507485009670375,0.04226635260853712,0.7394959044486381,0.04514401265340753,0.7028160643534564,0.04480865767440899,0.7072149617354444,0.04250709793104543,0.7365198372695714,0.05312658098663256,0.588425227723471,0.34708813698226854,0.7616673259006154,0.3733341684537589
labor_force_participation,4,314,15913.0,0.005942131929464389,0.00025656178409775763,0.04317672295789696,0.956823277042103,0.0834122571168666,-0.1708936657617104,0.0644312683924857,0.3013638209411612,0.04449429700990825,0.6668296009064915,0.04416830690903627,0.6716937021311364,0.04423703768147145,0.6706711452957732,0.04286308757775227,0.6908105881008828,0.04583713888882373,0.6464159115863487,0.04621904939672193,0.6404993102653689,0.04514041778202506,0.6570831240834745,0.05351792002405471,0.5179898733821471,0.043910234666665535,0.6755190340152155,0.04412198443543201,0.6723819777767909,0.05352505123801495,0.5178614100056905,0.06184184749573671,0.35639024055955604,0.04292733352199245,0.6898830276435013,0.042941167580818534,0.6896831145635385,0.04123085053733103,0.7139102503594255,0.045268772105368144,0.6551302205583185,0.04402606805810619,0.6738048411470204,0.04403474031801356,0.6736763205710796,0.051439085655064026,0.5547087199614706,0.3144895636698749,0.7020039313922125,0.37032988118997523
labor_force_participation,5,314,21832.5,0.0050769328520038,0.00020610419083483164,0.04059620184920999,0.95940379815079,0.07575216125055059,-0.1302867501713263,0.057255843126656616,0.3542889638868405,0.03867085388684515,0.7054452000980281,0.03829884606063057,0.711085087722413,0.038289577792942515,0.7112249048196198,0.03743911182939033,0.7239106493164733,0.039362018538987666,0.6948219429665901,0.03939212241171632,0.6943549671949685,0.0379630564630717,0.7161290688629949,0.04545023294820939,0.5931158171156066,0.037016206672438386,0.7301127282241143,0.03838549709631106,0.7097762703815642,0.045832487081381296,0.5862429279055963,0.054860230099304054,0.4071923079776959,0.0362608474850227,0.7410150776736937,0.03634945271534224,0.739747845555332,0.03498601164261975,0.7589054166484752,0.03729822957671814,0.7259845717659039,0.036594020657565215,0.736233984785169,0.03656325022054474,0.7366773787125195,0.043031180268417346,0.635275366196306,0.3310927938671859,0.7411739343673636,0.35679612383557247
labor_force_participation,6,314,30910.0,0.004042436955826441,0.00015703479763108926,0.038846566896918955,0.9611534331030811,0.06411817348211496,-0.016995494452207938,0.05374821520140185,0.28536408386717804,0.04116020590373186,0.5809056347568329,0.04103177026529192,0.5835170246311249,0.04058696451259048,0.5924978654343658,0.041022436430723605,0.5837064847016972,0.04371144732876547,0.5273418859825326,0.042631056776057524,0.5504179726973908,0.04274283419119565,0.5480572994310211,0.04403976214616272,0.5202149913321104,0.04189618402589454,0.5657841408258235,0.040981643796473136,0.5845339960490128,0.043883270578376064,0.5236186840516193,0.052368051932836335,0.32159415392055746,0.03962818197941788,0.6115232410166787,0.03920947547651193,0.6196890677720204,0.03985111654019342,0.6071400724725956,0.042964965710262364,0.5433476641303304,0.04055936212257078,0.5930519452087508,0.041519899644298947,0.5735488060022896,0.04234550173583866,0.5564206599003538,0.23659287826506764,0.6071008067330539,0.2981529407639468
labor_force_participation,7,315,44668.0,0.0032464951468427743,0.00010487173247799397,0.03230306152774694,0.967696938472253,0.05760163584324784,-0.0220093675620765,0.049350353828921216,0.24981947827391393,0.038920831605463925,0.5333949184140759,0.038630023902908026,0.5403416055648533,0.03847677148588417,0.5439814701658486,0.04070110156783499,0.4897328984316369,0.04137706371636761,0.47264316613769486,0.040364009968038767,0.49815008893994916,0.0402089345185263,0.5019988196540389,0.039324308693973686,0.5236705479868609,0.04288320617516609,0.4335524038438172,0.038680162126396044,0.5391476424724374,0.03942214152172695,0.5212975310711802,0.04857226776247858,0.2732885499969687,0.03687748382673975,0.5811024653112431,0.03679240779721531,0.5830330216778397,0.03940294827875434,0.5217635441198519,0.03984802805958057,0.5108985942020201,0.038240163592684964,0.5495726790112687,0.03821294767826901,0.5502135982916216,0.03731353368381863,0.5711375705189385,0.21722903878615482,0.5583789553141659,0.2905221272909394
labor_force_participation,8,314,70275.5,0.002919691998664933,7.535773658042788e-05,0.02581016648841254,0.9741898335115875,0.05535101400337151,-0.049334913614984544,0.046912317618654,0.2462336625370749,0.035660327566201994,0.5644544141264529,0.035191866492416485,0.5758225635490417,0.035788177598006225,0.5613257643710041,0.034725698462133,0.5869858415769925,0.037432077657692464,0.5200999151923498,0.037459396706227,0.5193991687355638,0.037626031837831635,0.515113829640635,0.0384572482074179,0.49345343948497955,0.037304148665114695,0.523374551745422,0.0351671800668532,0.5764174596430075,0.038232582953877325,0.4993545894589204,0.048593684698391565,0.19123448855343284,0.03610099069485268,0.5536236254557734,0.03643523540538802,0.5453197187740798,0.03606438830857134,0.5545283185123118,0.03794402767197131,0.5068831792429925,0.03796877524032385,0.506239735592168,0.03886948169677123,0.4825356208577881,0.04002645446488441,0.4512718951992012,0.24983739284662942,0.5910783953404833,0.3295889010119668
labor_force_participation,9,314,144842.0,0.003420624243213008,3.923775644826359e-05,0.01147093444306744,0.9885290655569325,0.06938216383634732,-0.40731174088038324,0.056010265203556744,0.0828721352842835,0.03934708662075545,0.5473945351895747,0.03899732803893284,0.5554052459303009,0.03883619174288211,0.5590717711591733,0.040467325969549085,0.5212556671856092,0.04332524442197156,0.45124729559291477,0.04083850559687283,0.5124329885999822,0.04382119121858679,0.4386121762347668,0.04008045767452749,0.5303655200985624,0.04568566661153971,0.3898247847941766,0.038995026888895994,0.555457713578793,0.039885148156525704,0.5349313662193611,0.05386258014632976,0.15185728284065847,0.037506032497103325,0.588758550003011,0.03699963211453774,0.5997886118806053,0.0393852788991498,0.5465154651109048,0.039412387084136136,0.545890999646683,0.03907398426484235,0.5536556669857899,0.04319531448506076,0.45453371642168083,0.039021956282049124,0.55484351281804,0.3037467703963586,0.5618501926570953,0.47253311064601744
labor_force_participation,10,315,468058.0,0.0019896332483080406,1.331387315156881e-05,0.006691621766418893,0.9933083782335811,0.08179055769024797,-2.3622756017826987,0.047102670966427077,-0.11511084470377386,0.04088409026378701,0.15989098085342401,0.03997892872371961,0.19667871289573613,0.03966814909233212,0.20911954313709458,0.04319892075279779,0.0620649530291818,0.04343000589147172,0.05200347182716236,0.040943277742934915,0.15745678568617694,0.03841752832562843,0.2582017394886442,0.04254630036269379,0.09019027698098692,0.04068875206973523,0.16789963858903978,0.040038778608034224,0.19427171123801923,0.04244073141778556,0.0946996463753601,0.04554236346154156,-0.04245688064719966,0.036231084595049645,0.3402344416741424,0.03600242316232663,0.3485359803564382,0.04035896639474995,0.18133345940127088,0.04149597862221552,0.13455595734557435,0.037705973551416014,0.28542587299990374,0.0357195839561994,0.3587317265184541,0.03941103476222097,0.21933870860379068,0.15123860487200375,0.1980036786214303,0.31178955759951
housing_vacancy_rate,1,315,2631.0,0.01560942799261442,0.0011304878758269918,0.07242340182881017,0.9275765981711899,0.16846707621393472,-0.8182060086699012,0.12330822514926087,0.025914441153449097,0.10169051868427607,0.3375182232705827,0.10169241847405866,0.3374934699723743,0.1014660485737137,0.3404396997741067,0.0990094469828745,0.3719904024354478,0.10251182499541685,0.3267739042799559,0.10268214199175259,0.3245349996807607,0.1028943595732584,0.3217400895791739,0.11467556152442883,0.15752938434610186,0.10034912136064814,0.3548805143520526,0.10158649557610407,0.3388728857766845,0.11474290967931709,0.15653953957151,0.12616417966848423,-0.01972988625546468,0.10310268211670467,0.3189908647076689,0.10312644635833115,0.3186768955576259,0.10170452490988308,0.33733571838512033,0.10430453570160862,0.3030214705448696,0.10425173799785861,0.30372689628879823,0.10446188837176118,0.30091697611485657,0.11701233309124617,0.12284510989543995,0.17529898471117344,0.36384431284464963,0.3115790288189252
housing_vacancy_rate,2,314,6761.5,0.010342064391576658,0.000606163026557509,0.058611414859417524,0.9413885851405824,0.11408339159480627,-0.2584547673455124,0.10176284563571483,-0.001316213067939831,0.07783390018067259,0.41422565283299906,0.07835265137153281,0.40639143748233364,0.07720187842370446,0.4237001621259664,0.0795142522127091,0.388660129587296,0.0797303092143657,0.38533333706605843,0.08071554253664973,0.3700485163975572,0.07929781313221035,0.3919837539715493,0.08866270744540686,0.23989298520008762,0.08011140022190312,0.37944338745936457,0.0783499801208512,0.40643191218789876,0.08938829930157419,0.2274010536488562,0.10367723222626639,-0.03934457136564773,0.07937552379279132,0.39079147655360247,0.07827848624439791,0.4075146724376324,0.08086877979513751,0.367654338829982,0.08125500354909479,0.36159983618542635,0.08213403758558646,0.34771242232788946,0.08040431522559906,0.3748971518526847,0.08807328063120559,0.2499657256571628,0.23004657660600977,0.4316936107969114,0.40770765055027347
housing_vacancy_rate,3,315,10800.0,0.008953083296000948,0.00043733788872627176,0.048847740411576024,0.951152259588424,0.09859679135614076,-0.08580775408049135,0.09492531355947537,-0.006448265525414776,0.06658138661613504,0.5048542611339986,0.06658947006754869,0.5047340254437757,0.06638547991521018,0.5077637727841477,0.06678182727043652,0.5018685400178873,0.06873875363382204,0.4722470354719257,0.06797482901810582,0.48391216441551665,0.06812622159492697,0.4816107573941417,0.07156934887517721,0.4278874071567347,0.06915653633538732,0.4658123509200467,0.06658331335453595,0.5048256035718384,0.07210689512967981,0.41926103518270086,0.09556422597487886,-0.020042032922547692,0.06792811444403532,0.48462126628677904,0.06762836314376516,0.4891597285208046,0.06824413079120172,0.47981480418853095,0.06994391970004837,0.4535790921109849,0.06922925928082671,0.46468828870243284,0.06923895127847664,0.46453839245697626,0.07175161271694085,0.4249697274924892,0.29850671469389334,0.5306553397267654,0.5111822909691904
housing_vacancy_rate,4,314,15913.0,0.009504189284182485,0.0003132349981480732,0.03295757152789246,0.9670424284721075,0.09947114551163505,-0.041068153584018496,0.09830790301606476,-0.016861460398333694,0.07161124906495751,0.46043046499736406,0.0715589476219022,0.4612183289240326,0.06943673269252244,0.4927016179026428,0.07170248100586944,0.45905477798580063,0.07288201844966954,0.441110813929368,0.07483920216164518,0.4106908003702111,0.07192194597205791,0.4557382899542537,0.08056860733185543,0.31700639651632656,0.07196933119563195,0.4550208883816341,0.07152708509796783,0.4616980207742146,0.08125146984720122,0.30537985356438413,0.09856031627112852,-0.022089907198271197,0.07216018495523112,0.45212662152687144,0.0705246108742161,0.4766812202238855,0.07221780565197826,0.4512513064247632,0.07344604440284748,0.4324269775011069,0.07495446545501952,0.4088741581569869,0.07251815166686496,0.44667744255360986,0.08037701439028903,0.3202508652633136,0.27209364225571414,0.4769370147003178,0.4780797893223663
housing_vacancy_rate,5,314,21832.5,0.00835094940406659,0.00024233180467632946,0.02901847358317405,0.970981526416826,0.09196225955203408,-0.012706073610914359,0.0917947418163373,-0.009019958979125331,0.06391032824229564,0.5108903361276549,0.06428538212961397,0.5051328710555869,0.06378631885665353,0.5127865974973603,0.0652274962276834,0.4905218486821855,0.06446855373123178,0.5023087532810565,0.06425061128894453,0.5056680562580343,0.06553960848937655,0.4856344981746572,0.07478739097972861,0.3302373683606392,0.06635097132002399,0.4728202528724673,0.06428831331960826,0.5050877415845061,0.07601623015989122,0.30804667012978637,0.09273643283833327,-0.02982853319537604,0.06429616922798609,0.5049667795399733,0.06370688139670026,0.5139993621184115,0.06509095424224469,0.49265261718591935,0.06489246340368246,0.495742148246323,0.06394127916771677,0.5104164827518946,0.06547408079010786,0.48666252806872023,0.07453095444436414,0.3348225570995703,0.29968339299612595,0.5202291262117605,0.5141528300347122
housing_vacancy_rate,6,314,30910.0,0.006864485814581789,0.00017234575804265677,0.025106870739910872,0.9748931292600891,0.08341379665521603,-0.013602716995581687,0.08373830587371457,-0.021504605006891442,0.059735435170962005,0.48017632908727914,0.059810868806114324,0.47886263822658004,0.059220647403414296,0.48909719189314327,0.0611735077538077,0.4548465606912818,0.06090977316340222,0.4595370189364808,0.05977406791464168,0.47950373974487215,0.06128529026563012,0.45285241977423174,0.06515220259958873,0.38162746369715295,0.06233111717333959,0.43401905502906346,0.06030473284701015,0.4702209456061315,0.06725008929788694,0.34116339770609616,0.08460049833057581,-0.042648278561241204,0.060309514150530145,0.4701369344595856,0.05965112489440267,0.4816426463277048,0.061638206155735294,0.44653269586100963,0.06142100116830711,0.4504265160686298,0.05991233774420576,0.4770929227720361,0.061807704361728805,0.44348456364322597,0.06470884716967854,0.39001477821774544,0.28574063945937866,0.4911950077953884,0.5003672432334715
housing_vacancy_rate,7,315,44668.0,0.007281931524744708,0.00011372257360453767,0.015617089122315604,0.9843829108776844,0.0873014146373579,-0.04663672979966482,0.08594804564870398,-0.014437793836667545,0.057175528575836104,0.5510750057429497,0.057444267575101696,0.5468449729269369,0.05816742314919903,0.5353637830401607,0.05932316954146529,0.51671635025862,0.057325233729088994,0.5487210486767259,0.058093434012394835,0.5365450685873088,0.05767487924263806,0.5431992618511337,0.06595831737225973,0.40256240864167414,0.05921515767723781,0.5184746125633108,0.058096526597722555,0.5364957235246437,0.06828659600133957,0.3596397909531779,0.08638837524259566,-0.024858768816444332,0.05697745943152575,0.5541799765296507,0.05744418582408648,0.5468462627286426,0.059338544670279124,0.5164658069604473,0.05709047083683396,0.552409707603553,0.057488947980535055,0.5461397668080197,0.05700415067754515,0.553762187487448,0.0644844019737408,0.42896495472651863,0.3316396301796782,0.5555205874504314,0.5612827667636044
housing_vacancy_rate,8,314,70275.5,0.0053588743972523304,7.657695026538857e-05,0.01428974530633748,0.9857102546936625,0.08225856262147871,-0.2626664898175488,0.07385760442233354,-0.017927521085926212,0.053929315677784834,0.45727948186929224,0.05408075785556635,0.45422710938476096,0.053926165281539894,0.45734288837540193,0.05291068837537541,0.4775878781948123,0.053618553777281606,0.4635161983566325,0.053057776629199124,0.4746792978993132,0.055192979284879595,0.43154760934440495,0.060981904897741884,0.3060496572071213,0.05429791419747304,0.4498353072600815,0.054850552323457744,0.4385792860286155,0.06298604432403501,0.25968748556162513,0.07393074096706216,-0.019944498557628698,0.054161552900856696,0.45259515428531305,0.05401135237152464,0.45562706479988446,0.05308177673971578,0.4742039441548127,0.053859268421715484,0.45868841478916844,0.0532313677600161,0.471236251580192,0.05500340343818269,0.4354459228724048,0.05964510628727796,0.33614068173630807,0.26776994354811406,0.46081199543361245,0.4721546304706872
housing_vacancy_rate,9,314,144842.0,0.002600327013152885,3.623080385340892e-05,0.013933172124178038,0.986066827875822,0.08511398083231404,-1.785953342206653,0.054779748762916775,-0.15401672918430376,0.042388683398573275,0.30900980100734754,0.04208916650931458,0.31874032439447897,0.04072923225954004,0.3620531755964862,0.04223394281709923,0.3140455347132388,0.04175759639794904,0.3294317029688577,0.040906389244427785,0.3564914441327405,0.042863649840999135,0.2934379143859772,0.04830060548446315,0.10282496072020508,0.042710345962703414,0.2984829819377167,0.042314835240763654,0.3114153441486016,0.04926500537353586,0.06664017941661071,0.0540153804261198,-0.12203630844137359,0.04323374768836004,0.2811838935155957,0.041830324713786185,0.32709383980932627,0.04363668683106409,0.267722702582866,0.04315284519062314,0.283871590524295,0.04256739766275583,0.3031709724915834,0.04332678607449197,0.27808680137169284,0.0486529898099244,0.08968625658566975,0.23166557971133123,0.3232441406442067,0.4727570535787827
housing_vacancy_rate,10,315,468058.0,0.0023348928204547773,1.1287524955889316e-05,0.004834279696697511,0.9951657203033025,0.09990959477235388,-3.275111491255405,0.058182776958962575,-0.44984622206214553,0.037517438649741844,0.3971636768479221,0.03722271445363751,0.4065978278920874,0.03635274030417308,0.4340118244205955,0.03928981394150471,0.33886066802099024,0.03957062578662404,0.32937631593725514,0.03743270825297716,0.3998835257544777,0.0380682089710322,0.3793340227154788,0.04460791973148624,0.14776965977258671,0.040540388126734814,0.2961034206502958,0.0376611160783696,0.3925375709570391,0.04550452139131823,0.11316637367122218,0.05579379889334691,-0.33322950316191213,0.037951270805199715,0.3831412974883057,0.03750266879769946,0.397638232201168,0.03915986586018111,0.34322677222987386,0.04115248355101112,0.2746875198809403,0.0379687588164671,0.3825726673902504,0.03793399333280168,0.3837028245721512,0.0447607745858368,0.14191909625476617,0.3602451378370715,0.4085729839731278,0.856444049954233
electric_heating_share,1,315,2631.0,0.04011894346251915,0.0022184897256841305,0.05529781031638431,0.9447021896836156,0.2250061311417596,-0.26194148404434836,0.2571513640749686,-0.6482693296097284,0.22035574609630607,-0.2103173874213169,0.23151340588337252,-0.33598874939947443,0.23177866500919803,-0.3390519519447175,0.22486581688011464,-0.26036807645248494,0.22429977910696644,-0.25403080353888385,0.23409130115172214,-0.36590678979623714,0.2357196424062892,-0.38497540116077356,0.21576121765617798,-0.16037210919994282,0.23669097892503804,-0.396413132285788,0.23263796245369595,-0.3489991735492455,0.21802508428472184,-0.18485017986002683,0.2307245881253158,-0.32690023642646415,0.2361600354233281,-0.3901553111250744,0.23361592516400642,-0.3603648496182925,0.23448468841755885,-0.37050142294119004,0.2367333099586058,-0.3969126603823654,0.23535393154716447,-0.380681252148539,0.2290366732546705,-0.30755680903149996,0.2360718216284595,-0.38911696463403844,0.09969987242269383,-0.35565573264099065,0.31228058021025396
electric_heating_share,2,314,6761.5,0.045576144402254354,0.0009486931512731146,0.020815564013049532,0.9791844359869505,0.22364106816511714,-0.09740145916249632,0.22542216433984927,-0.11495065767670587,0.2076766285917579,0.05368076591609161,0.20967327032947294,0.035397116907465165,0.2085993833292299,0.04525265802908385,0.20587935528711981,0.0699891469682209,0.21332990259653542,0.00145903215989851,0.21262810027391654,0.00801812836413529,0.21759288893613357,-0.03884753606385871,0.20323161052973976,0.09375643639419307,0.21288391089252376,0.005629806749200772,0.21066288623381807,0.026270163516345257,0.20530166981434347,0.07520093721502064,0.19281117860925528,0.1843068104099811,0.1847986262107328,0.25069281973564794,0.18224453617312428,0.2712619419532476,0.1908780164893154,0.2005814081742907,0.18556426491049738,0.24447105249056533,0.18804712985359845,0.22411771531013924,0.18519486965545365,0.24747606019512247,0.18055947796349772,0.2846756672809245,0.06986399964926739,0.03614959103367213,0.15034777458417103
electric_heating_share,3,315,10800.0,0.05459678853093179,0.0007102092174916727,0.013008259947181765,0.9869917400528182,0.23658875860302356,-0.025229545609767312,0.22200667034471944,0.09725529644247444,0.1881716497520442,0.35145324984920523,0.1918998079771545,0.3254999553535044,0.1920977474558668,0.3241077805023016,0.19144916996857028,0.3286640905464816,0.1930473177064867,0.3174091759526212,0.1961752354805949,0.2951101328228609,0.19589730367456476,0.2971060273037327,0.19215909679483356,0.3236759986333939,0.19862274009893388,0.27741184150313725,0.19234348370560522,0.32237743795043283,0.19323464066596804,0.3160838328036266,0.1754862128470158,0.43594830890207037,0.17216610638707028,0.4570895287789536,0.16918507053091614,0.4757276231671689,0.173769938722564,0.4469273300473321,0.1721270118748946,0.45733606290423956,0.17007531363098263,0.4701957187410517,0.17088939828391675,0.46511164426284746,0.17503070116695577,0.4388727400396545,0.1356124224592743,0.329789948734612,0.22824465891102996
electric_heating_share,4,314,15913.0,0.05678494179416983,0.0006687092778370841,0.011776172638531104,0.9882238273614689,0.24056067659370098,-0.019098325978397,0.23409083981215761,0.034981465991615224,0.1906027468596765,0.36022815270044195,0.19166344843817154,0.35308769708057985,0.1928959394612067,0.3447410125822865,0.19292504375122793,0.3445432656895909,0.19567937246820896,0.3256941787781604,0.20139987279020502,0.2856925185036415,0.19733072802585572,0.3142651028091361,0.19513730564837187,0.3294248994085318,0.19973916090332236,0.29742408572021406,0.19280104318622296,0.34538557090654043,0.19851537257023155,0.3060069817533222,0.1814772505415994,0.4200224315890765,0.17485818883995938,0.4615582012002678,0.17313014699389978,0.47214795241356033,0.1738047959404098,0.46802609745760126,0.17541529907627404,0.45812171012601255,0.17890893893196672,0.43632224638383743,0.17628563828494345,0.45273121212003087,0.17638454842940443,0.4521169179425104,0.1812432789255284,0.35729526783756527,0.31810623108896463
electric_heating_share,5,314,21832.5,0.05599465721723941,0.0004598648143731726,0.008212655228677626,0.9917873447713224,0.24502477460143507,-0.07219408336694055,0.23359946604291112,0.02546576320976579,0.20463260741062764,0.2521696515934755,0.20600119231417852,0.24213320799117266,0.20215893628797718,0.27014044639058754,0.2116422997312201,0.20005826874266364,0.20773271602456825,0.22933930750703513,0.20822687661638908,0.2256684065909791,0.20560283081645095,0.245061472994901,0.21433186695638332,0.17959763527464634,0.21462232997241526,0.17737250637893576,0.20500108963690014,0.2494739883972763,0.21357232462736855,0.1854019630877407,0.17969520907922895,0.4233312646106103,0.17177603737682615,0.4730388847205894,0.16840936049219515,0.49349252034249,0.17367372965058955,0.4613313864262796,0.1720538912608869,0.4713327490662951,0.1706622666089166,0.479850209081629,0.17296796137813994,0.46570053019096436,0.17521819610248182,0.4517081133955839,0.1181435651212616,0.24413823111143007,0.21666744478140687
electric_heating_share,6,314,30910.0,0.05777692485401849,0.0003264542585293192,0.005650253269002318,0.9943497467309976,0.24438672813444087,-0.03371498291334096,0.24026333943736228,0.0008732305596534928,0.20340751472783358,0.28389028747562084,0.2010547445833672,0.3003606470642488,0.19930830428393406,0.3124625400727885,0.20590370948394396,0.26620640184003064,0.2022072190495352,0.29231679361517804,0.21190764825294306,0.222789175755694,0.20514654865459123,0.2715931744165254,0.20592264291696666,0.26607144680945627,0.21163213264620884,0.2248088716811062,0.19964377815291615,0.31014607897743407,0.20565957109859923,0.2679454766530718,0.18615492807733117,0.4002163089324384,0.1788780564584329,0.44619137894250804,0.1762252468578161,0.46249583707398945,0.1810534775835739,0.43263920972031866,0.17772442625772025,0.4533116504825718,0.18458193207149182,0.4103097433217725,0.17979562971348784,0.4404951709398347,0.17613082467988378,0.46307167643834346,0.16319008528646933,0.3020674044034384,0.2994874165045953
electric_heating_share,7,315,44668.0,0.06735080788950769,0.00021457963557029817,0.003185999430360607,0.9968140005696394,0.26183471394669716,-0.017915294201378495,0.25553642170772894,0.030466524970030107,0.222490072289265,0.2650150188473974,0.2186285148316567,0.2903065457520331,0.215627113040798,0.3096585871013381,0.22278235674908628,0.2630826558145992,0.2209870467892627,0.27491181800288944,0.2259613987220867,0.2419013919446088,0.230450382449983,0.21148119175543234,0.2247294336490141,0.25014532222004204,0.23750374522376694,0.16247435238110075,0.2185740040465151,0.2906603982642262,0.22695311404387614,0.2352323960432131,0.19112425375104664,0.4576385715844533,0.18758136039193168,0.47755984123882556,0.18482895111650685,0.4927790439147799,0.18508497428051057,0.491372876170741,0.18704757426136484,0.48052894785674494,0.19428845474540696,0.43953153896408337,0.18982047528276388,0.46501290829819986,0.18568026105641747,0.4880958309729436,0.14443305822872418,0.2912344184432948,0.25984002078200297
electric_heating_share,8,314,70275.5,0.06738893600506311,0.00015673580374639788,0.0023258388251540564,0.997674161174846,0.2636688329925508,-0.031641952121492345,0.2580550233425288,0.011820055041233846,0.21200296334511806,0.33304694907581545,0.20709196728768633,0.3635886622121185,0.20684129990605418,0.36512837443209034,0.21176599430688928,0.3345371064856084,0.2085766344839175,0.3544309343395905,0.22254248829381337,0.26508471520783317,0.2158806918862811,0.30842544945660066,0.21928424168113994,0.2864469822455753,0.22759313374416532,0.2313480877098616,0.2091012443286239,0.3511793927642095,0.2229980442550651,0.26207281655481607,0.20492927586546514,0.3768115272870811,0.19123777888497043,0.45730129838955913,0.19134167824027598,0.45671144252738205,0.1905996059053374,0.46091729703907935,0.19143301485273784,0.4561926430645057,0.2008149543774943,0.4015835789630917,0.19312836378072873,0.4465179730123777,0.19308567918544356,0.44676260352733677,0.1974891067599825,0.3644362822667092,0.35176860717088465
electric_heating_share,9,314,144842.0,0.06418063907470131,8.709310868636878e-05,0.0013569997111589857,0.998643000288841,0.2546001504542663,-0.009981164816513344,0.2536861985490635,-0.002743011944281726,0.20770058146076192,0.32784197600576226,0.20128044022543015,0.3687533156192476,0.20189437800390073,0.3648966346044187,0.21044629925794878,0.3099531960126055,0.20029596059236657,0.3749131761850477,0.2171522047737825,0.26527562333510124,0.20975457260219735,0.3144820406614931,0.21548730374027752,0.2764986646641501,0.22580023252930584,0.20558994510875606,0.201168844054736,0.36945308738331495,0.21576509801841673,0.27463206670922913,0.20063661379570255,0.3727851362066975,0.17961005900558388,0.497359737125063,0.17920564847799814,0.49962068141701044,0.17934869698736797,0.49882152040231253,0.17865166354646195,0.5027095811437777,0.1936805759630661,0.41552209441660826,0.18392481856459983,0.4729198809527685,0.18332483910920988,0.4763530385650947,0.2065770965206763,0.36925439372487645,0.37149632756352935
electric_heating_share,10,315,468058.0,0.0611590852848435,2.830216659437248e-05,0.00046276307865883583,0.9995372369213411,0.24964620811505545,-0.019034685295899578,0.25020522375033233,-0.023603503884779498,0.21689591794767202,0.23079557185558952,0.21054051447570826,0.27521302797049585,0.2082028705307371,0.29121838406596434,0.21792901706482826,0.22345051013030803,0.2081890464133166,0.29131250337343884,0.22351153322639483,0.18315643125561454,0.2163427759632358,0.23471391873354408,0.2218070731266556,0.19556714329725366,0.23389380461921525,0.10550801104265362,0.21242780071203066,0.2621608007186256,0.2233157438927578,0.18458686492594434,0.19484538754604536,0.3792463561030881,0.18766008517604255,0.42418518190286136,0.18465688974708433,0.4424676763516425,0.18307001745987997,0.4520089511367106,0.18701857473341013,0.42811526476535,0.1998889246197031,0.34669424829473083,0.1900902091097785,0.4091754735848846,0.18631069452912946,0.4324363300356804,0.15852870167972016,0.2753404453626712,0.29881653185527535
gas_heating_share,1,315,2631.0,0.05678355799737123,0.0015327715605397583,0.026993228578785382,0.9730067714212146,0.25028866634557967,-0.10321400613799137,0.2590189374380007,-0.18151824784591453,0.2518248933307091,-0.11679822711987886,0.24580760083088807,-0.06406464753466823,0.24767588223079126,-0.08030114353948448,0.24958058148128268,-0.09698069035087387,0.24309651027723253,-0.04072226878957519,0.2464392330685503,-0.0695401580546755,0.2442166109576861,-0.05033490628429593,0.25317570048076193,-0.12881153584796246,0.24425857051295113,-0.05069585938578136,0.2503215166822582,-0.10350361837148236,0.25276813368719814,-0.12518009897631122,0.28105920136264656,-0.3911469702949171,0.27718823460087577,-0.35309093179238804,0.2733343775932409,-0.3157273797063427,0.28221480569009494,-0.4026101808270832,0.2703587692631068,-0.28723642362892576,0.27589579005612086,-0.34050224493179826,0.26567264390491563,-0.24299984376983996,0.2795986013466622,-0.37672559860776644,0.0510052922685428,-0.06584193390668054,0.1174536003112463
gas_heating_share,2,314,6761.5,0.04857645433980048,0.0006985263767015567,0.014379937486076012,0.985620062513924,0.22240787283827823,-0.018297085959174675,0.22310579901635885,-0.02469804005321241,0.22651829368321252,-0.056284120990557795,0.22431193840608493,-0.035807293787385674,0.22463387045226862,-0.03878260445663195,0.22412292999837644,-0.034062457496016885,0.21897638930673988,0.012882687188447983,0.22507849695908907,-0.04289887934152481,0.224977048520691,-0.04195897063674514,0.22588521907506248,-0.05038815389173057,0.2210425769357259,-0.005833412142508987,0.22471820887052085,-0.0395627693353473,0.22546570951129302,-0.0464902565723071,0.24331395617437437,-0.2187320395000354,0.23865537781307677,-0.17251022400035376,0.23908413467581657,-0.17672696022298395,0.24632580111223412,-0.24909076049771528,0.23680461480261036,-0.15439519730173457,0.24657486600830608,-0.25161799833544274,0.2387537557028545,-0.17347708137506812,0.23791791372896845,-0.16527512027089974,-0.00540613195642504,-0.036329712786137426,-0.011109253734173263
gas_heating_share,3,315,10800.0,0.04355012177601315,0.0004895776661573878,0.01124170602037308,0.9887582939796269,0.21428294153443755,-0.054352483072545255,0.19114413709728606,0.1610567397588839,0.17661211253400366,0.28377150231291337,0.17474042119794084,0.29887188473370396,0.1746546183804049,0.29956026578997486,0.17464884470388561,0.2996065748499883,0.17164222066449827,0.3235139027586579,0.17593942934478415,0.289217078258143,0.17642542780813858,0.2852848555195433,0.1821953987209207,0.237771056397855,0.17463015780482186,0.2997564467952044,0.17532069194143124,0.29420759875459246,0.1816460871531696,0.24236030503523687,0.1877583124540822,0.19051468841077357,0.1827843083745848,0.23283559206079718,0.18082074256156233,0.24922963226882588,0.18716392638995816,0.1956317476705669,0.18137126777232135,0.24465109552328435,0.1815408898241063,0.24323759993983185,0.1799874241955437,0.2561335870617564,0.189205309095485,0.17798969256532693,0.08581856680749916,0.30226991424848887,0.13781514497482006
gas_heating_share,4,314,15913.0,0.03877748745733282,0.0003677803298680096,0.009484377508281868,0.9905156224917181,0.20447313386623275,-0.07818389520675906,0.18745140995233506,0.09385487825169092,0.1719578958563048,0.23745657890126726,0.17184182422352415,0.23848566555632966,0.16994525308395717,0.2552021562111605,0.16599613659766496,0.28941457603024623,0.16714439956556434,0.27954975585066955,0.18290751720870982,0.13725302888008262,0.17194401556053612,0.23757967765157006,0.17930487413151266,0.17090456356429062,0.16661781263776174,0.2840821489855816,0.17280092961265084,0.22996142264627917,0.17896107645836581,0.1740809168624785,0.1849259561399277,0.11810662586392762,0.17558732781724976,0.20492760847577285,0.17416148024192915,0.21778786638936654,0.1708006992811024,0.2476851702418129,0.17190316218508817,0.2379419321133791,0.18647411421428067,0.1032787951962808,0.17809844727437027,0.18202392673216938,0.1849996963665391,0.11740316611875434,0.08327270375176211,0.24076921165200874,0.14463078730463874
gas_heating_share,5,314,21832.5,0.03862082822274944,0.0003290927481720495,0.008521120942150039,0.9914788790578499,0.20015774897720157,-0.03734503684261803,0.1863935323012431,0.10041937258948808,0.1786612254765171,0.17350727683336842,0.1788129251633475,0.17210314545665983,0.17623255162176096,0.19582480023506832,0.17957213040011907,0.1650580399142525,0.17315838552889942,0.22363584990875174,0.18203541383987637,0.14199427053364178,0.1743393488253491,0.21300992372444327,0.18545521834709267,0.10945363952841436,0.17368398050223627,0.2189156351304773,0.17916233738097248,0.16886445441619147,0.18566629259564754,0.10742535070993031,0.17521273147582092,0.20510505123930223,0.16859166579419158,0.2640460838559169,0.17044552826161277,0.24777174801063773,0.17053851467061154,0.24695076919849834,0.16699297191078374,0.2779374769811567,0.17536906198171823,0.2036859561123543,0.16822943470739143,0.267205184240513,0.17376134880882257,0.2182196050866605,0.040669904391553914,0.17358226089515932,0.07168377286717176
gas_heating_share,6,314,30910.0,0.04119930532238894,0.00024850894021696856,0.00603187209765698,0.993968127902343,0.20552410887084102,-0.0252638726944443,0.19695826489086335,0.058417179482430415,0.16318588311550264,0.3536387994941471,0.16268356401673015,0.3576119355875851,0.16442715127794671,0.34376835080545787,0.16553964870787646,0.3348583166659528,0.15905576763983217,0.3859426264221938,0.17888376826747737,0.2233023761159607,0.16406370012122654,0.3466662244219856,0.16658111885720184,0.32646269293678076,0.16479968170881718,0.34079143134074963,0.1642166441403119,0.3454475505913178,0.16684815801668684,0.3243015236367802,0.19110010678670528,0.11359547137692871,0.16123575229085094,0.36899499607171504,0.16238902924758825,0.3599358869373044,0.16444089994803401,0.34365860384969793,0.157632826115255,0.39688041643801664,0.1756071563231422,0.25149530773417494,0.1623245279768625,0.36044425563184834,0.16654482640961302,0.3267561434164541,0.1740201199128413,0.35978209516866955,0.29919475610515467
gas_heating_share,7,315,44668.0,0.04612488443118815,0.0001653752234684276,0.0035853796818752833,0.9964146203181247,0.21678451815042832,-0.018875773658015627,0.20898812032296124,0.0530917318333225,0.18168069870114906,0.28438029303291124,0.1828103555249416,0.2754534455904615,0.18129593379208686,0.2874081742453035,0.17894078457538204,0.30580195962935497,0.1838759125543473,0.2669824188256933,0.20181239651949842,0.11700064095111018,0.18461033819309866,0.2611151791910873,0.18331120677316262,0.271477881342681,0.18061107290005235,0.29278175855870125,0.1836200514760225,0.2690209694864998,0.18352909395906294,0.2697449815904741,0.20024192924456635,0.13068984948017048,0.17864739085136674,0.3080765263355071,0.1737563169796567,0.34544534771949276,0.172573635424244,0.3543255444255923,0.17786734743402682,0.31410574414740355,0.19386206964643968,0.18520116611524862,0.1773566378456732,0.3180388986155991,0.18209431095430115,0.2811182403852024,0.12525958297326018,0.27644460445845087,0.22236171375713898
gas_heating_share,8,314,70275.5,0.048098653971888256,0.00012591349308951416,0.00261781739595261,0.9973821826040474,0.22045049125353156,-0.010390418042202088,0.214348029427237,0.04477414802100854,0.18478935092415974,0.29006112655605953,0.1848810354072977,0.28935646986604047,0.18380271951347602,0.2976219309526913,0.18061330863236028,0.32178627547053595,0.1864591807542543,0.27717257726447775,0.20106722095471952,0.15947694989380434,0.18981176431311753,0.25094565239360545,0.18742986609318793,0.2696270726361196,0.18666964092614086,0.2755399171074475,0.1849182399873476,0.2890704280414218,0.18721075786430383,0.27133370757919584,0.20938624592601535,0.08848592709862457,0.18740881287602962,0.26979114292615913,0.1820426449386437,0.3110093144056415,0.18212050002321162,0.31041986022956236,0.18768859139032043,0.2676092898842566,0.20007544794714782,0.16774833460728644,0.1877475097922118,0.26714939977783214,0.19135295062830718,0.23873229933710982,0.1374726611608166,0.29011594042171956,0.24458232184503192
gas_heating_share,9,314,144842.0,0.052730292517081376,7.889341825443217e-05,0.0014961687957425144,0.9985038312042575,0.2463431103753165,-0.15085513720082577,0.2240712097886536,0.047835605313842344,0.18124244288520708,0.3770407571253934,0.1828252302116375,0.36611266112148755,0.18410029825766602,0.3572400568879385,0.1761433212924321,0.41160065391485756,0.18341681711096888,0.36200375167232846,0.20474875342193882,0.20497213220924704,0.18617318193734492,0.34268421398481963,0.18668223339407866,0.3390847157976241,0.18133035822533586,0.37643625239747536,0.1813273018597027,0.37645727284617725,0.18675470508055292,0.33857146993018883,0.20736830281435983,0.1844988722909482,0.175739792034359,0.41429351080737753,0.1748605173620997,0.42013975131588055,0.16866875974239767,0.4604780448767112,0.1753157539660225,0.4171165733867589,0.19295123103348852,0.29395086239511437,0.17694388747252532,0.40623998427948294,0.18242199675439685,0.36890574067873383,0.1840753196982324,0.3666612482397118,0.3182770558076452
gas_heating_share,10,315,468058.0,0.05433334388663769,3.013758088045286e-05,0.0005546792949709221,0.9994453207050291,0.2860539119376081,-0.5060151774485704,0.23178907500196586,0.01117487997126676,0.2174174606053872,0.12999368721496296,0.21492172686258978,0.1498526434527513,0.20854036830147893,0.19958754421496538,0.2125345909748814,0.16863294011305796,0.21225670047672532,0.17080555558543054,0.22608324281107514,0.05925847695632014,0.22390066740582432,0.07733437188461911,0.22108677937244986,0.10037997817205357,0.2232845546751169,0.08240522688082796,0.21602067406173261,0.1411363946336881,0.22106694283480788,0.10054140388832111,0.20998864075443704,0.1884315212055181,0.20448774560110944,0.23039454026116457,0.19866902679827003,0.2735697936920366,0.1997759008237269,0.26545270923870357,0.20311999715764728,0.24065536383323471,0.21425180967286223,0.15514425094337692,0.20977624352716903,0.19007244538113854,0.20815403059430446,0.20255045330809462,0.07277024656676771,0.14993580974198986,0.13867776348148453
bottled_gas_heating_share,1,315,2631.0,0.03428314064659545,0.0031337080362512032,0.0914066791183089,0.9085933208816911,0.22584653387986342,-0.4878058399417269,0.1819070598222048,0.0347973438528808,0.16500481214391305,0.20583156860362417,0.16439031573217297,0.2117356987476816,0.1631472175148249,0.22361212885340365,0.15495750389771012,0.29960244127769586,0.16372325747757654,0.21811991160935906,0.16414499718131262,0.2140865862495357,0.17017867636327164,0.15524711731358976,0.16205957729985365,0.23392938630272864,0.17012153078809997,0.15581435388240827,0.1623996996315899,0.23071043250380552,0.16123266681828624,0.24172720587901908,0.17727100020292869,0.08336847440879203,0.15587947246766412,0.29124317438489233,0.15709044914425604,0.2801881990121948,0.15005804848516968,0.3431926745773898,0.15406281200655655,0.3076669874548186,0.15916615400424833,0.26104014676905274,0.16673640159105663,0.1890758229498748,0.15477913969227647,0.30121390187569397,0.09629502069437332,0.23303682063413708,0.1769383548948008
bottled_gas_heating_share,2,314,6761.5,0.016551887693735463,0.000533727621775034,0.0322457251795539,0.9677542748204461,0.14076540584350392,-0.19713834753638926,0.12400633577676276,0.07094758028117154,0.11581983690109324,0.1895646667012585,0.11489787629819598,0.2024159284966609,0.11713470679764673,0.17105892751050988,0.11164812184010163,0.24689537887935098,0.11502141213934465,0.20069991439488644,0.11412768605822872,0.21307291554815544,0.11810892980078574,0.15721278703657426,0.11343129160063918,0.2226470990943834,0.11513172547739801,0.19916601316599114,0.11397625434078407,0.2151598177849069,0.11342913487676021,0.22267665918493218,0.12378436397452527,0.07427061806509139,0.11250803641437819,0.2352498704658409,0.1146560969972912,0.20576910489625078,0.11191716983910455,0.24326136471215964,0.11242921836906403,0.23632099389710226,0.11309041408928143,0.22731219571253636,0.1192843471570335,0.14035451786777375,0.11266443344069228,0.23312223974813973,0.07345156536972358,0.20916045918186874,0.13146834821548936
bottled_gas_heating_share,3,315,10800.0,0.011190974148711485,0.0003980775766848308,0.03557130696532482,0.9644286930346752,0.11447059343045328,-0.17090045836884138,0.10333858044464145,0.04576115837572692,0.09886086253553786,0.12666493449135352,0.09836383760459866,0.13542427855417072,0.09843099738865196,0.13424326442212808,0.10138045507610947,0.08158159112337449,0.09808629453503735,0.14029636314352134,0.09699642670278008,0.15929510084776233,0.10114080847677852,0.08591843717964442,0.0990481286982075,0.1233531890745857,0.10249011372997892,0.0613664840255701,0.09785980439524236,0.1442620464476967,0.09893887784044395,0.12528601905014924,0.09957510617229723,0.1140001185360715,0.09543833709159864,0.1860872819674637,0.09505142440235878,0.19267320602669968,0.09697090693895824,0.1597374216393137,0.09554309543811017,0.18429951096376462,0.09176179361695898,0.24758768486916138,0.09737376753730882,0.1527412646644739,0.09562042516768503,0.18297856935880796,0.048140228157166946,0.1404191720261289,0.0896631201784438
bottled_gas_heating_share,4,314,15913.0,0.011630477525402952,0.00026059165506749467,0.0224059291201344,0.9775940708798656,0.11302759472192088,-0.09842757021106774,0.10334124421275642,0.08177349278093715,0.09652313641517793,0.1989395239298004,0.09588710912701547,0.20946172015257614,0.09942826259910321,0.14999367980518807,0.09730912036037138,0.18584040211356856,0.09622782832609122,0.2038336410409023,0.09638035699377295,0.20130766823993473,0.0983648558563652,0.16807845193714188,0.09555422133671007,0.2149411582351486,0.09881734884866826,0.16040692119895705,0.09643287696066982,0.2004369778798485,0.095908081989947,0.20911586210457778,0.09772590102478791,0.17885128016050567,0.0944116140880575,0.23360387780780512,0.09663418734198632,0.1970952058632195,0.09526949656691708,0.21961269807798667,0.09441282936127288,0.2335841474667223,0.09423194340904291,0.2365180931522054,0.09495879568275072,0.2246945271315518,0.091619273650686,0.2782676991598019,0.07213126900615369,0.21426246986548717,0.12768822737163898
bottled_gas_heating_share,5,314,21832.5,0.00944785703473759,0.00018347021545691447,0.019419241292743618,0.9805807587072564,0.09809359298235529,-0.018469368112664197,0.09486122740709862,0.04754565695741253,0.08684738604238848,0.2016741537616693,0.08629178416393843,0.21185598101056036,0.0874620112883957,0.1903345498893948,0.0866854723495794,0.20464809227731873,0.08635834569324316,0.210639635691648,0.08652209573671335,0.20764327580863817,0.0887078012370412,0.16710488194543616,0.08824111436362886,0.17584546045670624,0.08811163732918047,0.17826226579383653,0.08694304416802684,0.19991455190204244,0.08892432724880772,0.16303390836897047,0.08483058653269643,0.2383216230916253,0.08205273428424256,0.28738853914002815,0.08256586339668691,0.2784478243716666,0.08132875424663538,0.2999083026986846,0.0821263819293925,0.28610873513288926,0.0815212306310685,0.29659064281253233,0.0842605313504537,0.2485240708706402,0.08151030498617302,0.2967791749482718,0.09033662622120922,0.21605153795783186,0.16431032405314783
bottled_gas_heating_share,6,314,30910.0,0.007937231470647945,0.00013898424184137677,0.01751041812946284,0.9824895818705371,0.09011936527118757,-0.023215717837536953,0.08567372516864644,0.07524592026625476,0.07930755860954944,0.20757144655960647,0.07930385872517269,0.20764538215127204,0.08076175397005628,0.17824484161258203,0.08095392415733678,0.17432950510427203,0.07943258332231065,0.20507102298973856,0.0798584927938608,0.19652351139174884,0.08082791511844692,0.17689790368913916,0.08071784067127628,0.17913823897822256,0.08361267956014204,0.1192041949286522,0.07998137955087965,0.19404881934989637,0.08139376446364065,0.16533303607664684,0.08033441495539405,0.18691822834056682,0.07761686988211128,0.24099750491404004,0.07768979981325734,0.2395704954121386,0.07894016553508579,0.2148963076418834,0.07747061200518372,0.24385527288045994,0.07736098015193123,0.24599386168853365,0.0777331999593741,0.23872065489470085,0.07707830896414963,0.2514939579697154,0.07435029153844815,0.21134614145825467,0.13239946188501728
bottled_gas_heating_share,7,315,44668.0,0.006920422410421704,9.142261245317603e-05,0.013210553782887522,0.9867894462171125,0.08484775005968177,-0.040274749609040095,0.08087745265595787,0.05480302210076882,0.07625694867725442,0.1597157114559623,0.076141741006394,0.162252767294374,0.07615115930303967,0.16204550542117035,0.07863940405291514,0.10639040465438776,0.07603591389878846,0.16457986817141834,0.07651911465485119,0.15392810433872484,0.07784224468361364,0.12441543333272642,0.07615226246887259,0.16202122714432943,0.0825413344811335,0.01551213294923759,0.07705460199478896,0.1420449018207356,0.07696422423091054,0.14405632197458285,0.07326874503977039,0.2242801549774539,0.07485390331064297,0.19035190216117837,0.07408006888663829,0.20700554376786018,0.07737269411374194,0.13494676489641033,0.0740769020600792,0.20707334128117394,0.07504033254737062,0.18631390183062024,0.07377487733585515,0.21352596660514922,0.07206313100009785,0.24959857338812108,0.0585541642824605,0.1644249114300674,0.10744974519360517
bottled_gas_heating_share,8,314,70275.5,0.00364739621106195,5.011915619361838e-05,0.01374107809884083,0.9862589219011592,0.07923411154768345,-0.7212400489177659,0.06038746506132114,0.0002057014062232243,0.05881952698255016,0.051450252660202644,0.058261274994066616,0.06937004714769668,0.05818130085908677,0.07192320938722463,0.06127181417625124,-0.02929185512204202,0.05859741498516724,0.0586004798353994,0.061640732395772106,-0.04172392315474016,0.05996725882758104,0.014071429808529268,0.06132505597800913,-0.031081427156222308,0.061901272565115475,-0.05054875408369419,0.05870520478557816,0.05513389018045056,0.061994432724858876,-0.05371324267457722,0.05802406642010328,0.07693266947154453,0.059982333106961064,0.013575691600857254,0.059112742070030054,0.041969648254769454,0.061511882638834774,-0.03737337180381184,0.06004560716540824,0.01149347884726215,0.06136790085442891,-0.032522664759398134,0.057523188024080484,0.09280018704348114,0.05791448283512273,0.08041596580943611,0.035209129329993524,0.07033654713508265,0.06916434574147345
bottled_gas_heating_share,9,314,144842.0,0.0018824369814900376,2.0630297976400096e-05,0.0109593565039666,0.9890406434960334,0.08924854178946694,-3.231377884024205,0.044654690805392416,-0.05928720617612382,0.053911192790115324,-0.543964943651084,0.05368856719678323,-0.53123970469487,0.053035866259284366,-0.4942349398842725,0.057053334194056254,-0.7291856113462649,0.05372524816450732,-0.5333327589288934,0.05542351953062792,-0.6318031080809128,0.05311811578362324,-0.49887313739928096,0.05333788738038551,-0.5113017105894251,0.05729916193425469,-0.7441189217230204,0.05494562125378237,-0.6037834597652258,0.05414830924896634,-0.5575763881353659,0.04825580061171163,-0.23702536423506393,0.05447372943222243,-0.5763540705124424,0.05218159936422312,-0.44648630418053714,0.05470057164652836,-0.5895100701265192,0.05382344590364855,-0.5389430602079965,0.054556556253042204,-0.5811513795459882,0.04953577141136721,-0.3035191474919563,0.05136686333846241,-0.4016695778807602,-0.20230520530891008,-0.5371262628976082,-0.4719524985187462
bottled_gas_heating_share,10,315,468058.0,0.0006807089029532646,4.517788606725472e-06,0.006636887790250702,0.9933631122097493,0.11018977042346546,-16.836971799984877,0.043296146197828574,-1.7538295260293477,0.04726757900288373,-2.282201856183524,0.046743588327627504,-2.2098346889003846,0.046408289944359755,-2.1639506494123686,0.05312369270562979,-3.145864281249076,0.04753270865114132,-2.319125667244881,0.04917199611947135,-2.552010546480704,0.04273058400124863,-1.6823548232821128,0.04382150631553087,-1.821065520710481,0.053852601954126986,-3.2604154648888937,0.048619207202390324,-2.472596434002064,0.044485305185218586,-1.907178632211755,0.05893604887538778,-4.1027066664949645,0.053632693970551024,-3.225691554876386,0.05237538704632679,-3.029888776760828,0.05342360189376144,-3.1928072733008808,0.05388941479173266,-3.2662421690036263,0.053699781660174244,-3.2362697738189707,0.04288328900933449,-1.7015607821194703,0.04690320449864393,-2.231793476913951,-0.07962468793520079,-2.2245991035287975,-0.4560051628710369
fuel_oil_heating_share,1,315,2631.0,0.019593272922497875,0.0018059587336063966,0.09217238695903193,0.907827613040968,0.14123146950815482,-0.01801919762622206,0.1469951990045666,-0.10280648954679394,0.15713705380278814,-0.26023119136302175,0.1631794197037038,-0.35901353082580734,0.1625928890931228,-0.34926143724017744,0.1612010183352671,-0.32625970225163803,0.16559746179964221,-0.3995884946305317,0.16062252850887937,-0.31675788759934576,0.1548463071711943,-0.22375567060181933,0.1694586125698077,-0.4656163616804898,0.15054982578706264,-0.15678733890802143,0.16327460205293715,-0.36059941496218273,0.1682669585290948,-0.44507604444793714,0.15427807631107038,-0.2147906541389646,0.1524272630968683,-0.18581875662659209,0.15225038901431936,-0.18306834425784246,0.14642986889257897,-0.09434021506828172,0.15172911809212608,-0.17498109519924876,0.15802541748704138,-0.2745207332502224,0.1492747739599017,-0.13727595327850795,0.1556643545518949,-0.23671993821075565,-0.1101003353084643,-0.39546443142791465,-0.2562070412790134
fuel_oil_heating_share,2,314,6761.5,0.014196021979307239,0.0001020592407409097,0.007189284497423,0.992810715502577,0.12001256264559591,-0.014581071638066323,0.1300448049099038,-0.19129509018132884,0.12779219136990344,-0.150381719535698,0.12815533985403713,-0.15692911415915045,0.12694543665890123,-0.13518730190818706,0.12120577105248335,-0.03485602923417841,0.12785546992250638,-0.15152126510744224,0.12851732883433817,-0.16347409399540958,0.13203158195134362,-0.2279734884874458,0.13558497888800256,-0.29496041404108864,0.1255811532574468,-0.11091868387202508,0.12847027922614576,-0.162622364807671,0.1353711230927062,-0.2908785992366356,0.1239837690790455,-0.08283679874918204,0.11321088612850369,0.09716223624595421,0.11248076067583153,0.1087699398707821,0.10620867088221111,0.20539135632443473,0.11357050655753899,0.09141730137237802,0.11872534284566802,0.007066412381725673,0.11445831540188758,0.07715654542278427,0.11937558678656732,-0.003839719423475163,0.014529339001090566,-0.15806549195000416,0.03436597602217839
fuel_oil_heating_share,3,315,10800.0,0.00489811709389377,5.5654362729854196e-05,0.01136239940021761,0.9886376005997823,0.07310054339355057,-0.09096808875681472,0.07789650205239831,-0.23881583793980532,0.07663073677022399,-0.19888310250239094,0.0772097986681439,-0.21707033460000935,0.0774425294049237,-0.22441853587147853,0.07592531872883945,-0.17691225292722312,0.07698549083842653,-0.21000900673078005,0.07637060234835452,-0.19075734435208402,0.07860387808633168,-0.26141730215339254,0.08238792355323857,-0.3857916863351931,0.07938956608896959,-0.2867604189479518,0.07730098962007029,-0.2199469473058313,0.08258184300606385,-0.39232294033558723,0.08902993688852595,-0.6182401340009329,0.08252251857452468,-0.3903232489832478,0.08223738826409384,-0.38073220767433025,0.0784331395030572,-0.2559433052294957,0.0810043848948388,-0.3396393443454697,0.08516944910962904,-0.480943579458456,0.08388556502955923,-0.43663123715454044,0.08674324595586276,-0.5361802453313278,0.008815586915475291,-0.21956512120145752,0.02174550333979597
fuel_oil_heating_share,4,314,15913.0,0.0063403641903688,5.1618786198160806e-05,0.008141296721814698,0.9918587032781853,0.08105211206079763,-0.03613052377894577,0.1035355581390859,-0.6906933856347626,0.09326584965831672,-0.3719272980724109,0.09151520417361701,-0.3209071819030096,0.08972480674563427,-0.2697284736057315,0.08812897807327011,-0.22496382590085218,0.09081458866435695,-0.30075958835365113,0.09291845765913695,-0.3617261587067637,0.09070622686879876,-0.29765725528385056,0.10950239933700281,-0.8911808691959331,0.08747198129419735,-0.20676782623229029,0.09161715842329482,-0.3238519847660146,0.11073156765309938,-0.9338763053293491,0.10959234449071378,-0.8942889730554529,0.0922679633998487,-0.34272682362440476,0.09146143289258711,-0.3193553959364339,0.08725356500873244,-0.20074878637062343,0.09110697999648729,-0.30914905750824384,0.09722433870640898,-0.49085632198498486,0.09212612639288645,-0.3386018388423855,0.10416632034168467,-0.7113563145172144,0.11609879911325902,-0.3235412270340337,0.36978620373175297
fuel_oil_heating_share,5,314,21832.5,0.0019625328098741104,2.8893864123973578e-05,0.014722741947854119,0.9852772580521458,0.05060627055815928,-0.30494359478754274,0.0651190366359877,-1.1607225678286217,0.06362877836986412,-1.0629573255903901,0.06274891976272155,-1.0062986522202597,0.06074782116238053,-0.8803750731756113,0.06536039640466293,-1.1767694260605546,0.06194631513265518,-0.9553028307131213,0.06321243743756816,-1.0360486340377597,0.06341002226208282,-1.0487967910894507,0.07007244552269609,-1.501944220665631,0.06569706887231341,-1.1992523318325339,0.062166314304747734,-0.9692158086695053,0.06978799244637238,-1.4816725943080389,0.07352452742580895,-1.7545303222397082,0.06537507452934394,-1.1777472194166423,0.0641509162518501,-1.0969535058197928,0.06553338699028877,-1.1883072674308228,0.06313882494361135,-1.0313093341434225,0.06841789637221152,-1.385187407031908,0.0652239550996492,-1.1676908011101972,0.07160293211658796,-1.6124301524526263,0.03639668207186457,-1.0213355113967335,0.154423915608362
fuel_oil_heating_share,6,314,30910.0,0.010772788817314513,3.217816512973846e-05,0.002986985605623333,0.9970130143943766,0.10417407561774998,-0.007374990343306909,0.11939152340705443,-0.3231797358309869,0.09906087187662732,0.08908858204055892,0.09724445059939084,0.12218801159654435,0.09759355509474006,0.11587406403791611,0.09797060198471615,0.10902933158580586,0.09643527865003097,0.13673579552936943,0.10114410804138224,0.05037304963739042,0.09578610730843928,0.14831911133750186,0.1119003126025823,-0.16234339806515385,0.09674475661470705,0.13118616811685613,0.09810818245947792,0.10652518779240083,0.11376635026259775,-0.2014328575038853,0.1139911729882747,-0.20618604333524515,0.0884490375055925,0.2737969370482918,0.08897597501122412,0.2651184142332892,0.08893981179521365,0.26571566041893924,0.0865561220530098,0.30454756034815145,0.09675717104669972,0.13096317882762576,0.08750350868611494,0.28924031072858924,0.09874617441012447,0.0948669721471953,0.18549954113706366,0.12255407886602761,0.44536774742753127
fuel_oil_heating_share,7,315,44668.0,0.013480158613490287,2.9886262524437632e-05,0.002217055702484755,0.9977829442975152,0.11730156652596992,-0.020734095493249782,0.13171146366347428,-0.28692177575816924,0.11028785654634994,0.09768040196383787,0.1084939546954991,0.12679527422702352,0.10819130397079813,0.1316601984796021,0.11019288465772047,0.09923375700949899,0.10719194684769207,0.14762772468421148,0.11263349939962974,0.05889051080522467,0.10944542609070167,0.11141243692875102,0.11987349419125867,-0.06598557343689371,0.11336205754793706,0.04667619573547288,0.10940781921553006,0.11202299255447612,0.12181611070804907,-0.10081529850734494,0.12399261140113405,-0.14050347053683154,0.09800231828587266,0.28751176712462256,0.09764185466943834,0.2927433529048671,0.09855080654835645,0.27951430322103055,0.09625187773678105,0.31273627903867063,0.10744383091431468,0.14361713889694194,0.09748653830646756,0.29499159294256383,0.10781913372874997,0.13762397525616876,0.17627553686060632,0.12707701103900226,0.41371704998519276
fuel_oil_heating_share,8,314,70275.5,0.016650111072517407,2.612381061523558e-05,0.001568987167800665,0.9984310128321994,0.13090695728265714,-0.02922024906422771,0.14127819653030863,-0.1987625024196753,0.11796679123273357,0.16419993998014248,0.11682831181055095,0.18025445109299887,0.11664822955930422,0.18277965834237175,0.12039591530961835,0.12942464106642126,0.11526458605344114,0.20205188180391043,0.11928906341916395,0.14535821476235733,0.11656535344317434,0.1839404815887632,0.12936924338231284,-0.005182551660998458,0.12244474594725252,0.09954259495396911,0.1177606210677278,0.16711883699402386,0.13142038965553007,-0.037309525563424595,0.1323485142198937,-0.05201275474524847,0.10474470668604126,0.34105823492948084,0.10441678905440101,0.3451775913718981,0.10643558175249752,0.31961216272656545,0.10306061735832027,0.3620768772041476,0.11319422844865513,0.23045958682910572,0.10467717017079385,0.34190769615636873,0.11524410621489264,0.20233541029096502,0.17306198210501933,0.1805377124471325,0.37901695351267417
fuel_oil_heating_share,9,314,144842.0,0.013669136937516127,1.1424008375853284e-05,0.0008357519884447939,0.9991642480115552,0.11756294090580086,-0.011113220797998702,0.12198090733465834,-0.08853556901232484,0.10227282664486728,0.23479213664006537,0.10117534193453259,0.2511268368762355,0.10126666135575459,0.2497743823170343,0.10595247404715961,0.17873916926653166,0.0997725680179085,0.2717488035717154,0.10377331011673598,0.21217411590719515,0.10170512665588599,0.24326365041380238,0.11084263484587831,0.10118028989405459,0.11008021403457785,0.11350266097338435,0.10106916623022714,0.2526977812009914,0.11162593869383294,0.08843182665901594,0.11466660470601503,0.03809360496502856,0.09095737558344166,0.3947500701144754,0.09136093256688306,0.3893674459737113,0.09144706577768419,0.3882155195624448,0.08957558297131575,0.4129998769249944,0.09876847855810286,0.2863329703056524,0.09078599768712821,0.39702869217542924,0.10006726691517437,0.26744036923136305,0.17056411412849265,0.2513368921836475,0.33966240588856034
fuel_oil_heating_share,10,315,468058.0,0.008570077074170667,4.147882899294471e-06,0.0004839959854965324,0.9995160040145035,0.09334841921004633,-0.016785180996496507,0.09610276884250168,-0.07767317601272117,0.08942786217351013,0.06682956714269306,0.0886116933680079,0.08378511259705324,0.08581477359116976,0.14071071907875887,0.09248828796873916,0.0018662215804858828,0.08722252723989243,0.1122869500155591,0.08784658492545833,0.09953873036637262,0.08752457488419499,0.10612808468815638,0.10047826573464098,-0.1780386334527937,0.09502490417003305,-0.05363491300896839,0.08822527163897023,0.09175862849246075,0.10052255025850336,-0.179077273520458,0.08983610707130692,0.05829013392994342,0.07899119900660335,0.27193075785673415,0.07697522933470302,0.3086192948033073,0.07987088222722663,0.2556242175484936,0.0780855135279879,0.28853061995132334,0.08129128494311523,0.22891323490900573,0.07948974873714015,0.2627113969211142,0.09024774901034013,0.04964026216514361,0.07794859154131722,0.08382568389153824,0.1614582886097744
no_fuel_used_share,1,315,2631.0,0.001322169187546747,0.0015734873319070818,1.1900801703196924,-0.19008017031969238,0.036393965606235985,-0.0017785507507586118,0.0362594307985457,0.005614157236560446,0.03924055915616023,-0.164617582523771,0.039274737420730406,-0.1666472142868507,0.03906772134062115,-0.1543808955194408,0.03879135764381879,-0.13810656156850976,0.03910320215302997,-0.15647863603436574,0.03840775089962578,-0.11570844568297645,0.03900224238636081,-0.15051456764541826,0.03833881240261185,-0.11170684530166874,0.03813185085252738,-0.09973675315889441,0.03926147091739492,-0.16585919042448283,0.03832885358588614,-0.11112937061721895,0.03670828026710785,-0.01915689221951178,0.039879637222288836,-0.2028607835978138,0.03964183755645282,-0.18855839302081145,0.03918549238036551,-0.1613512306551117,0.039511334707679396,-0.18074569055639422,0.03921897783845075,-0.16333691420146534,0.03927699219033315,-0.16678117297673567,0.03905962665218254,-0.15390257811007002,-0.08315923763220374,,-0.17226137152341114
no_fuel_used_share,2,314,6761.5,5.525063366788133e-05,3.55093194409577e-05,0.6426952431787261,0.35730475682127394,0.007623109867046281,-0.05178529524884534,0.00901527422222298,-0.4710269169116439,0.025333669791245617,-10.616062703457523,0.026050406184980043,-11.282640349099717,0.02548138455732406,-10.75191877185092,0.027621679067076486,-12.809020889621014,0.02391871909233308,-9.35472509613078,0.02742108128283043,-12.60917782842918,0.02569227689357894,-10.947249255895143,0.012377416022917241,-1.7728266127276644,0.0256992786584429,-10.953761970122663,0.026066700210451304,-11.298010262577998,0.01237572145285552,-1.7720674191598178,0.013389253239521124,-2.2447067193772763,0.02765887513995989,-12.846237105740453,0.026719936357660148,-11.922114219523419,0.02858223345910585,-13.786148416352757,0.02536232287351979,-10.642353740362658,0.029897987848312657,-15.17881312911517,0.026307753384006226,-11.526514940515986,0.016747378629090037,-4.076406772672891,-1.8895855570055586,-31.57707848469357,-10.811613432188073
no_fuel_used_share,3,315,10800.0,4.129987114402911e-05,2.0930672108873315e-05,0.5067975160474404,0.4932024839525596,0.006687294909180392,-0.08280999343542339,0.007423321943229133,-0.3342828233204793,0.016224271321664364,-5.373554508221183,0.017006312881443872,-6.002798551427847,0.01687188766986186,-5.892529822955419,0.017898320009056782,-6.7566793859819745,0.015934572722392338,-5.147975788101674,0.017311920121971365,-6.256743665478632,0.01661417401061973,-5.683574800815304,0.01017268528493553,-1.5056621979631748,0.0166498974848144,-5.712347486219884,0.01701454012002871,-6.009575755974725,0.0101617232275837,-1.50026491835539,0.009100314733136277,-1.0052297004347968,0.017970889231460844,-6.819706232088957,0.01768133433937239,-6.569747201641508,0.01872466302629397,-7.4894455051816795,0.01642609797454064,-5.533112263916025,0.017975676830595276,-6.823873260793824,0.01718550965866597,-6.151154084673219,0.012728479924165365,-2.922874253405601,-1.2909302616135967,-12.171063096278418,-5.6685157281073675
no_fuel_used_share,4,314,15913.0,2.2020431698522262e-05,1.4319528770340879e-05,0.6502837440422128,0.3497162559577872,0.005067098796759134,-0.16598487112497828,0.008390945947918943,-2.197392987786985,0.030409281770247945,-40.993927750489554,0.03087572708635781,-42.292090553121334,0.029851446299974937,-39.4673649636073,0.03342345551229202,-49.73140225752846,0.02761101143056005,-33.62093580434567,0.03317669739976834,-48.98508954888747,0.03101372736319084,-42.67994679336281,0.011361545952619328,-4.862043405903945,0.03156708845012026,-44.25256756363169,0.030857784916940315,-42.24179030713777,0.01133129198476882,-4.830865616167852,0.009567153089368893,-3.1566132530255135,0.03022461040466572,-40.48542983265546,0.029080542871538256,-37.40424135554644,0.032508900331258965,-46.993091834736845,0.02718527181237884,-32.56151294538493,0.03140853700826708,-43.79913066672005,0.030272980830739454,-40.61831979160606,0.012750993032173922,-6.3834984496447795,-2.679647953639287,-120.93258415252573,-40.09469756533435
no_fuel_used_share,5,314,21832.5,3.022577896141962e-05,1.4522607755513993e-05,0.4804709176908474,0.5195290823091526,0.005628549041891976,-0.04813061583691036,0.006584305929436882,-0.43430826473500783,0.020962650013030302,-13.538341464406725,0.021395002868970323,-14.144229974933598,0.021049242426149927,-13.6586993599195,0.02262481155242777,-15.935282244875761,0.019367424332530764,-11.409841471913134,0.021958459413436132,-14.952407394594257,0.02076439319239374,-13.264645592712858,0.011242198129208195,-3.1814313185342034,0.02065580709366138,-13.115843539885153,0.021396377017177195,-14.146175390402135,0.011239916882400268,-3.1797345135264274,0.008407500344682841,-1.3386018317697035,0.021340465690286213,-14.067121229847483,0.02107063622362394,-13.68851179766059,0.02238383739065665,-15.576452073274421,0.019296167609922563,-11.318692759100914,0.021251869236339028,-13.942276479125049,0.02085472794213454,-13.38903123375518,0.012742128366988582,-4.371634442508654,-2.2493938006917786,-27.225097605829287,-13.70992171019859
no_fuel_used_share,6,314,30910.0,3.1191314226384814e-05,1.0344242300832643e-05,0.3316385525071086,0.6683614474928914,0.005726767222655111,-0.05144216061068807,0.00835651764708564,-1.2388087491030806,0.028119015258726354,-24.349333259309994,0.028642449593055744,-25.30187085854719,0.028219607274569812,-24.531025366584974,0.031371673530060505,-30.553075735557723,0.02539532835316517,-19.67635552270295,0.030537083396270724,-28.89657491129302,0.02854403359207099,-25.12143392842575,0.011003227303123829,-2.881561713157806,0.029170161322890954,-26.279976259663535,0.028651274743373863,-25.31808132425197,0.010984796159313939,-2.8685688517608785,0.009805667224257164,-2.0826245093429474,0.027795797957583045,-23.769920834090023,0.027338371954730906,-22.96136872305948,0.03003228050617062,-27.91631515924918,0.02475733846930671,-18.650528465560402,0.028944777706216764,-25.860046690613814,0.027849323556893565,-23.865410189112122,0.012288629373053991,-3.8414251086780187,-2.4275580813312687,-37.856568408392974,-24.06306210944411
no_fuel_used_share,7,315,44668.0,2.1337062811064763e-05,6.2886746455467495e-06,0.2947300995095553,0.7052699004904447,0.0048006221535333345,-0.08009116648633019,0.008153634693015126,-2.115787739663232,0.02899892938633578,-38.412074332817895,0.029418754124478,-39.56149161203612,0.02881411945712623,-37.911329429043796,0.032534130857743454,-48.60709353678634,0.02627330756485241,-31.35153294104608,0.030935309906710277,-43.85122472095544,0.029352109839915236,-39.37792641298674,0.012675484814996,-6.529992141742986,0.03009892742365066,-41.458769516505036,0.029398133972582795,-39.50465093169957,0.0126625147825831,-6.514590083879229,0.010242318588248105,-3.916566586136308,0.028676678698206545,-37.541007656111226,0.02807728553645184,-35.94669552580786,0.03145735968481027,-45.37777406862051,0.025786542869109173,-30.163886005696344,0.02907656358745643,-38.623380103515174,0.028576252181062512,-37.2715369939397,0.014286328445383085,-8.56547685389585,-2.6080539823153717,-56.094116003710155,-37.44570387237289
no_fuel_used_share,8,314,70275.5,0.0010534615285736758,5.511626831870975e-06,0.005231920371438138,0.9947680796285618,0.0324973887807742,-0.0024858515703545248,0.0330933869493851,-0.03959397669180231,0.04240010695845076,-0.7065350953272467,0.04282836104677718,-0.7411822455790973,0.042748452614680424,-0.7346909700858362,0.04540638923592806,-0.9571100866265871,0.040764134065648716,-0.5773852020700221,0.04368272750609516,-0.8113434905926997,0.042771575997314806,-0.7365681267648996,0.0341221881966853,-0.10523611517777454,0.04372814767096071,-0.8151122246697373,0.042824655846744886,-0.7408809896220903,0.03412192662416007,-0.10521917029183259,0.03334781802515497,-0.05564079643661635,0.04245030627570642,-0.7105783685723381,0.042241959321162495,-0.6938284682371796,0.04465001927728217,-0.8924509034144965,0.04051844247291841,-0.5584282253325585,0.043002539533266104,-0.7553734580263654,0.04230673750166064,-0.6990274343077179,0.034561843375520304,-0.13390094000993757,-0.29416675036258155,-0.7450804471488959,-0.701588268887295
no_fuel_used_share,9,314,144842.0,0.002119201672241893,3.2936581283484283e-06,0.0015541975884079422,0.9984458024115921,0.04615184784397082,-0.0050921945336730445,0.04623345043485405,-0.00864960947809279,0.04928205740849209,-0.14605476874911005,0.04941877162014567,-0.15242216936366781,0.04937644555044039,-0.15044896723605405,0.050325714703751655,-0.1951092685596547,0.04861068938290996,-0.1150421185643693,0.04938202610946575,-0.15070903096079125,0.049500332140330575,-0.15622921315030003,0.04698218909660129,-0.04158378186521605,0.04977864136848501,-0.16926726179433205,0.049420978533642024,-0.15252510000092045,0.04698157635208994,-0.04155661324681659,0.04622562071363126,-0.008308005013971442,0.0492773147940582,-0.14583420026460692,0.0492113437523297,-0.14276823467584165,0.05016812456126962,-0.18763624763117104,0.04855312143185396,-0.11240267108815005,0.049199322651785435,-0.14221000346501933,0.04919679833082443,-0.14209279735201386,0.047139843078394916,-0.048585811611256524,-0.06889646252511362,-0.15265943228517315,-0.14377255988557502
no_fuel_used_share,10,315,468058.0,0.0006913761255749796,1.197628449967607e-06,0.0017322386551482452,0.9982677613448517,0.026487771037747635,-0.014790630736140287,0.026525671954729695,-0.017696802973603543,0.03327157077727799,-0.6011507789147186,0.03379094121564772,-0.6515289811168479,0.03355548782903031,-0.6285936435942059,0.03464442791165268,-0.7360107486030543,0.0330707715255293,-0.5818826957384584,0.03061123199899465,-0.3553368272833879,0.03330691848313194,-0.6045547102446005,0.030803367663061777,-0.3724041433982923,0.03285039135091686,-0.5608699403829205,0.03378660538530242,-0.6511051817312818,0.030787771959705154,-0.37101480247745244,0.027148729906698466,-0.06606738110011623,0.03375754135683736,-0.6482657649059917,0.03359274874805837,-0.6322125203725948,0.03473938691318407,-0.7455404641001371,0.03307564176132915,-0.5823486485217617,0.031180605820051555,-0.4062246920905497,0.03321654682450113,-0.5958592466968531,0.031001195236219282,-0.39008865149185246,-0.27389576683740074,-0.6526595432062411,-0.6338321781432443
drove_alone_share,1,315,2631.0,0.011901000496906886,0.0030658181913142454,0.2576101221162929,0.742389877883707,0.11702560969147331,-0.1507430259515099,0.1236778975280494,-0.2852887739089025,0.10701405351570507,0.037727319409943005,0.10725162438508408,0.03345009218100525,0.10911404409736904,-0.00040955568206002546,0.11378639977743543,-0.08792069857281493,0.1075525978842401,0.028017743999296574,0.10872795301462997,0.006657652873461983,0.10845770955818033,0.011589423455291126,0.10798539555678978,0.020179382684081704,0.10974742029843672,-0.01205745393356894,0.10764724088082787,0.026306362035130815,0.10826711223314882,0.015060322503828716,0.10131902252395444,0.13742173795575918,0.09624307657210207,0.221684782681009,0.09757562460630713,0.19998301657196693,0.09856376619994202,0.18369753786316112,0.09597200269338936,0.22606294291191653,0.09705400906841642,0.20851354651229415,0.0925172846355457,0.28077912789271686,0.09627839981148645,0.22111336163126627,0.13281494487921697,0.04505731176771931,0.31873886608990776
drove_alone_share,2,314,6761.5,0.008395578292233615,0.0010979539563587724,0.13077764486747054,0.8692223551325294,0.09174826862930796,-0.002640259368737796,0.0968189581669308,-0.11652947947627323,0.08540803335568035,0.13114595471846613,0.08545612120830168,0.13016728594819915,0.08617624876361667,0.11544558427398222,0.08408415783624511,0.15787270954630184,0.08788177510495264,0.08008643040803087,0.08647098062630125,0.10938469868227796,0.085996435525701,0.11913311201359389,0.08576633093525841,0.12384075687783724,0.08711071004254217,0.09615805606441163,0.08584518037215826,0.12222901906048655,0.08611803558295279,0.11664023673899448,0.08544650848912759,0.13036296502213673,0.07890712717225264,0.25837929183058617,0.0791331696943112,0.25412421540259955,0.076297431358482,0.30662334037343164,0.08024666806901275,0.23298580371345734,0.07956927009373656,0.24588056678516346,0.07658456076661865,0.3013947647606904,0.07901458878568744,0.25635792751206976,0.11736169417396375,0.14975142456886384,0.2466967654244724
drove_alone_share,3,315,10800.0,0.004751164520041513,0.0007370370030701622,0.15512765343342025,0.8448723465665797,0.0705233510912026,-0.04680505761344822,0.06898461565658137,-0.0016233235477753905,0.06467464167954609,0.11962440813539044,0.0647415922424407,0.11780075213016739,0.06482185422423574,0.11561202156995498,0.07083087174171114,-0.055954255115311824,0.06533050438303177,0.10167817070160257,0.0654604081163463,0.09810215733780214,0.06579015356138829,0.08899296427789605,0.06566464187868908,0.0924656103007746,0.06695991153048869,0.05630930411736268,0.06489359173062373,0.11365345697099083,0.06582177179206439,0.08811710822239671,0.05892390572651064,0.26922617572578245,0.05869845775579308,0.27480748595956417,0.058556655064373284,0.2783070681168426,0.06178830640990955,0.19645072425917343,0.05878917557887694,0.272564199647243,0.05886007215110874,0.27080864511855374,0.05653085764948305,0.3273779821545322,0.059068528157034034,0.2656345609754138,0.06150680660834963,0.1394302377263145,0.11942407567794278
drove_alone_share,4,314,15913.0,0.004869795295191418,0.0005229374441400001,0.10738386573586865,0.8926161342641313,0.0712539039569465,-0.04257335706062548,0.0688309952077583,0.02712421896489181,0.056212087485295645,0.3511434079016398,0.05622208002622849,0.35091269943177483,0.05645666892507058,0.3454847128251325,0.05696079025757296,0.3337437345732033,0.057186501381446375,0.32845309874126394,0.05647286741924769,0.34510907312653905,0.057961752782219426,0.3101219698280836,0.05818341076167749,0.3048354021769982,0.06344529738363609,0.17341376462523417,0.056457435444511005,0.3454669398283531,0.058559540956911856,0.2958184832799129,0.0611603848187267,0.2318788687343163,0.053408830596231936,0.4142457715884591,0.053711395146406514,0.4075903002694853,0.055192601528507274,0.37446584941824645,0.05344596480363319,0.41343095948781183,0.0533815785838856,0.41484338470626736,0.05333771682194764,0.4158045947870892,0.05453544968336249,0.38927304088052894,0.1831865883018439,0.3931283403487499,0.323788480466883
drove_alone_share,5,314,21832.5,0.0025318810537199284,0.00043959965820640067,0.17362571498393475,0.8263742850160652,0.056576184756347334,-0.2642239558930013,0.05215561123719177,-0.07438213952762895,0.04543529956637464,0.18465109423163306,0.045434016518669566,0.18469714286701167,0.04516227300182334,0.19442072537549715,0.0479833326577411,0.09063650144201019,0.045520777453384884,0.18158036021631774,0.04560041395667566,0.1787142804496854,0.04713407678226356,0.12254124621998597,0.04764632933610592,0.10336518539476791,0.050081143409319746,0.009384377872004745,0.04552648583111076,0.18137508510318734,0.04789846833451187,0.09385029544676904,0.04686108141876245,0.13267609925454427,0.043042660545956256,0.2682631657784986,0.04303225463902218,0.268616929457664,0.04756761140859815,0.10632545245559955,0.04294922798803427,0.27143647524122727,0.04314588724816041,0.26474919361006677,0.04336663279459063,0.25720648006835667,0.04494485057442935,0.20215857289588313,0.12887577307749173,0.22350301336327405,0.2590792823946406
drove_alone_share,6,314,30910.0,0.0025150255399747643,0.00030695619304297396,0.12204893674600774,0.8779510632539923,0.05731132230283758,-0.3059858088489573,0.052692297998519405,-0.10395629159003739,0.04258894897774594,0.2788070951171149,0.04256971652790783,0.27945830510945335,0.04199773308116894,0.29869118387767535,0.04517794574287805,0.18845882512711487,0.04318609602283562,0.2584413716481414,0.042971970357387985,0.265776745784156,0.0438647477177591,0.23495166877631057,0.04369256298045161,0.24094605424170523,0.0486411650467865,0.059268822720398906,0.042586106346498,0.2789033650237067,0.04378584002711392,0.23770166290269612,0.051597036281306574,-0.058539609518708735,0.04231257782870204,0.288136754854612,0.042080746564046236,0.2959160043339928,0.04621009924796388,0.1509536429884134,0.0423584030490464,0.2865940005987109,0.04266503149734122,0.27622806061548644,0.04407228217420117,0.2276952956661028,0.04284776607833444,0.27001494469034737,0.19210742091559585,0.3183073827300619,0.38341459669949074
drove_alone_share,7,315,44668.0,0.0028761573804900846,0.00021413412652280929,0.07445146360047995,0.9255485363995201,0.055448376758974044,-0.0689687935926675,0.0528022227184163,0.03062511706846771,0.04671872513724365,0.2411266180164977,0.04683126205625285,0.23746623857985072,0.048642111865340475,0.1773555012079585,0.05185965956742171,0.06492450354347157,0.04659072237233442,0.2452793348860256,0.04659581436477687,0.24511435603472143,0.048195275544111287,0.19240004023110202,0.04776191917374823,0.2068581021908641,0.055827056229147465,-0.0836194946610771,0.04717224249193133,0.22632173162290437,0.04808519196564345,0.19608513009159634,0.05291533034565935,0.02646767364547198,0.0455952042068685,0.27718745129593725,0.04752324618896025,0.21476517813093632,0.050690278022648194,0.10661902459053263,0.04471707029983796,0.3047611407620804,0.04564214654592795,0.27569834827154227,0.046468119313989135,0.24924618964654954,0.0461206664509995,0.2604313351163352,0.11308161578737685,0.2565681098731127,0.206841121511383
drove_alone_share,8,314,70275.5,0.0021239523714985165,0.0001576422296129191,0.07422116980038374,0.9257788301996163,0.04856577536242641,-0.11049313920799997,0.04711412504128654,-0.045099131314270124,0.03651426682736873,0.3722591429865253,0.03647181161792422,0.3737180454028457,0.036417938836925894,0.37556685030825243,0.03998182340371022,0.2473719165568462,0.03760312047761551,0.33426253402450423,0.03644751531218682,0.37455218381622724,0.03945153040854335,0.2672042591623115,0.03777700975334962,0.3280911167994762,0.046380380624165635,-0.012800350755879153,0.03697173658508563,0.35643128138859304,0.03841351784860162,0.3052582660016274,0.04504866188685814,0.0445256847427935,0.034848784832391885,0.42821796731839057,0.03468036225752181,0.43373140450207914,0.04063137953036145,0.2227184447759032,0.03537054630301291,0.4109681730335101,0.03445075185255259,0.4412048409688244,0.03861187804444122,0.2980647089242684,0.03564116035117305,0.40192052881025875,0.22588371139305605,0.40367961894555815,0.4188171767171158
drove_alone_share,9,314,144842.0,0.002479042972885768,8.645544971794347e-05,0.034874526445704844,0.9651254735542951,0.04984263193247816,-0.0021157297909275563,0.04647765573104648,0.12862644743140705,0.039952620566099946,0.3561177004363675,0.039991296337663566,0.3548704882250875,0.04093940737710994,0.323918506165325,0.04416915156581622,0.21303746188269823,0.03956826497956558,0.3684467713479772,0.040582178704354405,0.3356657200358888,0.042613756206473716,0.26748659144423237,0.040275772513343806,0.34565964798167814,0.04980913198869605,-0.0007691099357411968,0.03969555545704449,0.36437684208070265,0.04006328843481876,0.35254568082654913,0.050243994956194214,-0.018319995566448144,0.038509917871675854,0.4017797227787083,0.03985194857128306,0.3593585015271248,0.04195499822526789,0.2899591111027743,0.03784299887331512,0.4223203956570869,0.039238554544771195,0.3789280058462582,0.041388527566296976,0.3090034207385808,0.03901264695812773,0.38605879796112563,0.13955866085238264,0.36769362942850925,0.22624404079368043
drove_alone_share,10,315,468058.0,0.009757198078019466,3.210888365377108e-05,0.00329078936360884,0.9967092106363912,0.119765832777387,-0.47007927748993383,0.1001318571623479,-0.02758893881305924,0.07623017673694626,0.4044355973015564,0.07608039914569863,0.4067736364593999,0.08185678527081827,0.31327280216156717,0.0757947725589854,0.4112195426051629,0.07658925773097577,0.3988115898767829,0.07556086695500575,0.41484793387006935,0.07896878553559589,0.36087501359481,0.07565945261971176,0.41332002026176484,0.08197667900748268,0.31125966211194045,0.07644713670227843,0.4010406816335632,0.07614450821406983,0.405773452091337,0.10340131050643822,-0.09578907068975884,0.07366347831584455,0.4438661597110527,0.08012811016064197,0.3419715386961558,0.07296574817605544,0.45435150907869926,0.07375532975024379,0.44247840178403064,0.07374554892612262,0.4426262598207864,0.0728433561285928,0.45618050493097595,0.07407778353007838,0.43759284490788797,0.24019786208153174,0.4081166624312402,0.43436257527245914
carpooled_share,1,315,2631.0,0.002212716277698388,0.0021132222062482317,0.9550353235735909,0.04496467642640911,0.047090135900392516,-0.0021532907165142667,0.04727407923476501,-0.009997797738200198,0.04784106913221982,-0.03437025287966633,0.047858312478293356,-0.03511602294190408,0.047924467926895045,-0.0379797216772042,0.04753096455479417,-0.021004190315377924,0.04780164533590883,-0.03266619396717729,0.047635812166138256,-0.02551358418528915,0.04815467767494265,-0.04797574155763584,0.0469464787651273,0.003951889061409863,0.050898650133247327,-0.17081101246359087,0.047876261707540016,-0.03589260773780034,0.046986135014814266,0.00226843094102136,0.04691418102412673,0.005321918879769183,0.047630368531888706,-0.02527921421689383,0.047675333693551245,-0.027215945261502172,0.04736463758545846,-0.013871012841900177,0.04753238139475016,-0.021065060996472207,0.047382670782748895,-0.014643184548576826,0.04797708103065257,-0.040260031266221574,0.046687321821254006,0.014918432692773487,-0.01235842671048167,-0.7809691013650746,-0.02511822520370388
carpooled_share,2,314,6761.5,0.0012007703306034108,0.0005587368258708086,0.4653153160355255,0.5346846839644745,0.035005406233838514,-0.020493623439449493,0.03425972422407858,0.02252023222451316,0.0336974658884729,0.054341052269192724,0.03369521851959984,0.05446718481706725,0.0336632009092366,0.05626324487367462,0.03439002591791551,0.015070698790014658,0.03369433716106178,0.054516648364559495,0.03372646474876201,0.052712749924556324,0.034427119012540676,0.012944862729878048,0.03344662035573092,0.06836770970328965,0.0351593456118572,-0.029488780950156723,0.03374230065139325,0.05182296378286344,0.033517282136540115,0.06442708219156601,0.03513032932875253,-0.027790250385709037,0.03372913450545439,0.05256277117095354,0.033669753203755315,0.05589582628002743,0.03451772279763922,0.007742649224249831,0.033748711692870303,0.05146262203520402,0.0337387977027719,0.052019823094275996,0.03437941981616764,0.01567812197495777,0.03356787730421593,0.06160040934334654,0.016477240178191233,0.10186786053644684,0.03194695259255409
carpooled_share,3,315,10800.0,0.0011448482340973027,0.0004128236647495863,0.36059248069251043,0.6394075193074895,0.034448285397222084,-0.03654295081666348,0.033434079129216296,0.023593159402393038,0.03309497681043585,0.04329896534548261,0.033095392097447364,0.043274955175683694,0.03301710428064918,0.04779590638158726,0.03268347422599858,0.06694227613166359,0.03304624729042164,0.046114211949875195,0.03314737453968058,0.04026716716717249,0.03332205901016484,0.03012505622423256,0.03345166527196591,0.02256571994455059,0.03321005729955851,0.03663396335708413,0.03308619615214837,0.04380655600033234,0.03344248146253245,0.02310233525959915,0.03312159281069498,0.041759529652869,0.03278833348891069,0.06094556382164973,0.03267730738182605,0.06729434878475893,0.03243157450654857,0.08126946991961181,0.03274784765170858,0.06326315237311353,0.03275209591814588,0.06302009726447522,0.03313837693173376,0.04078812111236574,0.03306416806895871,0.045079358527942204,0.010129994322857574,0.0676797720842455,0.019681795773290656
carpooled_share,4,314,15913.0,0.0009056173859499242,0.00030764204985471054,0.33970422236540576,0.6602957776345942,0.030359101391274537,-0.01773116504264105,0.029553367613728804,0.03557335485994195,0.0281660099151303,0.12399637325084989,0.028178393768812558,0.12322589240335147,0.028230300975746404,0.1199927192814566,0.028448095147294405,0.10636199120600232,0.02807617888979929,0.1295752121353394,0.02818940481850595,0.12254053825602473,0.028574231657572675,0.09841978799446793,0.028579861450505468,0.09806448815763613,0.02875534920251932,0.08695424735965707,0.028224339303916383,0.12036435971576243,0.028699637374913295,0.09048876685648732,0.02890727533588527,0.07728078070390876,0.028088458831767287,0.12881363389868594,0.028084801951830156,0.12904046133547087,0.02821291132710678,0.12107654082161934,0.02799695150192305,0.13448073594694343,0.02811886622939306,0.12692639265405914,0.02836409442420571,0.11163161729566973,0.028452081612834405,0.10611152053550355,0.04652511561076755,0.18662226319966613,0.08765253754340951
carpooled_share,5,314,21832.5,0.0008536557529286869,0.00025869385132678625,0.303042356874267,0.6969576431257329,0.029484206318613967,-0.018347758163843153,0.02829809033608571,0.06193812444656055,0.02769230209617347,0.10167114465660232,0.02769095899293103,0.10175828216758431,0.027534163131929218,0.11190179791475818,0.02756534187564573,0.10988935514770126,0.027635722396869008,0.10533824697294758,0.02780884701277997,0.09409387856043139,0.028223074366810794,0.06690498601832251,0.02829812497881957,0.06193582768042516,0.027593302588637816,0.10808268422489997,0.02771557506451978,0.10016057582733706,0.0283826156226535,0.05632584701787757,0.02822126668680704,0.0670245111387211,0.027611071077564345,0.10693362818115082,0.02745856727801979,0.11677170290853178,0.02746392061126726,0.1164272802540337,0.027540415704605633,0.11149840602567773,0.027724148485184712,0.09960378455649,0.028192534360338858,0.06892328560774663,0.028127256656645103,0.07322997084648353,0.02145485210994839,0.14600353862426452,0.03982015772102376
carpooled_share,6,314,30910.0,0.0006487676332123051,0.00017439777345323504,0.2688139243163576,0.7311860756836424,0.02545880866472561,0.0009505631194082209,0.02477300730005185,0.05404977179619541,0.02446249639914403,0.07761469678264987,0.02446959655998267,0.07707918034749595,0.02443506542223744,0.07968216719955346,0.024525816475477726,0.07283341061502624,0.024318077335533938,0.08847350727269154,0.024494325606064866,0.07521282477483293,0.025164277906622873,0.023932683838862268,0.024658748299252544,0.06275554365254787,0.025269631059338535,0.015742738716245652,0.024432564426799835,0.07987055162726264,0.024601063976514126,0.06713541521808775,0.025032099432528196,0.03415958207192893,0.024665230344092806,0.06226273201260313,0.02465469182558908,0.06306388004431696,0.024683491069674903,0.060873723971153426,0.02451281472796102,0.07381617835625132,0.024630382640481282,0.06491058129282867,0.02530576882982218,0.012925578765981993,0.02477414628158763,0.05396278642548513,0.012247634548129528,0.1054166414143331,0.023029408551300534
carpooled_share,7,315,44668.0,0.0006638178863846091,0.00012073036773448997,0.18187272474990238,0.8181272752500977,0.025898790077283282,-0.010438768259647402,0.025188509768916314,0.04422427085492464,0.024247397730513754,0.11431085428590071,0.024237807362426818,0.115011334000517,0.0242523380815633,0.11394990329973942,0.024100627504987156,0.12500060928215084,0.024208308464456447,0.11716419408029177,0.024235269554184348,0.11519664894405779,0.025091219981874947,0.051593316342074536,0.02454564092983335,0.09238889006489548,0.025055935959697753,0.05425879643632514,0.02422459046867944,0.11597624075584023,0.02454778032640778,0.09223066851133854,0.024946474826916337,0.06250401043065446,0.024153840130527283,0.12113245964413522,0.02409331177062007,0.12553173998090916,0.023991170062922743,0.1329305027876312,0.024110731616118784,0.12426677408373554,0.02418379238953028,0.11895140770424584,0.02492467569491808,0.06414173037678494,0.02437604498439612,0.10488767888210393,0.03774349555457636,0.14057877970803329,0.07078706314559235
carpooled_share,8,314,70275.5,0.0003981938145481117,8.793053770927059e-05,0.2208234645961493,0.7791765354038507,0.02015753908243061,-0.020423640484809935,0.019416510948493833,0.05322261763202307,0.018596963294742707,0.13146053215695908,0.018601531586887796,0.13103377115322568,0.018398434848419697,0.14990541664819146,0.0188644707549701,0.10629386026757437,0.01848591708350213,0.14180201215348998,0.018614070380343992,0.12986188266735188,0.019160953915595438,0.077981270572418,0.019002947839907344,0.09312497228003036,0.01975426092433387,0.019997773924450457,0.01861667949858112,0.12961793254823395,0.019049803027298223,0.08864733172540573,0.018513045163366926,0.139281353202806,0.018156709586538887,0.1720963737620258,0.017953287582204908,0.19054359150421052,0.018344127114793014,0.15491655744183863,0.018041427229731195,0.18257621139828484,0.018107736519699855,0.1765564660039325,0.01869908237838895,0.12189574770120126,0.018441876771847707,0.14588623318024163,0.04197352262555989,0.16816955490748997,0.0778111535212026
carpooled_share,9,314,144842.0,0.0003396191693400538,4.389975082211982e-05,0.12926169894186357,0.8707383010581364,0.019581729163533478,-0.12904144303480924,0.01722774554260445,0.12609403922205453,0.015625141539353276,0.281121119873049,0.015634226052695772,0.2802849593508975,0.015368893777269754,0.3045065848432843,0.015634507568396995,0.2802590402030214,0.015497475029426567,0.29282044722504774,0.01568282971491202,0.27580310515199,0.017194214712809675,0.12949254258913367,0.016104339646574563,0.23635124614373093,0.017053643712479357,0.14366799601648006,0.015605375947186194,0.28293871360017964,0.01605986885476585,0.2405629277832998,0.015839416825015124,0.26126924506618754,0.015470678591712826,0.29526387879350424,0.015151156967816489,0.32407361483897046,0.015259520096742793,0.3143704048408815,0.015349783114546049,0.3062351512093665,0.015498653624196404,0.29271288004859153,0.016692633081912156,0.17953983649153948,0.015721769561327887,0.27220233586990006,0.09249727342256607,0.321893454107038,0.15419092012884295
carpooled_share,10,315,468058.0,0.0002950563595894943,1.4933831739444776e-05,0.05061348875930654,0.9493865112406935,0.019938694251180826,-0.34737488456502486,0.015509241750569449,0.18477751161757716,0.013530383362075408,0.37953794936184315,0.013540954388419672,0.37856806067707427,0.013684721834202978,0.36530223602006484,0.013770665824420842,0.35730503314111883,0.013378514952469764,0.3933882239227968,0.013465517599493024,0.3854727806086832,0.014438384219499978,0.2934673932805866,0.013849845477341607,0.34989294922125247,0.014939496757098887,0.2435731137404199,0.013522306528446042,0.3802784861046422,0.013803683012190905,0.35421942788779603,0.01324592012925701,0.40535292879380036,0.012975851902578382,0.42935399585387535,0.01305304498395008,0.4225442773371392,0.012875859420218027,0.43811495525846533,0.012830083106118707,0.44210308586829816,0.012840290329801782,0.44121504114337484,0.013786652850854645,0.35581189609191477,0.012841599797155176,0.44110106428572815,0.12691061199542572,0.3987501994128266,0.1937905490594971
public_transit_share,1,315,2631.0,0.00040026708185534324,0.001071468631445598,2.676884210610223,-1.6768842106102229,0.02032047892846539,-0.031615845020790845,0.019124262723118103,0.08626654231081043,0.02212499685884496,-0.22297213084540024,0.02181557397806055,-0.18900426631693423,0.02157168150945915,-0.16256735624768415,0.021267104738839814,-0.12996987380601221,0.02192264982747624,-0.20070472253282623,0.021552230732834233,-0.16047177151878422,0.02144883770685466,-0.14936416165557587,0.021513354349267568,-0.1562889788783952,0.021663632919276046,-0.17249959473497434,0.021890984429862606,-0.1972385965071084,0.021560052235424353,-0.16131421609688767,0.02092620056434705,-0.09403418344938563,0.022171617953925485,-0.22813157758620872,0.021979964442088537,-0.2069911785802958,0.021711023154534576,-0.17763500368758622,0.022278554970870255,-0.24000707050264802,0.021886264291057354,-0.19672235447811892,0.021878203716974607,-0.19584102610373533,0.02185229460854745,-0.19301037058882842,-0.14072758222930565,,-0.27527080862774467
public_transit_share,2,314,6761.5,0.00013046525245302037,3.5447616618998504e-05,0.2717015906726808,0.7282984093273193,0.011843704718200397,-0.07517778729960134,0.012728480360305904,-0.24181886928884233,0.012963209733030142,-0.28804262761871535,0.012973754670662556,-0.29013899938720256,0.012233013084081827,-0.14702272292159857,0.013111749884884514,-0.3177300607736573,0.012910509399135498,-0.27759115788463884,0.012699512370084463,-0.2361729380472648,0.013373146145555919,-0.3707944028606125,0.013073535095919511,-0.3100600864263481,0.014162636617564743,-0.5374229704067242,0.012994493783780372,-0.2942669831379885,0.013124762804536352,-0.3203469539705246,0.013032468184802961,-0.30184262701719367,0.013234895556780708,-0.3425985624943968,0.012364134443245078,-0.17174356892987563,0.013379978738040957,-0.37219549009720687,0.01313497683221663,-0.32240280947598365,0.01291116854912402,-0.277721616826029,0.013711172098031845,-0.44096789579695295,0.013317516889375254,-0.35941373480007544,-0.0192697245400595,-0.3983792847428908,-0.048320130098360226
public_transit_share,3,315,10800.0,4.039670138255039e-05,1.5671949027446018e-05,0.3879512061897117,0.6120487938102883,0.007361697044277157,-0.341559620388429,0.007619600883279572,-0.4372044160405999,0.008657371948743853,-0.8553517117432787,0.008719953641720906,-0.8822722873755877,0.007912429788647108,-0.5497934984194877,0.009005380740146908,-1.0075124824434099,0.008783729625781713,-0.9099060937723613,0.008648993854335338,-0.8517624492143059,0.008836494944089012,-0.9329212590273372,0.008638464401911947,-0.8472564508777898,0.010072701494723285,-1.5115742605069902,0.00874971111948115,-0.8951409905820062,0.008665270308032729,-0.8587386331426525,0.0078346610483965,-0.5194783643838712,0.008843097329413841,-0.93581078902807,0.007961497469620674,-0.5690746964344005,0.009158493423244794,-1.0763576953797958,0.008900906031238852,-0.9612029068087822,0.00873283432149731,-0.8878371915698888,0.008985035443599434,-0.9984518329412482,0.008732283574376158,-0.887599081450188,-0.1444108130198716,-1.4415064555278878,-0.4450678713349878
public_transit_share,4,314,15913.0,0.00014161552966894346,1.5866740832971626e-05,0.11204096662324761,0.8879590333767524,0.01207243300309956,-0.029150114786381964,0.01104719876043553,0.13822586592117214,0.012787628007765072,-0.1546998443408616,0.012817188217020142,-0.16004448222988166,0.011675068897927257,0.03748385441910462,0.01265748003178029,-0.1313151963590864,0.012754156463805623,-0.14866291489010508,0.012732383545638399,-0.1447444438630323,0.013076721772765802,-0.20749929560746416,0.01304966347719211,-0.20250736106456402,0.013950799450306828,-0.3743182386681625,0.012826361422830364,-0.16170555400005338,0.013053827227182891,-0.20327485040301285,0.01139562920183532,0.08300759662942181,0.012854793277552047,-0.1668615059018912,0.011667987398721491,0.038651126363158594,0.012661593811613804,-0.13205068840309941,0.01278897661101696,-0.15494341008708856,0.012750319850248331,-0.14797195380817518,0.013132631629602652,-0.21784675679295984,0.013093170406493543,-0.2105389267281288,-0.1602206581928857,-0.1802385878335632,-0.2982703481510538
public_transit_share,5,314,21832.5,1.9453828699754917e-05,9.678510287968533e-06,0.49751184907320917,0.5024881509267909,0.005716535476738889,-0.679812152207653,0.0053899036658665795,-0.49333388176117676,0.0069810875127097605,-1.5051923511964578,0.006963097512441922,-1.4922974143586294,0.006603590841797527,-1.241585071961775,0.007048317070594215,-1.5536759007369936,0.0069911496106800815,-1.5124192072035672,0.006823561126575242,-1.3934099126047803,0.007362569105105592,-1.7864655674766108,0.00699361041068212,-1.5141882007533827,0.008530875591744216,-2.740951947558482,0.006920464809429595,-1.461871846294028,0.006975699918312193,-1.5013271218407391,0.005429927929069899,-0.5155945788329459,0.006933915057606974,-1.4714506726747536,0.0066467104931245795,-1.2709545283478807,0.007097166987414479,-1.5891961949824553,0.0069482316010189464,-1.481666880412416,0.006792305268654539,-1.3715337260666547,0.007302867173675891,-1.7414587523855793,0.006959716470573254,-1.4898776533063058,-0.29187791546964637,-2.969816127218584,-0.9989635325974526
public_transit_share,6,314,30910.0,2.6768527472577462e-05,5.80206435205135e-06,0.21674947783344342,0.7832505221665566,0.0062771760088784784,-0.4719875303863905,0.005854477178527817,-0.28041794861578917,0.009545938175397548,-2.4041818602784018,0.009362844146538759,-2.2748476957568817,0.006493990001709096,-0.575428688989335,0.010419483912895067,-3.0557197299065937,0.009464304404343211,-2.3462078909582096,0.009334714823598548,-2.2551996342412304,0.009986053649618605,-2.7253176363630285,0.00916683729901366,-2.139168045484459,0.011353001524440735,-3.8150068675235635,0.00923209507804941,-2.184021968240804,0.00910586114104708,-2.097544577488387,0.006184568243650219,-0.4288751743834298,0.009478767851722619,-2.356443124445019,0.00648075472025551,-0.5690135285603737,0.010709527525230068,-3.2846577919221245,0.009553181591409264,-2.4093499768313316,0.009453738874375207,-2.3387409448065366,0.010108227451739763,-2.8170296188603565,0.009251467803491996,-2.1973987589242556,-0.5992622160828315,-2.9043679274728147,-1.9944297471410926
public_transit_share,7,315,44668.0,7.089483315843256e-05,6.258273630557804e-06,0.08827545466638025,0.9117245453336198,0.008804552273636123,-0.09345261545298422,0.009032635073538436,-0.15083840016079075,0.010175433093686669,-0.46046522759576325,0.010154563900186084,-0.4544807203724608,0.009875955062463793,-0.3757630006384043,0.010390171671517007,-0.5227579014445254,0.010234019480781845,-0.4773312816600461,0.009921227782305678,-0.3884052803738949,0.010307539786095226,-0.49863356338682197,0.010138816617417444,-0.4499731196474803,0.010930574907670576,-0.685277508802296,0.010125016087216504,-0.4460285213916084,0.010101901478009595,-0.43943372069667297,0.009283119194037763,-0.21555123457487269,0.010178021195902115,-0.461208255229683,0.009948443307037307,-0.39603296635395546,0.010341264417403,-0.5084561876555493,0.010237381353931254,-0.4783020470844206,0.009934625765452362,-0.39215771731949545,0.01034311941632589,-0.5089974049491492,0.010162044842152699,-0.45662456307846155,-0.12420836417208915,-0.4984846823512429,-0.30364232021167004
public_transit_share,8,314,70275.5,2.050279859361497e-05,3.4869453595150794e-06,0.17007167795136963,0.8299283220486304,0.005397539553981809,-0.4209491013519955,0.008122894680220896,-2.2181664217541988,0.010038309603188774,-3.9148246386643653,0.009978453588327385,-3.856387558984842,0.007553495799459744,-1.7828054073664021,0.010177200500639234,-4.051769374668059,0.010111540173211317,-3.9867945689281266,0.009925778760123655,-3.805250539094869,0.010377188663505342,-4.252260761685462,0.009986960784158406,-3.864671778777505,0.011568598705033751,-5.5275223471095805,0.01019049505625139,-4.064976325906262,0.010229006774066513,-4.1033315820838006,0.00832205868139362,-2.377912550832304,0.010023913893731463,-3.9007382719076222,0.007599097436866872,-1.8165072973491596,0.01037259044960694,-4.24760715684849,0.010148542635063786,-4.023358989039755,0.009925936712264842,-3.8054034753367585,0.010468516159751735,-4.345115696601142,0.009973338719776289,-3.8514101509227787,-0.22843567239948864,-4.646651351125807,-1.6382211372306434
public_transit_share,9,314,144842.0,0.00012037143673899207,3.5841215086412838e-06,0.029775514904029344,0.9702244850959707,0.011070656931819748,-0.018177137552997324,0.012477740894602319,-0.29344653557995537,0.010154308832039018,0.14340153569816882,0.010210962043380825,0.13381655419263083,0.010474919081922811,0.08845542808672291,0.011040818261145283,-0.012695961583982784,0.010211364842707786,0.13374821489430921,0.010130470767777656,0.14741868372537492,0.01039188592605568,0.10284951292624744,0.0103432549461977,0.11122666821681249,0.012033090864947688,-0.20290394205441742,0.010142728609933633,0.14535419330554666,0.010288738663158017,0.1205709082936296,0.012398410879757269,-0.2770520690602385,0.010231186782491346,0.13038187618211428,0.010386568801383759,0.10376735221826539,0.01101942510343525,-0.008775278420222632,0.010262443234275297,0.12506036323975267,0.01008923318998144,0.15434567269853616,0.01036032990334842,0.10828981846450092,0.010369071023506921,0.10678449303826787,0.18166580556277356,0.13792329120553398,0.4272630897725862
public_transit_share,10,315,468058.0,0.004169703177510556,2.955271147979219e-06,0.0007087485660654648,0.9992912514339345,0.06882165991427723,-0.13591319854671924,0.06466554627693853,-0.0028610424474972973,0.05748985132758616,0.2073577266856682,0.057407992449345316,0.20961338091415127,0.061864470356026435,0.08213785742019175,0.05811047258741377,0.19015170131399173,0.056866611568487525,0.2244504288163921,0.05734968125254618,0.21121820912627287,0.05782373249946648,0.19812420744872294,0.05741093966613521,0.20953222494929657,0.05832582472968422,0.18413813032397042,0.05749898801347132,0.20710576225063948,0.05755094281060111,0.20567223195812379,0.06456226042565906,0.0003400017170481773,0.05721341300110056,0.2149621956570994,0.06169865371527245,0.08705159378998362,0.057768241671123946,0.1996625170413745,0.05671611903829925,0.2285498459180464,0.05712736278861578,0.21732184756360606,0.057650634603940605,0.20291792275215026,0.0572422329749399,0.2141711060801279,0.11223215831985409,0.20976204946592522,0.21247442336164857
walked_share,1,315,2631.0,0.004386094066494626,0.0008894683789507263,0.20279281872802857,0.7972071812719714,0.07322298840810813,-0.22241017865331436,0.0705349283187423,-0.13430675163478245,0.0709239705332143,-0.14685401633814066,0.07092064019509958,-0.14674631447258268,0.07146325771122201,-0.1643610750879434,0.0767152012433596,-0.34179112727343774,0.07107713174194127,-0.151812656106304,0.07145651673770144,-0.16414142215744953,0.07051214673711574,-0.13357414640451237,0.07079010325031099,-0.1425287835184712,0.07151375988918945,-0.16600733498995246,0.07096346389779837,-0.1481316022934187,0.070804890767139,-0.143006164606303,0.060669817723430296,0.16079620573756181,0.06624024463982574,-0.00038210385457504437,0.06653291276956803,-0.009241574506567485,0.06977244848305313,-0.10991567748362785,0.06625388222379734,-0.0007940648735256239,0.06631883836414983,-0.002757409050569981,0.06505826043526937,0.03500080328965227,0.06748626286971368,-0.03837163705884139,-0.005468381205610429,-0.1840755049878551,-0.012439562837800233
walked_share,2,314,6761.5,0.0028829632168562228,0.00018650207487500714,0.0646911045498463,0.9353088954501537,0.054896102420913764,-0.04530714904287492,0.05423358890798506,-0.020228821735607472,0.053870621558846546,-0.006618416138186589,0.05378957166528949,-0.0035917222316776964,0.054099614376739914,-0.01519445638418837,0.05378041586362708,-0.003250098216190711,0.05418769164083418,-0.018502736418564814,0.05390831029712988,-0.008027401147577828,0.05402025990003157,-0.012218422560780429,0.05388678306611124,-0.0072224897758552675,0.054654967849657135,-0.03614416347096561,0.05386096648771787,-0.006257622029086196,0.05394627724038913,-0.009447783128640141,0.04818864990157033,0.19452805857566968,0.05124728104330298,0.08903318676567873,0.05138700640535995,0.08405892525260183,0.050782928818955256,0.10546695693076213,0.05129081231453974,0.08748491395804714,0.051260011919564544,0.08858052484651568,0.05079831932844673,0.10492467211955547,0.0512522297190911,0.08885724388710192,0.00818712631112995,-0.0038401454847160846,0.016637099503929775
walked_share,3,315,10800.0,0.0010441522246725562,0.00010409978452837348,0.09969790042923955,0.9003020995707605,0.03246578104369694,-0.009457159474819177,0.033252523379689924,-0.0589742424420725,0.03164236643296821,0.04109829024956624,0.03150156347651355,0.04961319047516222,0.03131347334975393,0.06092848336051515,0.032776720108227485,-0.02888578472356973,0.031697186884451736,0.037772814492700535,0.031558723822658584,0.046161061786592406,0.03186770814106759,0.027391985414061404,0.03325966489641564,-0.05942915494794443,0.032757977934796526,-0.027709459425930838,0.03152428803042524,0.04824151848466396,0.03327968183182589,-0.06070474846221141,0.02667292634026438,0.3186386211299058,0.028724962677233803,0.20976706143854473,0.028379097299276828,0.22868223187056402,0.02921058982167395,0.18282168292304146,0.02876341944606029,0.20764972895647527,0.028340902306546584,0.23075704426037935,0.028431848506805992,0.2258121082225638,0.030112332537354913,0.1315896768552125,0.05265645205878823,0.05510726954742906,0.10858743291723472
walked_share,4,314,15913.0,0.0007013029706195694,6.995975245182376e-05,0.09975681749931486,0.9002431825006851,0.026736219652019538,-0.019281924115507332,0.027529356223759707,-0.08065342062520786,0.02467168367989189,0.1320556149036528,0.024669572652879338,0.13220413947764653,0.024943530812136495,0.11282319419474984,0.02662938361967144,-0.011152243283878649,0.024772213785929174,0.12496795028026708,0.02477358890455638,0.1248708006045437,0.025383958458211724,0.08121685775982312,0.026229192996903253,0.019010906711249498,0.02830831933137003,-0.1426743888719766,0.0246772847492062,0.1316614814059479,0.026350294233692513,0.009931462875805819,0.023911669816343885,0.18470621491775507,0.023659526374655602,0.20180975737420614,0.02395922143401773,0.18146034485330564,0.025763638640449473,0.053525931297204066,0.023340503537453993,0.2231900787464015,0.023593965034585045,0.20622725216545934,0.023858106958948258,0.18835468904153552,0.02467797936152321,0.13161259700676975,0.1038812367291096,0.14685380800153508,0.2128575601028544
walked_share,5,314,21832.5,0.00023131391451710966,4.788711310382738e-05,0.2070221897536791,0.792977810246321,0.016852781818422896,-0.22783904121062903,0.017783122013794592,-0.36714399225695726,0.0161698735464955,-0.13034622692494824,0.016124185212240013,-0.12396761475146278,0.016173879159678294,-0.1309063167167419,0.01876435707810837,-0.522178625915354,0.015933550087478817,-0.09754754235252672,0.015521800471965302,-0.04155554322989774,0.017311275960367644,-0.2955566291877185,0.017107330543339943,-0.26521034815415034,0.020215664364117453,-0.7667466591268108,0.01607198674637465,-0.11670220321543168,0.017057427617465315,-0.2578397522365532,0.017067220232131707,-0.2592844103658105,0.01510970932557418,0.013015207580794552,0.015119598828399586,0.011722795799069652,0.01744515143176068,-0.3156722936983152,0.014815291187804811,0.05110397946591494,0.01499482900720364,0.027966400444775052,0.01572880594575093,-0.06952206915676351,0.01622770697862304,-0.13844631583791944,0.09328715173115953,-0.15633175752163228,0.24317637750549448
walked_share,6,314,30910.0,0.00017525269122430206,3.681686115088546e-05,0.21007872058161076,0.7899212794183892,0.015139278949472259,-0.3078131097946375,0.015471269023423993,-0.3658002255087027,0.012746274728017358,0.07295278430757235,0.012840032578223795,0.05926445147230586,0.012799493937542507,0.06519526797161257,0.017505887625019593,-0.7486527561941272,0.012711490917124566,0.07800559176957178,0.012028808508674256,0.17437938825620802,0.013451135423828706,-0.03241235798546005,0.01502347475576566,-0.28788204141329543,0.017876932393646565,-0.8235652164563936,0.0129456965486452,0.04371762876321161,0.01515134472469996,-0.309898554840909,0.014261892798712629,-0.16061890280270763,0.01269593974968428,0.0802601375101637,0.012693119747833694,0.08066867443058101,0.016603592829093558,-0.5730388669552082,0.012192550530510651,0.15174889811654257,0.012134447126694906,0.15981428848873502,0.013022906340335516,0.03227683201686948,0.014490173887114233,-0.19807084166301014,0.17007243822186938,0.07502576904364655,0.4250646769810086
walked_share,7,315,44668.0,0.00046625562634899627,3.0639171810229376e-05,0.06571324843873455,0.9342867515612654,0.02197436607888585,-0.03563954466354202,0.021718341621108635,-0.011647551504543996,0.020528852053312497,0.0961315149656854,0.020674337998101786,0.08327486574966991,0.020800761950661176,0.0720290045267673,0.025250026179044035,-0.3674126080468727,0.020189048287697,0.12580642950167664,0.0199708760013962,0.14459822954584411,0.02157902618944232,0.0012895395366416817,0.02100431823076031,0.05377788619150725,0.0267538926564156,-0.5351466702414616,0.02066642078972132,0.08397684848925135,0.021004590303082184,0.05375337289742954,0.021133706464707875,0.04208437668883702,0.019859424630798313,0.1541190617801803,0.020057507578123617,0.13716084587179067,0.023034406646365486,-0.13796780042066437,0.019058421898610903,0.2209778826484856,0.019672153504026277,0.16999688236189714,0.020349153810024303,0.11188618992861621,0.02006803031522667,0.13625526862508486,0.04807013542839543,0.08913202034654903,0.09492241725421391
walked_share,8,314,70275.5,0.0003051850152728647,2.735696865653641e-05,0.08964060254425223,0.9103593974557478,0.018919582708265322,-0.17289706879890532,0.018255919562410003,-0.0920542700014324,0.018910543374644245,-0.1717765710238588,0.018909080486304273,-0.17159528464346807,0.019364426211872232,-0.22870057096274987,0.023212150967011534,-0.7654993710408486,0.01893720933106033,-0.1750835699706932,0.018940263775296475,-0.17546266666161703,0.019726197596011154,-0.27503924545234626,0.016718340847738773,0.08415254120105342,0.025206586407806462,-1.0819239691900662,0.018896417618464417,-0.17002664266511713,0.016775983163741185,0.07782624629030677,0.01849585154737079,-0.12094797366283316,0.01816182243871423,-0.08082565587456658,0.018543090039494833,-0.12668109836710362,0.021873639871746457,-0.567757580794295,0.01783450292985228,-0.04221858491487507,0.018140158706043134,-0.07824873900252416,0.01868416642585779,-0.14388996038034252,0.01750080590578444,-0.0035820634184722255,-0.03577803471697839,-0.18849180348227168,-0.07954101464203567
walked_share,9,314,144842.0,0.00024152950305522872,8.81288620732259e-06,0.036487824865467526,0.9635121751345325,0.01720393505342919,-0.22542123251473445,0.015520213924192242,0.0027013793109523787,0.018102281747318864,-0.3567394472069223,0.01798132898104205,-0.33866955313748903,0.01862991447627763,-0.43698268328758183,0.0214522204466243,-0.9053480269254552,0.01791182968023832,-0.32834141765490177,0.017714402018013983,-0.2992203225129957,0.01823763163299879,-0.3771038460046945,0.015500635305598942,0.005215959798336556,0.022416183988696242,-1.0804303335985512,0.017856864558561857,-0.3202014984890251,0.015445837071622956,0.012237098055184026,0.018064821703611796,-0.35113010648915455,0.016624707138886786,-0.1442945228540271,0.017367618326427116,-0.2488501922826154,0.018903264456428703,-0.47946069771845656,0.01633287920525526,-0.10447353122099146,0.016600807855798747,-0.1410068665695594,0.01698040291864392,-0.193784111805007,0.015219636139148703,0.04095639961998976,-0.15857481532606513,-0.3514948351225573,-0.3413709324484414
walked_share,10,315,468058.0,0.00032369420656505284,3.442939166250125e-06,0.010636394153561093,0.9893636058464389,0.019159113416416792,-0.1340074040817023,0.01932395896280822,-0.15360541654072146,0.024269576558131722,-0.8196567450540484,0.02395303600396353,-0.7724998537836574,0.02470881349880142,-0.8861179846166134,0.027506827330190685,-1.337470162972676,0.024275460374769825,-0.8205391522464234,0.0241622186886802,-0.8035936390547593,0.024094627188549347,-0.7935169909768158,0.018161331474560515,-0.018967761051279952,0.028006057155972312,-1.4230870417693415,0.023786836765859107,-0.7479880450437257,0.018095584151336486,-0.011603418092972717,0.02212036641600264,-0.5116446338988794,0.02173593735255832,-0.45955955655756076,0.022663668789768682,-0.586812097945622,0.02367465927277989,-0.7315400779951282,0.021709315743338394,-0.45598648503844674,0.022157030240056892,-0.5166597952692509,0.02187504601118677,-0.4783015212704167,0.017642307151598247,0.03844123460151405,-0.23955117323860214,-0.7808048014084304,-0.6188944372429359
work_from_home_share,1,315,2631.0,0.004249232174225799,0.0010895612871294317,0.2564136866275017,0.7435863133724983,0.06629804766008614,-0.03440596873007795,0.07797960621081937,-0.43103947618545235,0.06087253672854529,0.12796816557965018,0.06120152387621361,0.11851685876562157,0.06122052288048663,0.11796948999543544,0.062472668093805986,0.08152011969787643,0.06056716141753109,0.13669555068601602,0.06351356456119056,0.05065839712476927,0.06696087568061977,-0.05519272378482043,0.062231953347877275,0.0885845115775552,0.07202569156378807,-0.22085591761930967,0.0612350422212111,0.117551067560412,0.0622576872798518,0.08783058526520193,0.07627201664856403,-0.36905216874828684,0.06202293462427667,0.09469658006903692,0.0620889380948545,0.09276874605020757,0.0634029152892374,0.05396328034096254,0.06140236301176892,0.11272200980263458,0.06394297907923109,0.03777802532714325,0.06812936258101802,-0.09234088780792726,0.06229723571462135,0.08667132824056767,0.21515987512486137,0.15938547635189024,0.5495563349510739
work_from_home_share,2,314,6761.5,0.0016835040784008368,0.0003803247612125095,0.22591258678374013,0.7740874132162598,0.04295074959661979,-0.09578997436340164,0.04016067066957152,0.0419509585258272,0.03459043843003867,0.2892809431629937,0.03482453756931037,0.2796284651307165,0.034997179205648786,0.2724683188675504,0.034967497960634676,0.273701840515611,0.034844350303278544,0.27880854959918444,0.03520930450575308,0.2636221440244845,0.037365908154512815,0.17065179103233863,0.03571302821499157,0.24240136947199586,0.039950685505443985,0.05194332889826481,0.03481891110045589,0.2798612217363502,0.035670456841686564,0.2442064693402698,0.0405245545591302,0.02451111150506613,0.03551320242141952,0.2508556632528498,0.035660858472623305,0.24461315935007644,0.03553315393694234,0.25001367985648637,0.03525051230808155,0.26189747092115434,0.03573997316867787,0.24125774419794288,0.03892526659698141,0.09998651082250709,0.0363316231650112,0.2159289313642554,0.13286962123130497,0.3612362897994772,0.2376775066048893
work_from_home_share,3,315,10800.0,0.0013346151682058142,0.00027861289649216655,0.20875897646714067,0.7912410235328593,0.04029210613785701,-0.21642092469758145,0.03238047669015555,0.21438381965098718,0.02967424177536789,0.34021383397974736,0.03054831841621843,0.300772402194998,0.030458625455610573,0.30487238063362,0.029262056475337594,0.35841584183628905,0.03049644500573876,0.3031450712205408,0.03019900524137713,0.3166719970710802,0.03194531402208038,0.23535779280761848,0.0307866246014135,0.2898205588187994,0.031601183192392274,0.25174327180647327,0.030617397866528614,0.29760647529764295,0.030808668301891416,0.2888031957466901,0.03316268007862289,0.1759696905921163,0.030499532979657473,0.30300394140750386,0.030322820811122878,0.31105723668676877,0.029284202638430946,0.3574443445584766,0.03044153690212925,0.30565215274041435,0.030227130682297192,0.3153985875097055,0.03256726805215628,0.2052938003043605,0.03066457087750497,0.2954404164568002,0.056582189677712204,0.3801274115592002,0.08638858254401083
work_from_home_share,4,314,15913.0,0.0015339698479315204,0.00021081725594602932,0.1374324640280939,0.862567535971906,0.04158897708465061,-0.12755998253807177,0.03603974706827528,0.1532666887183557,0.02991740654754177,0.4165131630600003,0.02981890249540864,0.42034913709048216,0.029107495534035084,0.4476773468485442,0.028750469219645827,0.4611435932300655,0.029822478561329847,0.42021009817092425,0.02983472287667824,0.41973390785454057,0.03279717299140227,0.2987772493191887,0.031071653415638487,0.37062149736292704,0.033537255210806846,0.26677340588444076,0.029677926302168305,0.42581706492821947,0.030882850062818757,0.37824695231876426,0.03568994021124732,0.1696239440429521,0.030139315937030675,0.40782514964224825,0.02964054840036045,0.4272624649964233,0.028918956289965228,0.4548093405951654,0.030130811294792045,0.4081592995412665,0.03009858753910119,0.40942452482326774,0.0327213273886452,0.3020167459492983,0.03165328131177592,0.34683838854233373,0.17261066125357646,0.487323159706967,0.26708244837212647
work_from_home_share,5,314,21832.5,0.0011805723979578296,0.0001577537551101385,0.1336248038519477,0.8663751961480524,0.03842767560021543,-0.25082227450835215,0.030195484672042944,0.22769048627871702,0.02486395439375571,0.4763419599135448,0.025199037855355468,0.4621325130639554,0.02477190131571634,0.4802122293752723,0.024943078398972262,0.4730038063794372,0.025188446776706848,0.46258454617396827,0.024955623252669312,0.4724735789126798,0.02809126875811012,0.3315790020117334,0.02610612006626452,0.4227126552398326,0.02858458640807974,0.3078962530935241,0.025043417253075993,0.46875536917807303,0.025995264902698895,0.42760494948855543,0.028998356877143014,0.28771441461044145,0.02523314423618063,0.4606755425204857,0.024754594319862145,0.48093827959982494,0.02499396538180419,0.470851337378853,0.02516818590798644,0.46344876180851236,0.025044930270875638,0.46869117611249755,0.027367127378791153,0.3655961614361465,0.02632377785978816,0.4130463476783527,0.16546999894038894,0.5334092147589402,0.2344420267852384
work_from_home_share,6,314,30910.0,0.001326666829518687,0.00012278999807851452,0.09255526357213784,0.9074447364278622,0.03941724842241757,-0.17114518779237708,0.032480315221302014,0.20479591906440786,0.026322427785834563,0.47773609083763113,0.025647929708895578,0.5041586299469752,0.025013615776727696,0.5283812330992275,0.025545441502640993,0.5081134411104525,0.025814401461780063,0.4977010746008358,0.02667770799529393,0.4635427011163207,0.028816378418019258,0.374082741307591,0.02684868011036053,0.45664457147089965,0.028813942823375686,0.37418854338132923,0.025826440985857176,0.49723243307594267,0.026903803614333484,0.4544111356268533,0.03271097773950769,0.19346135678784915,0.025734010392905078,0.5008247163740378,0.025175490540864827,0.5222573521317948,0.025558611847483495,0.5076061110178511,0.02579289088145265,0.4985378354082437,0.02675851069058651,0.46028808556402756,0.028522076094829155,0.38680246866927037,0.027068002878211612,0.44773113828384004,0.21035465529981862,0.5555805325750034,0.2993627108825674
work_from_home_share,7,315,44668.0,0.0010831317586908144,9.251701457102338e-05,0.08541621444361401,0.914583785556386,0.03421707457546477,-0.08094715449769296,0.028100136914434738,0.27098648130824643,0.022565570838646572,0.5298771518901315,0.022767965829524662,0.5214060857739311,0.022493416476043922,0.5328788204157981,0.023053166258575113,0.5093408809396652,0.022822280807927482,0.5191199066072474,0.023010658757494622,0.5111486555487385,0.024726391450650975,0.4355308767699503,0.024291586396408573,0.4552083207610721,0.025116094669319255,0.41759789944606596,0.023011945579871317,0.5110939780668717,0.024364096254786118,0.45195108392908667,0.02832826847417852,0.25910140820253447,0.022680571645487077,0.5250731722723745,0.022511552896338532,0.5321252380068862,0.02298302113623912,0.5123222485994918,0.022668630576428612,0.525573128026726,0.022962611998814355,0.5131879888321063,0.02387635491273863,0.4736740758039295,0.024315029856893856,0.454156272126809,0.1897560535433191,0.5701020442394289,0.2504196044656847
work_from_home_share,8,314,70275.5,0.0011470593960542187,6.814314238711275e-05,0.05940681242969548,0.9405931875703045,0.0339878386870759,-0.007073550499987258,0.028103743370794826,0.3114389767710326,0.024243707984362463,0.48759638877213085,0.023824581167174577,0.5051601776300171,0.0235132728606745,0.5180075220844109,0.024606455642435587,0.4721479451143167,0.02406615480952055,0.4950742661555839,0.02390602424689879,0.5017712271402731,0.027580405224112384,0.33684449563561203,0.023213631634199566,0.5302137836087787,0.029417427693639947,0.24556212600029148,0.02385314743005347,0.5039728158131295,0.023270031426700002,0.5279282272022725,0.02868243877747438,0.28279015275623975,0.02460706903217371,0.47212162819374914,0.024452786626233465,0.47872030354752515,0.025212584805728157,0.4458225661437434,0.024794905671375825,0.46403181093565127,0.024462358941358245,0.4783121022029756,0.02845871054118533,0.2939352500376613,0.023744200386321277,0.5084935846171903,0.15226306855858632,0.5370655287594872,0.19372120085898448
work_from_home_share,9,314,144842.0,0.001439965595464476,4.3121029968113775e-05,0.02994587516808319,0.9700541248319168,0.040837317072068335,-0.15814327154581376,0.029685631965934777,0.3880154164845331,0.024058100704717516,0.5980513622399193,0.023566309966951852,0.6143165036666633,0.02315157376643426,0.6277721012565192,0.023642573805199737,0.6118162142936374,0.02345390366710451,0.6179869859679651,0.02403836246263743,0.5987106416256098,0.02860488610565948,0.43176454236476447,0.024405108584302827,0.5863725307829375,0.02942162693312471,0.39885221277613203,0.023726860397311447,0.6090435034790422,0.024464958830919287,0.5843413117064703,0.03076422915311055,0.3427358276016216,0.023236183134302816,0.6250464536434277,0.022900027611567276,0.6358168096082955,0.02310364421707662,0.6293117156475658,0.023224369233189886,0.6254276296750292,0.023894611835098747,0.6034957525732589,0.028129545774899935,0.4504928812226531,0.02408088254932719,0.597289750407237,0.2061375013341486,0.6332806468640162,0.22630108718213027
work_from_home_share,10,315,468058.0,0.002572701822187798,1.8502511408359935e-05,0.007191860031655592,0.9928081399683444,0.0764146157185975,-1.2696736345665358,0.04667633821861054,0.15315465993435806,0.030306493773346384,0.6429887222403354,0.02998868777507359,0.650436989349168,0.02930449826967806,0.666205538694224,0.03373394505279903,0.557671612383926,0.029949325106342864,0.6513540486543241,0.02976963017003009,0.6555252253420008,0.03477715915969545,0.5298907985417893,0.030309171911614082,0.6429256223768017,0.04400242543736202,0.24740075679502227,0.029812606759128498,0.6545299132183863,0.03016178300130232,0.6463899757166487,0.048214647868444906,0.0964159744321712,0.029902056937526702,0.6524536961944826,0.029373238961583323,0.6646377129081474,0.034055413173874935,0.5492010941800176,0.029714687424906187,0.6567955753189401,0.029850503605464665,0.6536510536063145,0.03434372534954163,0.5415358823504383,0.030265454451033937,0.6439549561368696,0.35751841469182216,0.6551487272957968,0.49728232941481
foreign_born_share,1,315,2631.0,0.0028529484860492283,33493265.68670942,11739877481.31092,-11739877480.31092,0.05409894266969265,-0.02584943692116548,0.06187877141751272,-0.34211408683483624,0.055543308854394305,-0.0813581715829843,0.055510187592333025,-0.08006889770488246,0.056078913002739594,-0.10231379884598835,0.05212716628946635,0.047567287437243255,0.0554024145776168,-0.07587906197376837,0.05562517778758452,-0.08454829066513891,0.05762540740416321,-0.16394936492326462,0.05746326717579924,-0.15740858647256672,0.05474169357291929,-0.05037053065797448,0.055552438778090005,-0.08171369699950026,0.057494213099648965,-0.15865552992351062,0.06024054453845474,-0.27199044218106194,0.054467579074164746,-0.03987758093336913,0.05643951452660356,-0.11653568775434553,0.05154906512348011,0.06857550071482743,0.0543410098372631,-0.03505035740157125,0.05408885646199385,-0.025466953810147297,0.05596810443525591,-0.0979618907923252,0.05555070881996938,-0.08164632677064598,0.10292033405461695,,0.2620451891299538
foreign_born_share,2,314,6761.5,0.0021258168449792593,9121696.256325249,4290913527.1313767,-4290913526.1313767,0.0494241580601956,-0.14908648208732722,0.047791889400905486,-0.07444096037853476,0.04427737353975613,0.0777729453930337,0.04312357900393833,0.12521011840648277,0.04296910501427364,0.1314661043878924,0.044954126806153016,0.04936611934533719,0.042609514585436915,0.14594207045890872,0.042764135258599754,0.13973244273842533,0.044527083958555716,0.06734147368579446,0.043846131052833415,0.09564964976039625,0.04731506571663671,-0.05310833765243461,0.04327814589843936,0.11892789972464535,0.04414120645085245,0.08343650981099071,0.060020119571868334,-0.694602600374314,0.04782753235684903,-0.07604418355606679,0.048546196343334555,-0.10862475521901471,0.050513177231760235,-0.20028264903137294,0.04881606052493803,-0.12098451510655117,0.048615513886447366,-0.11179295432971137,0.05134086379361962,-0.23993950904115602,0.050700062813045156,-0.20918054408953735,0.09767997154928777,,0.19965107878501753
foreign_born_share,3,315,10800.0,0.0015284780042951695,2343627.014351041,1533307648.3699634,-1533307647.3699634,0.04347038657307694,-0.23631122168757535,0.03760957806457233,0.07458245508254924,0.03838259090324408,0.03615015701508517,0.03771475083127512,0.06939947695152904,0.03754469314182043,0.07777280461195013,0.0390037917033215,0.004698946951736116,0.03732062836748615,0.08874756599046352,0.03844992874074345,0.03276526321359419,0.038532846378526574,0.028589063199631393,0.037682712581547824,0.07097987441543563,0.03980738487133102,-0.03673581552453986,0.03787225439839477,0.06161053728860333,0.03794086934219774,0.058207208480226424,0.03591956302348654,0.15588251569692613,0.03620575383406162,0.14237783794792258,0.03669446563223965,0.11906890105590762,0.0376621956497152,0.07199123757654902,0.03637689566129469,0.13425084676771204,0.03658069227987923,0.12452318979082799,0.03702325034053991,0.10321178196452219,0.03650718461163062,0.1280381369424647,-0.002796435698433515,,-0.0051829781310201994
foreign_born_share,4,314,15913.0,0.0013652572547210402,1040707.3151063763,762279278.5078601,-762279277.5078601,0.04170646762179292,-0.27406716607638537,0.03558713554232531,0.07237686397308118,0.03963409052734532,-0.1505971687737151,0.03961094098777076,-0.14925347623020158,0.040116139364975864,-0.17875560227584453,0.036290048249344314,0.035370368928139495,0.03923456560361649,-0.12751727396535117,0.038385852888582594,-0.07926450995858358,0.040349369302485553,-0.19250170433338853,0.03780346806218708,-0.046764038489437665,0.03576632530317981,0.06301173550309203,0.03947305716373376,-0.14126640709172467,0.03777278374127949,-0.045065453145678225,0.034159521391371996,0.14530913668279666,0.03693732618954512,0.0006527624629736328,0.03901574519449426,-0.1149754874532678,0.03537954989520877,0.08316725916733791,0.037781100327088805,-0.04552569634007142,0.036236199368160645,0.038230970677111786,0.0369907810739253,-0.0022417970880184157,0.035526730331283354,0.07552326591399783,-0.11306910163252012,,-0.22163034020328276
foreign_born_share,5,314,21832.5,0.002396275339218382,943185.9969556606,393605017.553329,-393605016.553329,0.05010923996487411,-0.04784950575686131,0.046222497946884135,0.10839990652050913,0.041782641904647234,0.27145719193461904,0.04102164406733777,0.2977537871185386,0.04056252482262569,0.31338507179947184,0.04207114446427691,0.26136151068875446,0.04108425357723225,0.2956085369768543,0.042944308059181306,0.23038326835871437,0.04148079347674258,0.28194552633445946,0.044172442535844826,0.18573435712986208,0.04290978346185308,0.23162022051117925,0.04075710849941997,0.30678170991179843,0.043998581992167954,0.19213156116151053,0.04458122344167731,0.17059385829800466,0.03993303253340132,0.3345309442470701,0.03964771959604006,0.3440062402516083,0.04137214804784323,0.2857020200980048,0.04060001647184347,0.3121152187579477,0.04203146397719544,0.2627541855676222,0.04192750996822558,0.2663964514574302,0.0432955304762045,0.21774308296834588,0.11251780216471306,,0.1893538805980295
foreign_born_share,6,314,30910.0,0.001114513131599947,282885.8850589313,253820145.35156935,-253820144.35156935,0.0372020849924905,-0.24179346886804565,0.03555852612931596,-0.13449428691263154,0.033379778442297864,0.00027233662345271803,0.03341402026815508,-0.0017798075450972117,0.034439296083636765,-0.06420021541938659,0.03242379159534279,0.05671612867493314,0.033260174321607404,0.007423811762860777,0.03321922538884066,0.009866367522799457,0.033373159287237074,0.0006687860084508834,0.03296027697866766,0.025242657346774222,0.03253822031858234,0.05004638215367718,0.03322080387190093,0.00977226862190872,0.03275017429198803,0.037630077434931075,0.033344575814054256,0.0023798691155186846,0.03177999325124693,0.09380343540732083,0.033847049551998916,-0.027913203436969125,0.031766173176574104,0.09459141424786044,0.03275003566838727,0.037638224377930074,0.03180516268099085,0.09236747016867408,0.031533546066115116,0.10780366842664524,0.03180367511116049,0.09245237054836608,0.060309188670023696,,0.13271447936753433
foreign_born_share,7,315,44668.0,0.001720256473161015,200280.30779164095,116424679.06173362,-116424678.06173362,0.042226591397040804,-0.036522779499370994,0.04230013932985894,-0.040136639647454286,0.038216500696729085,0.1509981515608616,0.03805774003928462,0.15803742087578898,0.03806114807564396,0.15788662014207522,0.03791627358238735,0.16428519537395636,0.03821148558645263,0.15122096413875197,0.038459056527271065,0.1401869127979799,0.0387962538084038,0.12504365886771762,0.03778089489445862,0.17024232066788691,0.038648727004506195,0.13168523276991928,0.03815467683508903,0.15374283596500704,0.03779463047127677,0.16963887958196233,0.03945948301545018,0.09487287265631905,0.03608478267551564,0.24307127393246752,0.03738611786248557,0.18749219628901403,0.03734109366403175,0.18944802837228947,0.03767913212990475,0.17470620211993482,0.036851063513487096,0.21058231533365557,0.03643534058188996,0.22829295280665907,0.03686032431970918,0.21018549841144973,0.10029279708730618,,0.19817406052324327
foreign_born_share,8,314,70275.5,0.0014085778177630286,83390.24071417739,59201727.91490495,-59201726.91490495,0.03790071203381906,-0.019797383258338463,0.042805835304620225,-0.3008436687127596,0.03460860587241982,0.14967026647157156,0.03431977591351776,0.16380408387758083,0.0347281058518506,0.14378792506283988,0.034400057220002285,0.15988742558878333,0.034766859098553385,0.14187595719896884,0.034548447515325764,0.15262386595383481,0.03579793083430942,0.09022289300768183,0.03544512880031013,0.10806691698027471,0.035785572651344195,0.09085093217045381,0.034492007038957835,0.15539025634743786,0.03569332173063946,0.09553224528964444,0.03934475552582091,-0.09898776472642412,0.03297540969521968,0.22803154298251027,0.03364287076065306,0.19646416495789276,0.033444598051012984,0.20590745879401673,0.03402934520521075,0.17789679739922293,0.03353573587691712,0.20157369608985987,0.03476818795705473,0.14181035753009963,0.0355421281701167,0.10317849753791608,0.19824538712334225,,0.4646477525903404
foreign_born_share,9,314,144842.0,0.001973186857401212,35556.29230656447,18019728.93403209,-18019727.93403209,0.04674888088110833,-0.10757775191874908,0.04616823883818016,-0.08023539150597703,0.037425434738634945,0.2901517866277662,0.0370608783418653,0.3039135151753841,0.037187877533108774,0.2991346814265242,0.03838849627346907,0.25314896528397923,0.03826142608481095,0.25808510200015666,0.03770459971032303,0.27952244665360304,0.0390086015333316,0.2288256999692575,0.03788540128426419,0.27259619377351074,0.040213627802365905,0.18044464214754263,0.037010892973428834,0.3057899237709759,0.03784317468957468,0.27421680049510233,0.04369594162949243,0.03235960257575299,0.037553242525027605,0.28529524770861914,0.036079479684534045,0.34029113896433094,0.037345250555735565,0.2931902349544755,0.03799020078995248,0.26856630397298165,0.03813004450432399,0.2631715093538638,0.03885664131944043,0.2348223033391882,0.03889396003726158,0.2333518127257056,0.1972646287902857,,0.38414890668136115
foreign_born_share,10,315,468058.0,0.007417236931072876,10665.11320744576,1437882.2338499967,-1437881.2338499967,0.12313032171297109,-1.0440328745096146,0.08625973353353292,-0.0031689291338072856,0.06828345316133744,0.37137912419872876,0.06687971184908399,0.3969592857040475,0.06842166184324965,0.3688318368556093,0.06884612577371077,0.3609764555055127,0.06782224369849074,0.3798422804821855,0.06613469613102882,0.41031976287282157,0.07040017437359658,0.33180177498847807,0.06847568478646561,0.3678347542961441,0.07245263636573823,0.29227223491341414,0.06706185728123833,0.3936700763637786,0.06888356030429632,0.3602813386858752,0.08674549494410574,-0.014499194649488567,0.07027762547216829,0.3341260784975413,0.06866691625312375,0.36429893887298503,0.06871781951023445,0.36335609039819117,0.07015352461985021,0.3364756900281395,0.07011522798227739,0.33719992489229655,0.07276435264465259,0.28616935592085646,0.07223001484484497,0.29661475115749336,0.22467054894060234,,0.40012821483785477
naturalized_share_of_foreign_born,1,314,2744.5,0.09222197406600764,0.1754573538421179,1.9025547394651816,-0.9025547394651816,0.3044095847132249,-0.0048060259364341995,0.3070090041232087,-0.022039807402755685,0.31100737191870426,-0.04883447103992955,0.31125364672591876,-0.050496192272378115,0.3111201950185351,-0.049595573383519165,0.30421349035285106,-0.0035118923655304,0.31225090953723855,-0.05723859735475734,0.3113814971773036,-0.05135937249598865,0.31047651100109774,-0.04525699931796967,0.31060140529083224,-0.04609811214395987,0.30399767688759294,-0.002088585600085624,0.3112682703932139,-0.05059490576763892,0.31064038040141406,-0.04636066309822695,0.30360407603436823,0.0005046419987916329,0.3098329800046871,-0.040928438919292986,0.30951471928111735,-0.03879105193628507,0.3023103359031323,0.00900473971147675,0.3109729672261987,-0.048602432607337986,0.3099159944967874,-0.04148631188686891,0.30868326708512417,-0.03321752048102811,0.30935086705646675,-0.037691503763432666,-0.013825791900900117,,-0.02845638486962243
naturalized_share_of_foreign_born,2,313,6903.0,0.06109098942902215,0.1525336934519938,2.496828008150257,-1.4968280081502572,0.24727870674348879,-0.0009128904316564324,0.24673134629362165,0.003513319839228868,0.239023762684511,0.06479892269153698,0.2390687207186092,0.06444708523773535,0.24129776534679917,0.046919814107667435,0.24030610112066658,0.05473748623913299,0.2414145142082275,0.045997319488375044,0.23865008882302646,0.06772069944276138,0.2396267204231678,0.06007472333580555,0.23784352241134799,0.07401170480694119,0.24121855505297396,0.0475454425329318,0.23899630647648118,0.0650137599135886,0.23781184777206224,0.07425832402878896,0.24535379531783655,0.014609430302193083,0.23888237505956747,0.0659049780098927,0.2409319183304181,0.049807675192135026,0.24003952222107225,0.056833540156284945,0.241063619202765,0.04876858197472711,0.23829407518715714,0.07050013758123197,0.23914292421328445,0.06386623075199216,0.23767637746250572,0.07531272726673044,0.03105655479175944,,0.06093376539850648
naturalized_share_of_foreign_born,3,313,10921.0,0.05170350247824592,0.026168728214482163,0.5061306673661532,0.4938693326338468,0.23063736961602577,-0.02881997763653077,0.22483611097964878,0.02228525385253688,0.21971330831086539,0.06633137920943577,0.21957378504513006,0.067516807022304,0.21887177771497793,0.07346982730482299,0.2210549120948146,0.054894314329941074,0.22056916257024994,0.05904333081862312,0.21951998608672396,0.06797369652489482,0.21968630033607314,0.06656090512132262,0.22165948021454226,0.04971766294452529,0.221835255032162,0.04820992744370323,0.21960479784347228,0.06725337889510741,0.2216577519083385,0.04973248182305001,0.22329116934174903,0.035675652205890085,0.21882160958587596,0.07389452306639976,0.2180342333299303,0.08054726227159681,0.21999235699315817,0.0639582462374213,0.2195660941205992,0.0675821293217086,0.21883760756011159,0.07375910359684179,0.2185223550830521,0.07642582451478963,0.2209187859801169,0.05605795237057121,0.02340516348370324,0.13670985939181762,0.045231553169767125
naturalized_share_of_foreign_born,4,313,15993.0,0.0397572293435911,0.016528083324220004,0.4157252302815298,0.5842747697184703,0.199824476163787,-0.004341145834112714,0.19538267167722043,0.0398126574209513,0.191481764420059,0.07777109444550767,0.19140461509919504,0.07851408948403715,0.19106310280553804,0.08179946499304414,0.19072207143525174,0.08507435922677198,0.19206268482439373,0.07216686094598812,0.1915397331077086,0.0772126235983217,0.19227139774954938,0.0701492281296322,0.19564125321032658,0.03726943276349903,0.19147914900547536,0.0777962873871304,0.19141690657892518,0.07839573508531106,0.19582343975969668,0.03547555520236234,0.19397741107686498,0.05357499430104007,0.1912046700414222,0.0804382888531815,0.19072080394140803,0.08508651994582228,0.19073325928107246,0.08496701614733693,0.19160456092565106,0.07658787159851255,0.191242945025478,0.08007009980654645,0.19158729707610686,0.07675426565293564,0.19526231603765443,0.040995243031566875,0.020360334639078357,0.13437870939022192,0.03870143206308585
naturalized_share_of_foreign_born,5,313,21954.0,0.033651323679360204,0.014241064651155861,0.42319478386196485,0.5768052161380351,0.18483973072793722,-0.01528624493697528,0.18105620511448772,0.025852601733891145,0.17283965200801807,0.11226240040668856,0.1728095384403702,0.11257171157608503,0.1729848347601146,0.11077040112577596,0.1740295276056728,0.09999746912691276,0.17383413645306253,0.10201728513532005,0.173416746384253,0.10632436890006769,0.17312678296331663,0.10931043114922123,0.17542644846948977,0.08549098645133468,0.1750278161011089,0.08964245504811497,0.1727764359150271,0.11291166160549027,0.17545060499767076,0.08523911013553453,0.17791575465779844,0.05935302702910661,0.17189656176624998,0.12192375466105332,0.1719690432143259,0.12118310394460685,0.1727396853552453,0.11328899923985214,0.17275640644614318,0.11311732481744541,0.17236253986093977,0.11715671483271384,0.17200821454112433,0.12078270229315458,0.17418579119489108,0.09838049334150156,0.04554755065645439,0.19516417054929253,0.08671910984219389
naturalized_share_of_foreign_born,6,313,31196.0,0.030012332912756505,0.008375988449299553,0.27908488399245385,0.7209151160075462,0.17352963382878892,-0.003338657620796548,0.17017702738086748,0.03505599740034826,0.16534141019740298,0.08911506461244922,0.16535009531003758,0.08901936752082407,0.16511290475550047,0.09163105060682042,0.16472634512503467,0.09587938874559743,0.16581677216822788,0.08386988734876488,0.1660146611883151,0.08168192690690412,0.16678792259592226,0.07310733874874997,0.16715065866030576,0.06907127907078991,0.16732196470889532,0.06716215778930457,0.16525581225813143,0.09005795835727592,0.16718765893089446,0.06865909491119782,0.16791397414551248,0.0605494482784531,0.16485619471251198,0.09445343638921022,0.16461025443670707,0.09715329546407003,0.1638356098057175,0.10563077124196862,0.16502467855931613,0.09260154441275115,0.16568465857597264,0.08532914894567811,0.16560808222757198,0.08617444105996108,0.16602265797623575,0.08159345554312114,0.02836418137700166,0.12348106669453197,0.053963370120475807
naturalized_share_of_foreign_born,7,313,44783.0,0.02012192272657509,0.005054555196905767,0.25119643214960763,0.7488035678503924,0.1423559287049043,-0.007120975107983263,0.14185104984179794,1.0057953088948857e-05,0.13551350408580162,0.08736803936935433,0.1354520469848032,0.08819563211312542,0.13438384896804506,0.10252021594259764,0.13674658986605492,0.07068374657366239,0.13627026920237922,0.07714652715746739,0.13476699367461895,0.09739527226650235,0.13673911084484475,0.07078539716561116,0.13617946593598548,0.0783759984269301,0.13949429424223003,0.0329622874240173,0.13541307917027312,0.08872018546431892,0.136051855534515,0.08010245114706771,0.13993146225345804,0.026891495685424482,0.13473823039937152,0.09778051641270025,0.1336902591906579,0.11176055860406164,0.13514575704335874,0.09231459165178435,0.13543881330309016,0.08837379020829028,0.1343371316861813,0.1031441082995318,0.13517771611467597,0.09188524465176007,0.13535419269568563,0.08951258141427454,0.04511071905446839,0.1177820671532197,0.08818557416003647
naturalized_share_of_foreign_born,8,313,70525.0,0.014708672626079458,0.003045842960047448,0.20707803059311858,0.7929219694068814,0.12206349645566068,-0.012973607187591218,0.12054963811387283,0.0119968253546473,0.11021552777430126,0.1741292452842067,0.11024852392756325,0.17363467545974698,0.11083280455358901,0.16485254125284765,0.1116480026783333,0.15252199712709957,0.11158831173644385,0.1534279378744462,0.10926517916653519,0.1883102111385221,0.11171899290468601,0.15144393427402825,0.11085614060994499,0.16450082047903303,0.11470913713371826,0.105413079992559,0.11027549952691827,0.17323023599358345,0.11086113511650529,0.16442553371344248,0.11702298844983161,0.06895882627448158,0.10929507036745052,0.18786604948661734,0.10960569988919586,0.1832431278061154,0.11030552808417944,0.1727799077969655,0.11041913058894194,0.17107513981921785,0.1084533846368848,0.20032643745561196,0.10967874345108604,0.1821541568829146,0.10952329674103992,0.18447076537978524,0.08545122447052894,0.21898078519583528,0.16163785010509968
naturalized_share_of_foreign_born,9,313,145319.0,0.012319767862548939,0.0012297817827706967,0.09982183077565367,0.9001781692243463,0.11404774791647627,-0.05577385466490581,0.1088903484761329,0.03755426859151534,0.09778342630397327,0.22388160504135557,0.0976485290623778,0.2260215180650963,0.09790550546308381,0.22194248244554882,0.0988098056542256,0.2075031118804045,0.09906252655851372,0.20344406829384343,0.09887499763426626,0.20645703180047859,0.10039972428669089,0.18179427166917472,0.0988152621246719,0.20741558301185659,0.10289538825795269,0.14061197882308962,0.0976127111256947,0.2265892117761913,0.09883403015874453,0.20711448248030473,0.10764684255022638,0.0594106284860042,0.09657752313863126,0.24290635345923872,0.09679127078038059,0.2395514100748145,0.09717463073837537,0.23351568272278433,0.09817693644880138,0.21762236447872874,0.09798933405524789,0.220609536176411,0.09806852198818225,0.2193493325322483,0.09763261780316627,0.2262737280889836,0.10323981483280067,0.2510853137661087,0.18846724947358096
naturalized_share_of_foreign_born,10,314,468935.0,0.00807563870574483,0.00021430279372755678,0.026536946678298836,0.9734630533217011,0.10076323475675154,-0.2572664340990687,0.09461420252699655,-0.10850022468828069,0.08462417987019263,0.11322781025253648,0.08415674135499739,0.12299727940358507,0.0822662529871201,0.16195651797467991,0.08734346669072621,0.055321634420447574,0.08484237482159832,0.1086490087467733,0.08518771471814458,0.10137798342345905,0.08545088325915494,0.09581722067687981,0.0833947318513457,0.1388072753167563,0.09104563683248754,-0.026458499231321708,0.08413776431482502,0.12339275667928506,0.08331398886250689,0.14047408593897437,0.09548237031062677,-0.12893646835018924,0.08356593891214548,0.13526763631702732,0.0814238020733926,0.17903267027403114,0.08597514940555218,0.08468833430491285,0.08496494527795014,0.10607170663174981,0.08460784835305259,0.11357005138915477,0.0838205505134119,0.12999021571217906,0.08287598145999307,0.14948791628443348,0.11052739327391474,0.1263502286849895,0.23149750409186576
same_house_share,1,315,2631.0,0.0024720156748717016,0.001363844979251979,0.5517137262176799,0.4482862737823201,0.051625371749194696,-0.07814001154376737,0.05097012903874513,-0.05094562329632635,0.051376485070585474,-0.06776961207783838,0.05147994754182628,-0.0720745122486861,0.05149288964371533,-0.07261362086527234,0.051948899830250674,-0.09169542127336272,0.05135076454635204,-0.0667007682432037,0.05112826556257205,-0.057476927031445246,0.051227370262683855,-0.06158043037745098,0.05302926542828239,-0.13757490312401632,0.05117606230403048,-0.059454994387095006,0.05139117263201421,-0.06838020945419698,0.05298616801219523,-0.13572661741406367,0.04959735762903264,0.004901987965820087,0.05089532411795919,-0.047863103540618734,0.05089041886676361,-0.0476611288353026,0.050135148120182646,-0.01679495910280049,0.050757975205719924,-0.042215093202510934,0.05050191841090833,-0.031726371765183226,0.050724248377807264,-0.040830525327077316,0.05053518418742071,-0.033086022397118775,-0.010002299635019855,-0.1607778699993929,-0.02112888895235976
same_house_share,2,314,6761.5,0.0018305123040211779,0.0003889604413665141,0.21248720399861026,0.7875127960013897,0.04352860846990226,-0.03508714536568669,0.04154493390968776,0.05710465328816727,0.04141241648402714,0.06311023680140138,0.041330361265218885,0.06681929503504558,0.04108602579406957,0.07782017534506525,0.04206668745986163,0.03327271280378841,0.04123875504339084,0.07095138678231017,0.04135471849191082,0.06571906794164595,0.04120029392814692,0.07268352360331287,0.04288771179664213,-0.004831171640437004,0.041465188900089704,0.060720932198535804,0.04119260072850644,0.07302980097394762,0.042685359102162375,0.004628443262582604,0.04430201848809384,-0.07219647625854031,0.04244942065073842,0.015601638063346135,0.04226434416058053,0.024166740971913514,0.04385118813136495,-0.050485536922190155,0.04227945248761237,0.023468949798661987,0.04237332068506412,0.019127977487492398,0.04232485515570889,0.021370487367665114,0.04407576575403211,-0.061272913892325365,0.005164832971820942,0.08484851976288099,0.009714641746878305
same_house_share,3,315,10800.0,0.0010971391410417967,0.0002961024000470967,0.26988591416575514,0.7301140858342449,0.034326337892319,-0.07397268862251538,0.03317093210922995,-0.0028907873529464556,0.03250462799700101,0.03699466940887153,0.03250877154311676,0.036749134445202225,0.03208742102117976,0.061556962763372525,0.0328998172700643,0.013436002861202834,0.03267313724398916,0.0269840374568473,0.032351943471646064,0.04602050256020451,0.032326075244039514,0.04754547386665975,0.03385920839152924,-0.04494129323687046,0.0334713765284988,-0.021140350210019365,0.03250896649130825,0.036737581589260326,0.03385166058673917,-0.044475474087688704,0.03283895703138182,0.01708264834582285,0.03235792744781019,0.045667564349652356,0.03192227939314284,0.07119171713603911,0.03280160942355081,0.019317112546449633,0.032538041899060725,0.03501376350522711,0.03225127114429571,0.0519484252150515,0.03217479610996697,0.05643918260454439,0.032843834079902066,0.0167906724721969,0.019962072935808275,0.05033341385711225,0.03963992179814868
same_house_share,4,314,15913.0,0.0014618076010596754,0.00022651942542038425,0.15495843998634198,0.845041560013658,0.03891465022528598,-0.03594344499138358,0.037507293000040194,0.03763188317596211,0.03485182922079909,0.16907669712810613,0.034814557102759984,0.170853000502454,0.035225657234126816,0.15115578364985138,0.03522909546064881,0.1509900714185426,0.034924446438967444,0.16561046872096996,0.034879108731199884,0.16777541380891992,0.03472832384740915,0.17495539332519028,0.03556577216375577,0.13468492797052645,0.03545227842701625,0.1401987205733698,0.034927718822498996,0.16545409857001503,0.035739820671685296,0.12619500629339042,0.03761213265359914,0.03224437899595545,0.03490587415707705,0.16649766372369545,0.03533833514738352,0.14571662503086014,0.0352499340809498,0.14998536619281055,0.034947329566733694,0.16451669634187305,0.03502334572480107,0.16087811770184757,0.034814970828919774,0.1708332936975513,0.035636951180998806,0.13121789176888587,0.07179232842203047,0.20218295594798033,0.1332211173264919
same_house_share,5,314,21832.5,0.0008437442157203887,0.0001901330630100727,0.22534443432923226,0.7746555656707678,0.03026057194158657,-0.08528413845197136,0.029586053394952138,-0.0374406593609633,0.027270969550863732,0.11856488449030611,0.027254342910585136,0.1196393484563798,0.027118115302578665,0.12841811077060428,0.028265336200824484,0.05311442062626359,0.02745226589490704,0.1068064364491913,0.02689855252095463,0.14247456250138213,0.02724168828568894,0.1204566895655349,0.028835779945902317,0.014509149104428798,0.028273532140277224,0.05256521491555599,0.02733043657819289,0.11471658159235432,0.028898198363217418,0.010238111171110509,0.028877132576739253,0.011680589546203546,0.027047910472102976,0.13292506511316715,0.026861242601354484,0.14485179199387832,0.02774268440457996,0.08780822003622102,0.027265479437173244,0.11891974476625389,0.026714871891440874,0.15414604701407741,0.027014340802069898,0.13507601548735126,0.028424296883111724,0.04243414266318224,0.07881113622152895,0.1544419917163896,0.1570800078173431
same_house_share,6,314,30910.0,0.001155315375105701,0.00014929500763490662,0.12922446186717412,0.8707755381328259,0.03399487134075529,-0.0002907451731728461,0.03327988580896987,0.04134332207191205,0.02987061622802745,0.22769684099420584,0.029851784552266752,0.22867031794377213,0.030331419909284056,0.20368493873013516,0.03033961035776046,0.20325481985686455,0.030004896489067234,0.22073761613596588,0.029748348281995123,0.2340063634780971,0.02971465706017679,0.23574041925726863,0.03132888259292028,0.15044938752660086,0.03011417797546828,0.21505094221116117,0.02995370208688645,0.22339450504771663,0.03152769622062344,0.13963264888691385,0.03322306494820948,0.04461407825377517,0.030022051215106968,0.21984630466807153,0.0305169507807761,0.1939133633782837,0.03061337135798891,0.1888115348448537,0.030106901168759213,0.21543024743135164,0.029927702399976813,0.2247421005198409,0.02988478606383191,0.22696394653339458,0.03135094018269428,0.1492526876057978,0.10300820370540903,0.2626053534233426,0.18732699587186008
same_house_share,7,315,44668.0,0.0015800347783021368,0.00011329332642648881,0.07170305868091764,0.9282969413190824,0.040007137131097915,-0.012997336138641291,0.03916958898615254,0.02897282869128137,0.032369470836376736,0.33686102570921683,0.03236847522345659,0.3369018184413809,0.033555448542029,0.2873776309742425,0.033551583743216665,0.28754177620840893,0.03253779868312679,0.3299461773358259,0.032164147256453564,0.3452470901643633,0.03227166235543381,0.3408624889242954,0.03563324527789392,0.1963922652392721,0.0327321468356725,0.32191781397159125,0.03247085390946679,0.3327005404634714,0.035757855994548594,0.19076194848011485,0.03874660450022793,0.04983144617212809,0.03222880320138512,0.34261209306432705,0.03334122703253456,0.29644749894078326,0.033274859079123316,0.29924564829813394,0.03235730296055799,0.3373594877408914,0.03207573191473572,0.34884181538613157,0.032117336487469575,0.3471515201976808,0.03515252573351338,0.2179285656147576,0.17363250263106722,0.3629246240568814,0.3079289897500995
same_house_share,8,314,70275.5,0.0014102569738671067,8.584119949833047e-05,0.06086918986327919,0.9391308101367208,0.038294423547877,-0.0398550775061699,0.03728747392149761,0.014111798622183369,0.03184918713147923,0.2807192307977411,0.03184502937173895,0.2809070158993031,0.032079164044721636,0.27029414860022927,0.03344548593225814,0.20681085080718986,0.032136088594239436,0.2677021214758244,0.031786369415709066,0.28355377824415173,0.03182068574044606,0.2820060033345073,0.03417550715433369,0.17180676224333646,0.03308113849234875,0.2239983604200324,0.031874714487409826,0.2795657511496663,0.03424152648019793,0.16860390877628573,0.0367909519240827,0.04019326366563569,0.031664072364921664,0.28905618102940467,0.03184788443494278,0.28077806968742536,0.033089104700419814,0.22362458036777633,0.0319914654491282,0.2742784609131762,0.03161447414762016,0.291281664156672,0.031637006395387544,0.2902710695929446,0.03389878123859933,0.1851645545766326,0.14595905748983679,0.2991138325643986,0.26679521727711974
same_house_share,9,314,144842.0,0.0014102526942960112,5.054547469166222e-05,0.03584143104005498,0.964158568959945,0.041483132068551004,-0.22024248078170272,0.037533719830647176,0.001044188730466522,0.03104641243896339,0.31651984837271807,0.031016897727498497,0.3178187508314958,0.03172968549641964,0.28610457843920145,0.03161258464464968,0.29136422716496757,0.03104714460952582,0.3164876108348843,0.031133191748968777,0.31269365242240255,0.031017480669665847,0.31779310829584306,0.03432908560989912,0.16434400474584776,0.03151201455166949,0.29586586494675515,0.031123778101745478,0.31310922698839105,0.03453425822892136,0.15432532322360282,0.038005402168485185,-0.024221119966970628,0.030987009594017033,0.3191328281354381,0.0317015046948688,0.28737211140697694,0.03207118296671497,0.2706549818733307,0.03105018843526611,0.31635358275503056,0.03121130369063573,0.3092404772498035,0.030994841803639973,0.3187885956053903,0.034181737806218214,0.17150223915274954,0.17362579921608354,0.3296332792792917,0.3167745621010293
same_house_share,10,315,468058.0,0.001011458750144117,1.8390968415571836e-05,0.01818261833510404,0.981817381664896,0.0364697232107735,-0.3149727666906055,0.03217886194031131,-0.02374828002237006,0.027932811420574376,0.2285973562973299,0.027866990111707707,0.232228563176337,0.02760457895714115,0.2466200136263934,0.029887110284246513,0.1168800892617311,0.027886821163966242,0.2311354323443946,0.027880335586751206,0.23149301707152092,0.028105209867962756,0.21904593577376996,0.028665290796833953,0.18761007668382512,0.02997549294991287,0.11164921212827539,0.028140463968551452,0.21708550916929514,0.028970254305226633,0.17023246435910644,0.03224890695645513,-0.028209998418539106,0.027268408818788642,0.26485769251326985,0.026938689485257687,0.2825283373348314,0.029095960973912004,0.16301584728513485,0.027385643310580757,0.258522940824332,0.02726329171878052,0.2651335754054035,0.027547517479045373,0.24973142093023182,0.028343855160802137,0.20572724763905437,0.1339970268868337,0.23652928488854041,0.25597684319870706
moved_within_county_share,1,315,2631.0,0.0008527315952772946,0.0005142358585666912,0.6030453913220725,0.39695460867792753,0.03191506685855654,-0.1944807700656508,0.0314866211467843,-0.16262528177900415,0.03069895630893787,-0.10518470721331097,0.030844783115194372,-0.11570938697773903,0.03074050314630302,-0.10817816405709002,0.03151867339783256,-0.16499350822833247,0.030790775310297714,-0.11180569532074358,0.030490424360481792,-0.09022109985258497,0.03115296155613464,-0.1381154622310079,0.030671832193542036,-0.10323259431108722,0.03287119271920209,-0.2671224061207187,0.030779818261244034,-0.11101455304600649,0.030626690372940454,-0.09998757920414914,0.03143587995678869,-0.15888112288870593,0.030365422732699564,-0.08130026240637744,0.03027734421378815,-0.07503648008035757,0.03013064907418553,-0.06464451259894655,0.029828901423938816,-0.04342722268866117,0.03042476263094428,-0.08553053068039751,0.030264774417575392,-0.0741440514454863,0.030036417198801735,-0.05799569657917525,0.02038446833014592,-0.2914927411048673,0.04691589480126512
moved_within_county_share,2,314,6761.5,0.0004580901222128174,0.000170893242643234,0.37305594326664215,0.6269440567333578,0.0235515461114403,-0.2108432322441789,0.02173239171374264,-0.031012952905655977,0.020462354151462667,0.08597038635694487,0.02048453638741357,0.08398760274440642,0.020375137910498782,0.09374547770978148,0.020826513019908347,0.05314779006104564,0.020311601359438363,0.09938867969505671,0.02076165517795625,0.05903597386868775,0.020526204795359496,0.08025721823946708,0.02099006748372419,0.03821778377790119,0.020509459253112303,0.08175728211913769,0.02041384708109127,0.09029875903637508,0.020913612022011946,0.04521152804066153,0.021944667948771184,-0.05125264228705717,0.020654582647859996,0.06871647374425194,0.02057628511720229,0.07576372269449028,0.021386459211840486,0.0015487882377237527,0.020586540939613106,0.07484216029116486,0.021462358401355613,-0.00555066746067312,0.02083399749698449,0.05246712239146578,0.02120253580080586,0.018648290836523307,0.05741914386440862,0.13396347224665808,0.1150005556500624
moved_within_county_share,3,315,10800.0,0.00043036873748895433,0.0001407217378908508,0.3269794611753427,0.6730205388246573,0.022183297062575956,-0.14343497958915075,0.020746456761586374,-0.00010858286708126386,0.02022122658351192,0.04988915568658414,0.02023337563875134,0.04874714616248488,0.020090124843330507,0.06216906326527816,0.020863851437156147,-0.011458916211112724,0.02019386207146542,0.05245890363531358,0.02009534071571375,0.06168203379087911,0.020274160421577994,0.04490836579311419,0.020379327929490418,0.034974033474335364,0.0209112935683134,-0.016064041388248906,0.020268292355457337,0.04546116104254927,0.020387776759632426,0.03417370967547029,0.02042052216559686,0.031068734340083948,0.020055986433184955,0.06535359850941147,0.01994061254085437,0.07607594635127501,0.020622456395263007,0.01181087117081936,0.019819568003052807,0.08725880481103376,0.020214265321279432,0.050543204268949316,0.01994085547000207,0.07605343456036451,0.020145604432045307,0.056982204840425266,0.024731024132517928,0.07243039900032683,0.04885572902956614
moved_within_county_share,4,314,15913.0,0.00038062185779874196,0.00011033432109934345,0.28987909873973644,0.7101209012602636,0.020395262720960167,-0.092860887870855,0.019693329621591024,-0.018930530757123254,0.01866095958572695,0.0850987521471619,0.01865846148220199,0.085343687574303,0.01886310779965788,0.06516972535598309,0.019223093323776905,0.02914845965039703,0.0184496856507438,0.10569796863519298,0.019101005367249235,0.04144126627482925,0.01873106153748872,0.07821198616841785,0.01830391072952271,0.11977428219193598,0.019040071776318446,0.0475472550526852,0.018663113770406452,0.08488751113366522,0.018280038906527067,0.12206875254958682,0.019341825075810223,0.017118461281186104,0.018519339741734458,0.0989326087228225,0.01871140456589253,0.0801456783030261,0.01904107526828229,0.04744685586580133,0.018348374742796592,0.11549258455853018,0.019098408929786176,0.04170184613464445,0.018591893036105124,0.09185854783793068,0.01820569405169068,0.12919531783951854,0.05254917067220784,0.12018191187281223,0.10427421833142625
moved_within_county_share,5,314,21832.5,0.00033935928818430467,9.410837549485183e-05,0.2773119191708758,0.7226880808291243,0.018906456181499037,-0.053320471219314935,0.018342821406890815,0.008546078213240715,0.017459358349224054,0.10175084466505546,0.017434963164273752,0.10425925818628701,0.017366526792757027,0.11127744740037315,0.017545885992115987,0.09282543319947234,0.01737876405296124,0.11002453587045724,0.017400882862895643,0.10775766289393307,0.017520489855038613,0.0954496445260159,0.017859299161701942,0.06012719364868324,0.017547048199201908,0.09270525008322084,0.017443857197863673,0.10334514323296606,0.017865434248643543,0.0594813461558662,0.017802513062711557,0.06609460125961697,0.017270411863387927,0.12108748363161714,0.017194423500620552,0.12880475115174395,0.017432956595363442,0.1044654257679416,0.017212333202165843,0.12698893303465253,0.017354109755356967,0.11254786332114697,0.01739110169583979,0.10876045322566197,0.017691385859333227,0.07771749729203015,0.049493925851342005,0.14426591630883498,0.09571317997304629
moved_within_county_share,6,314,30910.0,0.00035415533725821304,7.83992084047881e-05,0.2213695521624388,0.7786304478375612,0.018842914942762374,-0.0025415578625269664,0.017916403302355992,0.09362510310374095,0.016796474381224356,0.20339601875480817,0.016710876990998554,0.21149456063489314,0.016856877418626813,0.19765626432043593,0.016618486751112153,0.22018935522766703,0.016611137138937197,0.2208789533294555,0.017018084659983876,0.18223678983208058,0.016929904688918487,0.1906893878973519,0.017008543508878454,0.1831534870177859,0.016885269427478637,0.19495121591046194,0.016722941131399376,0.21035565283503688,0.01698732594365414,0.18519019097670586,0.01747109832808695,0.13812035376122533,0.016620959550539664,0.21995726926103476,0.016735056291533126,0.20921110140833366,0.016714751066924233,0.21112892045574916,0.016565655302347784,0.22513963019531102,0.016882930887604775,0.19517419231261557,0.01687263946220342,0.1961550978576928,0.01694569990461989,0.18917854667803613,0.06728617853779349,0.27162379948313475,0.11786945753115219
moved_within_county_share,7,315,44668.0,0.00042446970600762803,6.210948538612013e-05,0.1463225396466903,0.8536774603533097,0.021119302715566807,-0.05078157729289656,0.0200415927319529,0.053724132609244246,0.017536361918983195,0.27551016008657736,0.01754011132153823,0.2752003245046071,0.018077079246900944,0.23014342490471096,0.017116548396199534,0.30978294834030906,0.017510084659606052,0.2776797485258906,0.017874177448933513,0.2473285726774056,0.017457345102829674,0.28202438542501207,0.018377599141682917,0.2043339125682735,0.016877052449762082,0.3289629498626655,0.017617084700981746,0.26882491501999506,0.018416143401045092,0.20099283183765815,0.019537819095427015,0.10069818975780431,0.01725077913097671,0.2989149133286002,0.017744896192800876,0.2581771173850972,0.016860511902260514,0.33027762032760977,0.01730563939042776,0.29444869569527554,0.017518272120322607,0.2770040977290442,0.01732448325520793,0.29291132956709465,0.018114534989665913,0.22694983117138223,0.1248145017150501,0.3223703767353896,0.22147619189536283
moved_within_county_share,8,314,70275.5,0.0003616271049766868,4.744341689195688e-05,0.13119430551262312,0.8688056944873769,0.019852101549543557,-0.08981304362900766,0.0181558426146457,0.08846815819009057,0.01581256843767398,0.3085769369742276,0.015812848277423464,0.30855246411649917,0.01576032845000282,0.3131378996937155,0.01620214275334986,0.2740880697622188,0.015767044003032908,0.31255242438311515,0.016318862846537534,0.26359147049756915,0.01625463305722786,0.26937695712228793,0.01627809965239639,0.26726585301057604,0.01664223412772024,0.23411726347306994,0.015819056319251897,0.308009440144715,0.016269006351758174,0.2680842668289173,0.01767408616290533,0.13620047448064054,0.015539432601774004,0.33225700656303403,0.015471793885543903,0.3380573448658233,0.015787155904805252,0.31079753665396603,0.015671024435219377,0.320899889777137,0.01602173645443384,0.29016371980224553,0.01614853239235948,0.27888398065765885,0.016060290135627868,0.2867434003400433,0.12904905527944066,0.3551455360781849,0.2200843059264086
moved_within_county_share,9,314,144842.0,0.0004456948225463887,2.7915172255570294e-05,0.06263292917804723,0.9373670708219528,0.024273039427231146,-0.32193692461974877,0.019924314988344745,0.10930460110188778,0.017288190856286065,0.32940315219330385,0.017234495536520848,0.33356229111806235,0.01756275796405768,0.3079334744303265,0.01716239968842945,0.3391263524611703,0.01717832490569674,0.33789931666759054,0.018002005185544828,0.27288320548831846,0.01761397887162876,0.30389083292998587,0.017934106538797095,0.27835783348941934,0.017727139264763988,0.2949178437458081,0.017279671578004658,0.33006390305863487,0.017968600542226418,0.2755791875673078,0.019117960596552592,0.17994017681617558,0.016844069641046615,0.36341490248543806,0.017164697338921165,0.33894938906071304,0.01665732815210142,0.37745163925948155,0.016872021722138555,0.3613003728292429,0.017511414533916667,0.31197397082899414,0.01735923432976623,0.32388037448119555,0.01751305941502603,0.31184470952136933,0.1350018534337255,0.35585023359693047,0.22425769001617457
moved_within_county_share,10,315,468058.0,0.0003958458266375752,1.0619383918502032e-05,0.02682707055094161,0.9731729294490584,0.02686676486737289,-0.8234954264140371,0.01903051827767827,0.08509676862494675,0.01570885484258831,0.37660547652699183,0.015744304003155945,0.3737887534412564,0.015907971306956276,0.36070173266057515,0.016350742878924268,0.3246188927552657,0.015678558768099458,0.3790077133494416,0.016276974242436015,0.33069929588648506,0.01671823575556193,0.29391852087289827,0.01618287517327558,0.33841553642652444,0.016995097779387375,0.27033878067032135,0.015771388590092476,0.3716323848288665,0.01620220891061221,0.3368337976101248,0.0180956693381699,0.17277579612784733,0.015172834473306694,0.41842280387323116,0.015252125540903131,0.4123284423850795,0.015523735894390208,0.3912115275641923,0.015458553761506939,0.39631324036620097,0.015410078451833044,0.4000934153865159,0.016567288056306556,0.30661127370697483,0.015621681870143168,0.3835050718486094,0.17268128101255492,0.38409283913483816,0.28869198481630964
moved_different_state_share,1,315,2631.0,0.0003454540816609434,0.00033237463993497017,0.9621384073301804,0.03786159266981959,0.018702067101146483,-0.012485688905756076,0.020221303192079276,-0.18366267615076004,0.019852797954421793,-0.14091454564409744,0.019877666341443587,-0.14377464374429838,0.019640057798012114,-0.11659375525296278,0.02140541889788023,-0.3263469228406304,0.01967351154836742,-0.12040087870093696,0.01985897194557201,-0.14162427851146764,0.01980007992802945,-0.1348633174962386,0.02024324032821568,-0.18623226860031017,0.020479227652194575,-0.21405068718233533,0.01986902735347407,-0.1427806731216108,0.020235377330222886,-0.18531092099929447,0.018954700646081964,-0.040024407455712785,0.019588692104299466,-0.11076081808654115,0.019345482264791835,-0.08335001357631189,0.020495269964464692,-0.21595347461711434,0.019423977952310913,-0.09215939113483773,0.01953577918920083,-0.1047681552762525,0.019482754774767283,-0.09877912511181641,0.019884943765093487,-0.14461229301386203,0.016993803385050448,-3.797374426324773,0.03988803240646166
moved_different_state_share,2,314,6761.5,0.00048723426740719076,7.91144261161465e-05,0.16237451141758283,0.8376254885824171,0.02207427875291405,-8.11007287564447e-05,0.021918007369724393,0.014028611707200822,0.02093011574427579,0.10090530495738248,0.020873487993827336,0.10576383851850635,0.020845078442073207,0.10819635579315479,0.021477057760915182,0.05330137693250503,0.020745652567767368,0.11668343289402827,0.02082542555388049,0.10987716071749787,0.02086054030498573,0.10687287219833197,0.0211336176952833,0.08333664775442706,0.02149705710859841,0.051537432312542375,0.02086760107270545,0.10626816778127335,0.021123391917532725,0.08422351228266312,0.021937236386432163,0.012297836038654308,0.02074735534269899,0.11653842409962734,0.020704964621529418,0.12014488993132333,0.02133339001734334,0.06592462789211517,0.020636269414120348,0.12597359459476698,0.020698119230644844,0.12072658196686759,0.0207283405490323,0.11815705368362683,0.021001511622856687,0.09476093955358122,0.04765576351342341,0.1262662609485526,0.09173522681130553
moved_different_state_share,3,315,10800.0,0.00017882829412245742,5.0777204486136884e-05,0.28394390683705706,0.7160560931629429,0.013870680440664052,-0.07586876467810044,0.013567888199124804,-0.029409753570043273,0.012791966024630771,0.08496362067148622,0.012797947185802312,0.08410773041078434,0.012723852581676603,0.09468227433084231,0.013205234210002342,0.024884672771043337,0.012760823161245551,0.08941362690026644,0.012606959604991324,0.11124002349959372,0.012922122238929006,0.06624819088483413,0.01283038319832346,0.07945924427879458,0.013312043604626301,0.009046606404899182,0.012792671407693027,0.08486270280506414,0.012815990025422568,0.08152341810487507,0.01319513376843303,0.026375797961735614,0.012608331786953506,0.11104654199159747,0.01253801673474241,0.1209340534611788,0.012676337540653938,0.1014311564446514,0.012628107304877493,0.10825579986632539,0.01242187360345366,0.13714468631839782,0.012720004033499498,0.09522984935791157,0.01260233873879212,0.11189142374469496,0.05674729936027606,0.11745969514659951,0.11351748398082762
moved_different_state_share,4,314,15913.0,0.0002085482764872203,4.178553203007982e-05,0.2003638329403332,0.7996361670596668,0.014554456285514323,-0.015746575972917842,0.014168302655036583,0.03743726150132942,0.013207900908108005,0.16350952720968492,0.013189197976270625,0.16587685984582579,0.013140236085286085,0.17205834886084304,0.013390932341164605,0.14016518387944288,0.013223234695173247,0.16156614310668505,0.013078776379741053,0.17978515827363084,0.013233656608693273,0.16024399632215136,0.013509686255894228,0.12484712984966062,0.013578636339241494,0.1158912078342288,0.01318549535538499,0.16634512307977267,0.013511556055057715,0.12460486318066466,0.014083720009366531,0.048895667500824413,0.013146272413019085,0.17129749874534583,0.013101036895107523,0.1769907159242987,0.013278458848267725,0.15454842228847643,0.013243609920401175,0.15898032494890257,0.013046616850803905,0.1838138673751588,0.013190910001120236,0.16566029895568823,0.013420791102039191,0.13632643319585613,0.06910529105742272,0.2074404168783032,0.12843959834449636
moved_different_state_share,5,314,21832.5,0.00014994884023229055,2.9046582446605472e-05,0.19370995068457003,0.8062900493154299,0.012948588083726738,-0.11815425249233957,0.012772471151265096,-0.08794452199283387,0.012293970424502493,-0.007955170339454032,0.012326653941758437,-0.013321591313969261,0.012190158903295499,0.008995509018985826,0.012989618208850131,-0.12525165883447698,0.01230372943689478,-0.009556044726993562,0.012088250369102629,0.025495650651637503,0.01241008013657532,-0.027084229245383673,0.012119592140283882,0.020435813846326978,0.013256500095212351,-0.1719650148819336,0.012334280569335639,-0.014575884197665756,0.012130009541910968,0.018751120322662795,0.012355266597398763,-0.018031299584035043,0.012101983275322657,0.023280213642822845,0.011948571779950136,0.04788614997319285,0.012636416727713276,-0.06489004829292444,0.012153651459707909,0.014922399031323086,0.01183986854171455,0.0651312349737373,0.012162959932978279,0.013412880672767358,0.011865154859928532,0.061133786483470676,0.03490453837999095,-0.016522083244459963,0.07462293067886461
moved_different_state_share,6,314,30910.0,0.00017575100327767233,2.588870623340055e-05,0.14730331975686362,0.8526966802431364,0.013450828223752802,-0.02943810579026107,0.013133683490385328,0.01853395537609437,0.012426732154546379,0.12134969837492193,0.01242902291405894,0.12102572550248647,0.012302003860877398,0.13889937371260064,0.012865190731753963,0.05825213240512328,0.01252022283392281,0.10807917515315468,0.012241381464900877,0.14736520773957884,0.012452106605973746,0.11775775935935484,0.01259832808182315,0.09691627645224632,0.012736190177909711,0.07704344656511408,0.012411103438310863,0.12355841113983212,0.012576729788142874,0.1000100755381863,0.013107635140413632,0.022423225073940234,0.012357146717904565,0.13116242775258913,0.012239949494869678,0.14756467477876767,0.012708626138426155,0.08103410328123661,0.012499970069008654,0.1109623910410853,0.012153422513225706,0.15957419286182728,0.012389403085001234,0.12662058287015976,0.012477317938576248,0.11418165451750295,0.0536529281250187,0.14193291507594166,0.1024917701263921
moved_different_state_share,7,315,44668.0,0.0003431959694839638,1.9680397598785026e-05,0.057344489296820296,0.9426555107031797,0.018587358634197262,-0.006684028124668506,0.01835193095868513,0.018655812249908088,0.016978728213609923,0.1600215696440348,0.01698068912407938,0.15982753654657678,0.0169247833154621,0.16535065750902156,0.01747567924180099,0.11013125992849371,0.017066776426831992,0.15128706773149236,0.016842127732915237,0.17348310646437615,0.0169760994606183,0.1602816509467463,0.017397675734551983,0.11805747188775817,0.017289086640306595,0.1290325544746963,0.016977567198377095,0.16013644213593203,0.017393670328035588,0.1184635182770638,0.01830899778570837,0.02324202576995149,0.01689743799627066,0.1680455593137351,0.016829856173377237,0.17468710590495806,0.017427141944737143,0.11506747349430158,0.017015111936141577,0.15641773230977463,0.01677287005516987,0.1802666846273685,0.016881689769673674,0.16959558147485376,0.017272434085779644,0.130709548552718,0.07471921280070015,0.1695503126347317,0.1411717242966687
moved_different_state_share,8,314,70275.5,0.0002967041092071689,1.6813782536037197e-05,0.05666851929002857,0.9433314807099714,0.017433393608980774,-0.02433098597041039,0.017301117553736468,-0.008845713017094248,0.015056807619145202,0.235914001037127,0.015050358610447498,0.2365683949968087,0.015030623390589009,0.23856922604338915,0.01588892883841838,0.1491251661228311,0.015134715220139938,0.22798640906318468,0.015022566848046438,0.23938527407974608,0.01502728274170087,0.23890765381565338,0.015484060090867618,0.19193530032914563,0.01594276644418161,0.14334923579959014,0.015052634181708215,0.23633752018539322,0.015496743279407149,0.1906109662263883,0.017228298753521703,-0.0003713084180831938,0.014972802468354121,0.24441621534867997,0.014956523447860052,0.2460583230743385,0.016070065512457633,0.12961432767227576,0.015103992037704713,0.2311175733809646,0.01489704152931498,0.2520432328384713,0.014961275786751712,0.2455791267422236,0.015345459656145062,0.20633680238667218,0.13009326919479144,0.2507797098203086,0.24541410801390295
moved_different_state_share,9,314,144842.0,0.00023858853571919158,1.0644401343814526e-05,0.0446140520194253,0.9553859479805747,0.01642680064978438,-0.13098384536525387,0.015624454582598965,-0.023199125087136396,0.013253888188638346,0.26373012187107825,0.0132399896768596,0.2652734712716197,0.013282668973699372,0.2605290336643601,0.013565822272047121,0.22866564664545785,0.013268623309467011,0.2620921034707968,0.013150782166202754,0.2751408986957238,0.013360423332742,0.25184623355011193,0.013794937448430395,0.20239126900010584,0.013610982831905696,0.22352156153691616,0.013253859332667444,0.26373332783731995,0.01382478803631137,0.1989356752921122,0.01630492512427333,-0.11426386228822949,0.013405111018005123,0.24683304307404796,0.013466272018436821,0.23994469588444767,0.014021453129910764,0.17598241976858664,0.013460424304044887,0.24060465898425687,0.013352072661411588,0.2527811790360285,0.013555471448178385,0.22984226535240504,0.013997887912286198,0.1787498698783162,0.15261108111863025,0.27766105607093705,0.2884725963587561
moved_different_state_share,10,315,468058.0,0.00018140387261063708,3.878888701250444e-06,0.021382612429537488,0.9786173875704625,0.014349745594939152,-0.13512019162594902,0.013650403886644666,-0.027175018851266053,0.012296495136104705,0.1664797975025123,0.01224703320276114,0.1731718837586781,0.011928557714437049,0.21561493093333184,0.013605997986050661,-0.0205029172324267,0.012246812138643745,0.17320173268210004,0.01218824650686093,0.181090509402406,0.012312210313177408,0.1643479237001514,0.012317137130817338,0.1636790057674702,0.01344748144945877,0.003137282952723308,0.012275741830805764,0.16929095653849824,0.012353664595211238,0.15871129576962084,0.014637930289220218,-0.18117105257160016,0.01243691146476342,0.14733481399065818,0.01214736976166065,0.18657418938775727,0.01385096969857241,-0.05758140016422941,0.012513751789700845,0.13676603701646228,0.012385239440341603,0.154405284809788,0.012575823532222032,0.1281810292272899,0.012614431702642061,0.12281978939797744,0.10280799715066018,0.17695565801114418,0.20034690260994414
children_married_couple_share,1,315,2694.0,0.022033606810347352,0.008541466477273937,0.38765629934281665,0.6123437006571834,0.15845748224672526,-0.13956711200727012,0.14056720901713096,0.10322715563815177,0.1287748558265312,0.2473786232149583,0.12534468969688853,0.2869396567505694,0.12469742383702774,0.2942849690732863,0.12072787653354596,0.33850048710797787,0.12485198921411822,0.29253438418434985,0.12523557571067878,0.28818057077156733,0.13717634362967449,0.14597054338059667,0.13048818472055843,0.2272183806207193,0.12887923275729093,0.24615807211792007,0.12533443681007217,0.2870563051383447,0.1304588261984359,0.2275660776028252,0.1445308882888359,0.05194016352556241,0.12948319865793376,0.23907606779946766,0.12907360580679259,0.24388249915835536,0.12493389758400285,0.29160582287416936,0.127603668945974,0.2610063132819861,0.13116552372829848,0.21917483764667345,0.1427009198190842,0.07579577449618324,0.13458122478479378,0.1779781576174153,0.10829353038081066,0.46859248562958716,0.18371250111241766
children_married_couple_share,2,314,6838.0,0.020950678815051114,0.0038993510515664656,0.18612051122492243,0.8138794887750775,0.14507846856960216,-0.004633894123764026,0.12701767073375977,0.22993002656126793,0.10900062358730289,0.4328997142619837,0.10830380544181195,0.440127244719577,0.10817276839763036,0.44148120802648905,0.10567693854338388,0.4669568734031071,0.10906485407716798,0.4322311701743815,0.1099126141125861,0.4233703429034795,0.11226986777734183,0.3983716078122185,0.11317950937100907,0.388582992725762,0.10956820044902722,0.4269784451559824,0.10826834769846308,0.4404937798514622,0.1131708321864076,0.3886767407000228,0.13018792243309105,0.19100973781964858,0.10969814788513571,0.4256184367265454,0.1097461943022189,0.42511518265614734,0.10784002920105454,0.4449119285944281,0.11034247434419714,0.41885120993536173,0.11074037031529296,0.41465239738398896,0.11599585563351143,0.357775533531437,0.1142503377928409,0.3769586274025267,0.14733277018733665,0.5407769218781847,0.21019721815830905
children_married_couple_share,3,314,10832.5,0.018099715232184725,0.0030187642640934053,0.16678518006324597,0.8332148199367541,0.13515816848595322,-0.009282757995762614,0.12262922394956308,0.16916225622534609,0.11086305109825867,0.3209497530126847,0.10994766929218885,0.3321171174401185,0.1097974909412067,0.33394040390495083,0.10867423711236619,0.34749858434489567,0.10991643911770313,0.33249648221910577,0.11058755751363043,0.32432042604272815,0.1135012829819905,0.2882461920920012,0.11414898401028284,0.2800996930929601,0.11191080393193438,0.3080538629457681,0.1099866910335618,0.3316429540835374,0.11412014056748121,0.28046345944804774,0.12320008145147719,0.1614089020217958,0.10897361112051968,0.3438986321989306,0.10902215131110879,0.34331400665536205,0.1079046245012725,0.3567076697396636,0.10848560151124201,0.34976182860997407,0.11031270007801748,0.32767495828530824,0.11524637000998753,0.2661914494178601,0.11321640991596099,0.29181452250330686,0.10341380503712636,0.3985972278617514,0.16295486121477243
children_married_couple_share,4,314,15938.0,0.011518324757199095,0.002319673613204499,0.201389842889668,0.798610157110332,0.10758040272289408,-0.004793951723445655,0.09618978094789625,0.19671704402835544,0.08573079920834857,0.36190634594596904,0.08455602462127502,0.3792742043251556,0.08506019400197976,0.37184992121946203,0.08341706996393182,0.3958837150325697,0.08532485597605084,0.367934903660055,0.0864833026759201,0.35065542955279905,0.08771100428457022,0.3320886122958516,0.08741567065223438,0.33657891779758353,0.08786519535256963,0.3297382460483286,0.08459444841518346,0.37870993798847263,0.08737327820390405,0.33722221720433665,0.09592599532449513,0.20111676194545358,0.08373289210733222,0.39130061285378737,0.0842752018582047,0.3833903976529124,0.08302908829795881,0.40149026452119163,0.08436787137862907,0.3820335968117152,0.08503561922489694,0.3722128270048852,0.08654885013456098,0.349670753558766,0.08745199755750538,0.33602741388083157,0.12094586568320556,0.47491783187119785,0.18255716029680014
children_married_couple_share,5,314,21854.0,0.010598965237823702,0.001941512078126868,0.18317939860754945,0.8168206013924506,0.10333179776698631,-0.007405929746192141,0.0944946751669543,0.1575362844815159,0.0806512327491412,0.3862965678249789,0.07921874346479592,0.40790358536644056,0.07935556089940851,0.4058566186077268,0.07986272346830606,0.39823799242078306,0.08087489287459448,0.3828880319245058,0.0828655326201763,0.35213519977206276,0.08344121444928282,0.3431022639903659,0.07983301140602898,0.39868566721860543,0.08306935220988258,0.348944248638142,0.07931800876839692,0.40641879902275246,0.07986770266985063,0.39816295396498147,0.09324136520125548,0.17973575820699295,0.07814816455343175,0.42379888167986546,0.07802529108325827,0.4256093956321695,0.07915020321390304,0.4089277086742765,0.07997428198813183,0.39655564142311484,0.08121017606859623,0.37776070124685324,0.0820542806129125,0.36475827443273456,0.07911695866512573,0.409424126981618,0.1616591800031979,0.49937964918010036,0.25036730088492465
children_married_couple_share,6,314,31000.5,0.010833053919607738,0.0015403884142693232,0.14219336723518314,0.8578066327648168,0.10477217021410849,-0.013306841527435553,0.08693274662740182,0.3023848591295767,0.07402948336826412,0.49410716050691117,0.07325508799362557,0.5046357235201375,0.07362639669830992,0.4996012822418232,0.07252162752889615,0.5145056510869477,0.07315189773485042,0.5060303233122114,0.07447144006829516,0.4880487601185596,0.0799427491413418,0.410060802087569,0.07468206171264133,0.48514884324948293,0.07913638988024012,0.4219018709080572,0.07340332644401593,0.5026288641197987,0.07470714704981678,0.4848029132190418,0.08605815522341388,0.3163510367974455,0.07273002885724093,0.5117113662657156,0.07312081431249885,0.5064500255052236,0.07240488269329713,0.5160674841337864,0.07246725683922825,0.5152333448375535,0.0733952224872621,0.5027386807145366,0.07914596408091594,0.421761981728929,0.07425041215285721,0.4910831473948025,0.1573360921448783,0.5882861058017635,0.20225086439056084
children_married_couple_share,7,314,44712.5,0.008035698785703833,0.0010460398253703514,0.13017409602651384,0.8698259039734861,0.09018380857324283,-0.012123468744845711,0.07982098114609852,0.20711450229306272,0.06626791934440117,0.4535089913961451,0.06558480974172005,0.4647177073747336,0.06735653862550608,0.43540650084087085,0.06692518934325803,0.4426146265463047,0.06576535223046494,0.4617665906427709,0.0674762875782859,0.4333972057977349,0.07260640509237154,0.34396619372837545,0.06630634161468581,0.4528750945536678,0.07289334029733426,0.338770752687244,0.06551317758842833,0.46588634639109106,0.06623932790115016,0.45398045922252883,0.07906845893313445,0.2219940835533467,0.06511349432842174,0.47238351551948365,0.06687947051512305,0.443375903494441,0.0665106199495688,0.449498707698447,0.06533733660464208,0.46874967959436886,0.06671298530040594,0.4461436987147651,0.07068346934657661,0.3782553363303014,0.06646614543799832,0.4502346831062555,0.17835124549924555,0.5342651963477268,0.2576032050816709
children_married_couple_share,8,314,70365.0,0.006785792687795749,0.0007438444880872577,0.10961792119365249,0.8903820788063475,0.08260266649080551,-0.005512668204964877,0.06994634363967941,0.2790096583175511,0.06299816111089077,0.4151356391285602,0.06258550380785019,0.42277262700243423,0.06245359943672136,0.425203176392729,0.060347866049905996,0.46331031548793233,0.062199893944370074,0.42986368952164244,0.0638546554178532,0.3991244345165441,0.06985132829050004,0.2809671193282297,0.06255793274077537,0.4232810920030321,0.06692557836535669,0.3399395994526856,0.06251664134669475,0.4240421679400259,0.0625287344903448,0.4238193212127025,0.07138324570515539,0.2490828998405793,0.06218232337471918,0.43018575453501495,0.06233577900950899,0.4273698706253046,0.060628817121244266,0.45830153754441894,0.06140299297410689,0.44437920230614236,0.06270670940879898,0.42053469862828274,0.06901668153813512,0.2980477669022865,0.06308476121231552,0.41352657230859147,0.10523551981141072,0.4748215817295045,0.14376296868488314
children_married_couple_share,9,314,145240.0,0.006087892052777034,0.00042662100147417844,0.07007696552036798,0.929923034479632,0.07829755230679526,-0.006999901458316193,0.0635169222879099,0.33730766216722485,0.05293191058184358,0.5397771291680131,0.051786937419771924,0.559472003762614,0.052133621992529675,0.5535540843205033,0.05074387042532514,0.5770390862026519,0.05210311924402048,0.5540763516464993,0.05224525461412591,0.5516401069480636,0.059398690620658966,0.4204554849425517,0.05189549808168777,0.5576231152262361,0.05911315378475545,0.42601397658058526,0.05175813309581522,0.5599619181253186,0.05179812085709262,0.559281718357328,0.06454019940102344,0.31578331175833285,0.05195796442885654,0.5565575006608623,0.05210357591986143,0.5540685347076091,0.05129507470930338,0.5678003705350224,0.05191264784040361,0.5573306848349169,0.05226600763980323,0.5512838383266225,0.05910829005118989,0.4261084259564232,0.052647283018142435,0.5447132792165652,0.18467495661972133,0.6016325900300817,0.22216434159538911
children_married_couple_share,10,314,468935.0,0.0073586477466810974,0.00014504864139834077,0.019711317403902192,0.9802886825960978,0.08568563535524552,0.0022585182795973324,0.06962110405102127,0.3413058626879819,0.05698182460620569,0.5587601897486096,0.05648853254455024,0.5663667539357489,0.05590817816627042,0.57523114389037,0.05765254023238471,0.5483116586541532,0.0569389235483972,0.5594243499000957,0.057608029027625615,0.5490088501729748,0.0656553795107334,0.4142091037524369,0.05909812641588222,0.5253763101457294,0.06577111316472985,0.4121420842737388,0.056503405047319794,0.5661383868549179,0.05907993325408506,0.5256684878167452,0.07007194425479417,0.3327473279500941,0.05651337328149841,0.5659852911026444,0.056309651447909406,0.5691087608297147,0.05729224829341719,0.5539395514624279,0.05727355761057997,0.5542305442121633,0.056780485225689716,0.5618728313338726,0.06476645244525021,0.42996410390281947,0.058965779833305317,0.5274997104029041,0.18862917624585404,0.5777550674520083,0.22506089124776696
children_female_householder_share,1,315,2694.0,0.017035098426736152,0.004989538048788076,0.292897518041758,0.707102481958242,0.1389799392962266,-0.13386040062250326,0.12272522562971867,0.11585594467556781,0.11338029688610521,0.24537614048618472,0.11200514304356962,0.2635703208781467,0.1115776117782591,0.269181595651914,0.10536525902954845,0.34829623332614323,0.11107282181293317,0.2757792507893745,0.11303789138956567,0.2499271463119236,0.11949135439802556,0.16183731856428252,0.1178802521919428,0.1842868465598646,0.11009820074045762,0.2884330044573421,0.11197841674928583,0.2639217277431849,0.1178531224121655,0.18466227113206035,0.12728662666069854,0.04891155185627771,0.11713132961286211,0.19461877864209132,0.11759337742091515,0.18825227381399878,0.11051762153399049,0.28300122702193664,0.115294839961219,0.21967576654442833,0.1189257954982414,0.16975267881681777,0.12571570110405625,0.07224266580815608,0.12388217563016031,0.09910743956867984,0.08735027807969348,0.37274698873665085,0.14771437620257888
children_female_householder_share,2,314,6838.0,0.018880274604085093,0.0035778048861045326,0.18949962122534006,0.81050037877466,0.13763013495342752,-0.0032721686791679083,0.12013246440280415,0.23561445444398255,0.10154439753178722,0.45386045032085476,0.1009818821136719,0.45989448093021135,0.10028247282183161,0.4673502072323953,0.09742007670437389,0.49732344766677217,0.10161601824280422,0.4530897786154158,0.10268083206297976,0.4415678005623602,0.10353535480047515,0.43223443946409024,0.1070945150298183,0.39252816021063586,0.09974803088075707,0.47301244959458,0.10093684329902072,0.46037615718964964,0.10707553719433215,0.3927434369532895,0.12146753936369291,0.21853026884058613,0.10151061611628771,0.4542237652582244,0.10081036281788816,0.4617276779822177,0.09909030723472415,0.4799392914683811,0.1028998212974248,0.4391833039996692,0.10261705679703323,0.4422612718033705,0.10556375270705834,0.4097699255292705,0.1072138014830384,0.3911741502977263,0.15941221537685554,0.5674204392421066,0.2242800264862288
children_female_householder_share,3,314,10832.5,0.016259735074197864,0.0028587024337593915,0.17581482236422102,0.8241851776357789,0.12796763194034774,-0.007132942184678415,0.11670173098443044,0.16239139490197085,0.10572883511186157,0.3124988492678329,0.10506592804621785,0.32109292151196966,0.10507306049128332,0.3210007425936161,0.1030250963029452,0.34721135247311186,0.10433330220481897,0.3305279637528725,0.10583289155235913,0.3111449305156674,0.10821753371113074,0.2797524345212953,0.10940585261698897,0.2638477483040538,0.10638585132985919,0.3039278123824385,0.1050734637114643,0.3209955312344436,0.10945686803739918,0.2631610597660575,0.11571180028351892,0.1765412742732837,0.10468545317187496,0.3260010660818553,0.1045584347665969,0.32763564529479106,0.10180309608639575,0.36260521309341176,0.10361486950492188,0.3397161064721944,0.10484685456529177,0.3239211547991502,0.10839802303675034,0.2773479183605012,0.10949429643483906,0.2626570545552471,0.09970548714281677,0.3895883233826682,0.1587015266099988
children_female_householder_share,4,314,15938.0,0.010213055439004028,0.002038769624057568,0.19962386733664766,0.8003761326633523,0.10099758041688232,0.0012282503521433563,0.09175167977173766,0.17572456242767165,0.07991886531338599,0.37462152525023507,0.0791008265883495,0.38735858193184225,0.07986937708129033,0.37539579282109203,0.07947227324410036,0.3815913119922447,0.07943036788590402,0.382243308070663,0.08219880195748584,0.33843078757390144,0.08273406686270614,0.3297866774029533,0.08128803532925605,0.3530100049731285,0.08371360659711755,0.31382258998288803,0.0792506129394775,0.38503617367073006,0.08134526080465461,0.35209874313356615,0.0891642470994534,0.22155881672295208,0.07727258700448657,0.41535099480981175,0.07796340595120997,0.4048507125203744,0.07808936565573718,0.4029260817260292,0.07797849811850802,0.4046202720494446,0.07919734995995605,0.38586250920308196,0.08026133185286843,0.3692503257943264,0.07981177288459486,0.37629643459535134,0.13788143404961423,0.48397068093829565,0.2116340195041706
children_female_householder_share,5,314,21854.0,0.009527617815939799,0.0017124758417772989,0.17973809139492455,0.8202619086050754,0.09788005631017575,-0.005550979097303621,0.09065262660840309,0.13746553758129065,0.0769210600044229,0.37897913345085243,0.07579683165030225,0.39699935501059336,0.07632941467841313,0.3884956704075708,0.07702089353825961,0.37736607869521566,0.07766011829636335,0.36698825558314574,0.07993758844780804,0.3293162918268435,0.07886611894655826,0.34717525011479977,0.07846338502625624,0.35382559326858787,0.07846587559221897,0.35378457119123286,0.07598460100085923,0.3940080615324023,0.07866578167455272,0.35048767425207816,0.08787438833438103,0.18952373255119748,0.07342557741155721,0.43413815264495004,0.07434195368693368,0.41992571650555455,0.07457094707166068,0.4163466404098304,0.07508608511814739,0.40825500274188375,0.07671354054051797,0.38232542321165663,0.07632554672115886,0.3885576442269193,0.0755756449278812,0.4005135159064124,0.16387605647957887,0.4839909678187108,0.2595338174293027
children_female_householder_share,6,314,31000.5,0.009379130216365624,0.0013041625239870157,0.1390494101160239,0.8609505898839761,0.09711654359537783,-0.0055967688193201415,0.08082886587850385,0.30342095604929187,0.06841119167067712,0.5010101109764058,0.06810024586646887,0.5055358673897824,0.0690705279031814,0.4913453897356377,0.06769874574064354,0.5113491262911325,0.06795259386959691,0.5076776942973649,0.07085578507441195,0.46471131515469033,0.07367833621542777,0.4212152830545586,0.07000335613463461,0.4775133986772393,0.07239999594245573,0.44112521187505505,0.06825367982885208,0.5033052423079989,0.0702971297211872,0.4731188998298924,0.0789030650542966,0.3362184412260999,0.0671483555695866,0.5192622821429582,0.06808837772905499,0.5057081973672699,0.06741114606177606,0.5154921076335168,0.06699952034197046,0.5213910434656959,0.068876262164358,0.4942026200408559,0.07250421328994733,0.43951509110924936,0.0685700442502133,0.4986900853266797,0.15747616737772527,0.5871833683950547,0.20211491134049053
children_female_householder_share,7,314,44712.5,0.007121501783639833,0.0009043055978347318,0.12698242945219582,0.8730175705478042,0.08466371462831851,-0.00652148836530686,0.0753639617467678,0.20245379377475292,0.06267473058194775,0.4484138356120646,0.06252518602527782,0.4510429111347518,0.06385215133964034,0.42749473993440323,0.06321882207252248,0.43879541343110284,0.06277943598726823,0.44656931885719264,0.06532034771664971,0.4008640374666492,0.06845521083629724,0.3419764492080474,0.062485476269306894,0.4517399751872926,0.06849750056619806,0.3411631806938552,0.06253028212620593,0.45095342224509416,0.06237998618899473,0.4535895945601617,0.07283630665754554,0.25505494084134916,0.060578090611185034,0.4847006749998537,0.061836848974830376,0.46306326849199775,0.061663007535055055,0.46607799677824846,0.060890906971588166,0.47936507432459285,0.06300204565583518,0.4426375394669585,0.06528745259398962,0.4014673315108147,0.06105065770931783,0.4766296604316361,0.1703569640437673,0.5166481481600992,0.2485891173599989
children_female_householder_share,8,314,70365.0,0.005786657942505703,0.0006436556589355733,0.11123098433166788,0.8887690156683321,0.07622345882269546,-0.004036480576789181,0.06557704332723686,0.25685107807146634,0.060425640189475,0.3690212850689337,0.060064080359514715,0.3765496794040568,0.05984921198901346,0.3810022622220438,0.058292449005691034,0.4127854722289487,0.05975679431774511,0.3829124681962701,0.06246136098596307,0.32579017889393,0.0660474670762083,0.246150722830889,0.06041563661812533,0.36923018705459476,0.06328916773394407,0.3078010153264975,0.0599257340859569,0.3794183721552715,0.06029059640571686,0.37183845130077764,0.06593972840452328,0.24860812142984068,0.059073569782411045,0.39694264262554557,0.05945949115928139,0.389037485186178,0.058142276289208455,0.4158071332920643,0.05814592838983917,0.4157337409765218,0.06020805836529179,0.37355718479729205,0.06472917097401035,0.27594379750595854,0.060194925513534864,0.3738304400257991,0.08406848933721882,0.42367552509793655,0.11969860133259047
children_female_householder_share,9,314,145240.0,0.004850624274088756,0.0003626019495268082,0.07475366654633894,0.925246333453661,0.07009842020483177,-0.013021878742871085,0.057571532340755106,0.3166897395520757,0.04891208493026375,0.5067867727861128,0.048330051781180196,0.5184549919380501,0.049153753624389875,0.5019009185531875,0.0471243846045559,0.5421810680697816,0.04840665837868918,0.5169272153466644,0.050502607003041544,0.47418864665975324,0.05373288606666242,0.4047728948053142,0.049752645662517386,0.4896892419306115,0.053590690059553796,0.40791908447728853,0.04816012302250531,0.5218352693419919,0.049513643307050624,0.4945803395587881,0.057387105110062016,0.3210606208966813,0.0478001456043769,0.5289567299605229,0.04802282492814145,0.5245577509686281,0.04708222574908431,0.54299985811534,0.04732705998108379,0.5382345694309865,0.048764864003452896,0.5097513584018024,0.052821050796715854,0.4248032315812831,0.04965680982527941,0.49165331662650913,0.16052170549980013,0.5603426603192433,0.20176525238597443
children_female_householder_share,10,314,468935.0,0.0058471162376115245,0.0001290747886237083,0.022074948295612087,0.9779250517043879,0.07655637932232855,-0.0023538060085412926,0.06327650060482118,0.31523243833656267,0.051632272301752664,0.5440672915147451,0.05125660015707383,0.5506778122927591,0.05064509887636051,0.5613348638945352,0.05461484141383962,0.48987145432954815,0.05185101905212592,0.5401958730613237,0.05347273127081679,0.5109840691778362,0.059431424964575874,0.3959254220739026,0.05387253715371164,0.5036441655273858,0.06051935379019064,0.37360708521190844,0.051284165216669904,0.5501944043710263,0.05377566620260928,0.5054276060166493,0.06385767032450793,0.30259603305932026,0.05101707512118055,0.5548674170049734,0.051444186201409156,0.5473829856670814,0.05383218232670362,0.5043875072271148,0.051597889534129825,0.544674315305933,0.0528591652698726,0.5221419859836652,0.0583900835306389,0.4169088288712236,0.053631397400426384,0.5080777138274566,0.18995836262840873,0.5631084011325858,0.23544537395619647
children_male_householder_share,1,315,2694.0,0.00500222623156353,0.0029094178640895444,0.5816246066064383,0.41837539339356167,0.07103160606446568,-0.008648714898363608,0.07093027636115831,-0.005773004212513699,0.07137455279811149,-0.018411913276878522,0.07137137249592539,-0.01832115864938766,0.07136802673535846,-0.01822568678722325,0.07090208801825222,-0.004973756210278069,0.07137244947336793,-0.018351891341034765,0.07166774067842402,-0.02679583373109584,0.07137338928683873,-0.018378710292429323,0.07104786662645249,-0.009110567674666559,0.07216820478387449,-0.041186371952497636,0.07139009355770891,-0.018855450003391727,0.07110513040086076,-0.010737886547585118,0.07130065598767366,-0.016304203155473873,0.07114919538877995,-0.011991015625958168,0.07116225404984593,-0.012362529607533368,0.07057896311205933,0.00416538489575391,0.07111724748267886,-0.011082397193326265,0.07136947893533133,-0.018267125017376706,0.07132276515341551,-0.016934579454087162,0.07079949960420806,-0.0020676619097041993,-0.006218728551417577,-0.043791195511713864,-0.01254815443687396
children_male_householder_share,2,314,6838.0,0.003164845532294531,0.001342736103635999,0.42426592070119384,0.5757340792988062,0.05620376879941683,0.001890109635743542,0.05634609126008131,-0.003171234707181503,0.057508616048842914,-0.04499283965226075,0.05751469558812086,-0.04521379474591125,0.05747746192833215,-0.04386093918703837,0.05665585087480999,-0.014231312585269551,0.057387450559845635,-0.04059406633064078,0.05752061369063716,-0.04542890500843688,0.05755723265197303,-0.04676041745125126,0.05714041610158743,-0.031654505392365584,0.05706907897324557,-0.02908016888055931,0.057524908308797154,-0.045585018974494185,0.057153338765470574,-0.03212118844625178,0.0550127045967137,0.04374553634182288,0.05694405762285928,-0.024576291470565392,0.056879878433990096,-0.022268081538837636,0.05603116493503129,0.008011161385013676,0.05677955589349975,-0.01866518746831325,0.056833180395688326,-0.020590218678722128,0.057115790411207006,-0.030765476864143437,0.05652662760588077,-0.00960997808235553,-0.020739758551228105,-0.07853242733342745,-0.04204256003872975
children_male_householder_share,3,314,10832.5,0.002131832732272753,0.0011169908196760725,0.5239580023172106,0.47604199768278943,0.04617920554923722,-0.00032192623537441456,0.04605160316343151,0.005198615342941637,0.0463953011810376,-0.009705845629069065,0.04642645931949333,-0.011062496749767892,0.046521651752862894,-0.015212895951420613,0.04605740244930616,0.004948048566715824,0.0463655703223285,-0.008412188616185423,0.04646045243905645,-0.012543624161621914,0.046397794457266495,-0.00981437141350705,0.04615037822402376,0.0009265839774402762,0.04603869980677843,0.0057560108672366495,0.04639429779526858,-0.009662172520144452,0.0461398553818294,0.001382133584880374,0.04540213628157999,0.0330601703757748,0.04616462250269946,0.00030976232141055604,0.0462122259441035,-0.001752996086205938,0.04580737887660242,0.015722046209703855,0.04605829216531466,0.00490960427092646,0.046070337640971064,0.004389050687716334,0.04622056524775165,-0.002114574694661142,0.04587508332292495,0.012810321360593568,-0.008139915449447099,-0.02323848904847968,-0.01626111209270953
children_male_householder_share,4,314,15938.0,0.002132443875099494,0.0009416739780089659,0.441593792457975,0.5584062075420251,0.04663401659432037,-0.019830593955435516,0.04621635828003733,-0.001645012846641869,0.04506491459344398,0.04764362099816277,0.04509154705433554,0.04651764133370673,0.04521882837965644,0.041127194996669836,0.04532836499226622,0.03647608414723669,0.04504638495436535,0.04842663333298869,0.045096662804569206,0.04630127908331061,0.045291637119819046,0.03803686608274237,0.04523829556520575,0.040301407440592296,0.0457110860146173,0.020136750591735697,0.04509289554179171,0.04646061165475346,0.04530137286273006,0.037623260704882755,0.04534877788543612,0.03560807404290134,0.0448889284396028,0.05506732440413409,0.045004464082288406,0.0501969074147437,0.04504628552121121,0.0484308342399834,0.04482246716754926,0.05786333396826482,0.04479096457204822,0.05918719328504107,0.04510132121416397,0.046104237951730354,0.04506198377950028,0.04776749069224406,0.024337945860776405,0.08330430554930007,0.048162654180348596
children_male_householder_share,5,314,21854.0,0.0011716496827698748,0.0007439751175418823,0.6349808551845163,0.3650191448154837,0.034204247036392084,0.0014673050047466774,0.03384407679249833,0.02238565777728474,0.03412152091075974,0.00629155080640964,0.0340713532079247,0.009211433681439285,0.03368808467459152,0.03137681362275169,0.033986071439876336,0.014165181877795696,0.034422745149227565,-0.011330776625493089,0.033789772807312164,0.025520372548059056,0.03407731015885117,0.00886494936163773,0.03429943235552911,-0.004097963079110478,0.03395738634441673,0.015828618142968875,0.034085467313499554,0.0083903925676726,0.03434669755526585,-0.006867197850477957,0.03330315028633802,0.05338614834733335,0.033714313469933074,0.02986792941234251,0.033356824466892726,0.05033240321063137,0.03349373269565384,0.04252086064171179,0.0339850410807117,0.014224956279432655,0.03339364391772198,0.04823474925769622,0.03389894699670926,0.019213145034062573,0.0339074549627858,0.01872076699980252,-0.006715397108327744,0.02523548096660969,-0.013174224095845455
children_male_householder_share,6,314,31000.5,0.0011513862681123536,0.0005711325941480061,0.4960390878070419,0.503960912192958,0.034174264715651305,-0.01432542770385603,0.03391746765356365,0.0008612714162754553,0.0326724421902355,0.07286676223403277,0.032730740439066465,0.06955519675782529,0.03256707158535072,0.07883724079479604,0.03295371156590245,0.0568351073449449,0.03258224794380719,0.07797851123222244,0.03312872534266302,0.04679040107979937,0.03297127490458015,0.05582948230253193,0.03272000984518424,0.07016517921118426,0.03379322151645231,0.008167934526226772,0.03267254292633625,0.07286104512658875,0.03267112867275451,0.07294130708920044,0.03334318577511954,0.03440915666223088,0.03260364272106922,0.07676724299841875,0.03243396136595178,0.08635192287580662,0.0327620285755008,0.067775475434807,0.03245429004009742,0.08520626728198377,0.03285816312235033,0.06229654315311972,0.032899348920044015,0.05994435634768003,0.03257440087506091,0.0784225748073396,0.0349886738779714,0.13801704670935627,0.06869392534154983
children_male_householder_share,7,314,44712.5,0.0007960317836768558,0.0003848951711380981,0.4835173406773717,0.5164826593226284,0.028376754014363,-0.011567860610134817,0.028321643568825935,-0.007642547555906765,0.028126419994892463,0.006201111625177558,0.02819265788757043,0.0015147949315529319,0.02804860874151911,0.011692160455005096,0.028164606887781853,0.003500742797850509,0.028212295466779284,0.00012332192509634243,0.028216855788101063,-0.00019995042019727016,0.028294787826935754,-0.005732477757833365,0.02779104828079788,0.029759388528176722,0.0290105073704352,-0.057256198995844665,0.028230714340069598,-0.0011826769898644063,0.027867302579843975,0.02442770627883739,0.027500068416333942,0.04997039262688019,0.027931843416474162,0.019903611086032447,0.027764826561663434,0.03158942920778207,0.027866380773715928,0.024492245976758253,0.027875947459083443,0.02382233639928777,0.02784083311284466,0.026280100479104118,0.028184990006000055,0.002057860090669328,0.027468258165385014,0.05216698364078498,0.0045543148278824296,0.002932905692399429,0.009157342487459696
children_male_householder_share,8,314,70365.0,0.0006474262112288998,0.0002820390837615573,0.43563124085787347,0.5643687591421265,0.025529225273164965,-0.006665055792094421,0.025206215496061127,0.01864754837792526,0.024769574249937566,0.0523525339534735,0.0248301024528089,0.04771543517411159,0.024533133878333613,0.0703579072744005,0.024785761246913052,0.05111354786997202,0.024727698787810694,0.055554012587681556,0.02483259806001894,0.04752400240336441,0.02513452837400069,0.02422159370978838,0.025066388037494017,0.02950514151476491,0.02559037226347734,-0.011493111068714201,0.02482241220591055,0.04830521682061717,0.025077050267923652,0.02867934718566001,0.024757772069008865,0.05325538696133214,0.02474482338116302,0.054245451380915743,0.024475869615422186,0.07469270931425986,0.024627581582823174,0.06318625335331884,0.02464745584690033,0.06167364065814995,0.024650586645366453,0.06143524710357817,0.02517197525122085,0.021311885341550596,0.024937184197566603,0.03948412202374729,0.014921440440394522,0.08454655648665217,0.029067886796186326
children_male_householder_share,9,314,145240.0,0.0004731849489983509,0.0001515953834770702,0.3203723698270008,0.6796276301729992,0.021780031447330206,-0.002503927588673127,0.02098294230129416,0.06953112403206563,0.020706542549356544,0.09388304666933256,0.020732863221016008,0.0915780008403092,0.020442744521307347,0.11682354975982567,0.020721257391536595,0.09259474800453482,0.02075673259400553,0.08948509691386453,0.020642115025808514,0.09951296286857458,0.021405593787616223,0.031669442634721046,0.020580380439414146,0.10489110034542426,0.0220380169241575,-0.02639399452061819,0.020691550337311508,0.095194688107064,0.02052491102600835,0.1097096948723375,0.020683738299376534,0.0958777726495551,0.02046149439510505,0.11520272619158367,0.020130108348386893,0.14363028034687575,0.02036652760347525,0.12339678702552115,0.020453094570273018,0.11592902862599386,0.02027195278002187,0.13151914407812537,0.02136218176966258,0.03559314190761653,0.0202884199170977,0.13010761732000675,0.011918208451763621,0.13474731864123599,0.022046876808243576
children_male_householder_share,10,314,468935.0,0.00029080548724979633,5.086781932067207e-05,0.17492042465133262,0.8250795753486674,0.01937668316753339,-0.29108929176588205,0.016740961185999357,0.036263778645967415,0.015518718587340843,0.17184978567406017,0.01551179828760012,0.17258821905066202,0.015198174936514564,0.205707830394245,0.015338828220722092,0.19093806169235128,0.015822500441778076,0.13911005394812148,0.015410498235087047,0.18335978423396382,0.016414360577860887,0.07350017453901281,0.015314919514494714,0.19345827359172263,0.017862264808565287,-0.09716122315547326,0.015459981697041431,0.17810686334281522,0.015215631241532907,0.20388216787861058,0.017670477431905064,-0.07372723817708793,0.015781760986599138,0.1435375508433876,0.01538620358413582,0.18593262124685106,0.015651996253166354,0.1575640851003055,0.015927180834143042,0.12768121495042017,0.015591622921092467,0.16405048744930018,0.016876797144259853,0.020560841055116685,0.015623540600925537,0.16062443244375313,0.07342248062955904,0.20917766504852406,0.1363244404046946
household_earnings_share,1,315,2631.0,0.0068088532135503555,0.0025164146999827543,0.3695798133780908,0.6304201866219092,0.08956451967299878,-0.17814306354713683,0.08500887655018907,-0.0613401208214841,0.08466530860578339,-0.052778530611735874,0.08573543929150207,-0.07955999637037481,0.08641496521865424,-0.09674066682477389,0.07915203132124086,0.0798679504779779,0.08511578163627642,-0.06401123013440224,0.08733210812439646,-0.12014415206850426,0.08159745784104572,0.02213413664568331,0.09017681375048488,-0.1943065128803716,0.07855117219179822,0.09378474477522947,0.0859154245893791,-0.08409741712207608,0.09053360450959634,-0.20377592061882188,0.0830022314220506,-0.011825369847752176,0.08479492682458589,-0.05600449733262569,0.08538367197188113,-0.07071943112140677,0.0781438808927004,0.1031579137555767,0.08484561765496788,-0.05726744423372909,0.08587272199650886,-0.08302002581203993,0.08164638385522381,0.02096112406003592,0.08866527832675139,-0.15460435615133994,-0.00854690440337764,-0.12620153678246734,-0.018219875548890707
household_earnings_share,2,314,6761.5,0.00569852783766954,0.0009047832843100687,0.15877491697576532,0.8412250830242347,0.0796408018381093,-0.11303436573381309,0.06690370936255226,0.21451531799493606,0.06003279943067131,0.36756700850704815,0.05942102630575782,0.3803911347262039,0.05977639218467042,0.37295786483745175,0.05809613041836545,0.4077136296015661,0.05776815828567203,0.4143820637922483,0.05929584597976387,0.3829990041965339,0.06096259018591,0.3478249983077949,0.06249548299100067,0.3146150189071085,0.0603745194759427,0.3603466183220978,0.059440299270526804,0.37998913438410076,0.06277166918197163,0.30854379163613976,0.06603191346516515,0.23485262859500122,0.05909838180004235,0.3871015759024681,0.059390746264583016,0.38102246012602026,0.05818241847243499,0.40595292052026777,0.05802931201984549,0.4090752648014244,0.05806360345045742,0.4083766646947318,0.06133617438685739,0.33980733347552916,0.061673810111758334,0.3325190361346444,0.11184257387353014,0.4521871047385843,0.16587581673126783
household_earnings_share,3,315,10800.0,0.005688531942039705,0.0006902734534866646,0.12134474421869153,0.8786552557813084,0.08219516926773265,-0.1876607039897793,0.06469387092089554,0.2642571093256805,0.052014281537506396,0.5243965382581841,0.05134618574931865,0.5365358201613256,0.05106280938889791,0.5416373628110461,0.049499979617440695,0.5692653206323612,0.052525023231107255,0.5150105346091945,0.053238532712567475,0.5017446690523771,0.054890008705465475,0.47035314446951093,0.051894103268140014,0.5265917496037182,0.0526101975500519,0.5134363462389138,0.051283869271016976,0.5376601073521049,0.05207023799085373,0.5233726887623017,0.06350827812969459,0.29097675250946275,0.050855053640197226,0.545359592404784,0.050200903747101254,0.5569804718153528,0.04900499906506711,0.5778366091926804,0.052706284402850495,0.5116574111108732,0.05107987842316647,0.5413308730072951,0.05485852334725814,0.4709605897435496,0.05102108741129896,0.5423860871038704,0.20632070676212555,0.6106329150495241,0.27227871083564514
household_earnings_share,4,314,15913.0,0.004647773761305959,0.0005375746997012338,0.11566283715801666,0.8843371628419834,0.07398174215531707,-0.17761716757872037,0.05908351946634323,0.24891734154700418,0.04793174808614001,0.5056875414805831,0.0474782519577172,0.5149969588177452,0.04780310938318622,0.5083372418586107,0.04635594821116852,0.5376552205603196,0.04855140027160467,0.49282418004975714,0.04975680534619606,0.46732784223051416,0.05068838176604528,0.4471951136153385,0.050684830910594586,0.4472725617966127,0.04879401489028353,0.487742732029146,0.04745163076879616,0.5155406914674181,0.050729985267861266,0.44628728990580324,0.05888948014946427,0.2538425813351777,0.047670305782457095,0.5110652604668878,0.04823326125438837,0.4994490672927282,0.04658966751892547,0.532981330202675,0.049468438349668915,0.4734841843791927,0.049292996839064886,0.4772121746534148,0.05144986433964494,0.4304609741107379,0.05051016770599099,0.4510754669413036,0.19642139827565513,0.5823536321403772,0.26607961727074103
household_earnings_share,5,314,21832.5,0.004231253937315282,0.00038348723090201513,0.09063205295244857,0.9093679470475514,0.06840450320640827,-0.10586037336356213,0.05714272388758876,0.22829238290410325,0.03980784911712407,0.6254857602951667,0.039359200960805786,0.6338799979336565,0.039935351848444864,0.6230828140106843,0.03947855792405106,0.6316561097839581,0.04014490170348996,0.6191168961592897,0.03930906995155561,0.6348120431087343,0.04070797186630692,0.6083574755809893,0.043233166848919306,0.5582617485320586,0.04058906121318043,0.6106421607934447,0.03973054371664851,0.6269389340829583,0.04403636783258925,0.5416957430076819,0.05708323733309875,0.229898268291034,0.038941855137345764,0.6416031502708114,0.03908375644233164,0.6389864469791857,0.03885369647255867,0.6432240295793825,0.03996959218510642,0.6224362037563331,0.03833782404858476,0.6526351822521858,0.04052791376179072,0.6118144128864753,0.042254672928917915,0.5780311437742032,0.3112123769557563,0.697055575789401,0.4055876150295532
household_earnings_share,6,314,30910.0,0.0037877420601774023,0.0002848713940325273,0.07520876276859915,0.9247912372314009,0.06186926512527267,-0.010577253236193629,0.0563060541597511,0.16299164920107123,0.041379527771985454,0.5479456384756252,0.04131959272985345,0.5492542215820804,0.041785328437625814,0.5390357514052886,0.04169073697609309,0.5411204031331612,0.04311486183987547,0.5092349790617772,0.04279723145309752,0.5164393480467846,0.04604683009543593,0.44021780571334956,0.04320594643877863,0.5071592051378555,0.045302012851626126,0.4581805371634048,0.04132193606399839,0.5492030943635062,0.04323760296468713,0.5064367424099724,0.056560261875401634,0.15541682284876057,0.041577331628708206,0.5436134568037045,0.04216120161332842,0.5307053930181105,0.041908090031523224,0.5363232284069526,0.0436847165778522,0.49617623582375203,0.04254959698108423,0.5220191410901149,0.046386642269090776,0.4319252613257879,0.04324759405838076,0.5062086166049831,0.26616074689549685,0.5939223896913355,0.38626257238100914
household_earnings_share,7,315,44668.0,0.0033355387678407882,0.00018831602528082616,0.05645745361932332,0.9435425463806767,0.05861057626632809,-0.02987849620911076,0.0532793425432844,0.1489565736085815,0.03990380885876495,0.5226216595684755,0.039736824769324545,0.5266086372696674,0.04015490646718456,0.5165948814823356,0.04116974053538306,0.49185194545109046,0.040955267703854874,0.49713252657524487,0.040884989245364954,0.49885686782897676,0.04326973816844426,0.4386903071800575,0.040807081247503894,0.5007649450831183,0.04523403834739699,0.38657039608077903,0.039961856298633476,0.5212317799362909,0.041197588488140646,0.4911642719904997,0.053656565907157866,0.13686295818025485,0.03963793940345039,0.5289617811371816,0.03982282517388604,0.5245573458417716,0.04139103696254569,0.4863744480044374,0.041382771119384064,0.4865795708835634,0.04052528340310161,0.5076361843742501,0.04315485083451626,0.4416670648517427,0.04082824897420581,0.5002468775445201,0.25417952113350206,0.558118591779119,0.37765206366108595
household_earnings_share,8,314,70275.5,0.0031195292439913933,0.0001310163883923259,0.041998769091419794,0.9580012309085802,0.05899217516943915,-0.11557753078444777,0.053307476066207005,0.08906543831166835,0.03926043131363149,0.5058929260236072,0.039071661017776295,0.5106329912987886,0.03967114202170358,0.4955009598523521,0.03917770652878894,0.5079729764315214,0.04014915357641439,0.48326994016570424,0.03999454013138355,0.4872421076347305,0.04349733976954212,0.39349228071150255,0.04039179222248465,0.4770054225050654,0.043897700685297796,0.38227598629900483,0.03906081399277952,0.5109046684792901,0.040297874504120666,0.4794346958991551,0.05465192336165102,0.042537353069924566,0.03998034737244991,0.48760596519473676,0.04031584839423002,0.4789702212674549,0.040305478767886,0.4792382145999875,0.04110936364598683,0.4582580744729039,0.040817113966226684,0.4659332667770516,0.04448766140655107,0.36556067835041783,0.04165797117530433,0.443702422157106,0.26705100482998034,0.5330191390406648,0.42156755298712023
household_earnings_share,9,314,144842.0,0.003787423232719203,6.51439877951089e-05,0.01720008137256379,0.9827999186274362,0.0757277638498549,-0.5141413740502756,0.061132227876113096,0.013273918580810395,0.03959695220740575,0.5860196952454455,0.039159033573397554,0.5951258108269188,0.03897571478518132,0.5989076874503012,0.04005174149408163,0.5764555746369446,0.04003244738673423,0.5768635440774201,0.040466662767482224,0.5676345908768577,0.049212046641139415,0.3605611557515537,0.04186466623504626,0.537244672359076,0.05051270146373805,0.3263142637130534,0.03900289544441171,0.5983480694985496,0.04156845703648909,0.543769862985749,0.0614996554961833,0.0013770857518423663,0.03910775924272627,0.596185390696622,0.03903287373165589,0.5977303992356988,0.04056458696881548,0.5655395199207224,0.04030390227677236,0.5711056201212124,0.0404478631079427,0.5680362268823401,0.04998500687553756,0.34031642126414186,0.04234998012261622,0.5264535526708697,0.35943715886234506,0.6055411681942982,0.5818518922461084
household_earnings_share,10,315,468058.0,0.00250675247164114,2.1796269273051305e-05,0.008695022551940103,0.9913049774480599,0.09239142139230748,-2.405272296910274,0.05394167221565628,-0.16074643760752227,0.040259389837951715,0.35341901984321566,0.03889608516048291,0.3964679568776657,0.03854013992888354,0.4074634801235527,0.04550809937130881,0.17383661457684008,0.043589572988945655,0.24202692732773856,0.043441044337088446,0.2471836152767779,0.04320527896864502,0.2553328851267327,0.044019778770681986,0.22699151793349215,0.04618089505616877,0.1492278985197779,0.039032816046699864,0.3922173227027661,0.04410986230372162,0.22382446034670966,0.05453946544658949,-0.1866162793697479,0.038408591127616035,0.41150157859719716,0.04162381713284717,0.30884992742245987,0.044928294355086405,0.19475430602217858,0.044575628232504265,0.20734629573474583,0.04265192727888452,0.27428538669705427,0.04325001007816696,0.25379015562038776,0.04361293753812883,0.24121414370863137,0.27892325983187577,0.39994549194971524,0.557214394485188
household_ss_income_share,1,315,2631.0,0.007942263953907179,0.0019201774248677923,0.2417670120272401,0.7582329879727598,0.09573705659244959,-0.1540266173698377,0.09485391571357296,-0.13283383408221017,0.09118707943620373,-0.046941212777742214,0.09333751277265942,-0.09690276489747829,0.09288842522727499,-0.08637280141746051,0.09519623484272408,-0.14102517630037759,0.09494775036268466,-0.13507626430619157,0.09905770956464303,-0.23547012302027182,0.08579893296462072,0.07312865190711426,0.10188776928943728,-0.3070728435902248,0.08992143690018513,-0.018080595296276147,0.09316440541908602,-0.09283782149067377,0.101700042887558,-0.3022607638522228,0.092034508173592,-0.06649070641728061,0.08985429826497264,-0.01656089038929265,0.09259652220181788,-0.07955564982875374,0.09165692150776548,-0.05775775132074723,0.09297989490284009,-0.08851341460266782,0.09286595995574509,-0.08584738162214434,0.08368142138132002,0.11831433391820967,0.09679261144022497,-0.17961448823536075,0.015986719467571273,-0.12780077685166555,0.03593106918473188
household_ss_income_share,2,314,6761.5,0.005704737559961318,0.0004995905609959495,0.08757467907065948,0.9124253209293405,0.0795593475283747,-0.10954968788846786,0.070172630949218,0.1368230207651242,0.0663589774976067,0.2280952720009558,0.0658551815892134,0.2397713485390065,0.06628093800859614,0.22990975533515123,0.0632496780029217,0.2987369312918222,0.06428936754165353,0.2754929152369562,0.06707864860899922,0.2112616834839809,0.0667126165026487,0.21984610968507823,0.06954403791679481,0.15221810662831115,0.06660937227052488,0.22225896850836857,0.0657393812512184,0.2424425835774381,0.06940077794253131,0.15570735228331856,0.07071033275341297,0.1235440534214004,0.0652776397172205,0.25304710299764666,0.06543349699547449,0.24947598657179937,0.06381795817678072,0.2860790276422551,0.06399887896457511,0.2820254278708473,0.06517570040701635,0.25537820471202277,0.06718351747072117,0.20879357335952498,0.06822275765778371,0.18412641887346615,0.061526114976778,0.2627846280008868,0.1029483277738823
household_ss_income_share,3,315,10800.0,0.005343546892879119,0.0003581338242330318,0.06702174256396733,0.9329782574360327,0.07948925777135557,-0.18246217871900483,0.06370016218034172,0.24063347002546265,0.05287100407627154,0.47687498059421307,0.052294720614024744,0.4882167483655375,0.05212054437524166,0.4916202289547328,0.051558365818568104,0.5025279764226022,0.052393194124361546,0.48628750798255016,0.053616479941555016,0.4620189587642488,0.0558396234001551,0.41648055046989074,0.0551541197457367,0.43071952283588233,0.05429535551374872,0.4483092055778741,0.05232346521792661,0.48765397454265247,0.055326988760212976,0.42714534996371745,0.06175649766921458,0.2862671403800886,0.051335579602818295,0.506817889692484,0.05105893876986607,0.5121189575824485,0.05066359974131253,0.5196448369961018,0.051973013203277296,0.4944941710855606,0.050956699375209205,0.5140708478341063,0.055662365145039375,0.420179338620846,0.053758867248783496,0.4591577718306169,0.17904886229374103,0.5232884523024491,0.24758327834007487
household_ss_income_share,4,314,15913.0,0.0040081944216778425,0.00027769153086724675,0.0692809533802515,0.9307190466197485,0.06653707798050235,-0.10453293439049771,0.05670809674687887,0.19769155426666485,0.04889032043381182,0.40365581589721733,0.048483032960888385,0.41355028279725536,0.04822593892897782,0.41975339993414396,0.047530917074524,0.4363576612634539,0.04857214229014707,0.4113925727019242,0.05021159589341411,0.37098750785942736,0.050392596282992766,0.3664444652668096,0.05126383071154745,0.3443480872561778,0.05075074802258214,0.3574068136711155,0.048513618992837425,0.41281011343831375,0.0513559126905349,0.3419905596361248,0.05701861033772444,0.18888118119671282,0.04919264755607263,0.3962576863816416,0.04863120558954033,0.4099602194191606,0.04822752054918271,0.41971533971942054,0.04958511392749163,0.3865857629298549,0.05041878617053924,0.36578575501174226,0.05099879680003506,0.35111000080616583,0.05146018356551514,0.33931585796479624,0.1450421413842139,0.4443341782885143,0.21585872853059052
household_ss_income_share,5,314,21832.5,0.004068823489351604,0.00020764417107769118,0.05103297590104622,0.9489670240989538,0.06642655075679306,-0.08446253738767306,0.058223758214778,0.1668338453302749,0.042286596502607854,0.5605225322616975,0.04186971407020449,0.5691449970959431,0.042436216715020306,0.5574070750925733,0.040749580961085954,0.5918898047925112,0.04178385841733137,0.5709101589664156,0.04219558930765851,0.5624121415735546,0.04372238376523465,0.5301720885368048,0.04676676229819117,0.4624662235706739,0.04302582346236933,0.545022906631426,0.04204321505351779,0.5655668188452112,0.0471608014846437,0.4533699477269768,0.058097070651091515,0.17045562996988284,0.04194711643587689,0.5675505261189367,0.042345437557135865,0.5592986310175274,0.040990562047545684,0.5870486440684973,0.04183608006010774,0.5698369321312926,0.041980300395230694,0.5668660422635712,0.043773481202874914,0.5290732906863476,0.04656295548764081,0.4671410963345761,0.28088266106502596,0.5997521332591588,0.40231115176566823
household_ss_income_share,6,314,30910.0,0.0033808021349223134,0.00016064167481486045,0.04751584635950657,0.9524841536404934,0.05855214772504949,-0.014065262146670365,0.0549616546289986,0.10648912329004523,0.0414187473089294,0.4925723067551343,0.04122392492996907,0.49733468011112225,0.04087009583362631,0.5059265030048316,0.04190086280009792,0.48069060733926283,0.04217188321757164,0.47395095508676743,0.04245216119913445,0.46693538439844007,0.043452965659153214,0.44150525549199704,0.043815654436375105,0.432143172811871,0.04511904923676724,0.3978563303064748,0.04126927139132554,0.4962282046683525,0.043849168922176676,0.4312741360092145,0.05485583262631222,0.109926504706515,0.04186103132147877,0.4816774619263269,0.04144325838847009,0.4919715507417698,0.04263771470208365,0.4622652724223818,0.04295200399535648,0.4543086008612237,0.04266601231478242,0.46155127268724483,0.043947729568188335,0.428714589875578,0.044015701108481034,0.42694607174469945,0.24995116671362544,0.5221448338119405,0.390845556821077
household_ss_income_share,7,315,44668.0,0.0036516714054330005,0.00010935933224284804,0.029947747237098584,0.9700522527629014,0.06081766199456672,-0.012902750500021432,0.05744031126149303,0.0964714533437121,0.04216281146312586,0.5131810962426109,0.0422788496534043,0.5104978160533011,0.042615849949739874,0.5026631738450746,0.043581071746109895,0.4798793199974777,0.04345730198664068,0.48282939884779985,0.04405713686973253,0.4684540053986084,0.046156141098397954,0.4165988325440231,0.04612026355805551,0.4175054449039939,0.04885952946929903,0.34625727374880555,0.042563175400659355,0.5038918623696705,0.04657515201529935,0.40595838332528655,0.05769182314915416,0.08854163238200308,0.04237258269431107,0.5083249381324509,0.042600659135999974,0.503017671271968,0.044203589514357364,0.46491425185555224,0.043862160317113826,0.47314834932250216,0.04385510306489906,0.47331787247575063,0.04587497991736006,0.42368478738610815,0.04612626996269042,0.41735371438254854,0.26395159209822566,0.5262580593976273,0.41402636270958904
household_ss_income_share,8,314,70275.5,0.003310888619384757,7.862772889706241e-05,0.023748225306254287,0.9762517746937457,0.05907049980071854,-0.05389348535532701,0.05694121853412726,0.02071536047209732,0.03901007933323157,0.5403692287698263,0.038837844460976406,0.5444189352841204,0.03920029811592805,0.5358758481391677,0.03931092097008492,0.5332526444808567,0.03965795907113911,0.5249753469567333,0.04140366183232831,0.4822347079001553,0.04278110408991889,0.4472109824423588,0.04450545280902091,0.4017511437445893,0.04384883678037548,0.4192735824048054,0.03882595356259829,0.5446978611061944,0.04436834376719541,0.4054315457431994,0.0574227833551741,0.004081252099627841,0.03978537105507927,0.5219181519055524,0.039906879818761,0.5189934667252654,0.04060293491905612,0.5020677185004623,0.04055635774993959,0.5032094573309047,0.04227872350060271,0.46011761000508233,0.04349485340910742,0.42861192551041305,0.04542002139484717,0.37691098050537086,0.31793092138168316,0.5576624282756433,0.5237035748120231
household_ss_income_share,9,314,144842.0,0.004471037926255253,4.076987281825631e-05,0.009118659579880457,0.9908813404201195,0.07864635698943351,-0.3834034892407885,0.06598623100592499,0.026136043982482704,0.04340268558687172,0.578667605324783,0.04309226589704066,0.5846728632658796,0.04285240213846023,0.5892836519563278,0.04328930183241625,0.5808660798573034,0.04390283885020701,0.568901161005896,0.044699078143827356,0.5531222011839589,0.05463222376755662,0.33244138765599407,0.04694442613525497,0.507098982044601,0.05425429387125022,0.3416453959867546,0.042966908839672864,0.5870857537585199,0.046698672867787006,0.5122461308577848,0.06626725908445583,0.017823221588192384,0.042695989654614776,0.5922764327535477,0.04186880317545467,0.6079217603924025,0.04337078573840131,0.5792867144963408,0.04372954446854873,0.5722977324353815,0.04380202923606745,0.5708786646763566,0.05432168217821414,0.3400089188815253,0.04690015692053884,0.5080281680783063,0.34695064045753193,0.5900533589803868,0.5585368192833969
household_ss_income_share,10,315,468058.0,0.0034208740526595234,1.3722070612681223e-05,0.00401127618306004,0.9959887238169399,0.09783425549128617,-1.797981276186699,0.05918480581774255,-0.0239608900423105,0.04952425024089646,0.283033714726754,0.04862779848367362,0.3087547951289268,0.04810496528856557,0.3235390576232895,0.05245682301598518,0.19560959024752844,0.049320164622773714,0.2889306648029343,0.05056030279024585,0.2527219129117195,0.04928202518658586,0.29002998382734924,0.049346680951640944,0.28816586537294364,0.053830789602284906,0.15292002435674712,0.04863402343710689,0.3085778081066127,0.049234428981894666,0.2914006888711109,0.05920238663893907,-0.024569314681891052,0.047260024130262646,0.3470937993006237,0.046965441768297686,0.35520785432701873,0.05143901508769918,0.22652157534549988,0.049368333293725745,0.2875410510054913,0.048587428846960594,0.3099020292421678,0.048742607679155704,0.3054869115929554,0.048530521991717736,0.3115176038247991,0.17837360768875116,0.30999828386177103,0.3327156851712373
mortgaged_share,1,315,2646.0,0.010248835744897038,0.02624389384830872,2.5606707436379517,-1.5606707436379517,0.19371155214855626,-2.661310061924484,0.1076165575256983,-0.13001356856054103,0.09405562732246481,0.13683258750369787,0.0934623618571569,0.14768727869724574,0.09276554145286955,0.16034895131100457,0.09393820312482824,0.13898649310335476,0.09252858595789705,0.164632995154519,0.09345495314191685,0.1478223981581026,0.09766811842115847,0.0692541481427299,0.09954554274316019,0.033127730145910084,0.09987526522306217,0.026712023524851247,0.09362584663175284,0.1447029325377711,0.10043130604663655,0.015844581248627865,0.10496150795302295,-0.07494338147217317,0.09998535568004513,0.024565170200650188,0.09894952498103976,0.04467114727168697,0.099928929390825,0.02566582412363494,0.09933574953227331,0.03719882133425001,0.10030269955521802,0.01836347186327114,0.10333156871701107,-0.04181717409557817,0.1068885535098405,-0.11477665910634771,0.13152433040019385,,0.27770084725778676
mortgaged_share,2,314,6776.0,0.009612030760025423,0.0014707513865147945,0.15301151476037353,0.8469884852396264,0.1280190070668177,-0.7050368001871206,0.09520798394215947,0.0569568041720957,0.0788176989025796,0.353702686207252,0.07938299300703051,0.34439872945874883,0.07907612416690539,0.349457615214363,0.07726763285953081,0.37887349335745835,0.08161216394758958,0.30706159078181905,0.08072015996067342,0.32212615765084496,0.08312256785122377,0.28117569963300615,0.08442911840617381,0.2584006218031637,0.08129689149948846,0.3124049711777953,0.07931106632902747,0.34558623465841276,0.08467715773620776,0.25403681893089936,0.09607506643106865,0.03970153444350377,0.08138575919238569,0.31090089444288527,0.08099016775368198,0.3175836161439626,0.08024170319770864,0.33013833467464526,0.08488727122108228,0.25033023767159446,0.08319015137599463,0.2800063317793008,0.08492528582464211,0.24965864628817724,0.08757507173322933,0.20210480172662515,0.16621495677025278,0.40661559804005243,0.28744192528665313
mortgaged_share,3,314,10810.0,0.008872137539255275,0.0011072267626656702,0.12479819634971648,0.8752018036502835,0.1151234517442129,-0.49382367922743065,0.08346380151347164,0.21482211786530392,0.07155624712065461,0.4228790435971995,0.07124776299235765,0.4278443375167439,0.07025659494129217,0.44365277128479597,0.07289725092242849,0.401045219538655,0.07177694660390481,0.4193135486251429,0.07204171761396967,0.41502157131723216,0.07226787485043595,0.4113430148833489,0.0750833150342866,0.36458331810181344,0.07403510713532852,0.3822010688757129,0.07119932646230143,0.428622012873924,0.07541931665016258,0.3588835498987376,0.08106932724094677,0.25922746460810764,0.07140276818296501,0.4253520888700971,0.07067510583886501,0.437004829644013,0.07391759150498807,0.38416077188576625,0.07247638882435865,0.4079412189251812,0.07185943531046358,0.41797808923821667,0.07118945006562086,0.4287805189874313,0.07567890378752001,0.354462613644123,0.14636331319203383,0.4888522118353672,0.21302221965143997
mortgaged_share,4,314,15913.0,0.009603208696995122,0.0008280279602610293,0.08622409304924532,0.9137759069507547,0.10522487287809436,-0.15297649166738103,0.08725844894680011,0.20713616116832057,0.06876976057300997,0.5075312722560195,0.069369837416269,0.4988993267775862,0.06891855553270268,0.5053978887077146,0.0694087189089053,0.4983374398514463,0.06884258179672816,0.5064877565430657,0.07138939340922554,0.4692976428876454,0.07213381539334006,0.45817200402730074,0.07516507815069039,0.41167695593585996,0.07278564027272742,0.44833548899457265,0.06929856090015729,0.4999285453063763,0.07539189945228045,0.4081209018396851,0.08461757535285257,0.2544019103910431,0.06742515400114368,0.5266007919310919,0.06693204572746,0.5334998033871143,0.06809398007012961,0.5171624122630932,0.0672442489185111,0.529137691860267,0.06873967290083072,0.5079621010431946,0.06969868344337025,0.4941371548804109,0.0736075883662517,0.43580554832772844,0.20500721416028697,0.5459755756117489,0.29176316560926563
mortgaged_share,5,315,21843.0,0.008536532883189575,0.0006861879347474382,0.08038250940246507,0.919617490597535,0.09666631081608941,-0.09463359125507043,0.08485514817665965,0.15651983415162296,0.071845477067026,0.39533149516084065,0.07180699068074206,0.3959791426823853,0.07158209257148437,0.3997567809991217,0.0727741147083004,0.3795992068388717,0.07179197124024045,0.39623179514611695,0.07341870635776467,0.3685602202900846,0.07230418304053142,0.3875856912056632,0.07604261747053166,0.322619645364846,0.07269340798916613,0.3809744966266756,0.07176788479641907,0.3966368596441687,0.07634999107934941,0.31713246846433085,0.08041056069484202,0.242566231544465,0.0666123994101246,0.48020914159285033,0.06641691668933494,0.4832554524325967,0.06807783412423575,0.4570873723015173,0.06723372634408,0.47046722364154325,0.06711936539958727,0.4722671050076166,0.06768099689294517,0.46339838396881783,0.07053516804762584,0.41718611061591904,0.15376978034087777,0.4305911389583207,0.23945930853076236
mortgaged_share,6,314,30944.5,0.00798153843284041,0.000500161257319053,0.0626647683936616,0.9373352316063384,0.09233745039005159,-0.06824076790180866,0.08164402176572483,0.1648544517864342,0.06344604278587371,0.49566109603328834,0.06373981344378948,0.49097985907921493,0.06229669079605267,0.5137682143869731,0.0651101355088623,0.4688580676953842,0.06441303213818216,0.4801705530649234,0.06432279319250286,0.4816260350182767,0.06800881612707961,0.42051283597453737,0.06824697904628353,0.4164470686779196,0.06859028729144018,0.4105613159281559,0.06382007231575433,0.4896971724611938,0.06852288998275809,0.4117191201799163,0.07996866474307383,0.19877760476881634,0.06130056164980892,0.52919366483026,0.05992195743400457,0.5501317179719643,0.06230720227474579,0.5136041142979846,0.06246340996397438,0.5111622130047134,0.06095437727714973,0.5344962452404196,0.06481900299651581,0.4735973290343317,0.06583800799453754,0.45691631592554904,0.21929601132720966,0.523803909768556,0.3261254072927807
mortgaged_share,7,314,44671.0,0.006830770302469614,0.0003727252032935455,0.054565618047321754,0.9454343819526783,0.09114067850949803,-0.21605952350183388,0.07583262758077113,0.15813485871061317,0.05991750096602934,0.4744213663990209,0.06019550127311074,0.4695329789949124,0.05950086556561286,0.4817051596981462,0.0620292676433679,0.43672091521193646,0.06072144214485531,0.4602228778183379,0.06177339207751424,0.4413584705984521,0.0641301757298768,0.39791864503803165,0.06293831824456561,0.42009001502772436,0.065606641311151,0.3698761349691613,0.06012203858271964,0.470826954606397,0.06305373361953634,0.41796120388852265,0.07318090937843132,0.21598220108236466,0.0566826177826496,0.5296402870504462,0.05593044673752639,0.5420406873982728,0.05782052591842512,0.5105657093644977,0.05805504589736739,0.5065873679097517,0.057778742437950996,0.5112728243102961,0.0599203263962713,0.4743717975500378,0.059100259124687686,0.48866079901084947,0.20620578247806212,0.496632011652834,0.31139812028429925
mortgaged_share,8,314,70275.5,0.007918126003104731,0.00025512425074927927,0.03222028174965187,0.9677797182503481,0.10665969232950233,-0.436740203851695,0.07902691150629082,0.21127136145922276,0.0629651797961312,0.49929896730557377,0.06301777602085924,0.49846212436401727,0.06264988850780646,0.5043008246519987,0.06372167935072101,0.48719527604334867,0.06438831919805839,0.4764094878604549,0.06406402770028388,0.4816703291191039,0.06812199714371504,0.4139261621968735,0.06591160132050077,0.45134250365184847,0.06849925284854323,0.4074169015536192,0.06311522355968013,0.4969098188856249,0.06586271518361561,0.45215607207347264,0.07904600903239908,0.21089010941476005,0.06303382718306416,0.49820659992194305,0.06263070491871127,0.5046043474078825,0.06432610227722005,0.4774208654223353,0.0651649776493047,0.463702104466471,0.06343983242538649,0.4917216098123405,0.06720345595045185,0.42962457405786925,0.06496348302545249,0.4670135174480081,0.2025782759352451,0.5150574195388062,0.2871907629047945
mortgaged_share,9,314,144842.0,0.005214718326510308,0.00014065668457350405,0.02697301671279944,0.9730269832872006,0.12865660063802528,-2.1741927082779333,0.07222776155592646,-0.0004086918479615509,0.05630372865971787,0.3920841620781128,0.05542438720806364,0.4109245207410731,0.053717635620750936,0.4466461664833957,0.05825325387920237,0.34925697323604077,0.05498586664937288,0.4202092343488266,0.05479371180583852,0.42425445336172884,0.0628809729302041,0.2417583253638379,0.06031941205812926,0.30227650982766896,0.06617299786034314,0.1602872155982168,0.05527490809673131,0.414097699281351,0.060182616552662695,0.30543758869740534,0.07003163592550299,0.05950240773901061,0.053306711480383615,0.4550797740298149,0.05187037374978684,0.48404966395508386,0.0558926486027201,0.4009286844994898,0.05310630796876712,0.4591692648602037,0.05279256675452376,0.46554062366855653,0.06027373217460063,0.3033328815121945,0.05732650312967931,0.36979760836356734,0.23264426289677895,0.4223156477663516,0.41133321258903466
mortgaged_share,10,315,468058.0,0.004095765059904392,4.8932702371054884e-05,0.011947145809236706,0.9880528541907633,0.16288821021335675,-5.478049555686687,0.08685239969334045,-0.8417412185912467,0.06080196458638807,0.09738990310867934,0.0600635841223758,0.11917942439063434,0.060814946708392915,0.09700442065126547,0.06352112757916926,0.014852270597941364,0.06309826790744773,0.02792485538392031,0.06029096851688723,0.11249770640185619,0.06402606910117874,-0.0008722337810573855,0.06575622823797873,-0.05569569759113224,0.06768961015673142,-0.11868802437541004,0.059935650218098636,0.12292767907197222,0.06604338299271544,-0.06493618977850035,0.08426218936378091,-0.7335263259810638,0.05552264891505466,0.24732876582125485,0.05656758239763969,0.21873170665007535,0.05878851295674182,0.15617980887173333,0.060265531329114184,0.11324643546199287,0.05620395215258984,0.22874378989786426,0.05906585730308187,0.14819931125896424,0.058972225745237764,0.15089773009869256,0.3084407070564652,0.12062049503236835,0.9609206429818811
computer_ownership_share,1,315,2631.0,0.003236433171926752,0.0018562224657799192,0.5735395625903966,0.4264604374096034,0.058899849549555815,-0.07191840296674168,0.05570060735718729,0.04136514021931892,0.05097966350832356,0.19697829265707556,0.050809935119801856,0.20231644846801022,0.0507924624107403,0.20286497489747812,0.05037315792778991,0.21597174889063575,0.05100969981999226,0.19603176166413117,0.050684523415304196,0.20624935619876905,0.05233884928962515,0.1535882252339944,0.05152734361208856,0.17963171223535646,0.05144421493480565,0.18227656507335488,0.05078548857013862,0.20308385426286402,0.05156626830838317,0.1783918017163545,0.05365519319237393,0.11047761421964386,0.05019778297060387,0.2214214595805417,0.05022587261849375,0.22054986267881038,0.049514192411156975,0.24248235020112385,0.05042838877373956,0.21425153580369471,0.04998755532749647,0.22792915692063187,0.051721322687147346,0.17344339326634295,0.05133162236661132,0.1858520430317644,0.08780285295676173,0.47440848135155594,0.1609513082486913
computer_ownership_share,2,314,6761.5,0.0020902309871677683,0.000539453626629525,0.2580832596690553,0.7419167403309447,0.0499397951127421,-0.19316149804188387,0.039792092775789906,0.24247097225241643,0.037270896440492265,0.3354228647427453,0.03715266437818317,0.3396325674665106,0.037135320026423876,0.3402489954789705,0.03671743028115281,0.3550140177196076,0.03730406548434145,0.3342394643447404,0.03734077191530036,0.3329286304764887,0.03783459752453105,0.3151681423578677,0.03872221812616344,0.2826581436141379,0.03721983723044784,0.3372424904397221,0.03714314565281708,0.33997090395462015,0.03880556601632152,0.27956672583467834,0.040589025001757616,0.2118244535138193,0.037237468339705586,0.33661444267964025,0.03722879133667403,0.33692356830495485,0.03677493769236643,0.3529920613654717,0.03733529273336724,0.3331243809685499,0.037436804858710745,0.3294930719938185,0.038460824367393086,0.2923102661377156,0.038773638615100546,0.2807517156314413,0.06633047456133309,0.4577771992515113,0.09716159521409418
computer_ownership_share,3,315,10800.0,0.001898661373272703,0.00034493778205647255,0.18167419789127898,0.818325802108721,0.048285802893772954,-0.22798029912910578,0.03673576908452641,0.28922726862795,0.0337637862163529,0.39958052778069253,0.03370958140839581,0.40150682226679835,0.033667407607295495,0.4030034260179918,0.03392872688668176,0.39369993809543713,0.03361866993632477,0.40473062537770643,0.03381060993817472,0.39791404592544566,0.034759278653870074,0.36365300861690086,0.03534982482873746,0.3418467700385752,0.03454888147082242,0.37133328370845975,0.03374656103685799,0.4001930002655547,0.035527867277943576,0.335200383234488,0.03549012667050459,0.3366120421371456,0.03368168330367691,0.40249704021010446,0.03360673534654041,0.4051531902681246,0.03375134462367115,0.4000229425101387,0.03353401326494663,0.4077247994384193,0.03360455923093608,0.4052302232498749,0.034792548522435525,0.36243426567452264,0.03522764863470035,0.34638833137958225,0.08237714226609906,0.49064421680480635,0.11227955363884834
computer_ownership_share,4,314,15913.0,0.0014616026549650561,0.0002866471419582092,0.19611837799040008,0.8038816220095999,0.0412426018202328,-0.16375828897419198,0.031403162100690954,0.32528954666831134,0.028690261695557686,0.4368297612463875,0.028640749352652727,0.4387718709356825,0.028816315245452202,0.4318701998080774,0.028445416015865085,0.44640105190902324,0.028758111708712168,0.43416291271683516,0.028871813390581477,0.4296797384508795,0.029715303380276545,0.3958691495377823,0.030217335724568382,0.37528344301406147,0.02928962181945015,0.4130539217261341,0.02869833908142997,0.43651260947359105,0.030429723270635388,0.3664707332174443,0.030465760561895337,0.3649692934931569,0.028357434160953293,0.44982032602285726,0.028517304365861803,0.44359936297827585,0.02806159996028294,0.461239763313253,0.02843502461448251,0.4468054487451947,0.02835939138682493,0.4497443767640472,0.029186837853658984,0.41716614908848304,0.02963322488381196,0.3992019554483045,0.08796606976013562,0.5458165218888941,0.11348232426737115
computer_ownership_share,5,314,21832.5,0.00110583869603296,0.00019216490315328673,0.17377299586517558,0.8262270041348244,0.03529164883891942,-0.12629489475966027,0.028017639488402767,0.2901422917120373,0.026027923844511882,0.38738550017649387,0.025954967945944395,0.39081498640655077,0.02617867367533779,0.3802686071139282,0.026298245132513068,0.37459441460065,0.026071174442372443,0.3853478457184002,0.02560163319225852,0.4072882198260338,0.02681792990468333,0.34963266618129607,0.02690343345117952,0.34547892558059645,0.02702606997535592,0.3394981917949953,0.026100387310321903,0.3839696330101038,0.02720247108716129,0.33084776658440374,0.026896948854462026,0.34579440900846947,0.025442322067750867,0.41464179674549084,0.025669418876995618,0.4041454076019967,0.025662764791512107,0.4044542851439119,0.0255885666459069,0.4078930812053051,0.025083637743524238,0.4310301450785907,0.025909736326373757,0.3929363849262487,0.025994470530536638,0.3889592572705579,0.07362046125663675,0.47301163536259494,0.10067269469451345
computer_ownership_share,6,314,30910.0,0.0010867812966170523,0.00012544739011542338,0.11543020707654589,0.8845697929234542,0.03300174944525425,-0.0021477824816755753,0.02812566991141626,0.27211361620930763,0.027191760731775403,0.31964981915339197,0.027057383905332202,0.32635754214815127,0.027111367607860364,0.3236668169975505,0.026780420610526344,0.34007796204334206,0.02709679035116172,0.3243939239473932,0.027112125415425153,0.32362900720699705,0.028130626121739145,0.27185706225866946,0.028253468479571095,0.26548378812650963,0.02716155905971546,0.32116029890200526,0.027265171453699687,0.3159713212642935,0.028546330273078062,0.25017758899949505,0.02791071177261829,0.2831972411753134,0.026919138850431953,0.33322367738154457,0.02696480190773888,0.33095964736702144,0.026649141101870333,0.3465320725724278,0.026941868564912343,0.33209719008921834,0.02677830288410086,0.3401823277739753,0.028017719525001882,0.2776903597575636,0.028105379386203555,0.2731634663742505,0.0379825977282923,0.36894493205511536,0.05424392593884364
computer_ownership_share,7,315,44668.0,0.0010953868016128176,9.003510579215404e-05,0.0821948061265562,0.9178051938734438,0.033341477197448836,-0.014850735896426492,0.029197473184144587,0.2217430052255006,0.027186141521442754,0.3252736935156575,0.027134089996685668,0.32785492862960386,0.027194586737950496,0.32485442881087634,0.027135536813817245,0.3277832478081094,0.02742478965749821,0.3133757987127276,0.026910392433569946,0.33889177789755043,0.028299519062311738,0.2688767310515545,0.028390514886175992,0.26416738423777164,0.02753868142755063,0.307661025629024,0.027156338524580298,0.32675222946289106,0.02843587283596955,0.2618143081942633,0.02860513814406491,0.2530000114696811,0.026743196586811315,0.3470812660625474,0.026774561863011106,0.3455488400072939,0.0268839135941014,0.3401921503244697,0.027013384954082845,0.33382165495964966,0.02636020688143158,0.3656482752861554,0.027535826069637143,0.30780458900826313,0.02770670199196707,0.299186977475547,0.07066992319662166,0.3572162489579589,0.10611192340410325
computer_ownership_share,8,314,70275.5,0.0009118110613150786,6.480464259318923e-05,0.0710724461926612,0.9289275538073388,0.03287957328885007,-0.18562538394486316,0.026558791604634327,0.22640836306475487,0.02388265165925657,0.3744525872994493,0.023897044924481765,0.37369836762117825,0.02395449159243617,0.3706835858905959,0.023560836110600343,0.39119734144270446,0.02435230510401549,0.3496078419757904,0.024049172939969273,0.3656989439649979,0.025399373123328208,0.29247605953847744,0.024709705311115597,0.3303771335241672,0.02472196122818907,0.32971270814964326,0.023957710418610015,0.37051444882215856,0.024788615278085117,0.3260934490982431,0.02633477874438994,0.23940320430448847,0.02349367929682161,0.39466300605540083,0.02350535910860654,0.39406097352263414,0.023251693461318404,0.40706877580606904,0.02401392288486541,0.36755703370328663,0.023442086351733612,0.39731876938456734,0.024981573547740075,0.3155610373698958,0.02411819925933799,0.36205255650860335,0.10022092570236162,0.4022901098040676,0.14729000455642338
computer_ownership_share,9,314,144842.0,0.0003892612228475825,2.363349441746485e-05,0.06071371364601267,0.9392862863539874,0.03482940709032571,-2.1163843893554803,0.01918278583620368,0.0546726700754856,0.01583173831409915,0.35610350239212996,0.01565348966062054,0.37052106869864665,0.015626082436376375,0.37272341045889856,0.016222941992733973,0.3238888657484834,0.015933500655547387,0.34779929713231217,0.015335417380466424,0.39584265673132346,0.01753438581259263,0.21015845458298976,0.016618699063750207,0.29049917546081305,0.016876795999802786,0.2682902213188476,0.015546462361829605,0.379099489541447,0.01660189891247467,0.291932945481319,0.01954430246465281,0.018705855066893706,0.015600232354516772,0.3747970893823047,0.015570859658563465,0.37714918343764103,0.01623812359012846,0.3226228500249805,0.01587023718387699,0.3529681008808556,0.015200973092604637,0.406389413073989,0.0171928905088221,0.24062437587294128,0.01633988631924324,0.31410613424925027,0.18398246249104744,0.3944708595042864,0.31584839862316105
computer_ownership_share,10,315,468058.0,0.00027786498212301226,7.348719484939097e-06,0.026447087462376895,0.9735529125376231,0.04387301561661703,-5.9272546853125405,0.020467123081491987,-0.5075779755776908,0.01573327150721138,0.1091506730054812,0.015483261189666237,0.13723789433353495,0.014978457486460626,0.19257839919394526,0.01686825731767592,-0.024015702739256017,0.015975808934305696,0.08147306236504614,0.015559105083892966,0.12876480813817948,0.016503534372746462,0.019787795095944083,0.016824348023324023,-0.01869146751502271,0.0175223452854322,-0.10497041388966055,0.015521396540246646,0.13298268562345583,0.016924315937294866,-0.030833276496020856,0.019667208706023412,-0.3920397429390552,0.015012145390608538,0.18894238666965557,0.014509888729534081,0.24230513202899961,0.016208424650950636,0.054529909964545764,0.015606564321800938,0.12344172313630164,0.014951148745461629,0.19551989926547153,0.015354183105492566,0.1515629748097398,0.016372744467770064,0.035262524414751084,0.2435057370780438,0.14096603540100996,0.6448158699112257
