county_name,fips_code,unemployment_velocity,gdp_velocity,quadrant
"Autauga County, Alabama",01001,0.06666666666666658,6598.333333333333,Growing but Loosening
"Baldwin County, Alabama",01003,0.09999999999999994,503735.6666666667,Growing but Loosening
"Barbour County, Alabama",01005,0.0,-3104.3333333333335,Slowing but Tightening
"Bibb County, Alabama",01007,0.10000000000000009,5115.666666666667,Growing but Loosening
"Blount County, Alabama",01009,0.09999999999999994,47252.666666666664,Growing but Loosening
"Bullock County, Alabama",01011,0.09999999999999994,9824.333333333334,Growing but Loosening
"Butler County, Alabama",01013,0.0,20709.0,Accelerating & Tightening
"Calhoun County, Alabama",01015,0.16666666666666666,83446.66666666667,Growing but Loosening
"Chambers County, Alabama",01017,0.10000000000000009,38491.333333333336,Growing but Loosening
"Cherokee County, Alabama",01019,0.09999999999999994,12136.666666666666,Growing but Loosening
"Chilton County, Alabama",01021,0.10000000000000009,53846.333333333336,Growing but Loosening
"Choctaw County, Alabama",01023,0.20000000000000004,-6650.333333333333,Decelerating & Loosening
"Clarke County, Alabama",01025,0.2333333333333334,-3326.6666666666665,Decelerating & Loosening
"Clay County, Alabama",01027,0.16666666666666666,-3768.0,Decelerating & Loosening
"Cleburne County, Alabama",01029,0.10000000000000009,16476.0,Growing but Loosening
"Coffee County, Alabama",01031,0.13333333333333344,68413.33333333333,Growing but Loosening
"Colbert County, Alabama",01033,0.13333333333333344,83000.66666666667,Growing but Loosening
"Conecuh County, Alabama",01035,0.16666666666666652,4829.0,Growing but Loosening
"Coosa County, Alabama",01037,0.20000000000000004,3059.0,Growing but Loosening
"Covington County, Alabama",01039,0.1333333333333333,4819.0,Growing but Loosening
"Crenshaw County, Alabama",01041,0.03333333333333336,26274.333333333332,Growing but Loosening
"Cullman County, Alabama",01043,0.1333333333333333,81106.0,Growing but Loosening
"Dale County, Alabama",01045,0.13333333333333344,66264.66666666667,Growing but Loosening
"Dallas County, Alabama",01047,0.033333333333333215,18065.0,Growing but Loosening
"DeKalb County, Alabama",01049,0.09999999999999994,81102.0,Growing but Loosening
"Elmore County, Alabama",01051,0.06666666666666658,121839.66666666667,Growing but Loosening
"Escambia County, Alabama",01053,0.03333333333333336,30594.333333333332,Growing but Loosening
"Etowah County, Alabama",01055,0.09999999999999994,65830.0,Growing but Loosening
"Fayette County, Alabama",01057,0.06666666666666658,7044.666666666667,Growing but Loosening
"Franklin County, Alabama",01059,0.13333333333333344,19367.333333333332,Growing but Loosening
"Geneva County, Alabama",01061,0.13333333333333344,10410.0,Growing but Loosening
"Greene County, Alabama",01063,0.5333333333333332,5914.0,Growing but Loosening
"Hale County, Alabama",01065,0.0,9416.666666666666,Accelerating & Tightening
"Henry County, Alabama",01067,0.1333333333333333,16888.333333333332,Growing but Loosening
"Houston County, Alabama",01069,0.09999999999999994,76249.66666666667,Growing but Loosening
"Jackson County, Alabama",01071,0.19999999999999987,34174.333333333336,Growing but Loosening
"Jefferson County, Alabama",01073,0.1333333333333333,1051638.0,Growing but Loosening
"Lamar County, Alabama",01075,0.13333333333333344,133.66666666666666,Growing but Loosening
"Lauderdale County, Alabama",01077,0.16666666666666666,79174.33333333333,Growing but Loosening
"Lawrence County, Alabama",01079,0.09999999999999994,15173.333333333334,Growing but Loosening
"Lee County, Alabama",01081,0.09999999999999994,194930.0,Growing but Loosening
"Limestone County, Alabama",01083,0.16666666666666666,271952.0,Growing but Loosening
"Lowndes County, Alabama",01085,0.10000000000000024,16157.0,Growing but Loosening
"Macon County, Alabama",01087,0.0,22247.666666666668,Accelerating & Tightening
"Madison County, Alabama",01089,0.09999999999999994,1440794.3333333333,Growing but Loosening
"Marengo County, Alabama",01091,0.10000000000000009,10793.333333333334,Growing but Loosening
"Marion County, Alabama",01093,0.20000000000000004,14026.666666666666,Growing but Loosening
"Marshall County, Alabama",01095,0.09999999999999994,105746.33333333333,Growing but Loosening
"Mobile County, Alabama",01097,0.09999999999999994,768831.0,Growing but Loosening
"Monroe County, Alabama",01099,0.4333333333333334,-5359.666666666667,Decelerating & Loosening
"Montgomery County, Alabama",01101,0.0,465904.6666666667,Accelerating & Tightening
"Morgan County, Alabama",01103,0.06666666666666658,219655.0,Growing but Loosening
"Perry County, Alabama",01105,0.033333333333333215,3702.6666666666665,Growing but Loosening
"Pickens County, Alabama",01107,0.20000000000000004,-1121.3333333333333,Decelerating & Loosening
"Pike County, Alabama",01109,0.13333333333333344,35557.666666666664,Growing but Loosening
"Randolph County, Alabama",01111,0.2666666666666666,6920.333333333333,Growing but Loosening
"Russell County, Alabama",01113,0.2666666666666666,52446.0,Growing but Loosening
"St. Clair County, Alabama",01115,0.06666666666666658,98672.33333333333,Growing but Loosening
"Shelby County, Alabama",01117,0.1333333333333334,123871.33333333333,Growing but Loosening
"Sumter County, Alabama",01119,0.2666666666666668,8917.666666666666,Growing but Loosening
"Talladega County, Alabama",01121,0.03333333333333336,169732.33333333334,Growing but Loosening
"Tallapoosa County, Alabama",01123,0.03333333333333336,33207.333333333336,Growing but Loosening
"Tuscaloosa County, Alabama",01125,0.1333333333333333,303805.0,Growing but Loosening
"Walker County, Alabama",01127,0.09999999999999994,93584.33333333333,Growing but Loosening
"Washington County, Alabama",01129,-0.19999999999999987,59321.0,Accelerating & Tightening
"Wilcox County, Alabama",01131,0.06666666666666643,8795.333333333334,Growing but Loosening
"Winston County, Alabama",01133,0.20000000000000004,-853.3333333333334,Decelerating & Loosening
"Aleutians East Borough, Alaska",02013,0.2666666666666666,-17752.333333333332,Decelerating & Loosening
"Aleutians West Census Area, Alaska",02016,-0.03333333333333336,48041.0,Accelerating & Tightening
"Anchorage Municipality, Alaska",02020,0.06666666666666658,657009.6666666666,Growing but Loosening
"Bethel Census Area, Alaska",02050,0.8666666666666666,4140.0,Growing but Loosening
"Bristol Bay Borough, Alaska",02060,-0.16666666666666666,-1573.0,Slowing but Tightening
"Denali Borough, Alaska",02068,-0.19999999999999987,18020.666666666668,Accelerating & Tightening
"Dillingham Census Area, Alaska",02070,0.6,5218.333333333333,Growing but Loosening
"Fairbanks North Star Borough, Alaska",02090,0.033333333333333215,77312.33333333333,Growing but Loosening
"Haines Borough, Alaska",02100,0.16666666666666666,6839.0,Growing but Loosening
"Hoonah-Angoon Census Area, Alaska",02105,0.3333333333333333,8709.333333333334,Growing but Loosening
"Juneau City and Borough, Alaska",02110,0.09999999999999994,-2653.6666666666665,Decelerating & Loosening
"Kenai Peninsula Borough, Alaska",02122,0.06666666666666672,35264.0,Growing but Loosening
"Ketchikan Gateway Borough, Alaska",02130,0.13333333333333344,36440.333333333336,Growing but Loosening
"Kodiak Island Borough, Alaska",02150,-0.09999999999999994,5621.333333333333,Accelerating & Tightening
"Kusilvak Census Area, Alaska",02158,1.3333333333333328,-1775.6666666666667,Decelerating & Loosening
"Lake and Peninsula Borough, Alaska",02164,0.09999999999999994,1908.6666666666667,Growing but Loosening
"Matanuska-Susitna Borough, Alaska",02170,0.06666666666666643,137655.66666666666,Growing but Loosening
"Nome Census Area, Alaska",02180,0.7333333333333331,15605.333333333334,Growing but Loosening
"North Slope Borough, Alaska",02185,-0.09999999999999994,413639.0,Accelerating & Tightening
"Northwest Arctic Borough, Alaska",02188,0.19999999999999987,-30860.0,Decelerating & Loosening
"Petersburg Borough, Alaska",02195,-0.19999999999999987,-1073.6666666666667,Slowing but Tightening
"Prince of Wales-Hyder Census Area, Alaska",02198,0.6333333333333334,-3830.0,Decelerating & Loosening
"Sitka City and Borough, Alaska",02220,0.0,21815.666666666668,Accelerating & Tightening
"Skagway Municipality, Alaska",02230,0.06666666666666672,9972.666666666666,Growing but Loosening
"Southeast Fairbanks Census Area, Alaska",02240,0.2666666666666669,-556.3333333333334,Decelerating & Loosening
"Wrangell City and Borough, Alaska",02275,-0.2999999999999998,3915.3333333333335,Accelerating & Tightening
"Yakutat City and Borough, Alaska",02282,0.3000000000000001,-1414.3333333333333,Decelerating & Loosening
"Yukon-Koyukuk Census Area, Alaska",02290,0.6666666666666666,2137.6666666666665,Growing but Loosening
"Apache County, Arizona",04001,0.20000000000000018,-36486.333333333336,Decelerating & Loosening
"Cochise County, Arizona",04003,0.2333333333333334,92650.33333333333,Growing but Loosening
"Coconino County, Arizona",04005,0.09999999999999994,240243.0,Growing but Loosening
"Gila County, Arizona",04007,0.033333333333333215,-13844.666666666666,Decelerating & Loosening
"Graham County, Arizona",04009,0.1333333333333333,18891.0,Growing but Loosening
"Greenlee County, Arizona",04011,0.09999999999999994,-81030.33333333333,Decelerating & Loosening
"La Paz County, Arizona",04012,-0.06666666666666672,-29315.333333333332,Slowing but Tightening
"Maricopa County, Arizona",04013,0.16666666666666666,13323040.0,Growing but Loosening
"Mohave County, Arizona",04015,0.13333333333333316,259173.0,Growing but Loosening
"Navajo County, Arizona",04017,0.3000000000000001,89051.0,Growing but Loosening
"Pima County, Arizona",04019,0.19999999999999987,1432712.6666666667,Growing but Loosening
"Pinal County, Arizona",04021,0.2333333333333334,893433.0,Growing but Loosening
"Santa Cruz County, Arizona",04023,-0.06666666666666672,27704.666666666668,Accelerating & Tightening
"Yavapai County, Arizona",04025,0.16666666666666652,316565.0,Growing but Loosening
"Yuma County, Arizona",04027,0.6000000000000002,341116.3333333333,Growing but Loosening
"Arkansas County, Arkansas",05001,0.4000000000000001,-44711.0,Decelerating & Loosening
"Ashley County, Arkansas",05003,0.2666666666666666,35211.333333333336,Growing but Loosening
"Baxter County, Arkansas",05005,0.3000000000000001,42658.0,Growing but Loosening
"Benton County, Arkansas",05007,0.3000000000000001,1020026.0,Growing but Loosening
"Boone County, Arkansas",05009,0.4333333333333333,31237.333333333332,Growing but Loosening
"Bradley County, Arkansas",05011,0.4666666666666668,1617.3333333333333,Growing but Loosening
"Calhoun County, Arkansas",05013,0.36666666666666686,-11779.0,Decelerating & Loosening
"Carroll County, Arkansas",05015,0.36666666666666653,32333.0,Growing but Loosening
"Chicot County, Arkansas",05017,0.3333333333333333,-6480.666666666667,Decelerating & Loosening
"Clark County, Arkansas",05019,0.3000000000000001,5299.333333333333,Growing but Loosening
"Clay County, Arkansas",05021,0.3333333333333335,-4002.3333333333335,Decelerating & Loosening
"Cleburne County, Arkansas",05023,0.3333333333333333,1174.6666666666667,Growing but Loosening
"Cleveland County, Arkansas",05025,0.2666666666666666,17313.333333333332,Growing but Loosening
"Columbia County, Arkansas",05027,0.2666666666666666,24820.666666666668,Growing but Loosening
"Conway County, Arkansas",05029,0.36666666666666653,8430.666666666666,Growing but Loosening
"Craighead County, Arkansas",05031,0.4000000000000001,71101.0,Growing but Loosening
"Crawford County, Arkansas",05033,0.3999999999999999,-5712.333333333333,Decelerating & Loosening
"Crittenden County, Arkansas",05035,0.6,2714.6666666666665,Growing but Loosening
"Cross County, Arkansas",05037,0.3333333333333335,-2964.3333333333335,Decelerating & Loosening
"Dallas County, Arkansas",05039,0.16666666666666666,-2377.3333333333335,Decelerating & Loosening
"Desha County, Arkansas",05041,0.4666666666666668,-8021.0,Decelerating & Loosening
"Drew County, Arkansas",05043,0.3333333333333333,2278.0,Growing but Loosening
"Faulkner County, Arkansas",05045,0.3000000000000001,166674.66666666666,Growing but Loosening
"Franklin County, Arkansas",05047,0.36666666666666653,34765.333333333336,Growing but Loosening
"Fulton County, Arkansas",05049,0.4666666666666668,-6347.0,Decelerating & Loosening
"Garland County, Arkansas",05051,0.20000000000000004,43131.0,Growing but Loosening
"Grant County, Arkansas",05053,0.16666666666666666,18184.0,Growing but Loosening
"Greene County, Arkansas",05055,0.4333333333333334,-10029.0,Decelerating & Loosening
"Hempstead County, Arkansas",05057,0.3333333333333333,10657.333333333334,Growing but Loosening
"Hot Spring County, Arkansas",05059,0.3333333333333335,54141.666666666664,Growing but Loosening
"Howard County, Arkansas",05061,0.5666666666666668,18429.0,Growing but Loosening
"Independence County, Arkansas",05063,0.20000000000000004,82398.66666666667,Growing but Loosening
"Izard County, Arkansas",05065,0.20000000000000018,5477.0,Growing but Loosening
"Jackson County, Arkansas",05067,0.03333333333333351,35373.666666666664,Growing but Loosening
"Jefferson County, Arkansas",05069,0.3000000000000001,-123612.33333333333,Decelerating & Loosening
"Johnson County, Arkansas",05071,0.5,2485.0,Growing but Loosening
"Lafayette County, Arkansas",05073,0.39999999999999974,11549.333333333334,Growing but Loosening
"Lawrence County, Arkansas",05075,0.2333333333333334,-3901.0,Decelerating & Loosening
"Lee County, Arkansas",05077,0.5333333333333335,-2721.3333333333335,Decelerating & Loosening
"Lincoln County, Arkansas",05079,0.3333333333333333,8307.0,Growing but Loosening
"Little River County, Arkansas",05081,0.16666666666666666,16134.666666666666,Growing but Loosening
"Logan County, Arkansas",05083,0.4000000000000001,34087.666666666664,Growing but Loosening
"Lonoke County, Arkansas",05085,0.2666666666666666,36467.666666666664,Growing but Loosening
"Madison County, Arkansas",05087,0.3333333333333333,41318.0,Growing but Loosening
"Marion County, Arkansas",05089,0.7000000000000002,-19956.666666666668,Decelerating & Loosening
"Miller County, Arkansas",05091,0.2333333333333334,-10793.333333333334,Decelerating & Loosening
"Mississippi County, Arkansas",05093,0.09999999999999994,99719.0,Growing but Loosening
"Monroe County, Arkansas",05095,0.5666666666666668,-214.33333333333334,Decelerating & Loosening
"Montgomery County, Arkansas",05097,0.2999999999999998,5126.333333333333,Growing but Loosening
"Nevada County, Arkansas",05099,0.2333333333333334,-1906.0,Decelerating & Loosening
"Newton County, Arkansas",05101,0.5333333333333335,-19.0,Decelerating & Loosening
"Ouachita County, Arkansas",05103,0.4000000000000001,11894.333333333334,Growing but Loosening
"Perry County, Arkansas",05105,0.3333333333333332,11825.666666666666,Growing but Loosening
"Phillips County, Arkansas",05107,0.2666666666666666,-21912.333333333332,Decelerating & Loosening
"Pike County, Arkansas",05109,0.36666666666666653,13288.0,Growing but Loosening
"Poinsett County, Arkansas",05111,0.36666666666666653,19288.666666666668,Growing but Loosening
"Polk County, Arkansas",05113,0.3,27668.333333333332,Growing but Loosening
"Pope County, Arkansas",05115,0.3333333333333333,81703.66666666667,Growing but Loosening
"Prairie County, Arkansas",05117,0.4000000000000001,-670.0,Decelerating & Loosening
"Pulaski County, Arkansas",05119,0.3000000000000001,739404.3333333334,Growing but Loosening
"Randolph County, Arkansas",05121,0.2333333333333334,7848.333333333333,Growing but Loosening
"St. Francis County, Arkansas",05123,0.5,-6546.0,Decelerating & Loosening
"Saline County, Arkansas",05125,0.2666666666666666,34019.333333333336,Growing but Loosening
"Scott County, Arkansas",05127,0.3999999999999999,19166.333333333332,Growing but Loosening
"Searcy County, Arkansas",05129,0.1333333333333333,1925.3333333333333,Growing but Loosening
"Sebastian County, Arkansas",05131,0.4000000000000001,114598.66666666667,Growing but Loosening
"Sevier County, Arkansas",05133,0.20000000000000004,34742.666666666664,Growing but Loosening
"Sharp County, Arkansas",05135,0.2666666666666666,27415.333333333332,Growing but Loosening
"Stone County, Arkansas",05137,0.36666666666666686,9075.666666666666,Growing but Loosening
"Union County, Arkansas",05139,0.4000000000000001,9024.0,Growing but Loosening
"Van Buren County, Arkansas",05141,0.36666666666666686,-6379.333333333333,Decelerating & Loosening
"Washington County, Arkansas",05143,0.3333333333333333,338171.3333333333,Growing but Loosening
"White County, Arkansas",05145,0.23333333333333325,51426.666666666664,Growing but Loosening
"Woodruff County, Arkansas",05147,0.19999999999999987,2882.0,Growing but Loosening
"Yell County, Arkansas",05149,0.3,23513.333333333332,Growing but Loosening
"Alameda County, California",06001,0.5,1082911.6666666667,Growing but Loosening
"Alpine County, California",06003,-0.2333333333333331,2858.6666666666665,Accelerating & Tightening
"Amador County, California",06005,0.4666666666666668,21694.333333333332,Growing but Loosening
"Butte County, California",06007,0.5333333333333335,287560.3333333333,Growing but Loosening
"Calaveras County, California",06009,0.5666666666666668,79960.0,Growing but Loosening
"Colusa County, California",06011,0.8666666666666666,54410.333333333336,Growing but Loosening
"Contra Costa County, California",06013,0.4666666666666666,-148295.66666666666,Decelerating & Loosening
"Del Norte County, California",06015,0.2666666666666669,11962.333333333334,Growing but Loosening
"El Dorado County, California",06017,0.4333333333333333,270720.6666666667,Growing but Loosening
"Fresno County, California",06019,0.6333333333333334,1282460.0,Growing but Loosening
"Glenn County, California",06021,0.4666666666666665,14878.666666666666,Growing but Loosening
"Humboldt County, California",06023,0.4000000000000001,92855.0,Growing but Loosening
"Imperial County, California",06025,1.1999999999999993,513459.6666666667,Growing but Loosening
"Inyo County, California",06027,0.19999999999999987,27009.666666666668,Growing but Loosening
"Kern County, California",06029,0.6333333333333334,1129237.0,Growing but Loosening
"Kings County, California",06031,0.6333333333333334,199150.66666666666,Growing but Loosening
"Lake County, California",06033,0.4666666666666665,46667.333333333336,Growing but Loosening
"Lassen County, California",06035,0.4666666666666668,-3470.6666666666665,Decelerating & Loosening
"Los Angeles County, California",06037,0.2333333333333334,12520982.666666666,Growing but Loosening
"Madera County, California",06039,0.6333333333333334,123831.0,Growing but Loosening
"Marin County, California",06041,0.4333333333333334,-53808.0,Decelerating & Loosening
"Mariposa County, California",06043,0.3333333333333333,38750.666666666664,Growing but Loosening
"Mendocino County, California",06045,0.5,-1005.3333333333334,Decelerating & Loosening
"Merced County, California",06047,0.7999999999999998,314329.3333333333,Growing but Loosening
"Modoc County, California",06049,0.5,22564.666666666668,Growing but Loosening
"Mono County, California",06051,0.10000000000000009,55813.0,Growing but Loosening
"Monterey County, California",06053,0.5666666666666668,651280.3333333334,Growing but Loosening
"Napa County, California",06055,0.36666666666666653,-47086.666666666664,Decelerating & Loosening
"Nevada County, California",06057,0.3333333333333333,113805.0,Growing but Loosening
"Orange County, California",06059,0.2999999999999998,3152289.0,Growing but Loosening
"Placer County, California",06061,0.3999999999999999,260899.0,Growing but Loosening
"Plumas County, California",06063,0.3000000000000001,98881.0,Growing but Loosening
"Riverside County, California",06065,0.4333333333333333,2497053.3333333335,Growing but Loosening
"Sacramento County, California",06067,0.3666666666666667,3062734.3333333335,Growing but Loosening
"San Benito County, California",06069,0.6,59567.333333333336,Growing but Loosening
"San Bernardino County, California",06071,0.4000000000000001,1711257.3333333333,Growing but Loosening
"San Diego County, California",06073,0.3999999999999999,5524284.666666667,Growing but Loosening
"San Francisco County, California",06075,0.4333333333333333,-1677415.3333333333,Decelerating & Loosening
"San Joaquin County, California",06077,0.5,477581.0,Growing but Loosening
"San Luis Obispo County, California",06079,0.4000000000000001,372636.0,Growing but Loosening
"San Mateo County, California",06081,0.4333333333333333,9214905.666666666,Growing but Loosening
"Santa Barbara County, California",06083,0.3999999999999999,623216.3333333334,Growing but Loosening
"Santa Clara County, California",06085,0.5,6454506.333333333,Growing but Loosening
"Santa Cruz County, California",06087,0.5,85138.33333333333,Growing but Loosening
"Shasta County, California",06089,0.3333333333333333,301834.6666666667,Growing but Loosening
"Sierra County, California",06091,0.4000000000000001,2736.3333333333335,Growing but Loosening
"Siskiyou County, California",06093,0.5,45014.666666666664,Growing but Loosening
"Solano County, California",06095,0.4000000000000001,-209136.0,Decelerating & Loosening
"Sonoma County, California",06097,0.4000000000000001,-244502.0,Decelerating & Loosening
"Stanislaus County, California",06099,0.6,371611.0,Growing but Loosening
"Sutter County, California",06101,0.6333333333333334,54245.0,Growing but Loosening
"Tehama County, California",06103,0.5666666666666668,33466.333333333336,Growing but Loosening
"Trinity County, California",06105,0.43333333333333357,23228.0,Growing but Loosening
"Tulare County, California",06107,0.8666666666666671,405202.0,Growing but Loosening
"Tuolumne County, California",06109,0.3333333333333333,73184.66666666667,Growing but Loosening
"Ventura County, California",06111,0.36666666666666653,693714.0,Growing but Loosening
"Yolo County, California",06113,0.5333333333333332,96889.66666666667,Growing but Loosening
"Yuba County, California",06115,0.6,95051.66666666667,Growing but Loosening
"Adams County, Colorado",08001,0.3333333333333333,921503.3333333334,Growing but Loosening
"Alamosa County, Colorado",08003,0.23333333333333325,-151.0,Decelerating & Loosening
"Arapahoe County, Colorado",08005,0.2666666666666666,1182573.6666666667,Growing but Loosening
"Archuleta County, Colorado",08007,0.10000000000000009,14495.333333333334,Growing but Loosening
"Baca County, Colorado",08009,0.3666666666666667,-5145.0,Decelerating & Loosening
"Bent County, Colorado",08011,0.06666666666666643,1365.6666666666667,Growing but Loosening
"Boulder County, Colorado",08013,0.4333333333333333,725681.3333333334,Growing but Loosening
"Broomfield County, Colorado",08014,0.3999999999999999,268014.6666666667,Growing but Loosening
"Chaffee County, Colorado",08015,0.2666666666666668,37570.666666666664,Growing but Loosening
"Cheyenne County, Colorado",08017,0.20000000000000004,9811.0,Growing but Loosening
"Clear Creek County, Colorado",08019,0.16666666666666666,4841.333333333333,Growing but Loosening
"Conejos County, Colorado",08021,0.19999999999999987,-4936.333333333333,Decelerating & Loosening
"Costilla County, Colorado",08023,0.4666666666666668,5114.0,Growing but Loosening
"Crowley County, Colorado",08025,0.3,5495.333333333333,Growing but Loosening
"Custer County, Colorado",08027,0.16666666666666666,5665.333333333333,Growing but Loosening
"Delta County, Colorado",08029,0.36666666666666686,24451.333333333332,Growing but Loosening
"Denver County, Colorado",08031,0.36666666666666653,4803679.666666667,Growing but Loosening
"Dolores County, Colorado",08033,0.2333333333333334,-3384.0,Decelerating & Loosening
"Douglas County, Colorado",08035,0.4000000000000001,1073727.6666666667,Growing but Loosening
"Eagle County, Colorado",08037,0.19999999999999987,236164.33333333334,Growing but Loosening
"Elbert County, Colorado",08039,0.3,9231.333333333334,Growing but Loosening
"El Paso County, Colorado",08041,0.2999999999999998,1327579.3333333333,Growing but Loosening
"Fremont County, Colorado",08043,0.19999999999999987,35891.333333333336,Growing but Loosening
"Garfield County, Colorado",08045,0.06666666666666672,24077.333333333332,Growing but Loosening
"Gilpin County, Colorado",08047,0.2333333333333334,31658.333333333332,Growing but Loosening
"Grand County, Colorado",08049,0.16666666666666666,75347.0,Growing but Loosening
"Gunnison County, Colorado",08051,0.2666666666666666,24709.0,Growing but Loosening
"Hinsdale County, Colorado",08053,0.16666666666666666,1636.0,Growing but Loosening
"Huerfano County, Colorado",08055,0.033333333333333215,838.3333333333334,Growing but Loosening
"Jackson County, Colorado",08057,0.19999999999999987,10367.666666666666,Growing but Loosening
"Jefferson County, Colorado",08059,0.3,819567.3333333334,Growing but Loosening
"Kiowa County, Colorado",08061,0.23333333333333325,-1849.3333333333333,Decelerating & Loosening
"Kit Carson County, Colorado",08063,0.20000000000000004,3465.0,Growing but Loosening
"Lake County, Colorado",08065,0.2333333333333334,26546.666666666668,Growing but Loosening
"La Plata County, Colorado",08067,0.16666666666666666,45363.333333333336,Growing but Loosening
"Larimer County, Colorado",08069,0.3333333333333333,405847.0,Growing but Loosening
"Las Animas County, Colorado",08071,0.4666666666666668,-2802.0,Decelerating & Loosening
"Lincoln County, Colorado",08073,0.3333333333333333,4469.666666666667,Growing but Loosening
"Logan County, Colorado",08075,0.2666666666666666,22389.333333333332,Growing but Loosening
"Mesa County, Colorado",08077,0.2666666666666668,181370.66666666666,Growing but Loosening
"Mineral County, Colorado",08079,0.4333333333333334,4498.0,Growing but Loosening
"Moffat County, Colorado",08081,0.19999999999999987,-46872.0,Decelerating & Loosening
"Montezuma County, Colorado",08083,0.2666666666666666,-52110.666666666664,Decelerating & Loosening
"Montrose County, Colorado",08085,0.13333333333333344,73660.33333333333,Growing but Loosening
"Morgan County, Colorado",08087,0.13333333333333316,29215.0,Growing but Loosening
"Otero County, Colorado",08089,0.3000000000000001,-3856.0,Decelerating & Loosening
"Ouray County, Colorado",08091,0.3333333333333333,-14001.666666666666,Decelerating & Loosening
"Park County, Colorado",08093,0.3,23798.333333333332,Growing but Loosening
"Phillips County, Colorado",08095,0.20000000000000004,-905.3333333333334,Decelerating & Loosening
"Pitkin County, Colorado",08097,0.1333333333333333,169668.66666666666,Growing but Loosening
"Prowers County, Colorado",08099,0.2666666666666666,-7208.333333333333,Decelerating & Loosening
"Pueblo County, Colorado",08101,0.3000000000000001,99527.0,Growing but Loosening
"Rio Blanco County, Colorado",08103,0.0,21518.0,Accelerating & Tightening
"Rio Grande County, Colorado",08105,0.033333333333333215,-4110.333333333333,Decelerating & Loosening
"Routt County, Colorado",08107,0.16666666666666666,51477.0,Growing but Loosening
"Saguache County, Colorado",08109,0.3000000000000001,-12988.0,Decelerating & Loosening
"San Juan County, Colorado",08111,0.06666666666666658,1936.6666666666667,Growing but Loosening
"San Miguel County, Colorado",08113,0.16666666666666666,24928.666666666668,Growing but Loosening
"Sedgwick County, Colorado",08115,0.2333333333333334,-1610.0,Decelerating & Loosening
"Summit County, Colorado",08117,0.20000000000000004,157341.0,Growing but Loosening
"Teller County, Colorado",08119,0.2666666666666666,-25543.333333333332,Decelerating & Loosening
"Washington County, Colorado",08121,0.20000000000000004,-8850.666666666666,Decelerating & Loosening
"Weld County, Colorado",08123,0.3333333333333333,1330403.0,Growing but Loosening
"Yuma County, Colorado",08125,0.09999999999999994,12103.666666666666,Growing but Loosening
"Kent County, Delaware",10001,0.2333333333333334,260519.66666666666,Growing but Loosening
"New Castle County, Delaware",10003,0.20000000000000018,2011840.6666666667,Growing but Loosening
"Sussex County, Delaware",10005,0.16666666666666666,1107330.6666666667,Growing but Loosening
District of Columbia,11001,0.5333333333333332,583079.0,Growing but Loosening
"Alachua County, Florida",12001,0.4666666666666666,476830.0,Growing but Loosening
"Baker County, Florida",12003,0.4333333333333334,17618.0,Growing but Loosening
"Bay County, Florida",12005,0.3666666666666667,320033.3333333333,Growing but Loosening
"Bradford County, Florida",12007,0.3666666666666667,29099.333333333332,Growing but Loosening
"Brevard County, Florida",12009,0.4000000000000001,1767381.6666666667,Growing but Loosening
"Broward County, Florida",12011,0.2666666666666668,5541672.0,Growing but Loosening
"Calhoun County, Florida",12013,0.36666666666666686,25904.333333333332,Growing but Loosening
"Charlotte County, Florida",12015,0.36666666666666686,422763.3333333333,Growing but Loosening
"Citrus County, Florida",12017,0.5666666666666668,259245.66666666666,Growing but Loosening
"Clay County, Florida",12019,0.4333333333333333,393979.6666666667,Growing but Loosening
"Collier County, Florida",12021,0.3333333333333332,1606680.3333333333,Growing but Loosening
"Columbia County, Florida",12023,0.4000000000000001,109655.33333333333,Growing but Loosening
"DeSoto County, Florida",12027,0.4666666666666668,44049.333333333336,Growing but Loosening
"Dixie County, Florida",12029,0.5333333333333332,10039.333333333334,Growing but Loosening
"Duval County, Florida",12031,0.2999999999999998,3504127.3333333335,Growing but Loosening
"Escambia County, Florida",12033,0.36666666666666653,559856.3333333334,Growing but Loosening
"Flagler County, Florida",12035,0.4666666666666666,251045.66666666666,Growing but Loosening
"Franklin County, Florida",12037,0.4333333333333333,7623.333333333333,Growing but Loosening
"Gadsden County, Florida",12039,0.16666666666666666,15603.333333333334,Growing but Loosening
"Gilchrist County, Florida",12041,0.3999999999999999,17774.666666666668,Growing but Loosening
"Glades County, Florida",12043,0.5333333333333335,16656.666666666668,Growing but Loosening
"Gulf County, Florida",12045,0.36666666666666653,18598.0,Growing but Loosening
"Hamilton County, Florida",12047,0.4666666666666665,44405.0,Growing but Loosening
"Hardee County, Florida",12049,0.4000000000000001,-2067.0,Decelerating & Loosening
"Hendry County, Florida",12051,0.2333333333333334,39018.666666666664,Growing but Loosening
"Hernando County, Florida",12053,0.4333333333333333,309381.0,Growing but Loosening
"Highlands County, Florida",12055,0.4333333333333333,140289.33333333334,Growing but Loosening
"Hillsborough County, Florida",12057,0.3666666666666667,5519700.666666667,Growing but Loosening
"Holmes County, Florida",12059,0.4333333333333334,16540.333333333332,Growing but Loosening
"Indian River County, Florida",12061,0.3666666666666667,42361.333333333336,Growing but Loosening
"Jackson County, Florida",12063,0.4000000000000001,63743.0,Growing but Loosening
"Jefferson County, Florida",12065,0.2666666666666668,23929.0,Growing but Loosening
"Lafayette County, Florida",12067,0.5333333333333332,32203.333333333332,Growing but Loosening
"Lake County, Florida",12069,0.4000000000000001,772948.6666666666,Growing but Loosening
"Lee County, Florida",12071,0.3,1965365.3333333333,Growing but Loosening
"Leon County, Florida",12073,0.36666666666666653,901890.3333333334,Growing but Loosening
"Levy County, Florida",12075,0.36666666666666653,84016.0,Growing but Loosening
"Liberty County, Florida",12077,0.4000000000000001,28581.666666666668,Growing but Loosening
"Madison County, Florida",12079,0.36666666666666653,52052.0,Growing but Loosening
"Manatee County, Florida",12081,0.4000000000000001,1097706.0,Growing but Loosening
"Marion County, Florida",12083,0.4666666666666668,658254.3333333334,Growing but Loosening
"Martin County, Florida",12085,0.4333333333333334,359292.3333333333,Growing but Loosening
"Miami-Dade County, Florida",12086,0.0,9499123.0,Accelerating & Tightening
"Monroe County, Florida",12087,0.23333333333333325,269150.3333333333,Growing but Loosening
"Nassau County, Florida",12089,0.3999999999999999,155913.0,Growing but Loosening
"Okaloosa County, Florida",12091,0.3999999999999999,353925.0,Growing but Loosening
"Okeechobee County, Florida",12093,0.36666666666666653,160521.0,Growing but Loosening
"Orange County, Florida",12095,0.2666666666666666,5811433.666666667,Growing but Loosening
"Osceola County, Florida",12097,0.2999999999999998,1025862.3333333334,Growing but Loosening
"Palm Beach County, Florida",12099,0.3,4307887.333333333,Growing but Loosening
"Pasco County, Florida",12101,0.4333333333333333,1045080.3333333334,Growing but Loosening
"Pinellas County, Florida",12103,0.3333333333333333,2354013.6666666665,Growing but Loosening
"Polk County, Florida",12105,0.3999999999999999,1216522.0,Growing but Loosening
"Putnam County, Florida",12107,0.2666666666666669,163109.33333333334,Growing but Loosening
"St. Johns County, Florida",12109,0.5,887191.6666666666,Growing but Loosening
"St. Lucie County, Florida",12111,0.36666666666666653,583034.3333333334,Growing but Loosening
"Santa Rosa County, Florida",12113,0.4333333333333333,272671.6666666667,Growing but Loosening
"Sarasota County, Florida",12115,0.3999999999999999,1473857.6666666667,Growing but Loosening
"Seminole County, Florida",12117,0.3333333333333333,850815.3333333334,Growing but Loosening
"Sumter County, Florida",12119,0.6,423313.3333333333,Growing but Loosening
"Suwannee County, Florida",12121,0.4333333333333333,153926.0,Growing but Loosening
"Taylor County, Florida",12123,0.9333333333333332,-8132.333333333333,Decelerating & Loosening
"Union County, Florida",12125,0.5333333333333332,24287.333333333332,Growing but Loosening
"Volusia County, Florida",12127,0.3666666666666667,944754.3333333334,Growing but Loosening
"Wakulla County, Florida",12129,0.3,31986.666666666668,Growing but Loosening
"Walton County, Florida",12131,0.4000000000000001,270847.3333333333,Growing but Loosening
"Washington County, Florida",12133,0.4333333333333333,27461.0,Growing but Loosening
"Appling County, Georgia",13001,-0.09999999999999994,14683.0,Accelerating & Tightening
"Atkinson County, Georgia",13003,0.06666666666666658,8809.333333333334,Growing but Loosening
"Bacon County, Georgia",13005,0.033333333333333215,18207.666666666668,Growing but Loosening
"Baker County, Georgia",13007,-0.16666666666666666,-1357.3333333333333,Slowing but Tightening
"Baldwin County, Georgia",13009,0.0,43128.333333333336,Accelerating & Tightening
"Banks County, Georgia",13011,0.06666666666666658,36792.666666666664,Growing but Loosening
"Barrow County, Georgia",13013,0.1333333333333333,114293.33333333333,Growing but Loosening
"Bartow County, Georgia",13015,0.10000000000000009,455426.3333333333,Growing but Loosening
"Ben Hill County, Georgia",13017,0.16666666666666666,23400.666666666668,Growing but Loosening
"Berrien County, Georgia",13019,0.2333333333333334,13526.333333333334,Growing but Loosening
"Bibb County, Georgia",13021,0.09999999999999994,58489.333333333336,Growing but Loosening
"Bleckley County, Georgia",13023,0.0,16069.666666666666,Accelerating & Tightening
"Brantley County, Georgia",13025,-0.03333333333333336,1156.0,Accelerating & Tightening
"Brooks County, Georgia",13027,0.13333333333333344,-6619.0,Decelerating & Loosening
"Bryan County, Georgia",13029,0.033333333333333215,407212.0,Growing but Loosening
"Bulloch County, Georgia",13031,0.0,117766.33333333333,Accelerating & Tightening
"Burke County, Georgia",13033,-0.06666666666666672,11893.0,Accelerating & Tightening
"Butts County, Georgia",13035,0.09999999999999994,18934.666666666668,Growing but Loosening
"Calhoun County, Georgia",13037,-0.23333333333333325,-3626.3333333333335,Slowing but Tightening
"Camden County, Georgia",13039,0.03333333333333336,75138.33333333333,Growing but Loosening
"Candler County, Georgia",13043,0.033333333333333215,9996.333333333334,Growing but Loosening
"Carroll County, Georgia",13045,0.09999999999999994,441345.3333333333,Growing but Loosening
"Catoosa County, Georgia",13047,0.10000000000000009,12392.666666666666,Growing but Loosening
"Charlton County, Georgia",13049,0.0,3382.0,Accelerating & Tightening
"Chatham County, Georgia",13051,-0.06666666666666672,473967.3333333333,Accelerating & Tightening
"Chattahoochee County, Georgia",13053,0.033333333333333215,3883.0,Growing but Loosening
"Chattooga County, Georgia",13055,-0.20000000000000018,15090.666666666666,Accelerating & Tightening
"Cherokee County, Georgia",13057,0.09999999999999994,452526.3333333333,Growing but Loosening
"Clarke County, Georgia",13059,0.033333333333333215,160707.0,Growing but Loosening
"Clay County, Georgia",13061,0.16666666666666666,-7793.0,Decelerating & Loosening
"Clayton County, Georgia",13063,0.16666666666666682,1462283.6666666667,Growing but Loosening
"Clinch County, Georgia",13065,0.1333333333333333,4105.666666666667,Growing but Loosening
"Cobb County, Georgia",13067,0.13333333333333344,1575688.6666666667,Growing but Loosening
"Coffee County, Georgia",13069,0.06666666666666658,62858.666666666664,Growing but Loosening
"Colquitt County, Georgia",13071,0.03333333333333336,29218.333333333332,Growing but Loosening
"Columbia County, Georgia",13073,0.06666666666666672,128144.33333333333,Growing but Loosening
"Cook County, Georgia",13075,0.0,-4099.666666666667,Slowing but Tightening
"Coweta County, Georgia",13077,0.10000000000000009,181207.33333333334,Growing but Loosening
"Crawford County, Georgia",13079,0.09999999999999994,9296.0,Growing but Loosening
"Crisp County, Georgia",13081,-0.3333333333333333,25418.666666666668,Accelerating & Tightening
"Dade County, Georgia",13083,0.09999999999999994,31007.666666666668,Growing but Loosening
"Dawson County, Georgia",13085,0.06666666666666672,71538.0,Growing but Loosening
"Decatur County, Georgia",13087,0.03333333333333336,50106.0,Growing but Loosening
"DeKalb County, Georgia",13089,0.10000000000000009,1305440.3333333333,Growing but Loosening
"Dodge County, Georgia",13091,0.0,5668.0,Accelerating & Tightening
"Dooly County, Georgia",13093,-0.033333333333333215,-14559.0,Slowing but Tightening
"Dougherty County, Georgia",13095,0.10000000000000024,53030.333333333336,Growing but Loosening
"Douglas County, Georgia",13097,0.10000000000000009,294029.0,Growing but Loosening
"Early County, Georgia",13099,0.033333333333333215,-7702.0,Decelerating & Loosening
"Echols County, Georgia",13101,0.1333333333333333,-765.0,Decelerating & Loosening
"Effingham County, Georgia",13103,-0.03333333333333336,37461.0,Accelerating & Tightening
"Elbert County, Georgia",13105,0.0,25953.333333333332,Accelerating & Tightening
"Emanuel County, Georgia",13107,0.13333333333333316,17862.333333333332,Growing but Loosening
"Evans County, Georgia",13109,0.0,9897.333333333334,Accelerating & Tightening
"Fannin County, Georgia",13111,0.03333333333333336,42430.333333333336,Growing but Loosening
"Fayette County, Georgia",13113,0.1333333333333333,182293.66666666666,Growing but Loosening
"Floyd County, Georgia",13115,0.09999999999999994,91728.66666666667,Growing but Loosening
"Forsyth County, Georgia",13117,0.13333333333333344,431962.0,Growing but Loosening
"Franklin County, Georgia",13119,0.03333333333333336,70685.66666666667,Growing but Loosening
"Fulton County, Georgia",13121,0.09999999999999994,3001696.3333333335,Growing but Loosening
"Gilmer County, Georgia",13123,0.06666666666666672,68464.66666666667,Growing but Loosening
"Glascock County, Georgia",13125,0.06666666666666672,-656.3333333333334,Decelerating & Loosening
"Glynn County, Georgia",13127,0.0,146435.66666666666,Accelerating & Tightening
"Gordon County, Georgia",13129,0.10000000000000009,71026.33333333333,Growing but Loosening
"Grady County, Georgia",13131,0.06666666666666672,-5598.0,Decelerating & Loosening
"Greene County, Georgia",13133,0.20000000000000004,26063.333333333332,Growing but Loosening
"Gwinnett County, Georgia",13135,0.13333333333333344,1304125.6666666667,Growing but Loosening
"Habersham County, Georgia",13137,-0.03333333333333336,74867.33333333333,Accelerating & Tightening
"Hall County, Georgia",13139,0.06666666666666658,554547.6666666666,Growing but Loosening
"Hancock County, Georgia",13141,0.0,-5743.0,Slowing but Tightening
"Haralson County, Georgia",13143,0.10000000000000009,79987.33333333333,Growing but Loosening
"Harris County, Georgia",13145,0.10000000000000009,39786.0,Growing but Loosening
"Hart County, Georgia",13147,0.0,67244.33333333333,Accelerating & Tightening
"Heard County, Georgia",13149,0.03333333333333336,-10238.333333333334,Decelerating & Loosening
"Henry County, Georgia",13151,0.16666666666666666,475745.6666666667,Growing but Loosening
"Houston County, Georgia",13153,-0.03333333333333336,130131.0,Accelerating & Tightening
"Irwin County, Georgia",13155,0.06666666666666672,564.3333333333334,Growing but Loosening
"Jackson County, Georgia",13157,0.20000000000000004,250158.33333333334,Growing but Loosening
"Jasper County, Georgia",13159,0.16666666666666666,15603.666666666666,Growing but Loosening
"Jeff Davis County, Georgia",13161,0.20000000000000018,25392.333333333332,Growing but Loosening
"Jefferson County, Georgia",13163,0.03333333333333351,-10768.333333333334,Decelerating & Loosening
"Jenkins County, Georgia",13165,-0.23333333333333325,5193.666666666667,Accelerating & Tightening
"Johnson County, Georgia",13167,0.0,2054.0,Accelerating & Tightening
"Jones County, Georgia",13169,0.09999999999999994,19089.0,Growing but Loosening
"Lamar County, Georgia",13171,0.16666666666666666,18490.0,Growing but Loosening
"Lanier County, Georgia",13173,0.20000000000000004,4053.6666666666665,Growing but Loosening
"Laurens County, Georgia",13175,-0.06666666666666672,53786.666666666664,Accelerating & Tightening
"Lee County, Georgia",13177,0.0,26459.333333333332,Accelerating & Tightening
"Liberty County, Georgia",13179,0.03333333333333336,59212.666666666664,Growing but Loosening
"Lincoln County, Georgia",13181,-0.03333333333333336,291.0,Accelerating & Tightening
"Long County, Georgia",13183,0.03333333333333336,13240.0,Growing but Loosening
"Lowndes County, Georgia",13185,0.1333333333333333,46908.666666666664,Growing but Loosening
"Lumpkin County, Georgia",13187,0.1333333333333333,27076.666666666668,Growing but Loosening
"McDuffie County, Georgia",13189,0.0,-2009.3333333333333,Slowing but Tightening
"McIntosh County, Georgia",13191,-0.03333333333333336,-3295.6666666666665,Slowing but Tightening
"Macon County, Georgia",13193,0.06666666666666643,17173.333333333332,Growing but Loosening
"Madison County, Georgia",13195,0.0,51753.333333333336,Accelerating & Tightening
"Marion County, Georgia",13197,0.03333333333333336,-1079.6666666666667,Decelerating & Loosening
"Meriwether County, Georgia",13199,0.06666666666666672,21278.0,Growing but Loosening
"Miller County, Georgia",13201,0.0,-1017.6666666666666,Slowing but Tightening
"Mitchell County, Georgia",13205,0.03333333333333336,27009.0,Growing but Loosening
"Monroe County, Georgia",13207,0.03333333333333336,8640.333333333334,Growing but Loosening
"Montgomery County, Georgia",13209,-0.033333333333333215,5398.333333333333,Accelerating & Tightening
"Morgan County, Georgia",13211,0.06666666666666658,33618.0,Growing but Loosening
"Murray County, Georgia",13213,0.16666666666666666,34286.0,Growing but Loosening
"Muscogee County, Georgia",13215,0.06666666666666658,-875.3333333333334,Decelerating & Loosening
"Newton County, Georgia",13217,0.23333333333333325,143111.0,Growing but Loosening
"Oconee County, Georgia",13219,0.10000000000000009,101164.66666666667,Growing but Loosening
"Oglethorpe County, Georgia",13221,0.03333333333333336,33472.333333333336,Growing but Loosening
"Paulding County, Georgia",13223,0.16666666666666666,184184.33333333334,Growing but Loosening
"Peach County, Georgia",13225,0.06666666666666658,59010.333333333336,Growing but Loosening
"Pickens County, Georgia",13227,0.09999999999999994,43087.333333333336,Growing but Loosening
"Pierce County, Georgia",13229,0.2333333333333334,8533.666666666666,Growing but Loosening
"Pike County, Georgia",13231,0.06666666666666672,11771.333333333334,Growing but Loosening
"Polk County, Georgia",13233,0.1333333333333333,28342.333333333332,Growing but Loosening
"Pulaski County, Georgia",13235,0.03333333333333336,-46.0,Decelerating & Loosening
"Putnam County, Georgia",13237,0.16666666666666666,29808.0,Growing but Loosening
"Quitman County, Georgia",13239,0.4000000000000001,-579.6666666666666,Decelerating & Loosening
"Rabun County, Georgia",13241,0.06666666666666658,11579.666666666666,Growing but Loosening
"Randolph County, Georgia",13243,0.09999999999999994,541.0,Growing but Loosening
"Richmond County, Georgia",13245,0.16666666666666666,164104.33333333334,Growing but Loosening
"Rockdale County, Georgia",13247,0.1333333333333333,62176.333333333336,Growing but Loosening
"Schley County, Georgia",13249,-0.06666666666666672,4242.666666666667,Accelerating & Tightening
"Screven County, Georgia",13251,0.0,-4563.666666666667,Slowing but Tightening
"Seminole County, Georgia",13253,0.2333333333333334,1715.3333333333333,Growing but Loosening
"Spalding County, Georgia",13255,0.20000000000000004,61664.0,Growing but Loosening
"Stephens County, Georgia",13257,0.19999999999999987,40948.333333333336,Growing but Loosening
"Stewart County, Georgia",13259,-0.2999999999999998,10625.333333333334,Accelerating & Tightening
"Sumter County, Georgia",13261,0.2666666666666668,-24460.666666666668,Decelerating & Loosening
"Talbot County, Georgia",13263,0.033333333333333215,36195.333333333336,Growing but Loosening
"Taliaferro County, Georgia",13265,0.16666666666666666,1771.0,Growing but Loosening
"Tattnall County, Georgia",13267,0.03333333333333336,42857.666666666664,Growing but Loosening
"Taylor County, Georgia",13269,-0.2666666666666666,339.6666666666667,Accelerating & Tightening
"Telfair County, Georgia",13271,0.06666666666666672,10239.333333333334,Growing but Loosening
"Terrell County, Georgia",13273,0.13333333333333316,71.66666666666667,Growing but Loosening
"Thomas County, Georgia",13275,0.06666666666666672,30625.0,Growing but Loosening
"Tift County, Georgia",13277,0.06666666666666672,41597.333333333336,Growing but Loosening
"Toombs County, Georgia",13279,0.16666666666666666,37533.0,Growing but Loosening
"Towns County, Georgia",13281,0.1333333333333333,20014.333333333332,Growing but Loosening
"Treutlen County, Georgia",13283,0.03333333333333351,5432.666666666667,Growing but Loosening
"Troup County, Georgia",13285,0.0,159821.66666666666,Accelerating & Tightening
"Turner County, Georgia",13287,0.03333333333333336,3398.0,Growing but Loosening
"Twiggs County, Georgia",13289,0.06666666666666672,-12787.333333333334,Decelerating & Loosening
"Union County, Georgia",13291,0.10000000000000009,30604.0,Growing but Loosening
"Upson County, Georgia",13293,0.06666666666666658,21472.666666666668,Growing but Loosening
"Walker County, Georgia",13295,0.06666666666666672,55824.333333333336,Growing but Loosening
"Walton County, Georgia",13297,0.10000000000000009,148808.33333333334,Growing but Loosening
"Ware County, Georgia",13299,0.23333333333333325,29081.666666666668,Growing but Loosening
"Warren County, Georgia",13301,-0.10000000000000024,16031.666666666666,Accelerating & Tightening
"Washington County, Georgia",13303,0.03333333333333336,6048.666666666667,Growing but Loosening
"Wayne County, Georgia",13305,0.16666666666666666,48050.666666666664,Growing but Loosening
"Webster County, Georgia",13307,0.20000000000000004,-2280.6666666666665,Decelerating & Loosening
"Wheeler County, Georgia",13309,0.1333333333333333,648.3333333333334,Growing but Loosening
"White County, Georgia",13311,0.06666666666666672,32748.666666666668,Growing but Loosening
"Whitfield County, Georgia",13313,0.1333333333333333,124816.0,Growing but Loosening
"Wilcox County, Georgia",13315,-0.06666666666666672,7411.333333333333,Accelerating & Tightening
"Wilkes County, Georgia",13317,-0.13333333333333316,24875.333333333332,Accelerating & Tightening
"Wilkinson County, Georgia",13319,0.03333333333333351,-55382.666666666664,Decelerating & Loosening
"Worth County, Georgia",13321,0.09999999999999994,2355.3333333333335,Growing but Loosening
"Hawaii County, Hawaii",15001,-0.3,346474.6666666667,Accelerating & Tightening
"Honolulu County, Hawaii",15003,-0.3000000000000001,1806883.0,Accelerating & Tightening
"Kauai County, Hawaii",15007,-0.3999999999999999,163137.0,Accelerating & Tightening
"Ada County, Idaho",16001,0.3,1437705.0,Growing but Loosening
"Adams County, Idaho",16003,0.4000000000000001,7131.0,Growing but Loosening
"Bannock County, Idaho",16005,0.2666666666666666,123968.0,Growing but Loosening
"Bear Lake County, Idaho",16007,0.09999999999999994,14323.333333333334,Growing but Loosening
"Benewah County, Idaho",16009,0.2666666666666666,18063.0,Growing but Loosening
"Bingham County, Idaho",16011,0.16666666666666666,68712.33333333333,Growing but Loosening
"Blaine County, Idaho",16013,0.16666666666666666,42946.333333333336,Growing but Loosening
"Boise County, Idaho",16015,0.10000000000000009,10181.333333333334,Growing but Loosening
"Bonner County, Idaho",16017,0.4666666666666668,53886.333333333336,Growing but Loosening
"Bonneville County, Idaho",16019,0.20000000000000004,-53803.666666666664,Decelerating & Loosening
"Boundary County, Idaho",16021,0.36666666666666686,29795.333333333332,Growing but Loosening
"Butte County, Idaho",16023,0.0,89009.0,Accelerating & Tightening
"Camas County, Idaho",16025,-0.03333333333333336,2472.6666666666665,Accelerating & Tightening
"Canyon County, Idaho",16027,0.2666666666666668,435326.6666666667,Growing but Loosening
"Caribou County, Idaho",16029,0.09999999999999994,34860.333333333336,Growing but Loosening
"Cassia County, Idaho",16031,0.16666666666666666,165196.33333333334,Growing but Loosening
"Clark County, Idaho",16033,0.0,3500.3333333333335,Accelerating & Tightening
"Clearwater County, Idaho",16035,0.4000000000000001,-112.0,Decelerating & Loosening
"Custer County, Idaho",16037,0.06666666666666672,7133.0,Growing but Loosening
"Elmore County, Idaho",16039,0.2666666666666666,63953.0,Growing but Loosening
"Franklin County, Idaho",16041,0.2333333333333334,18391.666666666668,Growing but Loosening
"Fremont County, Idaho",16043,0.10000000000000009,11353.333333333334,Growing but Loosening
"Gem County, Idaho",16045,0.2666666666666668,16797.333333333332,Growing but Loosening
"Gooding County, Idaho",16047,0.20000000000000004,34184.666666666664,Growing but Loosening
"Idaho County, Idaho",16049,0.4000000000000001,-3210.0,Decelerating & Loosening
"Jefferson County, Idaho",16051,0.20000000000000004,43186.333333333336,Growing but Loosening
"Jerome County, Idaho",16053,0.16666666666666666,64583.666666666664,Growing but Loosening
"Kootenai County, Idaho",16055,0.3666666666666667,315294.0,Growing but Loosening
"Latah County, Idaho",16057,0.23333333333333325,38426.666666666664,Growing but Loosening
"Lemhi County, Idaho",16059,0.0,47372.0,Accelerating & Tightening
"Lewis County, Idaho",16061,-0.033333333333333215,-3873.6666666666665,Slowing but Tightening
"Lincoln County, Idaho",16063,0.13333333333333344,11384.666666666666,Growing but Loosening
"Madison County, Idaho",16065,0.4000000000000001,47034.333333333336,Growing but Loosening
"Minidoka County, Idaho",16067,0.16666666666666666,39799.333333333336,Growing but Loosening
"Nez Perce County, Idaho",16069,0.2666666666666668,-1821.6666666666667,Decelerating & Loosening
"Oneida County, Idaho",16071,0.03333333333333336,1408.0,Growing but Loosening
"Owyhee County, Idaho",16073,0.2333333333333334,33089.333333333336,Growing but Loosening
"Payette County, Idaho",16075,0.3,33207.333333333336,Growing but Loosening
"Power County, Idaho",16077,0.09999999999999994,14716.333333333334,Growing but Loosening
"Shoshone County, Idaho",16079,0.2666666666666666,11918.666666666666,Growing but Loosening
"Teton County, Idaho",16081,0.1333333333333333,22482.666666666668,Growing but Loosening
"Twin Falls County, Idaho",16083,0.23333333333333325,145873.66666666666,Growing but Loosening
"Valley County, Idaho",16085,0.033333333333333215,22759.0,Growing but Loosening
"Washington County, Idaho",16087,0.23333333333333325,31075.333333333332,Growing but Loosening
"Adams County, Illinois",17001,0.09999999999999994,5380.0,Growing but Loosening
"Alexander County, Illinois",17003,0.0,20751.666666666668,Accelerating & Tightening
"Bond County, Illinois",17005,0.0,22585.333333333332,Accelerating & Tightening
"Boone County, Illinois",17007,-0.2333333333333334,-20588.666666666668,Slowing but Tightening
"Brown County, Illinois",17009,0.03333333333333336,-7541.0,Decelerating & Loosening
"Bureau County, Illinois",17011,0.20000000000000018,-31405.0,Decelerating & Loosening
"Calhoun County, Illinois",17013,0.0,243.66666666666666,Accelerating & Tightening
"Carroll County, Illinois",17015,0.19999999999999987,-5862.666666666667,Decelerating & Loosening
"Cass County, Illinois",17017,0.09999999999999994,7790.0,Growing but Loosening
"Champaign County, Illinois",17019,0.033333333333333215,270557.0,Growing but Loosening
"Christian County, Illinois",17021,0.033333333333333215,-32703.333333333332,Decelerating & Loosening
"Clark County, Illinois",17023,0.13333333333333344,11634.666666666666,Growing but Loosening
"Clay County, Illinois",17025,0.0,4226.333333333333,Accelerating & Tightening
"Clinton County, Illinois",17027,0.0,24998.0,Accelerating & Tightening
"Coles County, Illinois",17029,-0.06666666666666672,29737.0,Accelerating & Tightening
"Cook County, Illinois",17031,-0.06666666666666672,7886366.333333333,Accelerating & Tightening
"Crawford County, Illinois",17033,-0.23333333333333325,76037.33333333333,Accelerating & Tightening
"Cumberland County, Illinois",17035,0.0,177408.33333333334,Accelerating & Tightening
"DeKalb County, Illinois",17037,0.033333333333333215,-22575.666666666668,Decelerating & Loosening
"De Witt County, Illinois",17039,0.03333333333333336,33821.0,Growing but Loosening
"Douglas County, Illinois",17041,0.06666666666666672,9825.333333333334,Growing but Loosening
"DuPage County, Illinois",17043,0.06666666666666658,1328598.0,Growing but Loosening
"Edgar County, Illinois",17045,0.06666666666666658,-7644.333333333333,Decelerating & Loosening
"Edwards County, Illinois",17047,0.09999999999999994,3020.3333333333335,Growing but Loosening
"Effingham County, Illinois",17049,0.10000000000000009,53623.333333333336,Growing but Loosening
"Fayette County, Illinois",17051,0.10000000000000024,2518.3333333333335,Growing but Loosening
"Ford County, Illinois",17053,0.06666666666666672,41578.666666666664,Growing but Loosening
"Franklin County, Illinois",17055,-0.033333333333333215,18377.666666666668,Accelerating & Tightening
"Fulton County, Illinois",17057,-0.03333333333333351,9273.666666666666,Accelerating & Tightening
"Gallatin County, Illinois",17059,-0.19999999999999987,-6163.666666666667,Slowing but Tightening
"Greene County, Illinois",17061,-0.10000000000000009,-4075.6666666666665,Slowing but Tightening
"Grundy County, Illinois",17063,0.03333333333333351,173572.0,Growing but Loosening
"Hamilton County, Illinois",17065,0.09999999999999994,4926.333333333333,Growing but Loosening
"Hancock County, Illinois",17067,-0.033333333333333215,10372.666666666666,Accelerating & Tightening
"Hardin County, Illinois",17069,0.13333333333333316,6662.666666666667,Growing but Loosening
"Henderson County, Illinois",17071,-0.13333333333333344,-2627.6666666666665,Slowing but Tightening
"Henry County, Illinois",17073,0.2333333333333331,5830.333333333333,Growing but Loosening
"Iroquois County, Illinois",17075,0.0,10236.0,Accelerating & Tightening
"Jackson County, Illinois",17077,0.033333333333333215,38869.666666666664,Growing but Loosening
"Jasper County, Illinois",17079,0.0,759.0,Accelerating & Tightening
"Jefferson County, Illinois",17081,0.03333333333333351,-4604.666666666667,Decelerating & Loosening
"Jersey County, Illinois",17083,0.033333333333333215,-8894.0,Decelerating & Loosening
"Jo Daviess County, Illinois",17085,0.033333333333333215,3393.3333333333335,Growing but Loosening
"Johnson County, Illinois",17087,-0.13333333333333344,6917.333333333333,Accelerating & Tightening
"Kane County, Illinois",17089,0.06666666666666672,307330.0,Growing but Loosening
"Kankakee County, Illinois",17091,-0.033333333333333215,50717.333333333336,Accelerating & Tightening
"Kendall County, Illinois",17093,0.09999999999999994,127153.0,Growing but Loosening
"Knox County, Illinois",17095,-0.10000000000000024,36013.333333333336,Accelerating & Tightening
"Lake County, Illinois",17097,0.09999999999999994,196870.66666666666,Growing but Loosening
"LaSalle County, Illinois",17099,0.13333333333333344,11586.0,Growing but Loosening
"Lawrence County, Illinois",17101,-0.2333333333333334,9415.0,Accelerating & Tightening
"Lee County, Illinois",17103,0.0,40210.333333333336,Accelerating & Tightening
"Livingston County, Illinois",17105,-0.033333333333333215,74505.66666666667,Accelerating & Tightening
"Logan County, Illinois",17107,0.16666666666666666,-6643.333333333333,Decelerating & Loosening
"McDonough County, Illinois",17109,0.13333333333333344,6425.0,Growing but Loosening
"McHenry County, Illinois",17111,0.06666666666666658,70496.33333333333,Growing but Loosening
"McLean County, Illinois",17113,0.09999999999999994,381944.6666666667,Growing but Loosening
"Macon County, Illinois",17115,0.0,50590.333333333336,Accelerating & Tightening
"Macoupin County, Illinois",17117,0.09999999999999994,-16860.666666666668,Decelerating & Loosening
"Madison County, Illinois",17119,0.03333333333333336,375179.3333333333,Growing but Loosening
"Marion County, Illinois",17121,-0.03333333333333351,27719.333333333332,Accelerating & Tightening
"Marshall County, Illinois",17123,0.09999999999999994,30257.333333333332,Growing but Loosening
"Mason County, Illinois",17125,0.06666666666666672,13700.666666666666,Growing but Loosening
"Massac County, Illinois",17127,-0.10000000000000024,-87920.0,Slowing but Tightening
"Menard County, Illinois",17129,0.06666666666666658,1543.3333333333333,Growing but Loosening
"Mercer County, Illinois",17131,0.2333333333333331,1480.0,Growing but Loosening
"Monroe County, Illinois",17133,0.03333333333333336,21360.0,Growing but Loosening
"Montgomery County, Illinois",17135,0.06666666666666643,92561.33333333333,Growing but Loosening
"Morgan County, Illinois",17137,-0.06666666666666672,-2809.3333333333335,Slowing but Tightening
"Moultrie County, Illinois",17139,0.09999999999999994,-682.3333333333334,Decelerating & Loosening
"Ogle County, Illinois",17141,-0.033333333333333215,62652.666666666664,Accelerating & Tightening
"Peoria County, Illinois",17143,0.06666666666666672,221108.0,Growing but Loosening
"Perry County, Illinois",17145,0.0,11506.0,Accelerating & Tightening
"Piatt County, Illinois",17147,0.06666666666666672,7646.333333333333,Growing but Loosening
"Pike County, Illinois",17149,0.06666666666666672,4006.6666666666665,Growing but Loosening
"Pope County, Illinois",17151,-0.4333333333333333,4302.333333333333,Accelerating & Tightening
"Pulaski County, Illinois",17153,-0.3000000000000001,2203.3333333333335,Accelerating & Tightening
"Putnam County, Illinois",17155,0.06666666666666672,4517.0,Growing but Loosening
"Randolph County, Illinois",17157,-0.03333333333333336,16676.666666666668,Accelerating & Tightening
"Richland County, Illinois",17159,0.0,17102.666666666668,Accelerating & Tightening
"Rock Island County, Illinois",17161,0.2333333333333334,-28419.666666666668,Decelerating & Loosening
"St. Clair County, Illinois",17163,0.0,161240.0,Accelerating & Tightening
"Saline County, Illinois",17165,-0.03333333333333351,43663.333333333336,Accelerating & Tightening
"Sangamon County, Illinois",17167,0.03333333333333351,314709.6666666667,Growing but Loosening
"Schuyler County, Illinois",17169,0.16666666666666666,3939.3333333333335,Growing but Loosening
"Scott County, Illinois",17171,-0.033333333333333215,-1511.6666666666667,Slowing but Tightening
"Shelby County, Illinois",17173,-0.03333333333333336,24924.333333333332,Accelerating & Tightening
"Stark County, Illinois",17175,0.09999999999999994,2310.3333333333335,Growing but Loosening
"Stephenson County, Illinois",17177,-0.033333333333333215,21809.666666666668,Accelerating & Tightening
"Tazewell County, Illinois",17179,0.13333333333333344,32840.0,Growing but Loosening
"Union County, Illinois",17181,-0.10000000000000024,778.0,Accelerating & Tightening
"Vermilion County, Illinois",17183,0.13333333333333316,9974.333333333334,Growing but Loosening
"Wabash County, Illinois",17185,0.0,8279.0,Accelerating & Tightening
"Warren County, Illinois",17187,0.06666666666666672,9132.333333333334,Growing but Loosening
"Washington County, Illinois",17189,0.03333333333333336,1862.3333333333333,Growing but Loosening
"Wayne County, Illinois",17191,0.20000000000000004,16762.666666666668,Growing but Loosening
"White County, Illinois",17193,0.13333333333333316,26723.0,Growing but Loosening
"Whiteside County, Illinois",17195,0.13333333333333316,17865.0,Growing but Loosening
"Will County, Illinois",17197,0.033333333333333215,641259.3333333334,Growing but Loosening
"Williamson County, Illinois",17199,-0.09999999999999994,88521.0,Accelerating & Tightening
"Winnebago County, Illinois",17201,-0.19999999999999987,292664.3333333333,Accelerating & Tightening
"Woodford County, Illinois",17203,0.06666666666666672,19860.333333333332,Growing but Loosening
"Adams County, Indiana",18001,0.3333333333333333,18113.666666666668,Growing but Loosening
"Allen County, Indiana",18003,0.16666666666666666,455627.0,Growing but Loosening
"Bartholomew County, Indiana",18005,0.3,142038.66666666666,Growing but Loosening
"Benton County, Indiana",18007,0.2333333333333334,-7900.666666666667,Decelerating & Loosening
"Blackford County, Indiana",18009,0.2666666666666666,-8801.666666666666,Decelerating & Loosening
"Boone County, Indiana",18011,0.23333333333333325,196109.33333333334,Growing but Loosening
"Brown County, Indiana",18013,-0.10000000000000009,16225.0,Accelerating & Tightening
"Carroll County, Indiana",18015,0.20000000000000004,-180.0,Decelerating & Loosening
"Cass County, Indiana",18017,0.3333333333333333,5360.0,Growing but Loosening
"Clark County, Indiana",18019,0.2666666666666666,232458.33333333334,Growing but Loosening
"Clay County, Indiana",18021,0.10000000000000009,6775.666666666667,Growing but Loosening
"Clinton County, Indiana",18023,0.13333333333333344,32759.666666666668,Growing but Loosening
"Crawford County, Indiana",18025,0.16666666666666682,-2627.6666666666665,Decelerating & Loosening
"Daviess County, Indiana",18027,0.1333333333333333,103335.66666666667,Growing but Loosening
"Dearborn County, Indiana",18029,0.2666666666666666,1914.6666666666667,Growing but Loosening
"Decatur County, Indiana",18031,0.20000000000000004,-18167.666666666668,Decelerating & Loosening
"DeKalb County, Indiana",18033,0.19999999999999987,4656.666666666667,Growing but Loosening
"Delaware County, Indiana",18035,0.19999999999999987,37620.0,Growing but Loosening
"Dubois County, Indiana",18037,0.20000000000000004,65146.0,Growing but Loosening
"Elkhart County, Indiana",18039,0.3666666666666667,-551318.3333333334,Decelerating & Loosening
"Fayette County, Indiana",18041,0.16666666666666666,-3994.0,Decelerating & Loosening
"Floyd County, Indiana",18043,0.3,100349.66666666667,Growing but Loosening
"Fountain County, Indiana",18045,0.3000000000000001,-3093.3333333333335,Decelerating & Loosening
"Franklin County, Indiana",18047,0.19999999999999987,14241.666666666666,Growing but Loosening
"Fulton County, Indiana",18049,0.23333333333333325,-5017.0,Decelerating & Loosening
"Gibson County, Indiana",18051,0.1333333333333333,82462.33333333333,Growing but Loosening
"Grant County, Indiana",18053,0.2333333333333334,13169.0,Growing but Loosening
"Greene County, Indiana",18055,0.06666666666666658,17501.0,Growing but Loosening
"Hamilton County, Indiana",18057,0.23333333333333325,986872.0,Growing but Loosening
"Hancock County, Indiana",18059,0.16666666666666666,75208.0,Growing but Loosening
"Harrison County, Indiana",18061,0.3,28986.333333333332,Growing but Loosening
"Hendricks County, Indiana",18063,0.20000000000000004,113743.0,Growing but Loosening
"Henry County, Indiana",18065,0.10000000000000009,10054.333333333334,Growing but Loosening
"Howard County, Indiana",18067,0.4666666666666668,86215.33333333333,Growing but Loosening
"Huntington County, Indiana",18069,0.23333333333333325,21581.333333333332,Growing but Loosening
"Jackson County, Indiana",18071,0.13333333333333344,34651.0,Growing but Loosening
"Jasper County, Indiana",18073,0.20000000000000004,-20685.0,Decelerating & Loosening
"Jay County, Indiana",18075,0.2666666666666666,79647.66666666667,Growing but Loosening
"Jefferson County, Indiana",18077,0.2666666666666668,19770.333333333332,Growing but Loosening
"Jennings County, Indiana",18079,0.16666666666666666,9666.666666666666,Growing but Loosening
"Johnson County, Indiana",18081,0.20000000000000004,-40082.333333333336,Decelerating & Loosening
"Knox County, Indiana",18083,0.2666666666666666,5502.333333333333,Growing but Loosening
"Kosciusko County, Indiana",18085,0.3,20140.666666666668,Growing but Loosening
"LaGrange County, Indiana",18087,0.2666666666666666,49586.666666666664,Growing but Loosening
"Lake County, Indiana",18089,0.16666666666666666,720141.6666666666,Growing but Loosening
"LaPorte County, Indiana",18091,0.19999999999999987,78967.0,Growing but Loosening
"Lawrence County, Indiana",18093,0.10000000000000009,3203.0,Growing but Loosening
"Madison County, Indiana",18095,0.13333333333333344,64686.666666666664,Growing but Loosening
"Marion County, Indiana",18097,0.13333333333333344,3117106.3333333335,Growing but Loosening
"Marshall County, Indiana",18099,0.2666666666666666,35179.666666666664,Growing but Loosening
"Martin County, Indiana",18101,0.03333333333333336,45495.333333333336,Growing but Loosening
"Miami County, Indiana",18103,0.16666666666666682,5224.666666666667,Growing but Loosening
"Monroe County, Indiana",18105,0.23333333333333325,164606.33333333334,Growing but Loosening
"Montgomery County, Indiana",18107,0.16666666666666666,11680.0,Growing but Loosening
"Morgan County, Indiana",18109,0.1333333333333333,199167.0,Growing but Loosening
"Newton County, Indiana",18111,0.09999999999999994,-5376.333333333333,Decelerating & Loosening
"Noble County, Indiana",18113,0.16666666666666666,-4286.666666666667,Decelerating & Loosening
"Ohio County, Indiana",18115,0.3333333333333333,-10397.0,Decelerating & Loosening
"Orange County, Indiana",18117,0.2333333333333334,29486.333333333332,Growing but Loosening
"Owen County, Indiana",18119,0.2333333333333334,7412.666666666667,Growing but Loosening
"Parke County, Indiana",18121,0.20000000000000004,-3323.3333333333335,Decelerating & Loosening
"Perry County, Indiana",18123,0.03333333333333336,29819.333333333332,Growing but Loosening
"Pike County, Indiana",18125,0.06666666666666672,-58357.333333333336,Decelerating & Loosening
"Porter County, Indiana",18127,0.20000000000000004,205218.33333333334,Growing but Loosening
"Posey County, Indiana",18129,0.2666666666666666,84894.0,Growing but Loosening
"Pulaski County, Indiana",18131,0.06666666666666658,11945.0,Growing but Loosening
"Putnam County, Indiana",18133,0.10000000000000009,-3584.3333333333335,Decelerating & Loosening
"Randolph County, Indiana",18135,0.3,23018.666666666668,Growing but Loosening
"Ripley County, Indiana",18137,0.20000000000000004,-35822.0,Decelerating & Loosening
"Rush County, Indiana",18139,0.20000000000000004,-2121.0,Decelerating & Loosening
"St. Joseph County, Indiana",18141,0.19999999999999987,271790.0,Growing but Loosening
"Scott County, Indiana",18143,0.23333333333333325,7060.666666666667,Growing but Loosening
"Shelby County, Indiana",18145,0.19999999999999987,66803.66666666667,Growing but Loosening
"Spencer County, Indiana",18147,0.16666666666666666,11933.0,Growing but Loosening
"Starke County, Indiana",18149,0.2333333333333334,-2127.6666666666665,Decelerating & Loosening
"Steuben County, Indiana",18151,0.3333333333333333,-5816.666666666667,Decelerating & Loosening
"Sullivan County, Indiana",18153,0.03333333333333336,-28804.333333333332,Decelerating & Loosening
"Switzerland County, Indiana",18155,0.3333333333333333,-817.3333333333334,Decelerating & Loosening
"Tippecanoe County, Indiana",18157,0.2333333333333334,392889.6666666667,Growing but Loosening
"Tipton County, Indiana",18159,0.13333333333333344,-24007.333333333332,Decelerating & Loosening
"Union County, Indiana",18161,0.13333333333333344,2429.6666666666665,Growing but Loosening
"Vanderburgh County, Indiana",18163,0.1333333333333333,228827.0,Growing but Loosening
"Vermillion County, Indiana",18165,0.2333333333333334,-7686.666666666667,Decelerating & Loosening
"Vigo County, Indiana",18167,0.16666666666666666,120903.66666666667,Growing but Loosening
"Wabash County, Indiana",18169,0.2333333333333334,14648.0,Growing but Loosening
"Warren County, Indiana",18171,0.2333333333333334,-9010.333333333334,Decelerating & Loosening
"Warrick County, Indiana",18173,0.20000000000000004,32953.666666666664,Growing but Loosening
"Washington County, Indiana",18175,0.3,33463.333333333336,Growing but Loosening
"Wayne County, Indiana",18177,0.23333333333333325,49133.0,Growing but Loosening
"Wells County, Indiana",18179,0.20000000000000004,132.33333333333334,Growing but Loosening
"White County, Indiana",18181,0.20000000000000004,7905.333333333333,Growing but Loosening
"Whitley County, Indiana",18183,0.2333333333333334,43193.333333333336,Growing but Loosening
"Adair County, Iowa",19001,0.06666666666666672,-88.0,Decelerating & Loosening
"Adams County, Iowa",19003,0.10000000000000009,-9052.0,Decelerating & Loosening
"Allamakee County, Iowa",19005,0.13333333333333344,3056.6666666666665,Growing but Loosening
"Appanoose County, Iowa",19007,0.16666666666666666,-21124.666666666668,Decelerating & Loosening
"Audubon County, Iowa",19009,0.1333333333333333,10706.333333333334,Growing but Loosening
"Benton County, Iowa",19011,0.1333333333333333,-21846.666666666668,Decelerating & Loosening
"Black Hawk County, Iowa",19013,0.36666666666666653,-196545.66666666666,Decelerating & Loosening
"Boone County, Iowa",19015,0.2333333333333334,-26000.0,Decelerating & Loosening
"Bremer County, Iowa",19017,0.2666666666666666,6515.666666666667,Growing but Loosening
"Buchanan County, Iowa",19019,0.16666666666666666,5343.666666666667,Growing but Loosening
"Buena Vista County, Iowa",19021,0.1333333333333333,70889.0,Growing but Loosening
"Butler County, Iowa",19023,0.2666666666666666,-7452.333333333333,Decelerating & Loosening
"Calhoun County, Iowa",19025,0.2333333333333334,-7189.0,Decelerating & Loosening
"Carroll County, Iowa",19027,0.1333333333333333,12967.0,Growing but Loosening
"Cass County, Iowa",19029,0.13333333333333344,11178.333333333334,Growing but Loosening
"Cedar County, Iowa",19031,0.1333333333333333,-25579.333333333332,Decelerating & Loosening
"Cerro Gordo County, Iowa",19033,0.16666666666666666,88315.33333333333,Growing but Loosening
"Cherokee County, Iowa",19035,0.10000000000000009,36591.333333333336,Growing but Loosening
"Chickasaw County, Iowa",19037,0.16666666666666666,39891.333333333336,Growing but Loosening
"Clarke County, Iowa",19039,0.03333333333333336,23323.666666666668,Growing but Loosening
"Clay County, Iowa",19041,0.13333333333333344,44450.0,Growing but Loosening
"Clayton County, Iowa",19043,0.033333333333333215,2153.0,Growing but Loosening
"Clinton County, Iowa",19045,0.3,-35130.333333333336,Decelerating & Loosening
"Crawford County, Iowa",19047,0.23333333333333325,13535.666666666666,Growing but Loosening
"Dallas County, Iowa",19049,0.3666666666666667,492711.0,Growing but Loosening
"Davis County, Iowa",19051,0.2666666666666666,8003.333333333333,Growing but Loosening
"Decatur County, Iowa",19053,0.1333333333333333,-5758.666666666667,Decelerating & Loosening
"Delaware County, Iowa",19055,0.16666666666666666,16774.666666666668,Growing but Loosening
"Des Moines County, Iowa",19057,0.0,-17657.333333333332,Slowing but Tightening
"Dickinson County, Iowa",19059,0.09999999999999994,37844.0,Growing but Loosening
"Dubuque County, Iowa",19061,0.1333333333333333,39411.0,Growing but Loosening
"Emmet County, Iowa",19063,0.16666666666666666,368.0,Growing but Loosening
"Fayette County, Iowa",19065,0.16666666666666666,16642.666666666668,Growing but Loosening
"Floyd County, Iowa",19067,0.23333333333333325,15705.666666666666,Growing but Loosening
"Franklin County, Iowa",19069,0.16666666666666666,-16744.666666666668,Decelerating & Loosening
"Fremont County, Iowa",19071,0.2333333333333334,-21428.0,Decelerating & Loosening
"Greene County, Iowa",19073,0.3333333333333333,-10215.333333333334,Decelerating & Loosening
"Grundy County, Iowa",19075,0.2333333333333334,-20151.0,Decelerating & Loosening
"Guthrie County, Iowa",19077,0.2333333333333334,19903.333333333332,Growing but Loosening
"Hamilton County, Iowa",19079,0.06666666666666658,21960.0,Growing but Loosening
"Hancock County, Iowa",19081,0.2666666666666668,31115.333333333332,Growing but Loosening
"Hardin County, Iowa",19083,0.10000000000000009,-11909.666666666666,Decelerating & Loosening
"Harrison County, Iowa",19085,0.033333333333333215,-3279.0,Decelerating & Loosening
"Henry County, Iowa",19087,0.16666666666666666,-38451.333333333336,Decelerating & Loosening
"Howard County, Iowa",19089,-0.033333333333333215,17185.333333333332,Accelerating & Tightening
"Humboldt County, Iowa",19091,0.16666666666666666,-7253.333333333333,Decelerating & Loosening
"Ida County, Iowa",19093,0.1333333333333333,-18498.666666666668,Decelerating & Loosening
"Iowa County, Iowa",19095,0.3,-49930.666666666664,Decelerating & Loosening
"Jackson County, Iowa",19097,0.19999999999999987,6273.0,Growing but Loosening
"Jasper County, Iowa",19099,0.16666666666666666,-44893.333333333336,Decelerating & Loosening
"Jefferson County, Iowa",19101,0.2666666666666668,-8977.666666666666,Decelerating & Loosening
"Johnson County, Iowa",19103,0.10000000000000009,69045.66666666667,Growing but Loosening
"Jones County, Iowa",19105,0.3000000000000001,-12778.333333333334,Decelerating & Loosening
"Keokuk County, Iowa",19107,0.09999999999999994,-6982.333333333333,Decelerating & Loosening
"Kossuth County, Iowa",19109,0.1333333333333333,11808.333333333334,Growing but Loosening
"Lee County, Iowa",19111,-0.2333333333333334,-52058.666666666664,Slowing but Tightening
"Linn County, Iowa",19113,0.23333333333333325,-51189.666666666664,Decelerating & Loosening
"Louisa County, Iowa",19115,0.16666666666666666,-22859.0,Decelerating & Loosening
"Lucas County, Iowa",19117,0.4666666666666666,-20580.333333333332,Decelerating & Loosening
"Lyon County, Iowa",19119,0.1333333333333333,74470.33333333333,Growing but Loosening
"Madison County, Iowa",19121,0.06666666666666658,15953.333333333334,Growing but Loosening
"Mahaska County, Iowa",19123,0.09999999999999994,-6717.0,Decelerating & Loosening
"Marion County, Iowa",19125,0.19999999999999987,-3396.6666666666665,Decelerating & Loosening
"Marshall County, Iowa",19127,0.5,-25738.666666666668,Decelerating & Loosening
"Mills County, Iowa",19129,0.4000000000000001,-31895.333333333332,Decelerating & Loosening
"Mitchell County, Iowa",19131,0.19999999999999987,26287.333333333332,Growing but Loosening
"Monona County, Iowa",19133,0.0,-2108.0,Slowing but Tightening
"Monroe County, Iowa",19135,0.3333333333333333,4467.666666666667,Growing but Loosening
"Montgomery County, Iowa",19137,0.16666666666666666,-14350.0,Decelerating & Loosening
"Muscatine County, Iowa",19139,0.23333333333333325,-3487.3333333333335,Decelerating & Loosening
"O'Brien County, Iowa",19141,0.10000000000000009,25117.666666666668,Growing but Loosening
"Osceola County, Iowa",19143,0.1333333333333333,33547.0,Growing but Loosening
"Page County, Iowa",19145,0.23333333333333325,-18366.666666666668,Decelerating & Loosening
"Palo Alto County, Iowa",19147,0.06666666666666672,22777.666666666668,Growing but Loosening
"Plymouth County, Iowa",19149,0.10000000000000009,25649.666666666668,Growing but Loosening
"Pocahontas County, Iowa",19151,0.3,-16927.666666666668,Decelerating & Loosening
"Polk County, Iowa",19153,0.3000000000000001,32860.333333333336,Growing but Loosening
"Pottawattamie County, Iowa",19155,0.2666666666666666,171549.0,Growing but Loosening
"Poweshiek County, Iowa",19157,0.1333333333333333,20112.666666666668,Growing but Loosening
"Ringgold County, Iowa",19159,0.1333333333333333,-2689.3333333333335,Decelerating & Loosening
"Sac County, Iowa",19161,0.20000000000000004,14897.333333333334,Growing but Loosening
"Scott County, Iowa",19163,0.3333333333333333,250694.33333333334,Growing but Loosening
"Shelby County, Iowa",19165,0.06666666666666658,5111.333333333333,Growing but Loosening
"Sioux County, Iowa",19167,0.09999999999999994,193020.0,Growing but Loosening
"Story County, Iowa",19169,0.20000000000000004,82463.33333333333,Growing but Loosening
"Tama County, Iowa",19171,0.36666666666666653,-22893.333333333332,Decelerating & Loosening
"Taylor County, Iowa",19173,0.1333333333333333,-6940.666666666667,Decelerating & Loosening
"Union County, Iowa",19175,0.20000000000000004,6790.666666666667,Growing but Loosening
"Van Buren County, Iowa",19177,0.06666666666666672,-10646.333333333334,Decelerating & Loosening
"Wapello County, Iowa",19179,0.3,-36611.333333333336,Decelerating & Loosening
"Warren County, Iowa",19181,0.20000000000000004,11526.0,Growing but Loosening
"Washington County, Iowa",19183,0.0,50902.0,Accelerating & Tightening
"Wayne County, Iowa",19185,0.2333333333333334,-13618.0,Decelerating & Loosening
"Webster County, Iowa",19187,0.10000000000000009,-15161.333333333334,Decelerating & Loosening
"Winnebago County, Iowa",19189,0.3666666666666667,12934.333333333334,Growing but Loosening
"Winneshiek County, Iowa",19191,0.06666666666666672,-1111.0,Decelerating & Loosening
"Woodbury County, Iowa",19193,0.20000000000000004,30289.333333333332,Growing but Loosening
"Worth County, Iowa",19195,0.1333333333333333,-2469.0,Decelerating & Loosening
"Wright County, Iowa",19197,0.0,81165.66666666667,Accelerating & Tightening
"Allen County, Kansas",20001,0.2999999999999998,-9648.0,Decelerating & Loosening
"Anderson County, Kansas",20003,0.2666666666666668,-4085.6666666666665,Decelerating & Loosening
"Atchison County, Kansas",20005,0.2999999999999998,-12498.333333333334,Decelerating & Loosening
"Barber County, Kansas",20007,0.3000000000000001,559.0,Growing but Loosening
"Barton County, Kansas",20009,0.3000000000000001,28589.666666666668,Growing but Loosening
"Bourbon County, Kansas",20011,0.5333333333333335,-2446.6666666666665,Decelerating & Loosening
"Brown County, Kansas",20013,0.5000000000000001,-32982.666666666664,Decelerating & Loosening
"Butler County, Kansas",20015,0.3,133368.33333333334,Growing but Loosening
"Chase County, Kansas",20017,0.4333333333333333,-6866.666666666667,Decelerating & Loosening
"Chautauqua County, Kansas",20019,0.4000000000000001,-1206.0,Decelerating & Loosening
"Cherokee County, Kansas",20021,0.3666666666666667,1545.0,Growing but Loosening
"Cheyenne County, Kansas",20023,0.2666666666666666,-5295.666666666667,Decelerating & Loosening
"Clark County, Kansas",20025,0.2333333333333334,7561.0,Growing but Loosening
"Clay County, Kansas",20027,0.3,-11332.333333333334,Decelerating & Loosening
"Cloud County, Kansas",20029,0.3,-3675.3333333333335,Decelerating & Loosening
"Coffey County, Kansas",20031,0.3000000000000001,-6640.666666666667,Decelerating & Loosening
"Comanche County, Kansas",20033,0.2666666666666668,1174.6666666666667,Growing but Loosening
"Cowley County, Kansas",20035,0.3333333333333333,-10170.333333333334,Decelerating & Loosening
"Crawford County, Kansas",20037,0.5666666666666665,-16338.333333333334,Decelerating & Loosening
"Decatur County, Kansas",20039,0.2666666666666668,9472.0,Growing but Loosening
"Dickinson County, Kansas",20041,0.3000000000000001,-19029.333333333332,Decelerating & Loosening
"Doniphan County, Kansas",20043,0.3666666666666667,-10752.333333333334,Decelerating & Loosening
"Douglas County, Kansas",20045,0.3,125885.66666666667,Growing but Loosening
"Edwards County, Kansas",20047,0.3,5195.333333333333,Growing but Loosening
"Elk County, Kansas",20049,0.36666666666666686,1761.6666666666667,Growing but Loosening
"Ellis County, Kansas",20051,0.2666666666666666,-2496.0,Decelerating & Loosening
"Ellsworth County, Kansas",20053,0.3000000000000001,-10320.666666666666,Decelerating & Loosening
"Finney County, Kansas",20055,0.20000000000000004,43066.0,Growing but Loosening
"Ford County, Kansas",20057,0.2333333333333334,51718.666666666664,Growing but Loosening
"Franklin County, Kansas",20059,0.3666666666666667,-14756.666666666666,Decelerating & Loosening
"Geary County, Kansas",20061,0.3666666666666667,-26814.0,Decelerating & Loosening
"Gove County, Kansas",20063,0.3333333333333333,7898.666666666667,Growing but Loosening
"Graham County, Kansas",20065,0.6333333333333333,-653.0,Decelerating & Loosening
"Grant County, Kansas",20067,0.2333333333333334,29860.666666666668,Growing but Loosening
"Gray County, Kansas",20069,0.16666666666666666,64423.333333333336,Growing but Loosening
"Greeley County, Kansas",20071,0.4666666666666666,19957.666666666668,Growing but Loosening
"Greenwood County, Kansas",20073,0.5,6860.666666666667,Growing but Loosening
"Hamilton County, Kansas",20075,0.23333333333333325,48907.333333333336,Growing but Loosening
"Harper County, Kansas",20077,0.3333333333333333,14640.333333333334,Growing but Loosening
"Harvey County, Kansas",20079,0.4333333333333333,-16418.666666666668,Decelerating & Loosening
"Haskell County, Kansas",20081,0.20000000000000004,38024.666666666664,Growing but Loosening
"Hodgeman County, Kansas",20083,0.3666666666666667,15149.666666666666,Growing but Loosening
"Jackson County, Kansas",20085,0.19999999999999987,-22871.666666666668,Decelerating & Loosening
"Jefferson County, Kansas",20087,0.20000000000000004,-24375.666666666668,Decelerating & Loosening
"Jewell County, Kansas",20089,0.6,-4567.333333333333,Decelerating & Loosening
"Johnson County, Kansas",20091,0.3666666666666667,1213361.0,Growing but Loosening
"Kearny County, Kansas",20093,0.3333333333333333,-6877.666666666667,Decelerating & Loosening
"Kingman County, Kansas",20095,0.2333333333333334,-20197.0,Decelerating & Loosening
"Kiowa County, Kansas",20097,0.3333333333333333,-9487.0,Decelerating & Loosening
"Labette County, Kansas",20099,0.23333333333333325,5515.666666666667,Growing but Loosening
"Lane County, Kansas",20101,0.3333333333333332,9015.0,Growing but Loosening
"Leavenworth County, Kansas",20103,0.3333333333333332,45256.0,Growing but Loosening
"Lincoln County, Kansas",20105,0.3999999999999999,-3763.6666666666665,Decelerating & Loosening
"Linn County, Kansas",20107,0.4333333333333334,-18537.666666666668,Decelerating & Loosening
"Logan County, Kansas",20109,0.23333333333333325,3905.0,Growing but Loosening
"Lyon County, Kansas",20111,0.7999999999999999,32255.0,Growing but Loosening
"McPherson County, Kansas",20113,0.3,72657.0,Growing but Loosening
"Marion County, Kansas",20115,0.3666666666666667,5088.0,Growing but Loosening
"Marshall County, Kansas",20117,0.36666666666666653,12.0,Growing but Loosening
"Meade County, Kansas",20119,0.3333333333333333,-4741.666666666667,Decelerating & Loosening
"Miami County, Kansas",20121,0.3333333333333333,32431.666666666668,Growing but Loosening
"Mitchell County, Kansas",20123,0.5333333333333333,-11456.0,Decelerating & Loosening
"Montgomery County, Kansas",20125,0.3000000000000001,138575.33333333334,Growing but Loosening
"Morris County, Kansas",20127,0.20000000000000004,-1946.3333333333333,Decelerating & Loosening
"Morton County, Kansas",20129,0.2666666666666666,7793.333333333333,Growing but Loosening
"Nemaha County, Kansas",20131,0.20000000000000004,-15552.333333333334,Decelerating & Loosening
"Neosho County, Kansas",20133,0.2666666666666666,6258.0,Growing but Loosening
"Ness County, Kansas",20135,0.3,-1134.0,Decelerating & Loosening
"Norton County, Kansas",20137,0.2666666666666666,5978.0,Growing but Loosening
"Osage County, Kansas",20139,0.2333333333333334,-7774.666666666667,Decelerating & Loosening
"Osborne County, Kansas",20141,0.4000000000000001,-9485.666666666666,Decelerating & Loosening
"Ottawa County, Kansas",20143,0.16666666666666666,-8080.333333333333,Decelerating & Loosening
"Pawnee County, Kansas",20145,0.2333333333333334,-2986.0,Decelerating & Loosening
"Phillips County, Kansas",20147,0.2666666666666668,25029.333333333332,Growing but Loosening
"Pottawatomie County, Kansas",20149,0.3,-45519.666666666664,Decelerating & Loosening
"Pratt County, Kansas",20151,0.3,912.6666666666666,Growing but Loosening
"Rawlins County, Kansas",20153,0.19999999999999987,-11637.333333333334,Decelerating & Loosening
"Reno County, Kansas",20155,0.3,15005.0,Growing but Loosening
"Republic County, Kansas",20157,0.2666666666666668,24833.0,Growing but Loosening
"Rice County, Kansas",20159,0.3333333333333333,39089.0,Growing but Loosening
"Riley County, Kansas",20161,0.2666666666666666,59430.333333333336,Growing but Loosening
"Rooks County, Kansas",20163,0.16666666666666666,-3951.3333333333335,Decelerating & Loosening
"Rush County, Kansas",20165,0.4000000000000001,-2206.0,Decelerating & Loosening
"Russell County, Kansas",20167,0.4333333333333333,-863.0,Decelerating & Loosening
"Saline County, Kansas",20169,0.23333333333333325,26600.666666666668,Growing but Loosening
"Scott County, Kansas",20171,0.2333333333333334,35838.0,Growing but Loosening
"Sedgwick County, Kansas",20173,0.2999999999999998,1130680.0,Growing but Loosening
"Seward County, Kansas",20175,0.2666666666666668,13538.0,Growing but Loosening
"Shawnee County, Kansas",20177,0.2666666666666666,240462.33333333334,Growing but Loosening
"Sheridan County, Kansas",20179,0.20000000000000004,8491.666666666666,Growing but Loosening
"Sherman County, Kansas",20181,0.3666666666666667,-5708.0,Decelerating & Loosening
"Smith County, Kansas",20183,0.2666666666666668,-11709.666666666666,Decelerating & Loosening
"Stafford County, Kansas",20185,0.2666666666666668,15987.333333333334,Growing but Loosening
"Stanton County, Kansas",20187,0.5333333333333333,-11789.0,Decelerating & Loosening
"Stevens County, Kansas",20189,0.2666666666666666,9381.333333333334,Growing but Loosening
"Sumner County, Kansas",20191,0.2666666666666666,-10873.0,Decelerating & Loosening
"Thomas County, Kansas",20193,0.2333333333333334,21128.0,Growing but Loosening
"Trego County, Kansas",20195,0.4333333333333334,-7243.333333333333,Decelerating & Loosening
"Wabaunsee County, Kansas",20197,0.2666666666666668,-5092.333333333333,Decelerating & Loosening
"Wallace County, Kansas",20199,0.23333333333333325,2407.6666666666665,Growing but Loosening
"Washington County, Kansas",20201,0.3333333333333333,-5760.666666666667,Decelerating & Loosening
"Wichita County, Kansas",20203,0.16666666666666666,21116.666666666668,Growing but Loosening
"Wilson County, Kansas",20205,0.5333333333333332,-6922.666666666667,Decelerating & Loosening
"Woodson County, Kansas",20207,0.3333333333333333,-592.0,Decelerating & Loosening
"Wyandotte County, Kansas",20209,0.4333333333333333,330719.0,Growing but Loosening
"Adair County, Kentucky",21001,0.13333333333333344,16556.666666666668,Growing but Loosening
"Allen County, Kentucky",21003,0.20000000000000018,3325.6666666666665,Growing but Loosening
"Anderson County, Kentucky",21005,0.2333333333333334,23691.0,Growing but Loosening
"Ballard County, Kentucky",21007,0.0,10375.0,Accelerating & Tightening
"Barren County, Kentucky",21009,0.20000000000000018,16707.666666666668,Growing but Loosening
"Bath County, Kentucky",21011,0.4000000000000001,2954.6666666666665,Growing but Loosening
"Bell County, Kentucky",21013,0.2666666666666666,13767.333333333334,Growing but Loosening
"Boone County, Kentucky",21015,0.20000000000000004,18698.666666666668,Growing but Loosening
"Bourbon County, Kentucky",21017,0.16666666666666666,46588.333333333336,Growing but Loosening
"Boyd County, Kentucky",21019,0.19999999999999987,6659.666666666667,Growing but Loosening
"Boyle County, Kentucky",21021,0.36666666666666686,43376.0,Growing but Loosening
"Bracken County, Kentucky",21023,0.36666666666666653,-1255.6666666666667,Decelerating & Loosening
"Breathitt County, Kentucky",21025,0.09999999999999994,10839.666666666666,Growing but Loosening
"Breckinridge County, Kentucky",21027,0.19999999999999987,-2208.3333333333335,Decelerating & Loosening
"Bullitt County, Kentucky",21029,0.09999999999999994,28705.0,Growing but Loosening
"Butler County, Kentucky",21031,0.2999999999999998,6126.0,Growing but Loosening
"Caldwell County, Kentucky",21033,0.2666666666666668,1674.6666666666667,Growing but Loosening
"Calloway County, Kentucky",21035,0.3000000000000001,15514.0,Growing but Loosening
"Campbell County, Kentucky",21037,0.1333333333333333,137502.0,Growing but Loosening
"Carlisle County, Kentucky",21039,0.09999999999999994,7133.0,Growing but Loosening
"Carroll County, Kentucky",21041,0.19999999999999987,-30231.333333333332,Decelerating & Loosening
"Carter County, Kentucky",21043,0.09999999999999994,7802.666666666667,Growing but Loosening
"Casey County, Kentucky",21045,0.2999999999999998,3793.0,Growing but Loosening
"Christian County, Kentucky",21047,0.09999999999999994,19743.0,Growing but Loosening
"Clark County, Kentucky",21049,0.19999999999999987,25932.0,Growing but Loosening
"Clay County, Kentucky",21051,0.4000000000000001,-1947.3333333333333,Decelerating & Loosening
"Clinton County, Kentucky",21053,0.2666666666666669,8730.0,Growing but Loosening
"Crittenden County, Kentucky",21055,0.10000000000000024,995.0,Growing but Loosening
"Cumberland County, Kentucky",21057,0.09999999999999994,13140.0,Growing but Loosening
"Daviess County, Kentucky",21059,0.10000000000000009,56795.0,Growing but Loosening
"Edmonson County, Kentucky",21061,0.2666666666666666,905.0,Growing but Loosening
"Elliott County, Kentucky",21063,-0.13333333333333344,3317.0,Accelerating & Tightening
"Estill County, Kentucky",21065,0.20000000000000018,3677.0,Growing but Loosening
"Fayette County, Kentucky",21067,0.19999999999999987,714235.0,Growing but Loosening
"Fleming County, Kentucky",21069,0.3000000000000001,347.6666666666667,Growing but Loosening
"Floyd County, Kentucky",21071,0.16666666666666666,17150.666666666668,Growing but Loosening
"Franklin County, Kentucky",21073,0.16666666666666652,153314.0,Growing but Loosening
"Fulton County, Kentucky",21075,0.2333333333333334,921.0,Growing but Loosening
"Gallatin County, Kentucky",21077,0.3,17646.666666666668,Growing but Loosening
"Garrard County, Kentucky",21079,0.13333333333333344,22454.333333333332,Growing but Loosening
"Grant County, Kentucky",21081,0.20000000000000018,15831.333333333334,Growing but Loosening
"Graves County, Kentucky",21083,-0.13333333333333344,35493.333333333336,Accelerating & Tightening
"Grayson County, Kentucky",21085,0.36666666666666686,2621.6666666666665,Growing but Loosening
"Green County, Kentucky",21087,0.16666666666666666,216.33333333333334,Growing but Loosening
"Greenup County, Kentucky",21089,0.06666666666666672,15553.666666666666,Growing but Loosening
"Hancock County, Kentucky",21091,0.16666666666666666,26526.0,Growing but Loosening
"Hardin County, Kentucky",21093,0.20000000000000018,110647.0,Growing but Loosening
"Harlan County, Kentucky",21095,0.4000000000000001,26147.0,Growing but Loosening
"Harrison County, Kentucky",21097,0.2333333333333334,5515.0,Growing but Loosening
"Hart County, Kentucky",21099,0.16666666666666666,15305.0,Growing but Loosening
"Henderson County, Kentucky",21101,0.13333333333333344,95963.33333333333,Growing but Loosening
"Henry County, Kentucky",21103,0.10000000000000024,19119.333333333332,Growing but Loosening
"Hickman County, Kentucky",21105,0.13333333333333344,14144.0,Growing but Loosening
"Hopkins County, Kentucky",21107,0.13333333333333316,70247.66666666667,Growing but Loosening
"Jackson County, Kentucky",21109,0.3333333333333333,240.0,Growing but Loosening
"Jefferson County, Kentucky",21111,0.16666666666666666,1108781.0,Growing but Loosening
"Jessamine County, Kentucky",21113,0.20000000000000004,77941.33333333333,Growing but Loosening
"Johnson County, Kentucky",21115,0.3000000000000001,17141.333333333332,Growing but Loosening
"Kenton County, Kentucky",21117,0.20000000000000004,70589.0,Growing but Loosening
"Knott County, Kentucky",21119,0.16666666666666666,4586.0,Growing but Loosening
"Knox County, Kentucky",21121,0.3333333333333333,12926.0,Growing but Loosening
"Larue County, Kentucky",21123,0.13333333333333344,-4104.666666666667,Decelerating & Loosening
"Laurel County, Kentucky",21125,0.36666666666666653,36210.0,Growing but Loosening
"Lawrence County, Kentucky",21127,0.3333333333333333,22011.666666666668,Growing but Loosening
"Lee County, Kentucky",21129,0.06666666666666672,1585.3333333333333,Growing but Loosening
"Leslie County, Kentucky",21131,0.2333333333333334,3024.3333333333335,Growing but Loosening
"Letcher County, Kentucky",21133,0.2666666666666666,17096.0,Growing but Loosening
"Lewis County, Kentucky",21135,0.16666666666666638,-4295.666666666667,Decelerating & Loosening
"Lincoln County, Kentucky",21137,0.2666666666666669,16144.666666666666,Growing but Loosening
"Livingston County, Kentucky",21139,0.20000000000000018,20878.0,Growing but Loosening
"Logan County, Kentucky",21141,0.3333333333333333,873.6666666666666,Growing but Loosening
"Lyon County, Kentucky",21143,0.16666666666666666,12213.666666666666,Growing but Loosening
"McCracken County, Kentucky",21145,0.09999999999999994,208787.0,Growing but Loosening
"McCreary County, Kentucky",21147,0.3333333333333333,1249.6666666666667,Growing but Loosening
"McLean County, Kentucky",21149,0.06666666666666672,10780.0,Growing but Loosening
"Madison County, Kentucky",21151,0.2333333333333334,163881.33333333334,Growing but Loosening
"Magoffin County, Kentucky",21153,0.033333333333333805,5282.666666666667,Growing but Loosening
"Marion County, Kentucky",21155,0.2666666666666666,16942.0,Growing but Loosening
"Marshall County, Kentucky",21157,0.13333333333333316,10647.333333333334,Growing but Loosening
"Martin County, Kentucky",21159,0.8999999999999998,11767.333333333334,Growing but Loosening
"Mason County, Kentucky",21161,0.4333333333333333,13497.666666666666,Growing but Loosening
"Meade County, Kentucky",21163,0.2666666666666668,57396.0,Growing but Loosening
"Menifee County, Kentucky",21165,0.4000000000000001,-773.6666666666666,Decelerating & Loosening
"Mercer County, Kentucky",21167,0.2999999999999998,27533.666666666668,Growing but Loosening
"Metcalfe County, Kentucky",21169,0.09999999999999994,3347.3333333333335,Growing but Loosening
"Monroe County, Kentucky",21171,0.3333333333333332,11564.333333333334,Growing but Loosening
"Montgomery County, Kentucky",21173,0.2333333333333331,20228.666666666668,Growing but Loosening
"Morgan County, Kentucky",21175,0.06666666666666672,13492.666666666666,Growing but Loosening
"Muhlenberg County, Kentucky",21177,0.2666666666666666,46705.0,Growing but Loosening
"Nelson County, Kentucky",21179,0.10000000000000024,46182.333333333336,Growing but Loosening
"Nicholas County, Kentucky",21181,0.0,689.0,Accelerating & Tightening
"Ohio County, Kentucky",21183,0.2999999999999998,16753.666666666668,Growing but Loosening
"Oldham County, Kentucky",21185,0.16666666666666666,141987.66666666666,Growing but Loosening
"Owen County, Kentucky",21187,0.20000000000000018,8018.0,Growing but Loosening
"Owsley County, Kentucky",21189,-0.033333333333333215,479.3333333333333,Accelerating & Tightening
"Pendleton County, Kentucky",21191,0.3333333333333333,3039.0,Growing but Loosening
"Perry County, Kentucky",21193,0.2666666666666669,27702.666666666668,Growing but Loosening
"Pike County, Kentucky",21195,0.3333333333333333,49621.666666666664,Growing but Loosening
"Powell County, Kentucky",21197,0.19999999999999987,7174.0,Growing but Loosening
"Pulaski County, Kentucky",21199,0.13333333333333316,49957.333333333336,Growing but Loosening
"Robertson County, Kentucky",21201,0.19999999999999987,1052.3333333333333,Growing but Loosening
"Rockcastle County, Kentucky",21203,0.06666666666666643,9871.666666666666,Growing but Loosening
"Rowan County, Kentucky",21205,0.36666666666666653,31516.666666666668,Growing but Loosening
"Russell County, Kentucky",21207,0.3000000000000001,69812.33333333333,Growing but Loosening
"Scott County, Kentucky",21209,0.19999999999999987,153030.33333333334,Growing but Loosening
"Shelby County, Kentucky",21211,0.09999999999999994,57790.0,Growing but Loosening
"Simpson County, Kentucky",21213,0.2666666666666666,5112.333333333333,Growing but Loosening
"Spencer County, Kentucky",21215,-0.03333333333333351,11261.0,Accelerating & Tightening
"Taylor County, Kentucky",21217,0.2666666666666666,17063.0,Growing but Loosening
"Todd County, Kentucky",21219,0.23333333333333325,15954.333333333334,Growing but Loosening
"Trigg County, Kentucky",21221,0.033333333333333215,23718.333333333332,Growing but Loosening
"Trimble County, Kentucky",21223,-0.03333333333333351,11076.333333333334,Accelerating & Tightening
"Union County, Kentucky",21225,0.13333333333333344,15894.333333333334,Growing but Loosening
"Warren County, Kentucky",21227,0.2333333333333334,395621.0,Growing but Loosening
"Washington County, Kentucky",21229,0.09999999999999994,14881.333333333334,Growing but Loosening
"Wayne County, Kentucky",21231,0.3000000000000001,-7530.333333333333,Decelerating & Loosening
"Webster County, Kentucky",21233,0.13333333333333344,-13029.0,Decelerating & Loosening
"Whitley County, Kentucky",21235,0.16666666666666666,47156.666666666664,Growing but Loosening
"Wolfe County, Kentucky",21237,0.2666666666666666,3191.0,Growing but Loosening
"Woodford County, Kentucky",21239,0.1333333333333333,26451.0,Growing but Loosening
"Acadia Parish, Louisiana",22001,0.16666666666666652,36871.666666666664,Growing but Loosening
"Allen Parish, Louisiana",22003,0.2333333333333334,39105.333333333336,Growing but Loosening
"Ascension Parish, Louisiana",22005,0.20000000000000004,332332.0,Growing but Loosening
"Assumption Parish, Louisiana",22007,0.16666666666666666,21339.333333333332,Growing but Loosening
"Avoyelles Parish, Louisiana",22009,0.16666666666666666,3035.0,Growing but Loosening
"Beauregard Parish, Louisiana",22011,0.3333333333333333,57737.0,Growing but Loosening
"Bienville Parish, Louisiana",22013,0.19999999999999987,25004.333333333332,Growing but Loosening
"Bossier Parish, Louisiana",22015,0.23333333333333325,195511.66666666666,Growing but Loosening
"Caddo Parish, Louisiana",22017,0.13333333333333344,322158.0,Growing but Loosening
"Calcasieu Parish, Louisiana",22019,0.2333333333333334,-102136.0,Decelerating & Loosening
"Caldwell Parish, Louisiana",22021,0.3333333333333333,346.3333333333333,Growing but Loosening
"Cameron Parish, Louisiana",22023,0.20000000000000004,-105234.33333333333,Decelerating & Loosening
"Catahoula Parish, Louisiana",22025,0.36666666666666686,614.3333333333334,Growing but Loosening
"Claiborne Parish, Louisiana",22027,0.5,21362.0,Growing but Loosening
"Concordia Parish, Louisiana",22029,0.4333333333333333,-5748.666666666667,Decelerating & Loosening
"De Soto Parish, Louisiana",22031,0.3000000000000001,72086.33333333333,Growing but Loosening
"East Baton Rouge Parish, Louisiana",22033,0.16666666666666666,1218126.6666666667,Growing but Loosening
"East Carroll Parish, Louisiana",22035,0.8999999999999998,-13605.0,Decelerating & Loosening
"East Feliciana Parish, Louisiana",22037,0.23333333333333325,17880.0,Growing but Loosening
"Evangeline Parish, Louisiana",22039,0.19999999999999987,42973.333333333336,Growing but Loosening
"Franklin Parish, Louisiana",22041,0.2666666666666666,-1669.0,Decelerating & Loosening
"Grant Parish, Louisiana",22043,0.2666666666666668,10514.0,Growing but Loosening
"Iberia Parish, Louisiana",22045,0.16666666666666666,61748.333333333336,Growing but Loosening
"Iberville Parish, Louisiana",22047,0.09999999999999994,119305.66666666667,Growing but Loosening
"Jackson Parish, Louisiana",22049,0.2333333333333334,18028.666666666668,Growing but Loosening
"Jefferson Parish, Louisiana",22051,0.1333333333333333,194073.0,Growing but Loosening
"Jefferson Davis Parish, Louisiana",22053,0.3999999999999999,1959.0,Growing but Loosening
"Lafayette Parish, Louisiana",22055,0.2333333333333334,402336.6666666667,Growing but Loosening
"Lafourche Parish, Louisiana",22057,0.16666666666666666,322315.0,Growing but Loosening
"LaSalle Parish, Louisiana",22059,0.3,24126.333333333332,Growing but Loosening
"Lincoln Parish, Louisiana",22061,0.3333333333333333,31621.0,Growing but Loosening
"Livingston Parish, Louisiana",22063,0.2666666666666666,-20096.666666666668,Decelerating & Loosening
"Madison Parish, Louisiana",22065,0.5333333333333332,-12303.0,Decelerating & Loosening
"Morehouse Parish, Louisiana",22067,0.2666666666666666,-2352.0,Decelerating & Loosening
"Natchitoches Parish, Louisiana",22069,0.36666666666666653,-29791.333333333332,Decelerating & Loosening
"Orleans Parish, Louisiana",22071,0.13333333333333316,354440.6666666667,Growing but Loosening
"Ouachita Parish, Louisiana",22073,0.2666666666666666,135297.33333333334,Growing but Loosening
"Plaquemines Parish, Louisiana",22075,0.3,145128.33333333334,Growing but Loosening
"Pointe Coupee Parish, Louisiana",22077,0.2333333333333334,9282.666666666666,Growing but Loosening
"Rapides Parish, Louisiana",22079,0.23333333333333325,-10423.333333333334,Decelerating & Loosening
"Red River Parish, Louisiana",22081,0.4333333333333333,62286.666666666664,Growing but Loosening
"Richland Parish, Louisiana",22083,0.3333333333333333,11798.666666666666,Growing but Loosening
"Sabine Parish, Louisiana",22085,0.4333333333333333,47664.333333333336,Growing but Loosening
"St. Bernard Parish, Louisiana",22087,0.2333333333333334,15599.666666666666,Growing but Loosening
"St. Charles Parish, Louisiana",22089,0.16666666666666666,43277.0,Growing but Loosening
"St. Helena Parish, Louisiana",22091,0.4000000000000001,222.33333333333334,Growing but Loosening
"St. James Parish, Louisiana",22093,0.19999999999999987,7413.0,Growing but Loosening
"St. John the Baptist Parish, Louisiana",22095,0.06666666666666672,-1377.3333333333333,Decelerating & Loosening
"St. Landry Parish, Louisiana",22097,0.19999999999999987,-2887.3333333333335,Decelerating & Loosening
"St. Martin Parish, Louisiana",22099,0.16666666666666666,63631.0,Growing but Loosening
"St. Mary Parish, Louisiana",22101,0.3000000000000001,57508.333333333336,Growing but Loosening
"St. Tammany Parish, Louisiana",22103,0.3666666666666667,83560.66666666667,Growing but Loosening
"Tangipahoa Parish, Louisiana",22105,0.3000000000000001,117705.33333333333,Growing but Loosening
"Tensas Parish, Louisiana",22107,0.6,-1979.3333333333333,Decelerating & Loosening
"Terrebonne Parish, Louisiana",22109,0.033333333333333215,197373.66666666666,Growing but Loosening
"Union Parish, Louisiana",22111,0.3333333333333333,43007.0,Growing but Loosening
"Vermilion Parish, Louisiana",22113,0.2333333333333334,33791.0,Growing but Loosening
"Vernon Parish, Louisiana",22115,0.4333333333333333,6665.333333333333,Growing but Loosening
"Washington Parish, Louisiana",22117,0.2333333333333334,94441.33333333333,Growing but Loosening
"Webster Parish, Louisiana",22119,0.2666666666666666,11235.666666666666,Growing but Loosening
"West Baton Rouge Parish, Louisiana",22121,0.23333333333333325,38311.0,Growing but Loosening
"West Carroll Parish, Louisiana",22123,0.4666666666666668,-5209.666666666667,Decelerating & Loosening
"West Feliciana Parish, Louisiana",22125,0.20000000000000004,2665.3333333333335,Growing but Loosening
"Winn Parish, Louisiana",22127,0.3,4503.333333333333,Growing but Loosening
"Androscoggin County, Maine",23001,0.20000000000000004,152519.33333333334,Growing but Loosening
"Aroostook County, Maine",23003,0.3,63260.333333333336,Growing but Loosening
"Cumberland County, Maine",23005,0.13333333333333344,849094.6666666666,Growing but Loosening
"Franklin County, Maine",23007,0.20000000000000004,9232.666666666666,Growing but Loosening
"Hancock County, Maine",23009,0.1333333333333333,77068.0,Growing but Loosening
"Kennebec County, Maine",23011,0.1333333333333333,160173.33333333334,Growing but Loosening
"Knox County, Maine",23013,0.1333333333333333,25625.333333333332,Growing but Loosening
"Lincoln County, Maine",23015,0.1333333333333333,37893.333333333336,Growing but Loosening
"Oxford County, Maine",23017,0.23333333333333325,57762.666666666664,Growing but Loosening
"Penobscot County, Maine",23019,0.20000000000000004,172534.66666666666,Growing but Loosening
"Piscataquis County, Maine",23021,0.4333333333333334,-10373.666666666666,Decelerating & Loosening
"Sagadahoc County, Maine",23023,0.13333333333333344,57679.333333333336,Growing but Loosening
"Somerset County, Maine",23025,0.23333333333333325,40738.666666666664,Growing but Loosening
"Waldo County, Maine",23027,0.16666666666666666,16540.666666666668,Growing but Loosening
"Washington County, Maine",23029,0.2999999999999998,9383.666666666666,Growing but Loosening
"York County, Maine",23031,0.1333333333333333,421786.0,Growing but Loosening
"Allegany County, Maryland",24001,0.5333333333333332,-32913.333333333336,Decelerating & Loosening
"Anne Arundel County, Maryland",24003,0.23333333333333325,1296391.6666666667,Growing but Loosening
"Baltimore County, Maryland",24005,0.3,1198376.6666666667,Growing but Loosening
"Calvert County, Maryland",24009,0.2333333333333334,208260.33333333334,Growing but Loosening
"Caroline County, Maryland",24011,0.2666666666666666,5349.0,Growing but Loosening
"Carroll County, Maryland",24013,0.20000000000000004,175393.33333333334,Growing but Loosening
"Cecil County, Maryland",24015,0.3000000000000001,155236.33333333334,Growing but Loosening
"Charles County, Maryland",24017,0.4000000000000001,255059.33333333334,Growing but Loosening
"Dorchester County, Maryland",24019,0.3000000000000001,4027.6666666666665,Growing but Loosening
"Frederick County, Maryland",24021,0.3333333333333333,538263.3333333334,Growing but Loosening
"Garrett County, Maryland",24023,0.2666666666666666,12065.666666666666,Growing but Loosening
"Harford County, Maryland",24025,0.2666666666666668,164913.33333333334,Growing but Loosening
"Howard County, Maryland",24027,0.3,472186.0,Growing but Loosening
"Kent County, Maryland",24029,0.23333333333333325,6038.333333333333,Growing but Loosening
"Montgomery County, Maryland",24031,0.3666666666666667,859625.0,Growing but Loosening
"Prince George's County, Maryland",24033,0.36666666666666686,1467188.0,Growing but Loosening
"Queen Anne's County, Maryland",24035,0.16666666666666666,31617.0,Growing but Loosening
"St. Mary's County, Maryland",24037,0.20000000000000004,157016.33333333334,Growing but Loosening
"Somerset County, Maryland",24039,0.2666666666666666,36290.0,Growing but Loosening
"Talbot County, Maryland",24041,0.20000000000000004,51471.666666666664,Growing but Loosening
"Washington County, Maryland",24043,0.36666666666666653,154701.33333333334,Growing but Loosening
"Wicomico County, Maryland",24045,0.3,108506.33333333333,Growing but Loosening
"Worcester County, Maryland",24047,0.19999999999999987,77238.0,Growing but Loosening
"Baltimore City, Maryland",24510,0.4666666666666668,1202867.3333333333,Growing but Loosening
"Barnstable County, Massachusetts",25001,0.16666666666666666,358318.0,Growing but Loosening
"Berkshire County, Massachusetts",25003,0.06666666666666672,85691.66666666667,Growing but Loosening
"Bristol County, Massachusetts",25005,0.19999999999999987,31321.666666666668,Growing but Loosening
"Dukes County, Massachusetts",25007,0.13333333333333316,53183.0,Growing but Loosening
"Essex County, Massachusetts",25009,0.2999999999999998,282461.6666666667,Growing but Loosening
"Franklin County, Massachusetts",25011,0.16666666666666652,-8783.0,Decelerating & Loosening
"Hampden County, Massachusetts",25013,0.2333333333333334,108502.66666666667,Growing but Loosening
"Hampshire County, Massachusetts",25015,0.2333333333333334,140773.33333333334,Growing but Loosening
"Middlesex County, Massachusetts",25017,0.36666666666666653,4570860.333333333,Growing but Loosening
"Nantucket County, Massachusetts",25019,0.4000000000000001,69481.66666666667,Growing but Loosening
"Norfolk County, Massachusetts",25021,0.2999999999999998,1115195.6666666667,Growing but Loosening
"Plymouth County, Massachusetts",25023,0.23333333333333325,509060.0,Growing but Loosening
"Suffolk County, Massachusetts",25025,0.2666666666666668,2501862.6666666665,Growing but Loosening
"Worcester County, Massachusetts",25027,0.2666666666666666,711672.6666666666,Growing but Loosening
"Alcona County, Michigan",26001,0.6,-8405.666666666666,Decelerating & Loosening
"Alger County, Michigan",26003,0.4000000000000001,2464.6666666666665,Growing but Loosening
"Allegan County, Michigan",26005,0.2333333333333334,88518.33333333333,Growing but Loosening
"Alpena County, Michigan",26007,0.2333333333333334,9561.0,Growing but Loosening
"Antrim County, Michigan",26009,0.2333333333333334,9679.0,Growing but Loosening
"Arenac County, Michigan",26011,0.4000000000000001,6931.0,Growing but Loosening
"Baraga County, Michigan",26013,0.16666666666666666,-879.3333333333334,Decelerating & Loosening
"Barry County, Michigan",26015,0.3000000000000001,85555.33333333333,Growing but Loosening
"Bay County, Michigan",26017,0.3333333333333333,-46340.666666666664,Decelerating & Loosening
"Benzie County, Michigan",26019,0.09999999999999994,14254.0,Growing but Loosening
"Berrien County, Michigan",26021,0.2999999999999998,-43427.666666666664,Decelerating & Loosening
"Branch County, Michigan",26023,0.20000000000000004,20979.666666666668,Growing but Loosening
"Calhoun County, Michigan",26025,0.3333333333333333,218598.33333333334,Growing but Loosening
"Cass County, Michigan",26027,0.3333333333333333,115283.0,Growing but Loosening
"Charlevoix County, Michigan",26029,0.2666666666666666,31787.0,Growing but Loosening
"Cheboygan County, Michigan",26031,0.5333333333333332,15689.333333333334,Growing but Loosening
"Chippewa County, Michigan",26033,0.39999999999999974,32706.666666666668,Growing but Loosening
"Clare County, Michigan",26035,0.2333333333333334,33697.666666666664,Growing but Loosening
"Clinton County, Michigan",26037,0.13333333333333344,41845.0,Growing but Loosening
"Crawford County, Michigan",26039,0.3333333333333333,-12461.333333333334,Decelerating & Loosening
"Delta County, Michigan",26041,0.2666666666666666,7099.666666666667,Growing but Loosening
"Dickinson County, Michigan",26043,0.2666666666666666,-27985.666666666668,Decelerating & Loosening
"Eaton County, Michigan",26045,0.09999999999999994,196069.33333333334,Growing but Loosening
"Emmet County, Michigan",26047,0.36666666666666686,45720.333333333336,Growing but Loosening
"Genesee County, Michigan",26049,0.36666666666666686,309633.6666666667,Growing but Loosening
"Gladwin County, Michigan",26051,0.3000000000000001,21109.666666666668,Growing but Loosening
"Gogebic County, Michigan",26053,0.36666666666666686,5772.333333333333,Growing but Loosening
"Grand Traverse County, Michigan",26055,0.13333333333333316,180278.66666666666,Growing but Loosening
"Gratiot County, Michigan",26057,0.2999999999999998,21400.666666666668,Growing but Loosening
"Hillsdale County, Michigan",26059,0.3333333333333333,18306.666666666668,Growing but Loosening
"Houghton County, Michigan",26061,0.3000000000000001,29920.333333333332,Growing but Loosening
"Huron County, Michigan",26063,0.3333333333333333,87074.33333333333,Growing but Loosening
"Ingham County, Michigan",26065,0.2333333333333334,362891.0,Growing but Loosening
"Ionia County, Michigan",26067,0.3333333333333333,97145.0,Growing but Loosening
"Iosco County, Michigan",26069,0.4666666666666665,29719.333333333332,Growing but Loosening
"Iron County, Michigan",26071,0.4666666666666665,1094.6666666666667,Growing but Loosening
"Isabella County, Michigan",26073,0.3333333333333333,10893.0,Growing but Loosening
"Jackson County, Michigan",26075,0.3000000000000001,122663.0,Growing but Loosening
"Kalamazoo County, Michigan",26077,0.2999999999999998,233439.66666666666,Growing but Loosening
"Kalkaska County, Michigan",26079,0.16666666666666666,18107.0,Growing but Loosening
"Kent County, Michigan",26081,0.3000000000000001,833672.0,Growing but Loosening
"Keweenaw County, Michigan",26083,0.16666666666666666,1209.6666666666667,Growing but Loosening
"Lake County, Michigan",26085,0.6,-2030.0,Decelerating & Loosening
"Lapeer County, Michigan",26087,0.3333333333333333,85874.0,Growing but Loosening
"Leelanau County, Michigan",26089,0.16666666666666666,21911.666666666668,Growing but Loosening
"Lenawee County, Michigan",26091,0.2666666666666666,50431.333333333336,Growing but Loosening
"Livingston County, Michigan",26093,0.20000000000000004,120694.0,Growing but Loosening
"Luce County, Michigan",26095,0.2333333333333334,1410.6666666666667,Growing but Loosening
"Mackinac County, Michigan",26097,0.6333333333333334,15917.666666666666,Growing but Loosening
"Macomb County, Michigan",26099,0.36666666666666686,1034954.0,Growing but Loosening
"Manistee County, Michigan",26101,0.2999999999999998,16635.0,Growing but Loosening
"Marquette County, Michigan",26103,0.2999999999999998,-43595.333333333336,Decelerating & Loosening
"Mason County, Michigan",26105,0.3333333333333333,9978.666666666666,Growing but Loosening
"Mecosta County, Michigan",26107,0.5333333333333332,-9325.333333333334,Decelerating & Loosening
"Menominee County, Michigan",26109,0.20000000000000018,17685.0,Growing but Loosening
"Midland County, Michigan",26111,0.2333333333333334,186511.0,Growing but Loosening
"Missaukee County, Michigan",26113,0.3000000000000001,29829.666666666668,Growing but Loosening
"Monroe County, Michigan",26115,0.2666666666666666,161874.0,Growing but Loosening
"Montcalm County, Michigan",26117,0.2999999999999998,2309.0,Growing but Loosening
"Montmorency County, Michigan",26119,0.4666666666666665,-2554.0,Decelerating & Loosening
"Muskegon County, Michigan",26121,0.3333333333333333,210392.33333333334,Growing but Loosening
"Newaygo County, Michigan",26123,0.2666666666666666,58792.333333333336,Growing but Loosening
"Oakland County, Michigan",26125,0.3,2175183.0,Growing but Loosening
"Oceana County, Michigan",26127,0.20000000000000018,8899.333333333334,Growing but Loosening
"Ogemaw County, Michigan",26129,0.6000000000000002,16978.666666666668,Growing but Loosening
"Ontonagon County, Michigan",26131,0.2666666666666666,-720.6666666666666,Decelerating & Loosening
"Osceola County, Michigan",26133,0.6666666666666666,30343.333333333332,Growing but Loosening
"Oscoda County, Michigan",26135,0.8333333333333334,4087.0,Growing but Loosening
"Otsego County, Michigan",26137,0.2666666666666669,10751.666666666666,Growing but Loosening
"Ottawa County, Michigan",26139,0.3000000000000001,130449.66666666667,Growing but Loosening
"Presque Isle County, Michigan",26141,0.6333333333333332,-4696.0,Decelerating & Loosening
"Roscommon County, Michigan",26143,0.36666666666666686,22783.333333333332,Growing but Loosening
"Saginaw County, Michigan",26145,0.36666666666666653,49090.0,Growing but Loosening
"St. Clair County, Michigan",26147,0.3666666666666667,70488.33333333333,Growing but Loosening
"St. Joseph County, Michigan",26149,0.36666666666666686,40244.666666666664,Growing but Loosening
"Sanilac County, Michigan",26151,0.4666666666666668,34537.666666666664,Growing but Loosening
"Schoolcraft County, Michigan",26153,0.3000000000000001,-4696.666666666667,Decelerating & Loosening
"Shiawassee County, Michigan",26155,0.3000000000000001,54429.333333333336,Growing but Loosening
"Tuscola County, Michigan",26157,0.36666666666666686,16343.333333333334,Growing but Loosening
"Van Buren County, Michigan",26159,0.3333333333333333,-128000.0,Decelerating & Loosening
"Washtenaw County, Michigan",26161,0.2666666666666666,594426.6666666666,Growing but Loosening
"Wayne County, Michigan",26163,0.4333333333333333,2911840.3333333335,Growing but Loosening
"Wexford County, Michigan",26165,0.5,8798.666666666666,Growing but Loosening
"Aitkin County, Minnesota",27001,0.7333333333333334,1733.3333333333333,Growing but Loosening
"Anoka County, Minnesota",27003,0.5,-14589.0,Decelerating & Loosening
"Becker County, Minnesota",27005,0.5333333333333333,27262.333333333332,Growing but Loosening
"Beltrami County, Minnesota",27007,0.6,27372.666666666668,Growing but Loosening
"Benton County, Minnesota",27009,0.5666666666666668,-6411.0,Decelerating & Loosening
"Big Stone County, Minnesota",27011,0.4000000000000001,5025.666666666667,Growing but Loosening
"Blue Earth County, Minnesota",27013,0.4333333333333333,93841.66666666667,Growing but Loosening
"Brown County, Minnesota",27015,0.4666666666666666,39412.666666666664,Growing but Loosening
"Carlton County, Minnesota",27017,0.6,-3767.6666666666665,Decelerating & Loosening
"Carver County, Minnesota",27019,0.5,108730.66666666667,Growing but Loosening
"Cass County, Minnesota",27021,0.7666666666666666,-87449.0,Decelerating & Loosening
"Chippewa County, Minnesota",27023,0.6666666666666669,93.66666666666667,Growing but Loosening
"Chisago County, Minnesota",27025,0.5666666666666668,17303.0,Growing but Loosening
"Clay County, Minnesota",27027,0.4333333333333333,17058.333333333332,Growing but Loosening
"Clearwater County, Minnesota",27029,0.6,-3686.0,Decelerating & Loosening
"Cook County, Minnesota",27031,0.5333333333333335,13048.333333333334,Growing but Loosening
"Cottonwood County, Minnesota",27033,0.7000000000000001,-6667.666666666667,Decelerating & Loosening
"Crow Wing County, Minnesota",27035,0.6,73929.33333333333,Growing but Loosening
"Dakota County, Minnesota",27037,0.5,975137.0,Growing but Loosening
"Dodge County, Minnesota",27039,0.4666666666666666,-14189.0,Decelerating & Loosening
"Douglas County, Minnesota",27041,0.4666666666666666,28512.0,Growing but Loosening
"Faribault County, Minnesota",27043,0.6,12939.333333333334,Growing but Loosening
"Fillmore County, Minnesota",27045,0.4333333333333334,-387.6666666666667,Decelerating & Loosening
"Freeborn County, Minnesota",27047,0.4666666666666666,5479.666666666667,Growing but Loosening
"Goodhue County, Minnesota",27049,0.4666666666666666,23792.666666666668,Growing but Loosening
"Grant County, Minnesota",27051,0.7333333333333334,-2801.3333333333335,Decelerating & Loosening
"Hennepin County, Minnesota",27053,0.4666666666666666,2592312.3333333335,Growing but Loosening
"Houston County, Minnesota",27055,0.36666666666666653,14187.0,Growing but Loosening
"Hubbard County, Minnesota",27057,0.7000000000000002,-20790.666666666668,Decelerating & Loosening
"Isanti County, Minnesota",27059,0.7333333333333333,22041.666666666668,Growing but Loosening
"Itasca County, Minnesota",27061,0.6,-50429.333333333336,Decelerating & Loosening
"Jackson County, Minnesota",27063,0.5666666666666665,9109.666666666666,Growing but Loosening
"Kanabec County, Minnesota",27065,0.9333333333333332,-8382.0,Decelerating & Loosening
"Kandiyohi County, Minnesota",27067,0.5,64793.333333333336,Growing but Loosening
"Kittson County, Minnesota",27069,0.4666666666666666,-38629.333333333336,Decelerating & Loosening
"Koochiching County, Minnesota",27071,0.6333333333333333,5324.666666666667,Growing but Loosening
"Lac qui Parle County, Minnesota",27073,0.3666666666666667,3531.3333333333335,Growing but Loosening
"Lake County, Minnesota",27075,-0.13333333333333316,-23902.666666666668,Slowing but Tightening
"Lake of the Woods County, Minnesota",27077,0.5333333333333333,-3467.6666666666665,Decelerating & Loosening
"Le Sueur County, Minnesota",27079,0.6666666666666666,710.0,Growing but Loosening
"Lincoln County, Minnesota",27081,0.5666666666666668,17127.333333333332,Growing but Loosening
"Lyon County, Minnesota",27083,0.5,30082.0,Growing but Loosening
"McLeod County, Minnesota",27085,0.5666666666666665,11278.0,Growing but Loosening
"Mahnomen County, Minnesota",27087,0.4000000000000001,-3455.3333333333335,Decelerating & Loosening
"Marshall County, Minnesota",27089,0.7000000000000001,-51607.666666666664,Decelerating & Loosening
"Martin County, Minnesota",27091,0.5333333333333333,-420.0,Decelerating & Loosening
"Meeker County, Minnesota",27093,0.6000000000000001,33204.666666666664,Growing but Loosening
"Mille Lacs County, Minnesota",27095,0.8333333333333334,15150.666666666666,Growing but Loosening
"Morrison County, Minnesota",27097,0.5666666666666668,27523.666666666668,Growing but Loosening
"Mower County, Minnesota",27099,0.4333333333333334,70039.33333333333,Growing but Loosening
"Murray County, Minnesota",27101,0.5333333333333333,31793.0,Growing but Loosening
"Nicollet County, Minnesota",27103,0.4333333333333334,-986.0,Decelerating & Loosening
"Nobles County, Minnesota",27105,0.5,71875.33333333333,Growing but Loosening
"Norman County, Minnesota",27107,0.23333333333333325,-32193.333333333332,Decelerating & Loosening
"Olmsted County, Minnesota",27109,0.3666666666666667,346340.3333333333,Growing but Loosening
"Otter Tail County, Minnesota",27111,0.5666666666666665,26821.333333333332,Growing but Loosening
"Pennington County, Minnesota",27113,0.7666666666666667,-15210.333333333334,Decelerating & Loosening
"Pine County, Minnesota",27115,0.9,8055.666666666667,Growing but Loosening
"Pipestone County, Minnesota",27117,0.6,43792.333333333336,Growing but Loosening
"Polk County, Minnesota",27119,0.5,-79279.0,Decelerating & Loosening
"Pope County, Minnesota",27121,0.5333333333333333,-7047.333333333333,Decelerating & Loosening
"Ramsey County, Minnesota",27123,0.4666666666666666,891528.0,Growing but Loosening
"Red Lake County, Minnesota",27125,0.9,-1460.0,Decelerating & Loosening
"Redwood County, Minnesota",27127,0.5333333333333333,63437.666666666664,Growing but Loosening
"Renville County, Minnesota",27129,0.6666666666666665,28426.666666666668,Growing but Loosening
"Rice County, Minnesota",27131,0.4333333333333333,94671.0,Growing but Loosening
"Rock County, Minnesota",27133,0.36666666666666664,71397.33333333333,Growing but Loosening
"Roseau County, Minnesota",27135,0.7333333333333334,9196.666666666666,Growing but Loosening
"St. Louis County, Minnesota",27137,0.5333333333333332,142254.0,Growing but Loosening
"Scott County, Minnesota",27139,0.4666666666666666,356283.3333333333,Growing but Loosening
"Sherburne County, Minnesota",27141,0.5333333333333332,48954.0,Growing but Loosening
"Sibley County, Minnesota",27143,0.5666666666666665,33865.333333333336,Growing but Loosening
"Stearns County, Minnesota",27145,0.5,287314.6666666667,Growing but Loosening
"Steele County, Minnesota",27147,0.6,-16106.333333333334,Decelerating & Loosening
"Stevens County, Minnesota",27149,0.4000000000000001,-2852.0,Decelerating & Loosening
"Swift County, Minnesota",27151,0.8333333333333331,28249.666666666668,Growing but Loosening
"Todd County, Minnesota",27153,0.6666666666666666,31473.333333333332,Growing but Loosening
"Traverse County, Minnesota",27155,0.4333333333333333,20673.333333333332,Growing but Loosening
"Wabasha County, Minnesota",27157,0.4333333333333334,11805.666666666666,Growing but Loosening
"Wadena County, Minnesota",27159,0.8333333333333334,15262.0,Growing but Loosening
"Waseca County, Minnesota",27161,0.5666666666666665,74511.33333333333,Growing but Loosening
"Washington County, Minnesota",27163,0.4666666666666666,421754.3333333333,Growing but Loosening
"Watonwan County, Minnesota",27165,0.5,-3183.3333333333335,Decelerating & Loosening
"Wilkin County, Minnesota",27167,0.5,-15389.333333333334,Decelerating & Loosening
"Winona County, Minnesota",27169,0.4333333333333334,-10352.0,Decelerating & Loosening
"Wright County, Minnesota",27171,0.5333333333333332,64339.666666666664,Growing but Loosening
"Yellow Medicine County, Minnesota",27173,0.5333333333333333,25096.333333333332,Growing but Loosening
"Adams County, Mississippi",28001,0.13333333333333344,11937.666666666666,Growing but Loosening
"Alcorn County, Mississippi",28003,0.0,-7998.0,Slowing but Tightening
"Amite County, Mississippi",28005,-0.13333333333333344,16138.333333333334,Accelerating & Tightening
"Attala County, Mississippi",28007,0.0,-6790.333333333333,Slowing but Tightening
"Benton County, Mississippi",28009,-0.033333333333333215,19882.0,Accelerating & Tightening
"Bolivar County, Mississippi",28011,-0.03333333333333351,5272.333333333333,Accelerating & Tightening
"Calhoun County, Mississippi",28013,-0.03333333333333336,-8963.333333333334,Slowing but Tightening
"Carroll County, Mississippi",28015,0.06666666666666672,-1003.6666666666666,Decelerating & Loosening
"Chickasaw County, Mississippi",28017,0.13333333333333344,-32794.0,Decelerating & Loosening
"Choctaw County, Mississippi",28019,0.06666666666666672,-6948.333333333333,Decelerating & Loosening
"Claiborne County, Mississippi",28021,0.2666666666666669,-20268.333333333332,Decelerating & Loosening
"Clarke County, Mississippi",28023,-0.03333333333333351,13091.333333333334,Accelerating & Tightening
"Clay County, Mississippi",28025,0.16666666666666666,-5745.0,Decelerating & Loosening
"Coahoma County, Mississippi",28027,0.4333333333333333,-10752.0,Decelerating & Loosening
"Copiah County, Mississippi",28029,-0.06666666666666672,2293.6666666666665,Accelerating & Tightening
"Covington County, Mississippi",28031,0.033333333333333215,42343.0,Growing but Loosening
"DeSoto County, Mississippi",28033,0.16666666666666666,190988.33333333334,Growing but Loosening
"Forrest County, Mississippi",28035,0.0,32592.333333333332,Accelerating & Tightening
"Franklin County, Mississippi",28037,0.0,5263.0,Accelerating & Tightening
"George County, Mississippi",28039,-0.03333333333333351,11249.0,Accelerating & Tightening
"Greene County, Mississippi",28041,-0.4666666666666668,6953.333333333333,Accelerating & Tightening
"Grenada County, Mississippi",28043,0.10000000000000009,-22734.0,Decelerating & Loosening
"Hancock County, Mississippi",28045,-0.06666666666666658,43575.666666666664,Accelerating & Tightening
"Harrison County, Mississippi",28047,-0.03333333333333336,147197.66666666666,Accelerating & Tightening
"Hinds County, Mississippi",28049,0.0,-42889.666666666664,Slowing but Tightening
"Holmes County, Mississippi",28051,0.2333333333333331,-10128.666666666666,Decelerating & Loosening
"Humphreys County, Mississippi",28053,0.19999999999999987,-11257.333333333334,Decelerating & Loosening
"Issaquena County, Mississippi",28055,0.666666666666667,-3028.6666666666665,Decelerating & Loosening
"Itawamba County, Mississippi",28057,0.03333333333333336,5434.666666666667,Growing but Loosening
"Jackson County, Mississippi",28059,0.0,496199.3333333333,Accelerating & Tightening
"Jasper County, Mississippi",28061,-0.13333333333333344,15629.666666666666,Accelerating & Tightening
"Jefferson County, Mississippi",28063,-0.033333333333333215,3835.0,Accelerating & Tightening
"Jefferson Davis County, Mississippi",28065,-0.13333333333333344,14833.666666666666,Accelerating & Tightening
"Jones County, Mississippi",28067,-0.09999999999999994,94749.0,Accelerating & Tightening
"Kemper County, Mississippi",28069,-0.16666666666666666,-6068.333333333333,Slowing but Tightening
"Lafayette County, Mississippi",28071,-0.09999999999999994,75549.66666666667,Accelerating & Tightening
"Lamar County, Mississippi",28073,0.033333333333333215,98100.66666666667,Growing but Loosening
"Lauderdale County, Mississippi",28075,0.0,101203.33333333333,Accelerating & Tightening
"Lawrence County, Mississippi",28077,-0.13333333333333344,19457.0,Accelerating & Tightening
"Leake County, Mississippi",28079,-0.1333333333333333,35986.0,Accelerating & Tightening
"Lee County, Mississippi",28081,0.06666666666666672,-15097.0,Decelerating & Loosening
"Leflore County, Mississippi",28083,0.4000000000000001,-72050.33333333333,Decelerating & Loosening
"Lincoln County, Mississippi",28085,0.06666666666666672,18546.333333333332,Growing but Loosening
"Lowndes County, Mississippi",28087,-0.03333333333333336,84373.66666666667,Accelerating & Tightening
"Madison County, Mississippi",28089,0.03333333333333336,356304.6666666667,Growing but Loosening
"Marion County, Mississippi",28091,-0.06666666666666672,16785.666666666668,Accelerating & Tightening
"Marshall County, Mississippi",28093,0.16666666666666682,17839.333333333332,Growing but Loosening
"Monroe County, Mississippi",28095,0.13333333333333344,803.3333333333334,Growing but Loosening
"Montgomery County, Mississippi",28097,-0.033333333333333215,2689.3333333333335,Accelerating & Tightening
"Neshoba County, Mississippi",28099,-0.09999999999999994,36766.0,Accelerating & Tightening
"Newton County, Mississippi",28101,-0.09999999999999994,18968.333333333332,Accelerating & Tightening
"Noxubee County, Mississippi",28103,0.033333333333333215,-6511.0,Decelerating & Loosening
"Oktibbeha County, Mississippi",28105,0.0,97129.66666666667,Accelerating & Tightening
"Panola County, Mississippi",28107,-0.03333333333333351,14049.666666666666,Accelerating & Tightening
"Pearl River County, Mississippi",28109,-0.06666666666666658,42762.0,Accelerating & Tightening
"Perry County, Mississippi",28111,-0.09999999999999994,180.0,Accelerating & Tightening
"Pike County, Mississippi",28113,0.06666666666666672,21753.333333333332,Growing but Loosening
"Pontotoc County, Mississippi",28115,0.0,-20130.666666666668,Slowing but Tightening
"Prentiss County, Mississippi",28117,0.0,911.3333333333334,Accelerating & Tightening
"Quitman County, Mississippi",28119,-0.13333333333333344,-5852.0,Slowing but Tightening
"Rankin County, Mississippi",28121,-0.03333333333333336,222554.66666666666,Accelerating & Tightening
"Scott County, Mississippi",28123,-0.13333333333333344,20040.0,Accelerating & Tightening
"Sharkey County, Mississippi",28125,0.4000000000000001,-10158.0,Decelerating & Loosening
"Simpson County, Mississippi",28127,0.0,38347.666666666664,Accelerating & Tightening
"Smith County, Mississippi",28129,-0.09999999999999994,29557.0,Accelerating & Tightening
"Stone County, Mississippi",28131,0.03333333333333336,10755.0,Growing but Loosening
"Sunflower County, Mississippi",28133,0.0,-22996.666666666668,Slowing but Tightening
"Tallahatchie County, Mississippi",28135,-0.3,9631.0,Accelerating & Tightening
"Tate County, Mississippi",28137,0.0,22170.666666666668,Accelerating & Tightening
"Tippah County, Mississippi",28139,0.03333333333333336,-12834.666666666666,Decelerating & Loosening
"Tishomingo County, Mississippi",28141,0.0,16650.0,Accelerating & Tightening
"Tunica County, Mississippi",28143,0.16666666666666666,12650.666666666666,Growing but Loosening
"Union County, Mississippi",28145,0.03333333333333336,9510.666666666666,Growing but Loosening
"Walthall County, Mississippi",28147,0.09999999999999994,6631.0,Growing but Loosening
"Warren County, Mississippi",28149,0.09999999999999994,135400.33333333334,Growing but Loosening
"Washington County, Mississippi",28151,0.06666666666666672,-41280.666666666664,Decelerating & Loosening
"Wayne County, Mississippi",28153,-0.09999999999999994,38018.666666666664,Accelerating & Tightening
"Webster County, Mississippi",28155,0.0,2815.6666666666665,Accelerating & Tightening
"Wilkinson County, Mississippi",28157,-0.16666666666666666,190.33333333333334,Accelerating & Tightening
"Winston County, Mississippi",28159,-0.033333333333333215,4567.333333333333,Accelerating & Tightening
"Yalobusha County, Mississippi",28161,0.0,-9185.333333333334,Slowing but Tightening
"Yazoo County, Mississippi",28163,0.09999999999999994,35581.333333333336,Growing but Loosening
"Adair County, Missouri",29001,0.6333333333333334,21826.0,Growing but Loosening
"Andrew County, Missouri",29003,0.4333333333333334,-5965.666666666667,Decelerating & Loosening
"Atchison County, Missouri",29005,0.3000000000000001,-16504.333333333332,Decelerating & Loosening
"Audrain County, Missouri",29007,0.3333333333333333,6885.333333333333,Growing but Loosening
"Barry County, Missouri",29009,0.5666666666666668,56052.0,Growing but Loosening
"Barton County, Missouri",29011,0.5666666666666665,9485.666666666666,Growing but Loosening
"Bates County, Missouri",29013,0.3666666666666667,6790.333333333333,Growing but Loosening
"Benton County, Missouri",29015,0.5000000000000001,19763.0,Growing but Loosening
"Bollinger County, Missouri",29017,0.3999999999999999,-4766.333333333333,Decelerating & Loosening
"Boone County, Missouri",29019,0.4333333333333333,324284.0,Growing but Loosening
"Buchanan County, Missouri",29021,0.4666666666666668,60942.666666666664,Growing but Loosening
"Butler County, Missouri",29023,0.6666666666666666,9409.333333333334,Growing but Loosening
"Caldwell County, Missouri",29025,0.4000000000000001,-5245.0,Decelerating & Loosening
"Callaway County, Missouri",29027,0.3,166057.33333333334,Growing but Loosening
"Camden County, Missouri",29029,0.4666666666666665,48943.333333333336,Growing but Loosening
"Cape Girardeau County, Missouri",29031,0.4333333333333334,19731.0,Growing but Loosening
"Carroll County, Missouri",29033,0.36666666666666653,-6942.333333333333,Decelerating & Loosening
"Carter County, Missouri",29035,0.3000000000000001,-424.0,Decelerating & Loosening
"Cass County, Missouri",29037,0.3666666666666667,99372.0,Growing but Loosening
"Cedar County, Missouri",29039,0.5333333333333332,17895.666666666668,Growing but Loosening
"Chariton County, Missouri",29041,0.5333333333333333,-1632.3333333333333,Decelerating & Loosening
"Christian County, Missouri",29043,0.4000000000000001,113769.0,Growing but Loosening
"Clark County, Missouri",29045,0.5333333333333332,-3066.0,Decelerating & Loosening
"Clay County, Missouri",29047,0.3999999999999999,336004.0,Growing but Loosening
"Clinton County, Missouri",29049,0.3333333333333332,8715.0,Growing but Loosening
"Cole County, Missouri",29051,0.3666666666666667,165269.0,Growing but Loosening
"Cooper County, Missouri",29053,0.4333333333333334,10887.666666666666,Growing but Loosening
"Crawford County, Missouri",29055,0.4666666666666665,16513.0,Growing but Loosening
"Dade County, Missouri",29057,0.4333333333333333,6461.666666666667,Growing but Loosening
"Dallas County, Missouri",29059,0.6,14533.333333333334,Growing but Loosening
"Daviess County, Missouri",29061,0.2666666666666666,10350.666666666666,Growing but Loosening
"DeKalb County, Missouri",29063,0.4666666666666666,-948.0,Decelerating & Loosening
"Dent County, Missouri",29065,0.3666666666666667,5129.0,Growing but Loosening
"Douglas County, Missouri",29067,0.6333333333333334,-2074.3333333333335,Decelerating & Loosening
"Dunklin County, Missouri",29069,0.5333333333333333,42702.0,Growing but Loosening
"Franklin County, Missouri",29071,0.4000000000000001,41580.0,Growing but Loosening
"Gasconade County, Missouri",29073,0.4333333333333334,-7666.333333333333,Decelerating & Loosening
"Gentry County, Missouri",29075,0.4000000000000001,-13.0,Decelerating & Loosening
"Greene County, Missouri",29077,0.5,198143.0,Growing but Loosening
"Grundy County, Missouri",29079,0.5333333333333332,1328.6666666666667,Growing but Loosening
"Harrison County, Missouri",29081,0.4666666666666666,-5596.666666666667,Decelerating & Loosening
"Henry County, Missouri",29083,0.3999999999999999,20078.333333333332,Growing but Loosening
"Hickory County, Missouri",29085,0.9,6321.333333333333,Growing but Loosening
"Holt County, Missouri",29087,0.5,-4419.666666666667,Decelerating & Loosening
"Howard County, Missouri",29089,0.4666666666666666,-3647.0,Decelerating & Loosening
"Howell County, Missouri",29091,0.5333333333333332,36690.666666666664,Growing but Loosening
"Iron County, Missouri",29093,0.5333333333333333,-38767.333333333336,Decelerating & Loosening
"Jackson County, Missouri",29095,0.4333333333333334,998970.6666666666,Growing but Loosening
"Jasper County, Missouri",29097,0.4666666666666666,76082.0,Growing but Loosening
"Jefferson County, Missouri",29099,0.4000000000000001,-86149.66666666667,Decelerating & Loosening
"Johnson County, Missouri",29101,0.4666666666666666,46244.0,Growing but Loosening
"Knox County, Missouri",29103,0.5666666666666668,-178.33333333333334,Decelerating & Loosening
"Laclede County, Missouri",29105,0.7999999999999999,40573.666666666664,Growing but Loosening
"Lafayette County, Missouri",29107,0.3666666666666667,-4483.333333333333,Decelerating & Loosening
"Lawrence County, Missouri",29109,0.5333333333333333,56845.333333333336,Growing but Loosening
"Lewis County, Missouri",29111,0.6333333333333332,-4805.333333333333,Decelerating & Loosening
"Lincoln County, Missouri",29113,0.4333333333333333,43511.0,Growing but Loosening
"Linn County, Missouri",29115,0.4666666666666666,1696.3333333333333,Growing but Loosening
"Livingston County, Missouri",29117,0.4666666666666666,-4541.666666666667,Decelerating & Loosening
"McDonald County, Missouri",29119,0.6666666666666669,18089.666666666668,Growing but Loosening
"Macon County, Missouri",29121,0.5,1195.0,Growing but Loosening
"Madison County, Missouri",29123,0.5666666666666665,5602.333333333333,Growing but Loosening
"Maries County, Missouri",29125,0.3999999999999999,8045.666666666667,Growing but Loosening
"Marion County, Missouri",29127,0.5333333333333333,10047.0,Growing but Loosening
"Mercer County, Missouri",29129,0.4333333333333333,-3349.6666666666665,Decelerating & Loosening
"Miller County, Missouri",29131,0.36666666666666653,38392.666666666664,Growing but Loosening
"Mississippi County, Missouri",29133,0.5666666666666664,-17703.666666666668,Decelerating & Loosening
"Moniteau County, Missouri",29135,0.3,24911.333333333332,Growing but Loosening
"Monroe County, Missouri",29137,0.5,8743.666666666666,Growing but Loosening
"Montgomery County, Missouri",29139,0.3,-4056.3333333333335,Decelerating & Loosening
"Morgan County, Missouri",29141,0.6666666666666665,43657.333333333336,Growing but Loosening
"New Madrid County, Missouri",29143,0.6,19226.333333333332,Growing but Loosening
"Newton County, Missouri",29145,0.4333333333333333,71669.33333333333,Growing but Loosening
"Nodaway County, Missouri",29147,0.4000000000000001,9545.333333333334,Growing but Loosening
"Oregon County, Missouri",29149,0.4333333333333333,8933.666666666666,Growing but Loosening
"Osage County, Missouri",29151,0.3666666666666667,16054.666666666666,Growing but Loosening
"Ozark County, Missouri",29153,0.7333333333333334,1341.0,Growing but Loosening
"Pemiscot County, Missouri",29155,0.6,-13442.333333333334,Decelerating & Loosening
"Perry County, Missouri",29157,0.3333333333333333,2794.6666666666665,Growing but Loosening
"Pettis County, Missouri",29159,0.4333333333333333,203004.66666666666,Growing but Loosening
"Phelps County, Missouri",29161,0.4666666666666666,32874.0,Growing but Loosening
"Pike County, Missouri",29163,0.5000000000000001,1159.6666666666667,Growing but Loosening
"Platte County, Missouri",29165,0.3333333333333333,9549.0,Growing but Loosening
"Polk County, Missouri",29167,0.5333333333333333,31044.666666666668,Growing but Loosening
"Pulaski County, Missouri",29169,0.5333333333333332,6277.0,Growing but Loosening
"Putnam County, Missouri",29171,0.5,5800.0,Growing but Loosening
"Ralls County, Missouri",29173,0.3999999999999999,-14660.666666666666,Decelerating & Loosening
"Randolph County, Missouri",29175,0.4666666666666666,-32796.333333333336,Decelerating & Loosening
"Ray County, Missouri",29177,0.2666666666666668,2572.0,Growing but Loosening
"Reynolds County, Missouri",29179,0.5,-24235.0,Decelerating & Loosening
"Ripley County, Missouri",29181,0.6000000000000001,2152.6666666666665,Growing but Loosening
"St. Charles County, Missouri",29183,0.3999999999999999,721266.3333333334,Growing but Loosening
"St. Clair County, Missouri",29185,0.4666666666666666,11861.0,Growing but Loosening
"Ste. Genevieve County, Missouri",29186,0.3666666666666667,-20099.666666666668,Decelerating & Loosening
"St. Francois County, Missouri",29187,0.4666666666666668,36298.333333333336,Growing but Loosening
"St. Louis County, Missouri",29189,0.49999999999999983,2068317.0,Growing but Loosening
"Saline County, Missouri",29195,0.4000000000000001,12560.0,Growing but Loosening
"Schuyler County, Missouri",29197,0.3999999999999999,7570.0,Growing but Loosening
"Scotland County, Missouri",29199,0.4333333333333334,7805.333333333333,Growing but Loosening
"Scott County, Missouri",29201,0.4666666666666666,26639.0,Growing but Loosening
"Shannon County, Missouri",29203,0.6,3421.6666666666665,Growing but Loosening
"Shelby County, Missouri",29205,0.4000000000000001,-7267.666666666667,Decelerating & Loosening
"Stoddard County, Missouri",29207,0.5,-8883.666666666666,Decelerating & Loosening
"Stone County, Missouri",29209,0.6000000000000001,33774.333333333336,Growing but Loosening
"Sullivan County, Missouri",29211,0.3666666666666667,12639.0,Growing but Loosening
"Taney County, Missouri",29213,0.6333333333333334,96195.66666666667,Growing but Loosening
"Texas County, Missouri",29215,0.5333333333333335,18007.333333333332,Growing but Loosening
"Vernon County, Missouri",29217,0.4333333333333333,33116.333333333336,Growing but Loosening
"Warren County, Missouri",29219,0.3666666666666667,13046.666666666666,Growing but Loosening
"Washington County, Missouri",29221,0.5000000000000001,8061.0,Growing but Loosening
"Wayne County, Missouri",29223,0.4666666666666665,-5067.666666666667,Decelerating & Loosening
"Webster County, Missouri",29225,0.5,26243.333333333332,Growing but Loosening
"Worth County, Missouri",29227,0.4333333333333333,3214.0,Growing but Loosening
"Wright County, Missouri",29229,0.7333333333333334,8423.0,Growing but Loosening
"St. Louis City, Missouri",29510,0.5333333333333332,751699.0,Growing but Loosening
"Beaverhead County, Montana",30001,0.06666666666666658,43444.0,Growing but Loosening
"Big Horn County, Montana",30003,0.4666666666666665,70569.66666666667,Growing but Loosening
"Blaine County, Montana",30005,0.1333333333333333,3794.0,Growing but Loosening
"Broadwater County, Montana",30007,0.03333333333333336,14074.0,Growing but Loosening
"Carbon County, Montana",30009,0.16666666666666666,14226.666666666666,Growing but Loosening
"Carter County, Montana",30011,-0.06666666666666672,13723.666666666666,Accelerating & Tightening
"Cascade County, Montana",30013,0.23333333333333325,202070.33333333334,Growing but Loosening
"Chouteau County, Montana",30015,0.16666666666666666,10655.666666666666,Growing but Loosening
"Custer County, Montana",30017,0.1333333333333333,14653.0,Growing but Loosening
"Daniels County, Montana",30019,0.1333333333333333,-5315.0,Decelerating & Loosening
"Dawson County, Montana",30021,0.13333333333333344,-7047.333333333333,Decelerating & Loosening
"Deer Lodge County, Montana",30023,0.3,17004.666666666668,Growing but Loosening
"Fallon County, Montana",30025,0.16666666666666674,5963.0,Growing but Loosening
"Fergus County, Montana",30027,0.16666666666666666,12795.0,Growing but Loosening
"Flathead County, Montana",30029,0.20000000000000004,204057.0,Growing but Loosening
"Gallatin County, Montana",30031,0.16666666666666666,543061.6666666666,Growing but Loosening
"Garfield County, Montana",30033,0.0,-635.0,Slowing but Tightening
"Glacier County, Montana",30035,0.06666666666666672,48490.333333333336,Growing but Loosening
"Golden Valley County, Montana",30037,-0.10000000000000009,1857.3333333333333,Accelerating & Tightening
"Granite County, Montana",30039,0.16666666666666666,5286.333333333333,Growing but Loosening
"Hill County, Montana",30041,0.20000000000000004,26560.666666666668,Growing but Loosening
"Jefferson County, Montana",30043,0.1333333333333333,12689.0,Growing but Loosening
"Judith Basin County, Montana",30045,0.2666666666666666,11056.333333333334,Growing but Loosening
"Lake County, Montana",30047,0.3,31497.333333333332,Growing but Loosening
"Lewis and Clark County, Montana",30049,0.20000000000000004,219538.66666666666,Growing but Loosening
"Liberty County, Montana",30051,0.0,11469.666666666666,Accelerating & Tightening
"Lincoln County, Montana",30053,0.36666666666666653,30267.333333333332,Growing but Loosening
"McCone County, Montana",30055,0.2666666666666666,4163.333333333333,Growing but Loosening
"Madison County, Montana",30057,0.9666666666666668,-19445.666666666668,Decelerating & Loosening
"Meagher County, Montana",30059,0.1333333333333333,1278.3333333333333,Growing but Loosening
"Mineral County, Montana",30061,0.06666666666666672,1694.3333333333333,Growing but Loosening
"Missoula County, Montana",30063,0.2333333333333334,240599.0,Growing but Loosening
"Musselshell County, Montana",30065,0.4333333333333333,26220.333333333332,Growing but Loosening
"Park County, Montana",30067,0.06666666666666672,-398.6666666666667,Decelerating & Loosening
"Petroleum County, Montana",30069,0.3,3364.6666666666665,Growing but Loosening
"Phillips County, Montana",30071,0.16666666666666666,-566.6666666666666,Decelerating & Loosening
"Pondera County, Montana",30073,0.2666666666666666,17001.0,Growing but Loosening
"Powder River County, Montana",30075,-0.06666666666666672,8284.666666666666,Accelerating & Tightening
"Powell County, Montana",30077,0.3,20809.333333333332,Growing but Loosening
"Prairie County, Montana",30079,-0.3,6258.333333333333,Accelerating & Tightening
"Ravalli County, Montana",30081,0.23333333333333325,53719.666666666664,Growing but Loosening
"Richland County, Montana",30083,-0.03333333333333336,73446.33333333333,Accelerating & Tightening
"Roosevelt County, Montana",30085,0.16666666666666666,3919.6666666666665,Growing but Loosening
"Rosebud County, Montana",30087,0.03333333333333336,41209.666666666664,Growing but Loosening
"Sanders County, Montana",30089,0.3333333333333333,8679.0,Growing but Loosening
"Sheridan County, Montana",30091,0.3,-2486.6666666666665,Decelerating & Loosening
"Silver Bow County, Montana",30093,0.2333333333333334,30499.666666666668,Growing but Loosening
"Stillwater County, Montana",30095,0.4000000000000001,-85002.0,Decelerating & Loosening
"Sweet Grass County, Montana",30097,0.4333333333333333,-24298.333333333332,Decelerating & Loosening
"Teton County, Montana",30099,0.06666666666666658,6796.0,Growing but Loosening
"Toole County, Montana",30101,0.2666666666666666,33443.333333333336,Growing but Loosening
"Treasure County, Montana",30103,0.09999999999999994,11435.333333333334,Growing but Loosening
"Valley County, Montana",30105,0.1333333333333333,-37539.666666666664,Decelerating & Loosening
"Wheatland County, Montana",30107,0.5,1185.3333333333333,Growing but Loosening
"Wibaux County, Montana",30109,0.2333333333333334,-337.6666666666667,Decelerating & Loosening
"Yellowstone County, Montana",30111,0.2666666666666668,450304.0,Growing but Loosening
"Adams County, Nebraska",31001,0.2666666666666666,12055.666666666666,Growing but Loosening
"Antelope County, Nebraska",31003,0.20000000000000004,-685.3333333333334,Decelerating & Loosening
"Arthur County, Nebraska",31005,0.23333333333333325,2940.0,Growing but Loosening
"Banner County, Nebraska",31007,0.0,-603.3333333333334,Slowing but Tightening
"Blaine County, Nebraska",31009,0.033333333333333215,5715.0,Growing but Loosening
"Boone County, Nebraska",31011,0.16666666666666674,-16365.666666666666,Decelerating & Loosening
"Box Butte County, Nebraska",31013,0.2333333333333334,-8949.666666666666,Decelerating & Loosening
"Boyd County, Nebraska",31015,0.3000000000000001,-3330.3333333333335,Decelerating & Loosening
"Brown County, Nebraska",31017,0.06666666666666672,2424.0,Growing but Loosening
"Buffalo County, Nebraska",31019,0.20000000000000004,18011.0,Growing but Loosening
"Burt County, Nebraska",31021,0.3,-5305.0,Decelerating & Loosening
"Butler County, Nebraska",31023,0.19999999999999996,17521.0,Growing but Loosening
"Cass County, Nebraska",31025,0.3,-5461.333333333333,Decelerating & Loosening
"Cedar County, Nebraska",31027,0.2333333333333333,-24994.333333333332,Decelerating & Loosening
"Chase County, Nebraska",31029,0.2666666666666666,-8512.666666666666,Decelerating & Loosening
"Cherry County, Nebraska",31031,0.1333333333333334,30301.0,Growing but Loosening
"Cheyenne County, Nebraska",31033,0.19999999999999987,-946.3333333333334,Decelerating & Loosening
"Clay County, Nebraska",31035,0.2666666666666666,-13727.0,Decelerating & Loosening
"Colfax County, Nebraska",31037,0.2666666666666666,-17440.666666666668,Decelerating & Loosening
"Cuming County, Nebraska",31039,0.16666666666666674,16201.333333333334,Growing but Loosening
"Custer County, Nebraska",31041,0.19999999999999996,-9786.333333333334,Decelerating & Loosening
"Dakota County, Nebraska",31043,0.23333333333333325,58326.666666666664,Growing but Loosening
"Dawes County, Nebraska",31045,0.23333333333333325,4323.0,Growing but Loosening
"Dawson County, Nebraska",31047,0.20000000000000004,14425.0,Growing but Loosening
"Deuel County, Nebraska",31049,0.20000000000000004,-5486.0,Decelerating & Loosening
"Dixon County, Nebraska",31051,0.2666666666666668,1962.6666666666667,Growing but Loosening
"Dodge County, Nebraska",31053,0.2666666666666666,15430.666666666666,Growing but Loosening
"Douglas County, Nebraska",31055,0.2666666666666666,2920022.3333333335,Growing but Loosening
"Dundy County, Nebraska",31057,0.10000000000000002,3717.0,Growing but Loosening
"Fillmore County, Nebraska",31059,0.1333333333333334,-7226.666666666667,Decelerating & Loosening
"Franklin County, Nebraska",31061,0.20000000000000004,-7281.333333333333,Decelerating & Loosening
"Frontier County, Nebraska",31063,0.2333333333333334,-12836.0,Decelerating & Loosening
"Furnas County, Nebraska",31065,0.2666666666666668,-20659.333333333332,Decelerating & Loosening
"Gage County, Nebraska",31067,0.3000000000000001,40594.0,Growing but Loosening
"Garden County, Nebraska",31069,0.23333333333333325,2185.0,Growing but Loosening
"Garfield County, Nebraska",31071,0.2333333333333334,1775.0,Growing but Loosening
"Gosper County, Nebraska",31073,0.3,-3320.3333333333335,Decelerating & Loosening
"Grant County, Nebraska",31075,0.3666666666666667,4158.0,Growing but Loosening
"Greeley County, Nebraska",31077,0.2666666666666668,7111.666666666667,Growing but Loosening
"Hall County, Nebraska",31079,0.4666666666666668,56423.666666666664,Growing but Loosening
"Hamilton County, Nebraska",31081,0.1333333333333333,-10615.666666666666,Decelerating & Loosening
"Harlan County, Nebraska",31083,0.1666666666666666,5839.333333333333,Growing but Loosening
"Hayes County, Nebraska",31085,0.43333333333333335,-7021.0,Decelerating & Loosening
"Hitchcock County, Nebraska",31087,0.23333333333333325,-9266.333333333334,Decelerating & Loosening
"Holt County, Nebraska",31089,0.1666666666666666,-5127.333333333333,Decelerating & Loosening
"Hooker County, Nebraska",31091,0.3999999999999999,668.3333333333334,Growing but Loosening
"Howard County, Nebraska",31093,0.16666666666666666,-6173.0,Decelerating & Loosening
"Jefferson County, Nebraska",31095,0.2666666666666668,-17891.666666666668,Decelerating & Loosening
"Johnson County, Nebraska",31097,0.3333333333333333,372.3333333333333,Growing but Loosening
"Kearney County, Nebraska",31099,0.20000000000000004,28975.333333333332,Growing but Loosening
"Keith County, Nebraska",31101,0.20000000000000004,-5674.333333333333,Decelerating & Loosening
"Keya Paha County, Nebraska",31103,0.03333333333333336,3221.3333333333335,Growing but Loosening
"Kimball County, Nebraska",31105,0.2333333333333333,5559.666666666667,Growing but Loosening
"Knox County, Nebraska",31107,0.20000000000000004,7219.333333333333,Growing but Loosening
"Lancaster County, Nebraska",31109,0.2666666666666666,803419.6666666666,Growing but Loosening
"Lincoln County, Nebraska",31111,0.20000000000000004,92224.66666666667,Growing but Loosening
"Logan County, Nebraska",31113,0.06666666666666658,1099.3333333333333,Growing but Loosening
"Loup County, Nebraska",31115,0.3,6173.333333333333,Growing but Loosening
"McPherson County, Nebraska",31117,0.23333333333333325,2506.3333333333335,Growing but Loosening
"Madison County, Nebraska",31119,0.2666666666666666,1199.3333333333333,Growing but Loosening
"Merrick County, Nebraska",31121,0.19999999999999996,5232.0,Growing but Loosening
"Morrill County, Nebraska",31123,0.20000000000000004,13594.666666666666,Growing but Loosening
"Nance County, Nebraska",31125,0.09999999999999994,-737.0,Decelerating & Loosening
"Nemaha County, Nebraska",31127,0.3333333333333333,41836.666666666664,Growing but Loosening
"Nuckolls County, Nebraska",31129,0.09999999999999994,2559.6666666666665,Growing but Loosening
"Otoe County, Nebraska",31131,0.19999999999999987,29625.0,Growing but Loosening
"Pawnee County, Nebraska",31133,0.20000000000000004,-8799.0,Decelerating & Loosening
"Perkins County, Nebraska",31135,0.16666666666666666,-12686.0,Decelerating & Loosening
"Phelps County, Nebraska",31137,0.1333333333333333,-14504.666666666666,Decelerating & Loosening
"Pierce County, Nebraska",31139,0.16666666666666666,54625.0,Growing but Loosening
"Platte County, Nebraska",31141,0.2333333333333334,-1288.6666666666667,Decelerating & Loosening
"Polk County, Nebraska",31143,0.16666666666666666,13563.333333333334,Growing but Loosening
"Red Willow County, Nebraska",31145,0.16666666666666666,-1055.6666666666667,Decelerating & Loosening
"Richardson County, Nebraska",31147,0.23333333333333325,-16009.333333333334,Decelerating & Loosening
"Rock County, Nebraska",31149,0.033333333333333215,5044.0,Growing but Loosening
"Saline County, Nebraska",31151,0.2666666666666666,-8708.0,Decelerating & Loosening
"Sarpy County, Nebraska",31153,0.23333333333333325,177208.33333333334,Growing but Loosening
"Saunders County, Nebraska",31155,0.2333333333333333,-1424.6666666666667,Decelerating & Loosening
"Scotts Bluff County, Nebraska",31157,0.2666666666666666,32196.666666666668,Growing but Loosening
"Seward County, Nebraska",31159,0.2333333333333334,20089.333333333332,Growing but Loosening
"Sheridan County, Nebraska",31161,0.16666666666666666,-233.33333333333334,Decelerating & Loosening
"Sherman County, Nebraska",31163,0.20000000000000004,-3857.0,Decelerating & Loosening
"Sioux County, Nebraska",31165,0.39999999999999997,9880.0,Growing but Loosening
"Stanton County, Nebraska",31167,0.2333333333333334,29829.666666666668,Growing but Loosening
"Thayer County, Nebraska",31169,0.16666666666666666,-5565.0,Decelerating & Loosening
"Thomas County, Nebraska",31171,0.36666666666666653,2513.0,Growing but Loosening
"Thurston County, Nebraska",31173,0.03333333333333336,11907.333333333334,Growing but Loosening
"Valley County, Nebraska",31175,0.2333333333333334,-2047.3333333333333,Decelerating & Loosening
"Washington County, Nebraska",31177,0.2333333333333334,17131.333333333332,Growing but Loosening
"Wayne County, Nebraska",31179,0.3333333333333333,35321.0,Growing but Loosening
"Webster County, Nebraska",31181,0.2333333333333334,11521.333333333334,Growing but Loosening
"Wheeler County, Nebraska",31183,0.16666666666666666,-1057.6666666666667,Decelerating & Loosening
"York County, Nebraska",31185,0.16666666666666666,-128.33333333333334,Decelerating & Loosening
"Churchill County, Nevada",32001,0.033333333333333215,10543.666666666666,Growing but Loosening
"Clark County, Nevada",32003,0.0,7285956.666666667,Accelerating & Tightening
"Douglas County, Nevada",32005,-0.09999999999999994,79366.0,Accelerating & Tightening
"Elko County, Nevada",32007,0.06666666666666658,60373.666666666664,Growing but Loosening
"Esmeralda County, Nevada",32009,0.5333333333333332,-3725.3333333333335,Decelerating & Loosening
"Eureka County, Nevada",32011,0.2333333333333334,-167958.33333333334,Decelerating & Loosening
"Humboldt County, Nevada",32013,0.033333333333333215,-24483.333333333332,Decelerating & Loosening
"Lander County, Nevada",32015,-0.13333333333333344,-77748.33333333333,Slowing but Tightening
"Lincoln County, Nevada",32017,-0.033333333333333215,8132.0,Accelerating & Tightening
"Lyon County, Nevada",32019,0.033333333333333215,17631.0,Growing but Loosening
"Mineral County, Nevada",32021,1.3666666666666665,-19261.333333333332,Decelerating & Loosening
"Nye County, Nevada",32023,0.09999999999999994,68443.33333333333,Growing but Loosening
"Pershing County, Nevada",32027,-0.16666666666666666,11538.666666666666,Accelerating & Tightening
"Storey County, Nevada",32029,0.033333333333333215,-124309.0,Decelerating & Loosening
"Washoe County, Nevada",32031,0.09999999999999994,962710.6666666666,Growing but Loosening
"White Pine County, Nevada",32033,-0.06666666666666672,69964.33333333333,Accelerating & Tightening
"Carson City, Nevada",32510,0.0,177900.0,Accelerating & Tightening
"Belknap County, New Hampshire",33001,0.20000000000000004,94176.33333333333,Growing but Loosening
"Carroll County, New Hampshire",33003,0.16666666666666666,98661.33333333333,Growing but Loosening
"Cheshire County, New Hampshire",33005,0.16666666666666666,-20444.0,Decelerating & Loosening
"Coos County, New Hampshire",33007,0.03333333333333336,37636.0,Growing but Loosening
"Grafton County, New Hampshire",33009,0.13333333333333344,210818.66666666666,Growing but Loosening
"Hillsborough County, New Hampshire",33011,0.3333333333333333,369846.6666666667,Growing but Loosening
"Merrimack County, New Hampshire",33013,0.19999999999999987,278469.3333333333,Growing but Loosening
"Rockingham County, New Hampshire",33015,0.2666666666666666,376110.3333333333,Growing but Loosening
"Strafford County, New Hampshire",33017,0.19999999999999987,88403.33333333333,Growing but Loosening
"Sullivan County, New Hampshire",33019,0.10000000000000009,3875.0,Growing but Loosening
"Atlantic County, New Jersey",34001,0.5666666666666668,325086.6666666667,Growing but Loosening
"Bergen County, New Jersey",34003,0.3,980934.0,Growing but Loosening
"Burlington County, New Jersey",34005,0.3999999999999999,711657.6666666666,Growing but Loosening
"Camden County, New Jersey",34007,0.4666666666666668,519417.0,Growing but Loosening
"Cape May County, New Jersey",34009,0.6666666666666664,112572.0,Growing but Loosening
"Cumberland County, New Jersey",34011,0.7999999999999998,-379.6666666666667,Decelerating & Loosening
"Essex County, New Jersey",34013,0.6,2077745.0,Growing but Loosening
"Gloucester County, New Jersey",34015,0.3999999999999999,131618.0,Growing but Loosening
"Hudson County, New Jersey",34017,0.3666666666666667,1235875.0,Growing but Loosening
"Hunterdon County, New Jersey",34019,0.3666666666666667,82959.66666666667,Growing but Loosening
"Mercer County, New Jersey",34021,0.5333333333333332,1853138.3333333333,Growing but Loosening
"Middlesex County, New Jersey",34023,0.5,1147324.0,Growing but Loosening
"Monmouth County, New Jersey",34025,0.3666666666666667,968434.0,Growing but Loosening
"Morris County, New Jersey",34027,0.4000000000000001,915120.6666666666,Growing but Loosening
"Ocean County, New Jersey",34029,0.4000000000000001,476583.3333333333,Growing but Loosening
"Passaic County, New Jersey",34031,0.5,335034.3333333333,Growing but Loosening
"Salem County, New Jersey",34033,0.6,75476.33333333333,Growing but Loosening
"Somerset County, New Jersey",34035,0.4666666666666666,1344986.3333333333,Growing but Loosening
"Sussex County, New Jersey",34037,0.4000000000000001,57360.666666666664,Growing but Loosening
"Union County, New Jersey",34039,0.5,1319213.6666666667,Growing but Loosening
"Warren County, New Jersey",34041,0.4666666666666666,281946.0,Growing but Loosening
"Bernalillo County, New Mexico",35001,0.09999999999999994,1257649.0,Growing but Loosening
"Catron County, New Mexico",35003,0.0,6823.333333333333,Accelerating & Tightening
"Chaves County, New Mexico",35005,0.0,64047.0,Accelerating & Tightening
"Cibola County, New Mexico",35006,0.06666666666666672,21388.0,Growing but Loosening
"Colfax County, New Mexico",35007,0.09999999999999994,9041.0,Growing but Loosening
"Curry County, New Mexico",35009,0.0,78791.33333333333,Accelerating & Tightening
"De Baca County, New Mexico",35011,0.10000000000000024,2800.6666666666665,Growing but Loosening
"Doña Ana County, New Mexico",35013,0.10000000000000024,292500.6666666667,Growing but Loosening
"Eddy County, New Mexico",35015,-0.16666666666666666,1069528.3333333333,Accelerating & Tightening
"Grant County, New Mexico",35017,-0.20000000000000018,-41203.666666666664,Slowing but Tightening
"Guadalupe County, New Mexico",35019,-0.5333333333333332,18040.666666666668,Accelerating & Tightening
"Harding County, New Mexico",35021,0.16666666666666666,-2062.0,Decelerating & Loosening
"Hidalgo County, New Mexico",35023,0.4666666666666668,-1044.6666666666667,Decelerating & Loosening
"Lea County, New Mexico",35025,-0.19999999999999987,1707605.3333333333,Accelerating & Tightening
"Lincoln County, New Mexico",35027,0.0,14095.666666666666,Accelerating & Tightening
"Los Alamos County, New Mexico",35028,-0.06666666666666665,246191.66666666666,Accelerating & Tightening
"Luna County, New Mexico",35029,0.8000000000000002,31018.666666666668,Growing but Loosening
"McKinley County, New Mexico",35031,0.0,-19506.333333333332,Slowing but Tightening
"Mora County, New Mexico",35033,-0.3000000000000001,6882.0,Accelerating & Tightening
"Otero County, New Mexico",35035,0.06666666666666672,31060.0,Growing but Loosening
"Quay County, New Mexico",35037,0.03333333333333336,-8129.666666666667,Decelerating & Loosening
"Rio Arriba County, New Mexico",35039,-0.2333333333333334,15583.666666666666,Accelerating & Tightening
"Roosevelt County, New Mexico",35041,0.033333333333333215,23333.666666666668,Growing but Loosening
"Sandoval County, New Mexico",35043,0.13333333333333316,304002.6666666667,Growing but Loosening
"San Juan County, New Mexico",35045,-0.09999999999999994,78801.0,Accelerating & Tightening
"San Miguel County, New Mexico",35047,-0.16666666666666666,40628.0,Accelerating & Tightening
"Santa Fe County, New Mexico",35049,0.0,163646.0,Accelerating & Tightening
"Sierra County, New Mexico",35051,0.06666666666666643,2884.6666666666665,Growing but Loosening
"Socorro County, New Mexico",35053,0.09999999999999994,11996.0,Growing but Loosening
"Taos County, New Mexico",35055,-0.13333333333333344,48810.0,Accelerating & Tightening
"Torrance County, New Mexico",35057,0.13333333333333316,60962.333333333336,Growing but Loosening
"Union County, New Mexico",35059,0.10000000000000009,-7884.666666666667,Decelerating & Loosening
"Valencia County, New Mexico",35061,0.09999999999999994,64707.333333333336,Growing but Loosening
"Albany County, New York",36001,0.09999999999999994,552959.0,Growing but Loosening
"Allegany County, New York",36003,0.16666666666666666,17746.666666666668,Growing but Loosening
"Bronx County, New York",36005,-0.3000000000000001,606170.6666666666,Accelerating & Tightening
"Broome County, New York",36007,0.16666666666666666,131239.0,Growing but Loosening
"Cattaraugus County, New York",36009,0.03333333333333351,66227.33333333333,Growing but Loosening
"Cayuga County, New York",36011,0.06666666666666672,55932.333333333336,Growing but Loosening
"Chautauqua County, New York",36013,0.16666666666666666,85391.33333333333,Growing but Loosening
"Chemung County, New York",36015,0.1333333333333333,7494.0,Growing but Loosening
"Chenango County, New York",36017,0.06666666666666672,91580.33333333333,Growing but Loosening
"Clinton County, New York",36019,0.23333333333333325,63015.0,Growing but Loosening
"Columbia County, New York",36021,0.1333333333333333,-12944.0,Decelerating & Loosening
"Cortland County, New York",36023,0.19999999999999987,5546.333333333333,Growing but Loosening
"Delaware County, New York",36025,0.16666666666666666,93302.66666666667,Growing but Loosening
"Dutchess County, New York",36027,0.09999999999999994,410864.6666666667,Growing but Loosening
"Erie County, New York",36029,0.16666666666666666,903461.6666666666,Growing but Loosening
"Essex County, New York",36031,0.03333333333333336,28496.666666666668,Growing but Loosening
"Franklin County, New York",36033,0.16666666666666666,61438.666666666664,Growing but Loosening
"Fulton County, New York",36035,0.16666666666666652,15037.0,Growing but Loosening
"Genesee County, New York",36037,0.06666666666666658,83733.0,Growing but Loosening
"Greene County, New York",36039,0.06666666666666672,113239.33333333333,Growing but Loosening
"Hamilton County, New York",36041,0.2333333333333331,44.333333333333336,Growing but Loosening
"Herkimer County, New York",36043,0.09999999999999994,2678.6666666666665,Growing but Loosening
"Jefferson County, New York",36045,0.13333333333333344,5339.0,Growing but Loosening
"Kings County, New York",36047,-0.06666666666666643,3625608.3333333335,Accelerating & Tightening
"Lewis County, New York",36049,0.1333333333333333,62516.333333333336,Growing but Loosening
"Livingston County, New York",36051,0.1333333333333333,69165.66666666667,Growing but Loosening
"Madison County, New York",36053,0.1333333333333333,42050.333333333336,Growing but Loosening
"Monroe County, New York",36055,0.1333333333333333,701039.6666666666,Growing but Loosening
"Montgomery County, New York",36057,0.06666666666666672,36465.0,Growing but Loosening
"Nassau County, New York",36059,0.09999999999999994,-421648.3333333333,Decelerating & Loosening
"New York County, New York",36061,0.0,12085087.666666666,Accelerating & Tightening
"Niagara County, New York",36063,0.20000000000000018,222024.0,Growing but Loosening
"Oneida County, New York",36065,0.1333333333333333,164836.66666666666,Growing but Loosening
"Onondaga County, New York",36067,0.10000000000000009,356799.6666666667,Growing but Loosening
"Ontario County, New York",36069,0.06666666666666658,121177.0,Growing but Loosening
"Orange County, New York",36071,0.16666666666666666,382642.0,Growing but Loosening
"Orleans County, New York",36073,0.13333333333333316,3002.6666666666665,Growing but Loosening
"Oswego County, New York",36075,0.09999999999999994,125202.66666666667,Growing but Loosening
"Otsego County, New York",36077,0.19999999999999987,31829.666666666668,Growing but Loosening
"Putnam County, New York",36079,0.10000000000000009,108036.0,Growing but Loosening
"Queens County, New York",36081,-0.19999999999999987,3770117.3333333335,Accelerating & Tightening
"Rensselaer County, New York",36083,0.09999999999999994,421545.0,Growing but Loosening
"Richmond County, New York",36085,-0.2333333333333334,348570.0,Accelerating & Tightening
"Rockland County, New York",36087,0.10000000000000009,77632.33333333333,Growing but Loosening
"St. Lawrence County, New York",36089,0.16666666666666666,148532.66666666666,Growing but Loosening
"Saratoga County, New York",36091,0.09999999999999994,243978.66666666666,Growing but Loosening
"Schenectady County, New York",36093,0.10000000000000009,194617.0,Growing but Loosening
"Schoharie County, New York",36095,0.06666666666666672,10826.0,Growing but Loosening
"Schuyler County, New York",36097,0.19999999999999987,11697.666666666666,Growing but Loosening
"Seneca County, New York",36099,0.1333333333333333,9812.666666666666,Growing but Loosening
"Steuben County, New York",36101,0.1333333333333333,75891.33333333333,Growing but Loosening
"Suffolk County, New York",36103,0.09999999999999994,1071539.3333333333,Growing but Loosening
"Sullivan County, New York",36105,0.03333333333333336,105678.66666666667,Growing but Loosening
"Tioga County, New York",36107,0.10000000000000009,20255.333333333332,Growing but Loosening
"Tompkins County, New York",36109,0.16666666666666666,125505.33333333333,Growing but Loosening
"Ulster County, New York",36111,0.10000000000000009,174545.0,Growing but Loosening
"Warren County, New York",36113,0.1333333333333333,-53720.333333333336,Decelerating & Loosening
"Washington County, New York",36115,0.09999999999999994,-15214.0,Decelerating & Loosening
"Wayne County, New York",36117,0.1333333333333333,27875.0,Growing but Loosening
"Westchester County, New York",36119,0.1333333333333333,1918835.6666666667,Growing but Loosening
"Wyoming County, New York",36121,0.1333333333333333,146.33333333333334,Growing but Loosening
"Yates County, New York",36123,0.09999999999999994,-10020.0,Decelerating & Loosening
"Alamance County, North Carolina",37001,0.03333333333333336,98085.66666666667,Growing but Loosening
"Alexander County, North Carolina",37003,0.06666666666666672,14025.0,Growing but Loosening
"Alleghany County, North Carolina",37005,0.033333333333333215,4966.0,Growing but Loosening
"Anson County, North Carolina",37007,-0.09999999999999994,41644.333333333336,Accelerating & Tightening
"Ashe County, North Carolina",37009,-0.06666666666666672,18621.666666666668,Accelerating & Tightening
"Avery County, North Carolina",37011,0.1333333333333333,13903.0,Growing but Loosening
"Beaufort County, North Carolina",37013,-0.1333333333333333,21132.0,Accelerating & Tightening
"Bertie County, North Carolina",37015,-0.16666666666666666,-107.33333333333333,Slowing but Tightening
"Bladen County, North Carolina",37017,0.13333333333333316,9553.666666666666,Growing but Loosening
"Brunswick County, North Carolina",37019,-0.03333333333333351,231157.33333333334,Accelerating & Tightening
"Buncombe County, North Carolina",37021,0.5666666666666665,486084.6666666667,Growing but Loosening
"Burke County, North Carolina",37023,0.1333333333333333,85019.66666666667,Growing but Loosening
"Cabarrus County, North Carolina",37025,0.06666666666666672,483928.6666666667,Growing but Loosening
"Caldwell County, North Carolina",37027,0.1333333333333333,31842.333333333332,Growing but Loosening
"Camden County, North Carolina",37029,-0.1333333333333333,-1802.3333333333333,Slowing but Tightening
"Carteret County, North Carolina",37031,-0.03333333333333336,120453.0,Accelerating & Tightening
"Caswell County, North Carolina",37033,-0.13333333333333316,15888.666666666666,Accelerating & Tightening
"Catawba County, North Carolina",37035,0.03333333333333336,94787.0,Growing but Loosening
"Chatham County, North Carolina",37037,0.033333333333333215,125417.66666666667,Growing but Loosening
"Cherokee County, North Carolina",37039,0.0,32537.0,Accelerating & Tightening
"Chowan County, North Carolina",37041,-0.06666666666666672,11536.333333333334,Accelerating & Tightening
"Clay County, North Carolina",37043,0.03333333333333336,10700.333333333334,Growing but Loosening
"Cleveland County, North Carolina",37045,0.03333333333333351,147240.0,Growing but Loosening
"Columbus County, North Carolina",37047,-0.06666666666666672,-15822.0,Slowing but Tightening
"Craven County, North Carolina",37049,0.0,69379.33333333333,Accelerating & Tightening
"Cumberland County, North Carolina",37051,-0.03333333333333351,232393.33333333334,Accelerating & Tightening
"Currituck County, North Carolina",37053,-0.16666666666666666,15480.0,Accelerating & Tightening
"Dare County, North Carolina",37055,-0.09999999999999994,-23668.0,Slowing but Tightening
"Davidson County, North Carolina",37057,0.06666666666666658,136291.0,Growing but Loosening
"Davie County, North Carolina",37059,0.06666666666666672,15974.0,Growing but Loosening
"Duplin County, North Carolina",37061,-0.13333333333333344,27098.666666666668,Accelerating & Tightening
"Durham County, North Carolina",37063,0.06666666666666658,1874128.3333333333,Growing but Loosening
"Edgecombe County, North Carolina",37065,-0.2333333333333334,-9988.666666666666,Slowing but Tightening
"Forsyth County, North Carolina",37067,0.03333333333333336,427568.3333333333,Growing but Loosening
"Franklin County, North Carolina",37069,-0.03333333333333336,101556.33333333333,Accelerating & Tightening
"Gaston County, North Carolina",37071,0.06666666666666672,289604.0,Growing but Loosening
"Gates County, North Carolina",37073,-0.03333333333333336,-6349.666666666667,Slowing but Tightening
"Graham County, North Carolina",37075,-0.2333333333333334,2821.0,Accelerating & Tightening
"Granville County, North Carolina",37077,0.0,113981.0,Accelerating & Tightening
"Greene County, North Carolina",37079,0.0,4566.333333333333,Accelerating & Tightening
"Guilford County, North Carolina",37081,0.06666666666666672,977474.0,Growing but Loosening
"Halifax County, North Carolina",37083,-0.13333333333333316,13075.666666666666,Accelerating & Tightening
"Harnett County, North Carolina",37085,0.03333333333333336,93757.33333333333,Growing but Loosening
"Haywood County, North Carolina",37087,0.16666666666666666,25009.333333333332,Growing but Loosening
"Henderson County, North Carolina",37089,0.1333333333333333,227338.0,Growing but Loosening
"Hertford County, North Carolina",37091,-0.13333333333333344,16796.666666666668,Accelerating & Tightening
"Hoke County, North Carolina",37093,-0.09999999999999994,65993.66666666667,Accelerating & Tightening
"Hyde County, North Carolina",37095,-0.06666666666666643,-672.0,Slowing but Tightening
"Iredell County, North Carolina",37097,0.10000000000000009,107721.66666666667,Growing but Loosening
"Jackson County, North Carolina",37099,-0.09999999999999994,15130.666666666666,Accelerating & Tightening
"Johnston County, North Carolina",37101,0.0,475538.3333333333,Accelerating & Tightening
"Jones County, North Carolina",37103,0.033333333333333215,867.3333333333334,Growing but Loosening
"Lee County, North Carolina",37105,-0.03333333333333336,153676.33333333334,Accelerating & Tightening
"Lenoir County, North Carolina",37107,-0.06666666666666672,28771.666666666668,Accelerating & Tightening
"Lincoln County, North Carolina",37109,0.03333333333333336,160880.0,Growing but Loosening
"McDowell County, North Carolina",37111,0.2666666666666668,116935.66666666667,Growing but Loosening
"Macon County, North Carolina",37113,0.0,71714.66666666667,Accelerating & Tightening
"Madison County, North Carolina",37115,0.4666666666666668,19463.333333333332,Growing but Loosening
"Martin County, North Carolina",37117,-0.033333333333333215,-10345.0,Slowing but Tightening
"Mecklenburg County, North Carolina",37119,0.06666666666666658,6075689.333333333,Growing but Loosening
"Mitchell County, North Carolina",37121,0.5,-14250.666666666666,Decelerating & Loosening
"Montgomery County, North Carolina",37123,0.09999999999999994,35989.333333333336,Growing but Loosening
"Moore County, North Carolina",37125,-0.06666666666666672,191377.66666666666,Accelerating & Tightening
"Nash County, North Carolina",37127,-0.06666666666666672,138191.33333333334,Accelerating & Tightening
"New Hanover County, North Carolina",37129,0.0,575294.6666666666,Accelerating & Tightening
"Northampton County, North Carolina",37131,0.033333333333333215,10029.666666666666,Growing but Loosening
"Onslow County, North Carolina",37133,0.03333333333333336,178993.33333333334,Growing but Loosening
"Orange County, North Carolina",37135,0.033333333333333215,354887.0,Growing but Loosening
"Pamlico County, North Carolina",37137,-0.13333333333333316,-2925.6666666666665,Slowing but Tightening
"Pasquotank County, North Carolina",37139,-0.09999999999999994,36390.333333333336,Accelerating & Tightening
"Pender County, North Carolina",37141,0.0,47471.333333333336,Accelerating & Tightening
"Perquimans County, North Carolina",37143,-0.03333333333333336,-58.333333333333336,Slowing but Tightening
"Person County, North Carolina",37145,-0.03333333333333336,63140.666666666664,Accelerating & Tightening
"Pitt County, North Carolina",37147,-0.06666666666666672,240547.33333333334,Accelerating & Tightening
"Polk County, North Carolina",37149,0.0,15815.333333333334,Accelerating & Tightening
"Randolph County, North Carolina",37151,0.0,90548.66666666667,Accelerating & Tightening
"Richmond County, North Carolina",37153,-0.033333333333333215,59096.0,Accelerating & Tightening
"Robeson County, North Carolina",37155,-0.06666666666666672,26486.0,Accelerating & Tightening
"Rockingham County, North Carolina",37157,0.03333333333333351,47468.0,Growing but Loosening
"Rowan County, North Carolina",37159,0.033333333333333215,105833.0,Growing but Loosening
"Rutherford County, North Carolina",37161,0.19999999999999987,32892.333333333336,Growing but Loosening
"Sampson County, North Carolina",37163,-0.033333333333333215,600.6666666666666,Accelerating & Tightening
"Scotland County, North Carolina",37165,-0.03333333333333351,26178.0,Accelerating & Tightening
"Stanly County, North Carolina",37167,-0.06666666666666658,85999.66666666667,Accelerating & Tightening
"Stokes County, North Carolina",37169,0.06666666666666672,64146.666666666664,Growing but Loosening
"Surry County, North Carolina",37171,0.0,42549.0,Accelerating & Tightening
"Swain County, North Carolina",37173,0.0,-40.666666666666664,Slowing but Tightening
"Transylvania County, North Carolina",37175,0.06666666666666672,54691.666666666664,Growing but Loosening
"Tyrrell County, North Carolina",37177,-0.13333333333333316,-6680.333333333333,Slowing but Tightening
"Union County, North Carolina",37179,0.03333333333333336,558663.6666666666,Growing but Loosening
"Vance County, North Carolina",37181,-0.13333333333333344,7417.333333333333,Accelerating & Tightening
"Wake County, North Carolina",37183,0.03333333333333336,4421922.666666667,Growing but Loosening
"Warren County, North Carolina",37185,-0.16666666666666666,-4808.0,Slowing but Tightening
"Washington County, North Carolina",37187,-0.16666666666666666,-6717.333333333333,Slowing but Tightening
"Watauga County, North Carolina",37189,-0.06666666666666672,56130.666666666664,Accelerating & Tightening
"Wayne County, North Carolina",37191,-0.03333333333333336,65739.66666666667,Accelerating & Tightening
"Wilkes County, North Carolina",37193,0.06666666666666672,30321.0,Growing but Loosening
"Wilson County, North Carolina",37195,0.09999999999999994,67172.0,Growing but Loosening
"Yadkin County, North Carolina",37197,-0.03333333333333336,20321.666666666668,Accelerating & Tightening
"Yancey County, North Carolina",37199,0.20000000000000018,11007.666666666666,Growing but Loosening
"Adams County, North Dakota",38001,0.0,9242.666666666666,Accelerating & Tightening
"Barnes County, North Dakota",38003,0.3333333333333333,-4299.333333333333,Decelerating & Loosening
"Benson County, North Dakota",38005,0.16666666666666666,6246.666666666667,Growing but Loosening
"Billings County, North Dakota",38007,0.1333333333333334,895.3333333333334,Growing but Loosening
"Bottineau County, North Dakota",38009,0.03333333333333336,11157.666666666666,Growing but Loosening
"Bowman County, North Dakota",38011,-0.03333333333333329,-12227.0,Slowing but Tightening
"Burke County, North Dakota",38013,0.10000000000000009,13667.0,Growing but Loosening
"Burleigh County, North Dakota",38015,0.1333333333333333,85115.0,Growing but Loosening
"Cass County, North Dakota",38017,0.2333333333333333,383381.3333333333,Growing but Loosening
"Cavalier County, North Dakota",38019,0.16666666666666666,36027.0,Growing but Loosening
"Dickey County, North Dakota",38021,0.09999999999999994,29741.333333333332,Growing but Loosening
"Divide County, North Dakota",38023,0.06666666666666672,18058.333333333332,Growing but Loosening
"Dunn County, North Dakota",38025,0.20000000000000004,153927.66666666666,Growing but Loosening
"Eddy County, North Dakota",38027,-0.1333333333333333,17193.333333333332,Accelerating & Tightening
"Emmons County, North Dakota",38029,0.16666666666666666,-27744.666666666668,Decelerating & Loosening
"Foster County, North Dakota",38031,0.03333333333333336,-14117.0,Decelerating & Loosening
"Golden Valley County, North Dakota",38033,0.3,1662.3333333333333,Growing but Loosening
"Grand Forks County, North Dakota",38035,0.1333333333333333,180513.0,Growing but Loosening
"Grant County, North Dakota",38037,0.09999999999999994,-9283.333333333334,Decelerating & Loosening
"Griggs County, North Dakota",38039,0.1333333333333333,122.66666666666667,Growing but Loosening
"Hettinger County, North Dakota",38041,0.06666666666666672,8394.666666666666,Growing but Loosening
"Kidder County, North Dakota",38043,-0.06666666666666672,1210.0,Accelerating & Tightening
"LaMoure County, North Dakota",38045,0.19999999999999996,4390.333333333333,Growing but Loosening
"Logan County, North Dakota",38047,0.3,-6295.666666666667,Decelerating & Loosening
"McHenry County, North Dakota",38049,0.033333333333333215,-31345.333333333332,Decelerating & Loosening
"McIntosh County, North Dakota",38051,0.2333333333333333,-20073.666666666668,Decelerating & Loosening
"McKenzie County, North Dakota",38053,0.03333333333333336,35579.333333333336,Growing but Loosening
"McLean County, North Dakota",38055,-0.10000000000000009,-43532.0,Slowing but Tightening
"Mercer County, North Dakota",38057,0.033333333333333215,-5696.333333333333,Decelerating & Loosening
"Morton County, North Dakota",38059,0.16666666666666666,9983.333333333334,Growing but Loosening
"Mountrail County, North Dakota",38061,0.16666666666666666,43910.333333333336,Growing but Loosening
"Nelson County, North Dakota",38063,-0.03333333333333336,12534.666666666666,Accelerating & Tightening
"Oliver County, North Dakota",38065,0.20000000000000004,-1555.3333333333333,Decelerating & Loosening
"Pembina County, North Dakota",38067,0.0,40824.333333333336,Accelerating & Tightening
"Pierce County, North Dakota",38069,0.20000000000000004,-20036.0,Decelerating & Loosening
"Ramsey County, North Dakota",38071,0.09999999999999994,14473.0,Growing but Loosening
"Ransom County, North Dakota",38073,0.49999999999999994,9417.333333333334,Growing but Loosening
"Renville County, North Dakota",38075,0.06666666666666672,13349.666666666666,Growing but Loosening
"Richland County, North Dakota",38077,0.2666666666666666,66478.66666666667,Growing but Loosening
"Rolette County, North Dakota",38079,-0.20000000000000018,25246.333333333332,Accelerating & Tightening
"Sargent County, North Dakota",38081,0.7666666666666667,15377.0,Growing but Loosening
"Sheridan County, North Dakota",38083,0.23333333333333325,-9199.333333333334,Decelerating & Loosening
"Sioux County, North Dakota",38085,0.16666666666666666,-1652.3333333333333,Decelerating & Loosening
"Slope County, North Dakota",38087,-0.06666666666666672,1931.3333333333333,Accelerating & Tightening
"Stark County, North Dakota",38089,0.09999999999999994,153984.33333333334,Growing but Loosening
"Steele County, North Dakota",38091,0.4000000000000001,1977.6666666666667,Growing but Loosening
"Stutsman County, North Dakota",38093,0.1333333333333333,69393.0,Growing but Loosening
"Towner County, North Dakota",38095,0.16666666666666666,23196.333333333332,Growing but Loosening
"Traill County, North Dakota",38097,0.10000000000000009,9512.0,Growing but Loosening
"Walsh County, North Dakota",38099,0.09999999999999994,55239.0,Growing but Loosening
"Ward County, North Dakota",38101,0.16666666666666666,66902.66666666667,Growing but Loosening
"Wells County, North Dakota",38103,-0.09999999999999994,17891.0,Accelerating & Tightening
"Williams County, North Dakota",38105,0.06666666666666658,632609.6666666666,Growing but Loosening
"Adams County, Ohio",39001,0.36666666666666653,11574.333333333334,Growing but Loosening
"Allen County, Ohio",39003,0.19999999999999987,113875.0,Growing but Loosening
"Ashland County, Ohio",39005,0.3000000000000001,184.0,Growing but Loosening
"Ashtabula County, Ohio",39007,-0.09999999999999994,66845.0,Accelerating & Tightening
"Athens County, Ohio",39009,0.39999999999999974,35328.333333333336,Growing but Loosening
"Auglaize County, Ohio",39011,0.19999999999999987,71898.66666666667,Growing but Loosening
"Belmont County, Ohio",39013,0.19999999999999987,-59080.666666666664,Decelerating & Loosening
"Brown County, Ohio",39015,0.2999999999999998,943.6666666666666,Growing but Loosening
"Butler County, Ohio",39017,0.2999999999999998,408898.3333333333,Growing but Loosening
"Carroll County, Ohio",39019,0.19999999999999987,159930.66666666666,Growing but Loosening
"Champaign County, Ohio",39021,0.23333333333333325,7031.333333333333,Growing but Loosening
"Clark County, Ohio",39023,0.36666666666666653,16643.333333333332,Growing but Loosening
"Clermont County, Ohio",39025,0.2666666666666668,-160325.66666666666,Decelerating & Loosening
"Clinton County, Ohio",39027,0.19999999999999987,16468.333333333332,Growing but Loosening
"Columbiana County, Ohio",39029,0.2333333333333334,189475.33333333334,Growing but Loosening
"Coshocton County, Ohio",39031,0.2666666666666666,45973.333333333336,Growing but Loosening
"Crawford County, Ohio",39033,0.2666666666666666,-26775.0,Decelerating & Loosening
"Cuyahoga County, Ohio",39035,-0.16666666666666666,1782554.0,Accelerating & Tightening
"Darke County, Ohio",39037,0.2666666666666668,131449.0,Growing but Loosening
"Defiance County, Ohio",39039,0.2666666666666666,1700.3333333333333,Growing but Loosening
"Delaware County, Ohio",39041,0.2666666666666666,533205.0,Growing but Loosening
"Erie County, Ohio",39043,0.16666666666666666,-3018.3333333333335,Decelerating & Loosening
"Fairfield County, Ohio",39045,0.2666666666666666,93641.33333333333,Growing but Loosening
"Fayette County, Ohio",39047,0.2333333333333334,-21540.333333333332,Decelerating & Loosening
"Franklin County, Ohio",39049,0.3000000000000001,1731729.0,Growing but Loosening
"Fulton County, Ohio",39051,0.36666666666666653,-14175.0,Decelerating & Loosening
"Gallia County, Ohio",39053,0.3000000000000001,-71297.33333333333,Decelerating & Loosening
"Geauga County, Ohio",39055,-0.09999999999999994,39597.666666666664,Accelerating & Tightening
"Greene County, Ohio",39057,0.2666666666666668,370592.3333333333,Growing but Loosening
"Guernsey County, Ohio",39059,0.2333333333333334,339186.0,Growing but Loosening
"Hamilton County, Ohio",39061,0.3333333333333332,1057469.6666666667,Growing but Loosening
"Hancock County, Ohio",39063,0.3000000000000001,70098.33333333333,Growing but Loosening
"Hardin County, Ohio",39065,0.36666666666666653,42188.333333333336,Growing but Loosening
"Harrison County, Ohio",39067,0.0,122825.0,Accelerating & Tightening
"Henry County, Ohio",39069,0.4000000000000001,-67319.0,Decelerating & Loosening
"Highland County, Ohio",39071,0.2999999999999998,6658.333333333333,Growing but Loosening
"Hocking County, Ohio",39073,0.2333333333333334,946.3333333333334,Growing but Loosening
"Holmes County, Ohio",39075,0.1333333333333333,75727.33333333333,Growing but Loosening
"Huron County, Ohio",39077,0.2666666666666666,-36064.0,Decelerating & Loosening
"Jackson County, Ohio",39079,0.5,157.0,Growing but Loosening
"Jefferson County, Ohio",39081,0.2666666666666666,-95006.33333333333,Decelerating & Loosening
"Knox County, Ohio",39083,0.3,68635.0,Growing but Loosening
"Lake County, Ohio",39085,-0.13333333333333344,141696.66666666666,Accelerating & Tightening
"Lawrence County, Ohio",39087,0.2999999999999998,-43066.0,Decelerating & Loosening
"Licking County, Ohio",39089,0.2666666666666668,236415.33333333334,Growing but Loosening
"Logan County, Ohio",39091,0.2666666666666666,54112.0,Growing but Loosening
"Lorain County, Ohio",39093,-0.20000000000000018,172004.66666666666,Accelerating & Tightening
"Lucas County, Ohio",39095,0.5,58741.333333333336,Growing but Loosening
"Madison County, Ohio",39097,0.23333333333333325,73615.66666666667,Growing but Loosening
"Mahoning County, Ohio",39099,0.2666666666666669,111223.0,Growing but Loosening
"Marion County, Ohio",39101,0.09999999999999994,1496.6666666666667,Growing but Loosening
"Medina County, Ohio",39103,-0.1333333333333333,64192.666666666664,Accelerating & Tightening
"Meigs County, Ohio",39105,0.39999999999999974,-2220.3333333333335,Decelerating & Loosening
"Mercer County, Ohio",39107,0.20000000000000004,265138.0,Growing but Loosening
"Miami County, Ohio",39109,0.2666666666666668,33698.333333333336,Growing but Loosening
"Monroe County, Ohio",39111,0.3000000000000001,-15223.666666666666,Decelerating & Loosening
"Montgomery County, Ohio",39113,0.3333333333333333,477782.3333333333,Growing but Loosening
"Morgan County, Ohio",39115,0.09999999999999994,-1613.6666666666667,Decelerating & Loosening
"Morrow County, Ohio",39117,0.20000000000000004,7597.333333333333,Growing but Loosening
"Muskingum County, Ohio",39119,0.2333333333333334,43294.666666666664,Growing but Loosening
"Noble County, Ohio",39121,0.16666666666666666,25043.333333333332,Growing but Loosening
"Ottawa County, Ohio",39123,0.36666666666666653,-21765.0,Decelerating & Loosening
"Paulding County, Ohio",39125,0.3000000000000001,-6894.0,Decelerating & Loosening
"Perry County, Ohio",39127,0.36666666666666653,-5884.0,Decelerating & Loosening
"Pickaway County, Ohio",39129,0.2999999999999998,-19143.0,Decelerating & Loosening
"Pike County, Ohio",39131,0.6333333333333332,18557.666666666668,Growing but Loosening
"Portage County, Ohio",39133,0.3,59352.333333333336,Growing but Loosening
"Preble County, Ohio",39135,0.2666666666666666,-29909.333333333332,Decelerating & Loosening
"Putnam County, Ohio",39137,0.19999999999999987,-24240.333333333332,Decelerating & Loosening
"Richland County, Ohio",39139,0.2666666666666666,20130.0,Growing but Loosening
"Ross County, Ohio",39141,0.5,28976.0,Growing but Loosening
"Sandusky County, Ohio",39143,0.19999999999999987,-14209.666666666666,Decelerating & Loosening
"Scioto County, Ohio",39145,0.5333333333333335,10122.333333333334,Growing but Loosening
"Seneca County, Ohio",39147,0.3000000000000001,-18281.0,Decelerating & Loosening
"Shelby County, Ohio",39149,0.2666666666666668,-23287.333333333332,Decelerating & Loosening
"Stark County, Ohio",39151,0.2666666666666669,158246.33333333334,Growing but Loosening
"Summit County, Ohio",39153,0.3000000000000001,146270.66666666666,Growing but Loosening
"Trumbull County, Ohio",39155,0.4000000000000001,218482.0,Growing but Loosening
"Tuscarawas County, Ohio",39157,0.2333333333333334,59834.666666666664,Growing but Loosening
"Union County, Ohio",39159,0.2666666666666668,136213.66666666666,Growing but Loosening
"Van Wert County, Ohio",39161,0.3,355.3333333333333,Growing but Loosening
"Vinton County, Ohio",39163,0.43333333333333357,34654.666666666664,Growing but Loosening
"Warren County, Ohio",39165,0.2999999999999998,347119.0,Growing but Loosening
"Washington County, Ohio",39167,0.13333333333333344,60621.333333333336,Growing but Loosening
"Wayne County, Ohio",39169,0.2333333333333334,139812.66666666666,Growing but Loosening
"Williams County, Ohio",39171,0.4333333333333334,-37972.0,Decelerating & Loosening
"Wood County, Ohio",39173,0.3,163369.33333333334,Growing but Loosening
"Wyandot County, Ohio",39175,0.2333333333333334,-10305.666666666666,Decelerating & Loosening
"Adair County, Oklahoma",40001,0.2666666666666668,7739.0,Growing but Loosening
"Alfalfa County, Oklahoma",40003,0.09999999999999994,-18834.0,Decelerating & Loosening
"Atoka County, Oklahoma",40005,0.0,8192.333333333334,Accelerating & Tightening
"Beaver County, Oklahoma",40007,0.20000000000000004,303.3333333333333,Growing but Loosening
"Beckham County, Oklahoma",40009,0.033333333333333215,59248.0,Growing but Loosening
"Blaine County, Oklahoma",40011,-0.03333333333333336,-17472.666666666668,Slowing but Tightening
"Bryan County, Oklahoma",40013,0.2666666666666668,68104.66666666667,Growing but Loosening
"Caddo County, Oklahoma",40015,0.03333333333333336,20083.333333333332,Growing but Loosening
"Canadian County, Oklahoma",40017,0.16666666666666666,406209.6666666667,Growing but Loosening
"Carter County, Oklahoma",40019,0.3000000000000001,128828.0,Growing but Loosening
"Cherokee County, Oklahoma",40021,0.06666666666666658,43122.0,Growing but Loosening
"Choctaw County, Oklahoma",40023,-0.3333333333333333,14384.666666666666,Accelerating & Tightening
"Cimarron County, Oklahoma",40025,0.3333333333333333,5574.0,Growing but Loosening
"Cleveland County, Oklahoma",40027,0.16666666666666666,181727.66666666666,Growing but Loosening
"Coal County, Oklahoma",40029,0.2666666666666666,-15801.666666666666,Decelerating & Loosening
"Comanche County, Oklahoma",40031,0.06666666666666658,42960.0,Growing but Loosening
"Cotton County, Oklahoma",40033,-0.03333333333333336,6763.333333333333,Accelerating & Tightening
"Craig County, Oklahoma",40035,0.16666666666666666,6608.333333333333,Growing but Loosening
"Creek County, Oklahoma",40037,0.03333333333333336,45521.0,Growing but Loosening
"Custer County, Oklahoma",40039,0.0,-2734.3333333333335,Slowing but Tightening
"Delaware County, Oklahoma",40041,0.16666666666666666,45837.0,Growing but Loosening
"Dewey County, Oklahoma",40043,-0.16666666666666666,25438.666666666668,Accelerating & Tightening
"Ellis County, Oklahoma",40045,0.03333333333333336,146634.66666666666,Growing but Loosening
"Garfield County, Oklahoma",40047,0.1333333333333333,36980.333333333336,Growing but Loosening
"Garvin County, Oklahoma",40049,0.23333333333333325,-57451.333333333336,Decelerating & Loosening
"Grady County, Oklahoma",40051,0.13333333333333344,240498.33333333334,Growing but Loosening
"Grant County, Oklahoma",40053,0.09999999999999994,-8387.666666666666,Decelerating & Loosening
"Greer County, Oklahoma",40055,0.13333333333333344,2243.6666666666665,Growing but Loosening
"Harmon County, Oklahoma",40057,-0.06666666666666658,11655.0,Accelerating & Tightening
"Harper County, Oklahoma",40059,0.1333333333333333,19191.666666666668,Growing but Loosening
"Haskell County, Oklahoma",40061,0.3333333333333332,971.6666666666666,Growing but Loosening
"Hughes County, Oklahoma",40063,0.06666666666666672,-30211.666666666668,Decelerating & Loosening
"Jackson County, Oklahoma",40065,0.06666666666666672,19197.0,Growing but Loosening
"Jefferson County, Oklahoma",40067,0.5333333333333335,6263.0,Growing but Loosening
"Johnston County, Oklahoma",40069,0.2666666666666668,10434.666666666666,Growing but Loosening
"Kay County, Oklahoma",40071,0.06666666666666672,45.666666666666664,Growing but Loosening
"Kingfisher County, Oklahoma",40073,0.09999999999999994,114310.33333333333,Growing but Loosening
"Kiowa County, Oklahoma",40075,0.033333333333333215,-15714.666666666666,Decelerating & Loosening
"Latimer County, Oklahoma",40077,-0.16666666666666666,-17605.333333333332,Slowing but Tightening
"Le Flore County, Oklahoma",40079,0.1333333333333333,18893.333333333332,Growing but Loosening
"Lincoln County, Oklahoma",40081,0.1333333333333333,-31157.333333333332,Decelerating & Loosening
"Logan County, Oklahoma",40083,0.19999999999999987,42051.333333333336,Growing but Loosening
"Love County, Oklahoma",40085,0.6333333333333333,39120.333333333336,Growing but Loosening
"McClain County, Oklahoma",40087,0.06666666666666658,152028.66666666666,Growing but Loosening
"McCurtain County, Oklahoma",40089,-0.06666666666666672,39175.666666666664,Accelerating & Tightening
"McIntosh County, Oklahoma",40091,0.09999999999999994,752.3333333333334,Growing but Loosening
"Major County, Oklahoma",40093,0.16666666666666666,27995.0,Growing but Loosening
"Marshall County, Oklahoma",40095,0.20000000000000004,22509.666666666668,Growing but Loosening
"Mayes County, Oklahoma",40097,0.0,70758.0,Accelerating & Tightening
"Murray County, Oklahoma",40099,0.20000000000000004,21682.0,Growing but Loosening
"Muskogee County, Oklahoma",40101,0.3333333333333333,21336.333333333332,Growing but Loosening
"Noble County, Oklahoma",40103,0.16666666666666666,-792.0,Decelerating & Loosening
"Nowata County, Oklahoma",40105,0.1333333333333333,6252.0,Growing but Loosening
"Okfuskee County, Oklahoma",40107,-0.03333333333333351,3458.3333333333335,Accelerating & Tightening
"Oklahoma County, Oklahoma",40109,0.16666666666666666,617861.0,Growing but Loosening
"Okmulgee County, Oklahoma",40111,0.0,27037.0,Accelerating & Tightening
"Osage County, Oklahoma",40113,0.033333333333333215,21970.333333333332,Growing but Loosening
"Ottawa County, Oklahoma",40115,0.20000000000000004,13052.0,Growing but Loosening
"Pawnee County, Oklahoma",40117,0.03333333333333336,4342.333333333333,Growing but Loosening
"Payne County, Oklahoma",40119,0.16666666666666666,81055.33333333333,Growing but Loosening
"Pittsburg County, Oklahoma",40121,0.06666666666666672,4791.333333333333,Growing but Loosening
"Pontotoc County, Oklahoma",40123,0.03333333333333336,59506.666666666664,Growing but Loosening
"Pottawatomie County, Oklahoma",40125,0.06666666666666658,-123593.0,Decelerating & Loosening
"Pushmataha County, Oklahoma",40127,0.3333333333333333,-5171.333333333333,Decelerating & Loosening
"Roger Mills County, Oklahoma",40129,0.06666666666666672,10327.666666666666,Growing but Loosening
"Rogers County, Oklahoma",40131,0.06666666666666672,76171.0,Growing but Loosening
"Seminole County, Oklahoma",40133,0.2666666666666666,16871.0,Growing but Loosening
"Sequoyah County, Oklahoma",40135,0.20000000000000004,-12973.0,Decelerating & Loosening
"Stephens County, Oklahoma",40137,0.16666666666666666,128966.0,Growing but Loosening
"Texas County, Oklahoma",40139,0.09999999999999994,37798.0,Growing but Loosening
"Tillman County, Oklahoma",40141,0.1333333333333333,-15091.333333333334,Decelerating & Loosening
"Tulsa County, Oklahoma",40143,0.09999999999999994,1442769.3333333333,Growing but Loosening
"Wagoner County, Oklahoma",40145,0.06666666666666672,55129.333333333336,Growing but Loosening
"Washington County, Oklahoma",40147,0.1333333333333333,381418.0,Growing but Loosening
"Washita County, Oklahoma",40149,0.0,-8630.0,Slowing but Tightening
"Woods County, Oklahoma",40151,0.20000000000000004,21438.0,Growing but Loosening
"Woodward County, Oklahoma",40153,0.033333333333333215,14849.666666666666,Growing but Loosening
"Baker County, Oregon",41001,0.19999999999999987,34355.333333333336,Growing but Loosening
"Benton County, Oregon",41003,0.2666666666666666,112890.66666666667,Growing but Loosening
"Clackamas County, Oregon",41005,0.4333333333333334,511743.6666666667,Growing but Loosening
"Clatsop County, Oregon",41007,0.3333333333333333,2842.6666666666665,Growing but Loosening
"Columbia County, Oregon",41009,0.5333333333333332,34860.333333333336,Growing but Loosening
"Coos County, Oregon",41011,0.2999999999999998,32514.333333333332,Growing but Loosening
"Crook County, Oregon",41013,0.2999999999999998,143350.33333333334,Growing but Loosening
"Curry County, Oregon",41015,0.2666666666666669,4615.0,Growing but Loosening
"Deschutes County, Oregon",41017,0.3,508646.3333333333,Growing but Loosening
"Douglas County, Oregon",41019,0.36666666666666686,26707.333333333332,Growing but Loosening
"Gilliam County, Oregon",41021,0.4333333333333334,18519.333333333332,Growing but Loosening
"Grant County, Oregon",41023,0.4666666666666668,8834.0,Growing but Loosening
"Harney County, Oregon",41025,0.03333333333333351,25459.0,Growing but Loosening
"Hood River County, Oregon",41027,0.16666666666666652,35500.333333333336,Growing but Loosening
"Jackson County, Oregon",41029,0.4000000000000001,170743.33333333334,Growing but Loosening
"Jefferson County, Oregon",41031,0.19999999999999987,37566.333333333336,Growing but Loosening
"Josephine County, Oregon",41033,0.5333333333333332,-8403.333333333334,Decelerating & Loosening
"Klamath County, Oregon",41035,0.4000000000000001,86511.66666666667,Growing but Loosening
"Lake County, Oregon",41037,0.3000000000000001,19414.333333333332,Growing but Loosening
"Lane County, Oregon",41039,0.2666666666666666,307966.6666666667,Growing but Loosening
"Lincoln County, Oregon",41041,0.3000000000000001,43356.333333333336,Growing but Loosening
"Linn County, Oregon",41043,0.36666666666666653,154453.66666666666,Growing but Loosening
"Malheur County, Oregon",41045,0.16666666666666666,1585.3333333333333,Growing but Loosening
"Marion County, Oregon",41047,0.3333333333333333,293138.6666666667,Growing but Loosening
"Morrow County, Oregon",41049,0.4333333333333333,133748.33333333334,Growing but Loosening
"Multnomah County, Oregon",41051,0.4666666666666665,832609.0,Growing but Loosening
"Polk County, Oregon",41053,0.3000000000000001,101091.33333333333,Growing but Loosening
"Sherman County, Oregon",41055,0.5000000000000001,23892.333333333332,Growing but Loosening
"Tillamook County, Oregon",41057,0.2666666666666666,-25502.666666666668,Decelerating & Loosening
"Umatilla County, Oregon",41059,0.2999999999999998,21461.333333333332,Growing but Loosening
"Union County, Oregon",41061,0.36666666666666686,14284.0,Growing but Loosening
"Wallowa County, Oregon",41063,0.16666666666666666,48504.666666666664,Growing but Loosening
"Wasco County, Oregon",41065,0.2999999999999998,126333.33333333333,Growing but Loosening
"Washington County, Oregon",41067,0.5333333333333335,166009.0,Growing but Loosening
"Wheeler County, Oregon",41069,0.16666666666666666,3077.6666666666665,Growing but Loosening
"Yamhill County, Oregon",41071,0.36666666666666686,37450.0,Growing but Loosening
"Adams County, Pennsylvania",42001,0.10000000000000009,-45185.0,Decelerating & Loosening
"Allegheny County, Pennsylvania",42003,0.0,1830935.0,Accelerating & Tightening
"Armstrong County, Pennsylvania",42005,-0.06666666666666643,65881.66666666667,Accelerating & Tightening
"Beaver County, Pennsylvania",42007,-0.19999999999999987,-238025.33333333334,Slowing but Tightening
"Bedford County, Pennsylvania",42009,-0.033333333333333215,10740.333333333334,Accelerating & Tightening
"Berks County, Pennsylvania",42011,0.10000000000000024,244887.66666666666,Growing but Loosening
"Blair County, Pennsylvania",42013,-0.10000000000000024,54156.0,Accelerating & Tightening
"Bradford County, Pennsylvania",42015,0.0,495758.0,Accelerating & Tightening
"Bucks County, Pennsylvania",42017,0.033333333333333215,953491.0,Growing but Loosening
"Butler County, Pennsylvania",42019,-0.06666666666666672,311237.6666666667,Accelerating & Tightening
"Cambria County, Pennsylvania",42021,0.0,90191.0,Accelerating & Tightening
"Cameron County, Pennsylvania",42023,0.2333333333333334,1876.3333333333333,Growing but Loosening
"Carbon County, Pennsylvania",42025,-0.10000000000000024,-63290.666666666664,Slowing but Tightening
"Centre County, Pennsylvania",42027,-0.03333333333333336,64577.666666666664,Accelerating & Tightening
"Chester County, Pennsylvania",42029,0.03333333333333336,1309639.6666666667,Growing but Loosening
"Clarion County, Pennsylvania",42031,-0.13333333333333316,-1982.3333333333333,Slowing but Tightening
"Clearfield County, Pennsylvania",42033,-0.13333333333333344,104966.66666666667,Accelerating & Tightening
"Clinton County, Pennsylvania",42035,-0.09999999999999994,46796.333333333336,Accelerating & Tightening
"Columbia County, Pennsylvania",42037,0.13333333333333344,48642.0,Growing but Loosening
"Crawford County, Pennsylvania",42039,-0.033333333333333215,1266.0,Accelerating & Tightening
"Cumberland County, Pennsylvania",42041,0.06666666666666672,350818.3333333333,Growing but Loosening
"Dauphin County, Pennsylvania",42043,0.20000000000000018,147058.0,Growing but Loosening
"Delaware County, Pennsylvania",42045,0.06666666666666672,98939.33333333333,Growing but Loosening
"Elk County, Pennsylvania",42047,-0.033333333333333215,-528.6666666666666,Slowing but Tightening
"Erie County, Pennsylvania",42049,-0.06666666666666672,169579.66666666666,Accelerating & Tightening
"Fayette County, Pennsylvania",42051,-0.09999999999999994,67562.0,Accelerating & Tightening
"Forest County, Pennsylvania",42053,-0.03333333333333351,-82.33333333333333,Slowing but Tightening
"Franklin County, Pennsylvania",42055,0.06666666666666658,54823.666666666664,Growing but Loosening
"Fulton County, Pennsylvania",42057,0.0,-16348.0,Slowing but Tightening
"Greene County, Pennsylvania",42059,-0.2666666666666666,184615.33333333334,Accelerating & Tightening
"Huntingdon County, Pennsylvania",42061,-0.13333333333333344,19490.333333333332,Accelerating & Tightening
"Indiana County, Pennsylvania",42063,-0.09999999999999994,-114291.0,Slowing but Tightening
"Jefferson County, Pennsylvania",42065,0.0,13798.666666666666,Accelerating & Tightening
"Juniata County, Pennsylvania",42067,0.3333333333333333,6240.666666666667,Growing but Loosening
"Lackawanna County, Pennsylvania",42069,0.03333333333333351,92605.33333333333,Growing but Loosening
"Lancaster County, Pennsylvania",42071,0.0,356333.6666666667,Accelerating & Tightening
"Lawrence County, Pennsylvania",42073,-0.033333333333333215,-8760.0,Slowing but Tightening
"Lebanon County, Pennsylvania",42075,0.06666666666666658,71794.66666666667,Growing but Loosening
"Lehigh County, Pennsylvania",42077,0.09999999999999994,416830.6666666667,Growing but Loosening
"Luzerne County, Pennsylvania",42079,0.06666666666666672,249199.0,Growing but Loosening
"Lycoming County, Pennsylvania",42081,-0.033333333333333215,130836.0,Accelerating & Tightening
"McKean County, Pennsylvania",42083,-0.09999999999999994,-24061.333333333332,Slowing but Tightening
"Mercer County, Pennsylvania",42085,-0.03333333333333351,74447.66666666667,Accelerating & Tightening
"Mifflin County, Pennsylvania",42087,-0.10000000000000009,50609.666666666664,Accelerating & Tightening
"Monroe County, Pennsylvania",42089,-0.16666666666666666,128585.66666666667,Accelerating & Tightening
"Montgomery County, Pennsylvania",42091,0.03333333333333336,1251535.6666666667,Growing but Loosening
"Montour County, Pennsylvania",42093,0.033333333333333215,100836.33333333333,Growing but Loosening
"Northampton County, Pennsylvania",42095,0.06666666666666672,319015.3333333333,Growing but Loosening
"Northumberland County, Pennsylvania",42097,0.06666666666666672,146136.33333333334,Growing but Loosening
"Perry County, Pennsylvania",42099,0.033333333333333215,11581.0,Growing but Loosening
"Philadelphia County, Pennsylvania",42101,0.13333333333333316,1443090.6666666667,Growing but Loosening
"Pike County, Pennsylvania",42103,-0.033333333333333215,51220.666666666664,Accelerating & Tightening
"Potter County, Pennsylvania",42105,-0.033333333333333215,-14601.666666666666,Slowing but Tightening
"Schuylkill County, Pennsylvania",42107,0.03333333333333351,82690.33333333333,Growing but Loosening
"Snyder County, Pennsylvania",42109,0.033333333333333215,46604.666666666664,Growing but Loosening
"Somerset County, Pennsylvania",42111,-0.09999999999999994,685.6666666666666,Accelerating & Tightening
"Sullivan County, Pennsylvania",42113,-0.16666666666666666,15045.666666666666,Accelerating & Tightening
"Susquehanna County, Pennsylvania",42115,0.033333333333333215,-62877.0,Decelerating & Loosening
"Tioga County, Pennsylvania",42117,-0.03333333333333351,75966.0,Accelerating & Tightening
"Union County, Pennsylvania",42119,0.0,25450.333333333332,Accelerating & Tightening
"Venango County, Pennsylvania",42121,-0.03333333333333351,-1333.3333333333333,Slowing but Tightening
"Warren County, Pennsylvania",42123,-0.03333333333333351,10489.666666666666,Accelerating & Tightening
"Washington County, Pennsylvania",42125,-0.06666666666666672,495593.0,Accelerating & Tightening
"Wayne County, Pennsylvania",42127,-0.19999999999999987,51537.0,Accelerating & Tightening
"Westmoreland County, Pennsylvania",42129,-0.06666666666666672,162866.0,Accelerating & Tightening
"Wyoming County, Pennsylvania",42131,-0.16666666666666666,-29376.666666666668,Slowing but Tightening
"York County, Pennsylvania",42133,0.13333333333333316,281575.6666666667,Growing but Loosening
"Bristol County, Rhode Island",44001,0.3,66365.33333333333,Growing but Loosening
"Kent County, Rhode Island",44003,0.3999999999999999,94276.66666666667,Growing but Loosening
"Newport County, Rhode Island",44005,0.3333333333333333,95295.33333333333,Growing but Loosening
"Providence County, Rhode Island",44007,0.4666666666666668,526037.6666666666,Growing but Loosening
"Washington County, Rhode Island",44009,0.2333333333333334,149551.0,Growing but Loosening
"Abbeville County, South Carolina",45001,0.36666666666666653,21876.666666666668,Growing but Loosening
"Aiken County, South Carolina",45003,0.3999999999999999,162167.0,Growing but Loosening
"Allendale County, South Carolina",45005,0.36666666666666653,11898.0,Growing but Loosening
"Anderson County, South Carolina",45007,0.3999999999999999,206368.0,Growing but Loosening
"Bamberg County, South Carolina",45009,0.4000000000000001,20421.333333333332,Growing but Loosening
"Barnwell County, South Carolina",45011,0.5333333333333332,32925.666666666664,Growing but Loosening
"Beaufort County, South Carolina",45013,0.4333333333333334,317368.3333333333,Growing but Loosening
"Berkeley County, South Carolina",45015,0.3666666666666667,892867.0,Growing but Loosening
"Calhoun County, South Carolina",45017,0.36666666666666653,30260.666666666668,Growing but Loosening
"Charleston County, South Carolina",45019,0.3,2136794.6666666665,Growing but Loosening
"Cherokee County, South Carolina",45021,0.5666666666666668,31294.333333333332,Growing but Loosening
"Chester County, South Carolina",45023,0.5333333333333335,81713.33333333333,Growing but Loosening
"Chesterfield County, South Carolina",45025,0.3999999999999999,-10502.0,Decelerating & Loosening
"Clarendon County, South Carolina",45027,0.6666666666666666,29678.0,Growing but Loosening
"Colleton County, South Carolina",45029,0.5,72093.0,Growing but Loosening
"Darlington County, South Carolina",45031,0.4333333333333333,-3573.0,Decelerating & Loosening
"Dillon County, South Carolina",45033,0.4666666666666668,6299.666666666667,Growing but Loosening
"Dorchester County, South Carolina",45035,0.3333333333333333,325591.6666666667,Growing but Loosening
"Edgefield County, South Carolina",45037,0.3,18499.0,Growing but Loosening
"Fairfield County, South Carolina",45039,0.2999999999999998,28259.666666666668,Growing but Loosening
"Florence County, South Carolina",45041,0.4666666666666666,183451.0,Growing but Loosening
"Georgetown County, South Carolina",45043,0.6333333333333333,105983.66666666667,Growing but Loosening
"Greenville County, South Carolina",45045,0.3999999999999999,1538580.3333333333,Growing but Loosening
"Greenwood County, South Carolina",45047,0.5333333333333335,115260.66666666667,Growing but Loosening
"Hampton County, South Carolina",45049,0.4333333333333334,26488.0,Growing but Loosening
"Horry County, South Carolina",45051,0.4666666666666668,929518.0,Growing but Loosening
"Jasper County, South Carolina",45053,0.4000000000000001,99784.66666666667,Growing but Loosening
"Kershaw County, South Carolina",45055,0.4000000000000001,165411.66666666666,Growing but Loosening
"Lancaster County, South Carolina",45057,0.4333333333333334,275188.6666666667,Growing but Loosening
"Laurens County, South Carolina",45059,0.4666666666666666,-1589.6666666666667,Decelerating & Loosening
"Lee County, South Carolina",45061,0.3000000000000001,9348.666666666666,Growing but Loosening
"Lexington County, South Carolina",45063,0.36666666666666653,521002.3333333333,Growing but Loosening
"McCormick County, South Carolina",45065,0.4333333333333333,9476.333333333334,Growing but Loosening
"Marion County, South Carolina",45067,0.3000000000000001,30660.0,Growing but Loosening
"Marlboro County, South Carolina",45069,0.3333333333333333,-24987.666666666668,Decelerating & Loosening
"Newberry County, South Carolina",45071,0.5333333333333335,39339.333333333336,Growing but Loosening
"Oconee County, South Carolina",45073,0.4000000000000001,133215.33333333334,Growing but Loosening
"Orangeburg County, South Carolina",45075,0.5666666666666668,89550.0,Growing but Loosening
"Pickens County, South Carolina",45077,0.4333333333333333,190624.66666666666,Growing but Loosening
"Richland County, South Carolina",45079,0.4666666666666665,889527.0,Growing but Loosening
"Saluda County, South Carolina",45081,0.3999999999999999,4305.666666666667,Growing but Loosening
"Spartanburg County, South Carolina",45083,0.4666666666666665,450959.3333333333,Growing but Loosening
"Sumter County, South Carolina",45085,0.5333333333333335,110688.66666666667,Growing but Loosening
"Union County, South Carolina",45087,0.3333333333333333,-1512.3333333333333,Decelerating & Loosening
"Williamsburg County, South Carolina",45089,1.0333333333333334,25446.666666666668,Growing but Loosening
"York County, South Carolina",45091,0.4333333333333333,438724.0,Growing but Loosening
"Aurora County, South Dakota",46003,-0.03333333333333336,2629.3333333333335,Accelerating & Tightening
"Beadle County, South Dakota",46005,0.03333333333333336,15586.333333333334,Growing but Loosening
"Bennett County, South Dakota",46007,0.0,6301.666666666667,Accelerating & Tightening
"Bon Homme County, South Dakota",46009,0.03333333333333336,-1644.6666666666667,Decelerating & Loosening
"Brookings County, South Dakota",46011,0.06666666666666672,61414.333333333336,Growing but Loosening
"Brown County, South Dakota",46013,0.03333333333333336,-2293.0,Decelerating & Loosening
"Brule County, South Dakota",46015,0.03333333333333329,1723.6666666666667,Growing but Loosening
"Buffalo County, South Dakota",46017,0.0,-1838.6666666666667,Slowing but Tightening
"Butte County, South Dakota",46019,0.03333333333333329,11758.333333333334,Growing but Loosening
"Campbell County, South Dakota",46021,0.3333333333333333,-15009.0,Decelerating & Loosening
"Charles Mix County, South Dakota",46023,0.03333333333333336,11728.0,Growing but Loosening
"Clark County, South Dakota",46025,-0.06666666666666658,2702.3333333333335,Accelerating & Tightening
"Clay County, South Dakota",46027,0.06666666666666672,21039.333333333332,Growing but Loosening
"Codington County, South Dakota",46029,0.03333333333333336,20939.666666666668,Growing but Loosening
"Corson County, South Dakota",46031,0.3333333333333332,-2349.3333333333335,Decelerating & Loosening
"Custer County, South Dakota",46033,-0.03333333333333336,16367.666666666666,Accelerating & Tightening
"Davison County, South Dakota",46035,0.0,36239.0,Accelerating & Tightening
"Day County, South Dakota",46037,-0.1333333333333333,-2794.6666666666665,Slowing but Tightening
"Deuel County, South Dakota",46039,0.0,14159.0,Accelerating & Tightening
"Dewey County, South Dakota",46041,-0.06666666666666672,-326.6666666666667,Slowing but Tightening
"Douglas County, South Dakota",46043,0.0,993.0,Accelerating & Tightening
"Edmunds County, South Dakota",46045,0.0,-35788.0,Slowing but Tightening
"Fall River County, South Dakota",46047,0.16666666666666666,18507.666666666668,Growing but Loosening
"Faulk County, South Dakota",46049,-0.06666666666666665,-10325.333333333334,Slowing but Tightening
"Grant County, South Dakota",46051,0.2333333333333334,39676.333333333336,Growing but Loosening
"Gregory County, South Dakota",46053,0.10000000000000002,3974.3333333333335,Growing but Loosening
"Haakon County, South Dakota",46055,-0.1333333333333334,-5513.0,Slowing but Tightening
"Hamlin County, South Dakota",46057,-0.03333333333333329,10271.666666666666,Accelerating & Tightening
"Hand County, South Dakota",46059,0.0,4099.666666666667,Accelerating & Tightening
"Hanson County, South Dakota",46061,0.0,828.3333333333334,Accelerating & Tightening
"Harding County, South Dakota",46063,0.0,1649.3333333333333,Accelerating & Tightening
"Hughes County, South Dakota",46065,0.0,21840.333333333332,Accelerating & Tightening
"Hutchinson County, South Dakota",46067,-0.03333333333333336,7375.0,Accelerating & Tightening
"Hyde County, South Dakota",46069,-0.16666666666666666,2977.3333333333335,Accelerating & Tightening
"Jackson County, South Dakota",46071,-0.10000000000000009,4071.3333333333335,Accelerating & Tightening
"Jerauld County, South Dakota",46073,0.10000000000000002,-13507.0,Decelerating & Loosening
"Jones County, South Dakota",46075,0.03333333333333336,-1986.6666666666667,Decelerating & Loosening
"Kingsbury County, South Dakota",46077,0.1333333333333333,1033.3333333333333,Growing but Loosening
"Lake County, South Dakota",46079,0.0,31908.666666666668,Accelerating & Tightening
"Lawrence County, South Dakota",46081,0.06666666666666665,49307.0,Growing but Loosening
"Lincoln County, South Dakota",46083,0.06666666666666665,238535.0,Growing but Loosening
"Lyman County, South Dakota",46085,0.0,-4703.333333333333,Slowing but Tightening
"McCook County, South Dakota",46087,0.06666666666666665,13510.333333333334,Growing but Loosening
"McPherson County, South Dakota",46089,0.033333333333333215,-9635.0,Decelerating & Loosening
"Marshall County, South Dakota",46091,0.0,19932.0,Accelerating & Tightening
"Meade County, South Dakota",46093,0.03333333333333336,42054.666666666664,Growing but Loosening
"Mellette County, South Dakota",46095,0.06666666666666672,4360.333333333333,Growing but Loosening
"Miner County, South Dakota",46097,0.1333333333333333,5314.0,Growing but Loosening
"Minnehaha County, South Dakota",46099,0.06666666666666665,-163569.0,Decelerating & Loosening
"Moody County, South Dakota",46101,0.0,12331.0,Accelerating & Tightening
"Oglala Lakota County, South Dakota",46102,0.36666666666666686,-5553.666666666667,Decelerating & Loosening
"Pennington County, South Dakota",46103,0.03333333333333336,57259.0,Growing but Loosening
"Perkins County, South Dakota",46105,0.0,-1408.0,Slowing but Tightening
"Potter County, South Dakota",46107,0.03333333333333336,-17422.666666666668,Decelerating & Loosening
"Roberts County, South Dakota",46109,0.16666666666666666,13812.666666666666,Growing but Loosening
"Sanborn County, South Dakota",46111,0.03333333333333329,4196.666666666667,Growing but Loosening
"Spink County, South Dakota",46115,0.0,-7647.0,Slowing but Tightening
"Stanley County, South Dakota",46117,-0.06666666666666665,-782.0,Slowing but Tightening
"Sully County, South Dakota",46119,0.03333333333333329,-15343.0,Decelerating & Loosening
"Todd County, South Dakota",46121,0.36666666666666653,1805.0,Growing but Loosening
"Tripp County, South Dakota",46123,-0.03333333333333329,9752.0,Accelerating & Tightening
"Turner County, South Dakota",46125,0.06666666666666665,23592.0,Growing but Loosening
"Union County, South Dakota",46127,0.0,13110.333333333334,Accelerating & Tightening
"Walworth County, South Dakota",46129,0.033333333333333215,-10130.333333333334,Decelerating & Loosening
"Yankton County, South Dakota",46135,0.06666666666666665,23082.333333333332,Growing but Loosening
"Ziebach County, South Dakota",46137,-0.1333333333333333,322.3333333333333,Accelerating & Tightening
"Anderson County, Tennessee",47001,0.0,153688.0,Accelerating & Tightening
"Bedford County, Tennessee",47003,0.1333333333333333,82279.33333333333,Growing but Loosening
"Benton County, Tennessee",47005,-0.03333333333333351,14387.0,Accelerating & Tightening
"Bledsoe County, Tennessee",47007,-0.03333333333333336,20303.333333333332,Accelerating & Tightening
"Blount County, Tennessee",47009,-0.03333333333333336,361026.3333333333,Accelerating & Tightening
"Bradley County, Tennessee",47011,0.06666666666666658,85194.66666666667,Growing but Loosening
"Campbell County, Tennessee",47013,-0.06666666666666658,41744.0,Accelerating & Tightening
"Cannon County, Tennessee",47015,0.03333333333333336,8627.0,Growing but Loosening
"Carroll County, Tennessee",47017,0.10000000000000009,33363.0,Growing but Loosening
"Carter County, Tennessee",47019,0.06666666666666658,23614.333333333332,Growing but Loosening
"Cheatham County, Tennessee",47021,0.06666666666666658,42868.333333333336,Growing but Loosening
"Chester County, Tennessee",47023,0.16666666666666652,7949.333333333333,Growing but Loosening
"Claiborne County, Tennessee",47025,0.13333333333333316,14672.0,Growing but Loosening
"Clay County, Tennessee",47027,0.09999999999999994,23805.333333333332,Growing but Loosening
"Cocke County, Tennessee",47029,0.0,33100.333333333336,Accelerating & Tightening
"Coffee County, Tennessee",47031,0.10000000000000009,94538.0,Growing but Loosening
"Crockett County, Tennessee",47033,0.06666666666666672,11634.0,Growing but Loosening
"Cumberland County, Tennessee",47035,0.033333333333333215,85434.66666666667,Growing but Loosening
"Davidson County, Tennessee",47037,0.06666666666666672,4332006.666666667,Growing but Loosening
"Decatur County, Tennessee",47039,0.0,12269.0,Accelerating & Tightening
"DeKalb County, Tennessee",47041,0.16666666666666652,-10613.0,Decelerating & Loosening
"Dickson County, Tennessee",47043,0.03333333333333336,77135.66666666667,Growing but Loosening
"Dyer County, Tennessee",47045,0.06666666666666672,-32537.666666666668,Decelerating & Loosening
"Fayette County, Tennessee",47047,0.10000000000000009,78522.66666666667,Growing but Loosening
"Fentress County, Tennessee",47049,-0.06666666666666658,33231.666666666664,Accelerating & Tightening
"Franklin County, Tennessee",47051,0.06666666666666658,49329.666666666664,Growing but Loosening
"Gibson County, Tennessee",47053,0.06666666666666658,-21245.0,Decelerating & Loosening
"Giles County, Tennessee",47055,0.19999999999999987,31167.333333333332,Growing but Loosening
"Grainger County, Tennessee",47057,-0.03333333333333336,19808.333333333332,Accelerating & Tightening
"Greene County, Tennessee",47059,0.2333333333333334,44364.0,Growing but Loosening
"Grundy County, Tennessee",47061,0.0,6229.666666666667,Accelerating & Tightening
"Hamblen County, Tennessee",47063,0.033333333333333215,96725.66666666667,Growing but Loosening
"Hamilton County, Tennessee",47065,0.0,437547.6666666667,Accelerating & Tightening
"Hancock County, Tennessee",47067,0.16666666666666666,3539.3333333333335,Growing but Loosening
"Hardeman County, Tennessee",47069,0.2666666666666666,10552.333333333334,Growing but Loosening
"Hardin County, Tennessee",47071,0.0,-10187.0,Slowing but Tightening
"Hawkins County, Tennessee",47073,-0.033333333333333215,53232.333333333336,Accelerating & Tightening
"Haywood County, Tennessee",47075,-0.20000000000000004,91537.66666666667,Accelerating & Tightening
"Henderson County, Tennessee",47077,0.16666666666666652,-982.0,Decelerating & Loosening
"Henry County, Tennessee",47079,-0.06666666666666672,-8135.333333333333,Slowing but Tightening
"Hickman County, Tennessee",47081,0.09999999999999994,8264.666666666666,Growing but Loosening
"Houston County, Tennessee",47083,0.06666666666666658,4108.666666666667,Growing but Loosening
"Humphreys County, Tennessee",47085,0.0,14704.666666666666,Accelerating & Tightening
"Jackson County, Tennessee",47087,0.10000000000000009,3270.6666666666665,Growing but Loosening
"Jefferson County, Tennessee",47089,0.06666666666666672,43900.666666666664,Growing but Loosening
"Johnson County, Tennessee",47091,0.2999999999999998,3113.0,Growing but Loosening
"Knox County, Tennessee",47093,0.03333333333333336,1280060.0,Growing but Loosening
"Lake County, Tennessee",47095,-0.06666666666666672,-12056.666666666666,Slowing but Tightening
"Lauderdale County, Tennessee",47097,0.06666666666666672,-21631.666666666668,Decelerating & Loosening
"Lawrence County, Tennessee",47099,0.20000000000000004,22119.333333333332,Growing but Loosening
"Lewis County, Tennessee",47101,0.20000000000000004,19032.333333333332,Growing but Loosening
"Lincoln County, Tennessee",47103,0.13333333333333344,69311.0,Growing but Loosening
"Loudon County, Tennessee",47105,0.033333333333333215,-13289.666666666666,Decelerating & Loosening
"McMinn County, Tennessee",47107,0.10000000000000024,-30992.333333333332,Decelerating & Loosening
"McNairy County, Tennessee",47109,0.13333333333333344,8088.666666666667,Growing but Loosening
"Macon County, Tennessee",47111,0.06666666666666672,34323.666666666664,Growing but Loosening
"Madison County, Tennessee",47113,0.03333333333333336,84964.0,Growing but Loosening
"Marion County, Tennessee",47115,0.033333333333333215,25780.333333333332,Growing but Loosening
"Marshall County, Tennessee",47117,0.23333333333333325,13365.333333333334,Growing but Loosening
"Maury County, Tennessee",47119,0.20000000000000004,360706.3333333333,Growing but Loosening
"Meigs County, Tennessee",47121,0.13333333333333316,-95.0,Decelerating & Loosening
"Monroe County, Tennessee",47123,0.1333333333333333,109881.66666666667,Growing but Loosening
"Montgomery County, Tennessee",47125,0.06666666666666672,276397.3333333333,Growing but Loosening
"Moore County, Tennessee",47127,0.09999999999999994,-3872.0,Decelerating & Loosening
"Morgan County, Tennessee",47129,0.03333333333333336,21664.666666666668,Growing but Loosening
"Obion County, Tennessee",47131,0.03333333333333336,1489.0,Growing but Loosening
"Overton County, Tennessee",47133,0.06666666666666672,10999.333333333334,Growing but Loosening
"Perry County, Tennessee",47135,-0.19999999999999987,11869.666666666666,Accelerating & Tightening
"Pickett County, Tennessee",47137,0.13333333333333316,8855.0,Growing but Loosening
"Polk County, Tennessee",47139,0.06666666666666658,3214.6666666666665,Growing but Loosening
"Putnam County, Tennessee",47141,0.09999999999999994,103229.33333333333,Growing but Loosening
"Rhea County, Tennessee",47143,0.03333333333333351,-15729.666666666666,Decelerating & Loosening
"Roane County, Tennessee",47145,0.0,25105.333333333332,Accelerating & Tightening
"Robertson County, Tennessee",47147,0.03333333333333336,73987.66666666667,Growing but Loosening
"Rutherford County, Tennessee",47149,0.06666666666666658,741982.6666666666,Growing but Loosening
"Scott County, Tennessee",47151,-0.10000000000000024,14272.0,Accelerating & Tightening
"Sequatchie County, Tennessee",47153,0.0,10697.0,Accelerating & Tightening
"Sevier County, Tennessee",47155,-0.03333333333333336,280629.0,Accelerating & Tightening
"Shelby County, Tennessee",47157,0.06666666666666643,368375.6666666667,Growing but Loosening
"Smith County, Tennessee",47159,0.1333333333333333,-18449.333333333332,Decelerating & Loosening
"Stewart County, Tennessee",47161,0.09999999999999994,-47866.0,Decelerating & Loosening
"Sullivan County, Tennessee",47163,0.0,230880.33333333334,Accelerating & Tightening
"Sumner County, Tennessee",47165,0.06666666666666672,431133.6666666667,Growing but Loosening
"Tipton County, Tennessee",47167,0.09999999999999994,7641.333333333333,Growing but Loosening
"Trousdale County, Tennessee",47169,0.20000000000000004,9214.666666666666,Growing but Loosening
"Unicoi County, Tennessee",47171,0.23333333333333325,13492.0,Growing but Loosening
"Union County, Tennessee",47173,0.10000000000000009,9852.0,Growing but Loosening
"Van Buren County, Tennessee",47175,0.10000000000000009,-882.0,Decelerating & Loosening
"Warren County, Tennessee",47177,-0.03333333333333336,14200.333333333334,Accelerating & Tightening
"Washington County, Tennessee",47179,0.06666666666666658,198298.0,Growing but Loosening
"Wayne County, Tennessee",47181,-0.20000000000000018,24836.333333333332,Accelerating & Tightening
"Weakley County, Tennessee",47183,0.19999999999999987,-43968.666666666664,Decelerating & Loosening
"White County, Tennessee",47185,0.16666666666666666,11040.0,Growing but Loosening
"Williamson County, Tennessee",47187,0.09999999999999994,1356083.6666666667,Growing but Loosening
"Wilson County, Tennessee",47189,0.06666666666666658,379102.6666666667,Growing but Loosening
"Anderson County, Texas",48001,0.03333333333333351,26144.666666666668,Growing but Loosening
"Andrews County, Texas",48003,-0.03333333333333336,592573.3333333334,Accelerating & Tightening
"Angelina County, Texas",48005,-0.033333333333333215,115312.0,Accelerating & Tightening
"Aransas County, Texas",48007,-0.16666666666666666,7681.333333333333,Accelerating & Tightening
"Archer County, Texas",48009,0.06666666666666672,22756.666666666668,Growing but Loosening
"Armstrong County, Texas",48011,0.06666666666666672,12795.0,Growing but Loosening
"Atascosa County, Texas",48013,0.06666666666666672,547742.0,Growing but Loosening
"Austin County, Texas",48015,-0.03333333333333336,54075.0,Accelerating & Tightening
"Bailey County, Texas",48017,0.033333333333333215,26078.0,Growing but Loosening
"Bandera County, Texas",48019,-0.033333333333333215,10682.666666666666,Accelerating & Tightening
"Bastrop County, Texas",48021,0.06666666666666672,216668.0,Growing but Loosening
"Baylor County, Texas",48023,0.0,4976.0,Accelerating & Tightening
"Bee County, Texas",48025,-0.16666666666666666,65818.33333333333,Accelerating & Tightening
"Bell County, Texas",48027,0.09999999999999994,793341.3333333334,Growing but Loosening
"Bexar County, Texas",48029,0.09999999999999994,5687076.333333333,Growing but Loosening
"Blanco County, Texas",48031,0.06666666666666672,27335.333333333332,Growing but Loosening
"Borden County, Texas",48033,0.06666666666666658,224848.66666666666,Growing but Loosening
"Bosque County, Texas",48035,-0.033333333333333215,27436.0,Accelerating & Tightening
"Bowie County, Texas",48037,-0.13333333333333316,109514.33333333333,Accelerating & Tightening
"Brazoria County, Texas",48039,0.0,554719.0,Accelerating & Tightening
"Brazos County, Texas",48041,0.06666666666666672,488047.6666666667,Growing but Loosening
"Brewster County, Texas",48043,0.0,23435.0,Accelerating & Tightening
"Briscoe County, Texas",48045,0.1333333333333333,-12921.666666666666,Decelerating & Loosening
"Brooks County, Texas",48047,-0.033333333333333215,-7627.0,Slowing but Tightening
"Brown County, Texas",48049,-0.03333333333333336,28207.666666666668,Accelerating & Tightening
"Burleson County, Texas",48051,-0.03333333333333336,21211.0,Accelerating & Tightening
"Burnet County, Texas",48053,0.10000000000000009,66161.66666666667,Growing but Loosening
"Caldwell County, Texas",48055,0.06666666666666672,65388.333333333336,Growing but Loosening
"Calhoun County, Texas",48057,-0.09999999999999994,111428.66666666667,Accelerating & Tightening
"Callahan County, Texas",48059,0.0,42834.666666666664,Accelerating & Tightening
"Cameron County, Texas",48061,0.43333333333333357,603927.6666666666,Growing but Loosening
"Camp County, Texas",48063,0.09999999999999994,14884.666666666666,Growing but Loosening
"Carson County, Texas",48065,-0.03333333333333336,-1969.3333333333333,Slowing but Tightening
"Cass County, Texas",48067,-0.033333333333333215,73445.33333333333,Accelerating & Tightening
"Castro County, Texas",48069,-0.03333333333333336,56763.666666666664,Accelerating & Tightening
"Chambers County, Texas",48071,0.0,120397.66666666667,Accelerating & Tightening
"Cherokee County, Texas",48073,0.033333333333333215,79658.66666666667,Growing but Loosening
"Childress County, Texas",48075,-0.09999999999999994,9400.0,Accelerating & Tightening
"Clay County, Texas",48077,-0.03333333333333336,40550.333333333336,Accelerating & Tightening
"Cochran County, Texas",48079,-0.23333333333333325,7021.0,Accelerating & Tightening
"Coke County, Texas",48081,0.0,23179.666666666668,Accelerating & Tightening
"Coleman County, Texas",48083,-0.03333333333333336,3208.6666666666665,Accelerating & Tightening
"Collin County, Texas",48085,0.20000000000000004,5782433.666666667,Growing but Loosening
"Collingsworth County, Texas",48087,0.10000000000000009,86.0,Growing but Loosening
"Colorado County, Texas",48089,0.0,10946.0,Accelerating & Tightening
"Comal County, Texas",48091,0.06666666666666672,477305.3333333333,Growing but Loosening
"Comanche County, Texas",48093,0.03333333333333336,33371.0,Growing but Loosening
"Concho County, Texas",48095,-0.10000000000000009,34500.666666666664,Accelerating & Tightening
"Cooke County, Texas",48097,0.10000000000000009,234627.0,Growing but Loosening
"Coryell County, Texas",48099,0.09999999999999994,24647.0,Growing but Loosening
"Cottle County, Texas",48101,0.06666666666666658,14508.333333333334,Growing but Loosening
"Crane County, Texas",48103,-0.20000000000000004,155585.33333333334,Accelerating & Tightening
"Crockett County, Texas",48105,-0.20000000000000004,32606.666666666668,Accelerating & Tightening
"Crosby County, Texas",48107,0.03333333333333351,-11610.666666666666,Decelerating & Loosening
"Culberson County, Texas",48109,0.1333333333333333,356938.6666666667,Growing but Loosening
"Dallam County, Texas",48111,0.09999999999999994,27599.666666666668,Growing but Loosening
"Dallas County, Texas",48113,0.09999999999999994,8646430.333333334,Growing but Loosening
"Dawson County, Texas",48115,-0.09999999999999994,235803.66666666666,Accelerating & Tightening
"Deaf Smith County, Texas",48117,0.09999999999999994,75959.66666666667,Growing but Loosening
"Delta County, Texas",48119,-0.10000000000000024,11321.0,Accelerating & Tightening
"Denton County, Texas",48121,0.16666666666666666,2083286.0,Growing but Loosening
"DeWitt County, Texas",48123,0.16666666666666666,229590.0,Growing but Loosening
"Dickens County, Texas",48125,-0.1333333333333333,3951.6666666666665,Accelerating & Tightening
"Dimmit County, Texas",48127,-0.2666666666666666,349766.6666666667,Accelerating & Tightening
"Donley County, Texas",48129,0.20000000000000004,2255.0,Growing but Loosening
"Duval County, Texas",48131,-0.20000000000000018,-12287.0,Slowing but Tightening
"Eastland County, Texas",48133,0.16666666666666666,15209.0,Growing but Loosening
"Ector County, Texas",48135,-0.09999999999999994,956077.0,Accelerating & Tightening
"Edwards County, Texas",48137,0.0,-803.6666666666666,Slowing but Tightening
"Ellis County, Texas",48139,0.1333333333333333,464164.0,Growing but Loosening
"El Paso County, Texas",48141,0.06666666666666672,2369351.0,Growing but Loosening
"Erath County, Texas",48143,0.03333333333333336,109848.33333333333,Growing but Loosening
"Falls County, Texas",48145,-0.10000000000000024,42512.333333333336,Accelerating & Tightening
"Fannin County, Texas",48147,0.0,57239.0,Accelerating & Tightening
"Fayette County, Texas",48149,-0.06666666666666672,20007.333333333332,Accelerating & Tightening
"Fisher County, Texas",48151,-0.03333333333333336,37007.666666666664,Accelerating & Tightening
"Floyd County, Texas",48153,0.06666666666666658,-20693.333333333332,Decelerating & Loosening
"Foard County, Texas",48155,-0.06666666666666658,1298.0,Accelerating & Tightening
"Fort Bend County, Texas",48157,0.1333333333333333,2002587.3333333333,Growing but Loosening
"Franklin County, Texas",48159,0.20000000000000004,39173.333333333336,Growing but Loosening
"Freestone County, Texas",48161,-0.09999999999999994,32985.333333333336,Accelerating & Tightening
"Frio County, Texas",48163,0.5333333333333335,74550.33333333333,Growing but Loosening
"Gaines County, Texas",48165,-0.033333333333333215,92194.0,Accelerating & Tightening
"Galveston County, Texas",48167,0.0,1059846.6666666667,Accelerating & Tightening
"Garza County, Texas",48169,-0.03333333333333351,7945.0,Accelerating & Tightening
"Gillespie County, Texas",48171,0.03333333333333336,31097.333333333332,Growing but Loosening
"Glasscock County, Texas",48173,-0.2666666666666668,788046.6666666666,Accelerating & Tightening
"Goliad County, Texas",48175,-0.03333333333333351,-10073.0,Slowing but Tightening
"Gonzales County, Texas",48177,0.06666666666666672,226690.0,Growing but Loosening
"Gray County, Texas",48179,0.0,49576.666666666664,Accelerating & Tightening
"Grayson County, Texas",48181,0.06666666666666658,415835.0,Growing but Loosening
"Gregg County, Texas",48183,0.06666666666666643,270804.3333333333,Growing but Loosening
"Grimes County, Texas",48185,0.0,47130.333333333336,Accelerating & Tightening
"Guadalupe County, Texas",48187,0.1333333333333333,1184438.0,Growing but Loosening
"Hale County, Texas",48189,0.03333333333333351,28112.333333333332,Growing but Loosening
"Hall County, Texas",48191,0.19999999999999987,-5653.666666666667,Decelerating & Loosening
"Hamilton County, Texas",48193,0.10000000000000009,12038.0,Growing but Loosening
"Hansford County, Texas",48195,0.20000000000000004,69747.66666666667,Growing but Loosening
"Hardeman County, Texas",48197,0.06666666666666672,4314.0,Growing but Loosening
"Hardin County, Texas",48199,-0.19999999999999987,20049.666666666668,Accelerating & Tightening
"Harris County, Texas",48201,0.09999999999999994,17965692.333333332,Growing but Loosening
"Harrison County, Texas",48203,0.13333333333333316,52834.666666666664,Growing but Loosening
"Hartley County, Texas",48205,0.10000000000000009,80402.33333333333,Growing but Loosening
"Haskell County, Texas",48207,0.3,16280.0,Growing but Loosening
"Hays County, Texas",48209,0.09999999999999994,817912.0,Growing but Loosening
"Hemphill County, Texas",48211,0.3999999999999999,-23129.666666666668,Decelerating & Loosening
"Henderson County, Texas",48213,0.06666666666666672,101019.33333333333,Growing but Loosening
"Hidalgo County, Texas",48215,-0.06666666666666672,485997.3333333333,Accelerating & Tightening
"Hill County, Texas",48217,-0.03333333333333336,87353.0,Accelerating & Tightening
"Hockley County, Texas",48219,0.0,73091.33333333333,Accelerating & Tightening
"Hood County, Texas",48221,0.0,134406.0,Accelerating & Tightening
"Hopkins County, Texas",48223,-0.10000000000000009,158875.0,Accelerating & Tightening
"Houston County, Texas",48225,-0.033333333333333215,23555.333333333332,Accelerating & Tightening
"Howard County, Texas",48227,-0.3000000000000001,898863.6666666666,Accelerating & Tightening
"Hudspeth County, Texas",48229,-0.19999999999999987,4982.0,Accelerating & Tightening
"Hunt County, Texas",48231,0.13333333333333344,231400.33333333334,Growing but Loosening
"Hutchinson County, Texas",48233,0.0,1016036.0,Accelerating & Tightening
"Irion County, Texas",48235,0.0,58939.0,Accelerating & Tightening
"Jack County, Texas",48237,0.3333333333333333,-17518.0,Decelerating & Loosening
"Jackson County, Texas",48239,0.09999999999999994,-684.3333333333334,Decelerating & Loosening
"Jasper County, Texas",48241,0.033333333333333215,29065.333333333332,Growing but Loosening
"Jeff Davis County, Texas",48243,-0.3333333333333333,3426.3333333333335,Accelerating & Tightening
"Jefferson County, Texas",48245,-0.06666666666666672,1041997.3333333334,Accelerating & Tightening
"Jim Hogg County, Texas",48247,0.03333333333333351,1888.6666666666667,Growing but Loosening
"Jim Wells County, Texas",48249,-0.16666666666666666,38473.0,Accelerating & Tightening
"Johnson County, Texas",48251,0.10000000000000009,294964.0,Growing but Loosening
"Jones County, Texas",48253,-0.03333333333333336,-12.0,Slowing but Tightening
"Karnes County, Texas",48255,-0.06666666666666672,356457.3333333333,Accelerating & Tightening
"Kaufman County, Texas",48257,0.16666666666666652,278205.0,Growing but Loosening
"Kendall County, Texas",48259,0.06666666666666672,156973.66666666666,Growing but Loosening
"Kenedy County, Texas",48261,0.36666666666666653,-14995.666666666666,Decelerating & Loosening
"Kent County, Texas",48263,0.3999999999999999,41652.0,Growing but Loosening
"Kerr County, Texas",48265,0.0,81538.33333333333,Accelerating & Tightening
"Kimble County, Texas",48267,0.16666666666666666,1966.6666666666667,Growing but Loosening
"King County, Texas",48269,0.5000000000000001,9390.0,Growing but Loosening
"Kinney County, Texas",48271,-0.09999999999999994,4813.333333333333,Accelerating & Tightening
"Kleberg County, Texas",48273,-0.09999999999999994,45691.333333333336,Accelerating & Tightening
"Knox County, Texas",48275,0.0,15427.0,Accelerating & Tightening
"Lamar County, Texas",48277,-0.10000000000000024,57826.666666666664,Accelerating & Tightening
"Lamb County, Texas",48279,0.03333333333333336,24522.0,Growing but Loosening
"Lampasas County, Texas",48281,0.10000000000000009,23023.666666666668,Growing but Loosening
"La Salle County, Texas",48283,0.3,293078.3333333333,Growing but Loosening
"Lavaca County, Texas",48285,0.0,87655.0,Accelerating & Tightening
"Lee County, Texas",48287,-0.16666666666666652,77391.33333333333,Accelerating & Tightening
"Leon County, Texas",48289,-0.3000000000000001,72290.33333333333,Accelerating & Tightening
"Liberty County, Texas",48291,-0.06666666666666643,103820.0,Accelerating & Tightening
"Limestone County, Texas",48293,0.0,113841.0,Accelerating & Tightening
"Lipscomb County, Texas",48295,0.06666666666666672,13843.0,Growing but Loosening
"Live Oak County, Texas",48297,-0.06666666666666643,422957.0,Accelerating & Tightening
"Llano County, Texas",48299,-0.033333333333333215,33931.0,Accelerating & Tightening
"Loving County, Texas",48301,-0.5666666666666667,1582988.6666666667,Accelerating & Tightening
"Lubbock County, Texas",48303,0.0,313756.0,Accelerating & Tightening
"Lynn County, Texas",48305,-0.1333333333333333,-9928.333333333334,Slowing but Tightening
"McCulloch County, Texas",48307,0.06666666666666672,5219.333333333333,Growing but Loosening
"McLennan County, Texas",48309,0.09999999999999994,469959.0,Growing but Loosening
"McMullen County, Texas",48311,-0.2333333333333334,312461.3333333333,Accelerating & Tightening
"Madison County, Texas",48313,0.16666666666666666,35975.666666666664,Growing but Loosening
"Marion County, Texas",48315,0.0,9605.666666666666,Accelerating & Tightening
"Martin County, Texas",48317,0.033333333333333215,2636057.3333333335,Growing but Loosening
"Mason County, Texas",48319,0.10000000000000009,2909.6666666666665,Growing but Loosening
"Matagorda County, Texas",48321,-0.13333333333333344,-10970.0,Slowing but Tightening
"Maverick County, Texas",48323,0.4666666666666668,109739.33333333333,Growing but Loosening
"Medina County, Texas",48325,0.10000000000000009,37859.666666666664,Growing but Loosening
"Menard County, Texas",48327,0.1333333333333333,-491.3333333333333,Decelerating & Loosening
"Midland County, Texas",48329,-0.09999999999999994,3841304.3333333335,Accelerating & Tightening
"Milam County, Texas",48331,0.06666666666666672,40452.333333333336,Growing but Loosening
"Mills County, Texas",48333,-0.16666666666666666,26053.333333333332,Accelerating & Tightening
"Mitchell County, Texas",48335,-0.033333333333333215,41323.666666666664,Accelerating & Tightening
"Montague County, Texas",48337,0.09999999999999994,-5047.0,Decelerating & Loosening
"Montgomery County, Texas",48339,0.09999999999999994,1512503.0,Growing but Loosening
"Moore County, Texas",48341,0.03333333333333336,295499.6666666667,Growing but Loosening
"Morris County, Texas",48343,-0.09999999999999994,60309.0,Accelerating & Tightening
"Motley County, Texas",48345,0.10000000000000009,3583.3333333333335,Growing but Loosening
"Nacogdoches County, Texas",48347,0.09999999999999994,98400.33333333333,Growing but Loosening
"Navarro County, Texas",48349,0.13333333333333316,83655.66666666667,Growing but Loosening
"Newton County, Texas",48351,-0.06666666666666672,6094.0,Accelerating & Tightening
"Nolan County, Texas",48353,-0.16666666666666666,-4302.0,Slowing but Tightening
"Nueces County, Texas",48355,-0.16666666666666666,678942.0,Accelerating & Tightening
"Ochiltree County, Texas",48357,0.03333333333333336,5404.0,Growing but Loosening
"Oldham County, Texas",48359,0.0,5391.666666666667,Accelerating & Tightening
"Orange County, Texas",48361,-0.20000000000000018,212473.33333333334,Accelerating & Tightening
"Palo Pinto County, Texas",48363,0.03333333333333336,9799.0,Growing but Loosening
"Panola County, Texas",48365,0.06666666666666672,-162902.33333333334,Decelerating & Loosening
"Parker County, Texas",48367,0.09999999999999994,337401.3333333333,Growing but Loosening
"Parmer County, Texas",48369,0.09999999999999994,40376.333333333336,Growing but Loosening
"Pecos County, Texas",48371,-0.06666666666666672,32741.666666666668,Accelerating & Tightening
"Polk County, Texas",48373,-0.13333333333333316,52559.666666666664,Accelerating & Tightening
"Potter County, Texas",48375,0.0,10848.333333333334,Accelerating & Tightening
"Presidio County, Texas",48377,-0.16666666666666666,9860.333333333334,Accelerating & Tightening
"Rains County, Texas",48379,-0.06666666666666658,14435.0,Accelerating & Tightening
"Randall County, Texas",48381,0.0,142179.0,Accelerating & Tightening
"Reagan County, Texas",48383,0.16666666666666666,682619.3333333334,Growing but Loosening
"Real County, Texas",48385,-0.09999999999999994,-991.0,Slowing but Tightening
"Red River County, Texas",48387,-0.2333333333333334,12740.0,Accelerating & Tightening
"Reeves County, Texas",48389,-0.4000000000000001,1149056.3333333333,Accelerating & Tightening
"Refugio County, Texas",48391,-0.06666666666666643,42134.0,Accelerating & Tightening
"Roberts County, Texas",48393,0.13333333333333316,-5363.333333333333,Decelerating & Loosening
"Robertson County, Texas",48395,0.033333333333333215,96047.66666666667,Growing but Loosening
"Rockwall County, Texas",48397,0.16666666666666666,466402.0,Growing but Loosening
"Runnels County, Texas",48399,0.06666666666666672,9264.666666666666,Growing but Loosening
"Rusk County, Texas",48401,0.0,-76811.0,Slowing but Tightening
"Sabine County, Texas",48403,-0.2666666666666666,23013.333333333332,Accelerating & Tightening
"San Augustine County, Texas",48405,-0.03333333333333351,-86244.0,Slowing but Tightening
"San Jacinto County, Texas",48407,-0.033333333333333215,14136.0,Accelerating & Tightening
"San Patricio County, Texas",48409,-0.3000000000000001,-32902.0,Slowing but Tightening
"San Saba County, Texas",48411,0.03333333333333336,1560.6666666666667,Growing but Loosening
"Schleicher County, Texas",48413,0.13333333333333316,9274.666666666666,Growing but Loosening
"Scurry County, Texas",48415,-0.09999999999999994,125187.66666666667,Accelerating & Tightening
"Shackelford County, Texas",48417,0.033333333333333215,-224.66666666666666,Decelerating & Loosening
"Shelby County, Texas",48419,0.0,85792.33333333333,Accelerating & Tightening
"Sherman County, Texas",48421,0.16666666666666666,13572.666666666666,Growing but Loosening
"Smith County, Texas",48423,0.06666666666666672,452779.0,Growing but Loosening
"Somervell County, Texas",48425,0.0,34517.333333333336,Accelerating & Tightening
"Starr County, Texas",48427,-0.39999999999999974,-22937.666666666668,Slowing but Tightening
"Stephens County, Texas",48429,-0.033333333333333215,12901.333333333334,Accelerating & Tightening
"Sterling County, Texas",48431,0.0,2994.6666666666665,Accelerating & Tightening
"Stonewall County, Texas",48433,-0.06666666666666658,2152.0,Accelerating & Tightening
"Sutton County, Texas",48435,0.20000000000000018,-13550.666666666666,Decelerating & Loosening
"Swisher County, Texas",48437,0.06666666666666672,10594.333333333334,Growing but Loosening
"Tarrant County, Texas",48439,0.06666666666666658,5359299.666666667,Growing but Loosening
"Taylor County, Texas",48441,0.0,277442.3333333333,Accelerating & Tightening
"Terrell County, Texas",48443,-0.16666666666666666,-9904.333333333334,Slowing but Tightening
"Terry County, Texas",48445,0.033333333333333215,8325.0,Growing but Loosening
"Throckmorton County, Texas",48447,0.4333333333333333,25422.666666666668,Growing but Loosening
"Titus County, Texas",48449,0.03333333333333336,116621.66666666667,Growing but Loosening
"Tom Green County, Texas",48451,0.033333333333333215,152750.0,Growing but Loosening
"Travis County, Texas",48453,0.1333333333333333,8107570.333333333,Growing but Loosening
"Trinity County, Texas",48455,-0.06666666666666672,3153.0,Accelerating & Tightening
"Tyler County, Texas",48457,-0.19999999999999987,43809.0,Accelerating & Tightening
"Upshur County, Texas",48459,0.03333333333333351,15463.666666666666,Growing but Loosening
"Upton County, Texas",48461,-0.36666666666666664,1019719.6666666666,Accelerating & Tightening
"Uvalde County, Texas",48463,-0.03333333333333351,18810.666666666668,Accelerating & Tightening
"Val Verde County, Texas",48465,0.13333333333333344,30978.666666666668,Growing but Loosening
"Van Zandt County, Texas",48467,0.06666666666666658,72489.66666666667,Growing but Loosening
"Victoria County, Texas",48469,0.0,112869.33333333333,Accelerating & Tightening
"Walker County, Texas",48471,0.033333333333333215,91708.33333333333,Growing but Loosening
"Waller County, Texas",48473,0.36666666666666686,269429.6666666667,Growing but Loosening
"Ward County, Texas",48475,-0.3000000000000001,587682.0,Accelerating & Tightening
"Washington County, Texas",48477,0.0,110843.66666666667,Accelerating & Tightening
"Webb County, Texas",48479,0.13333333333333316,553236.3333333334,Growing but Loosening
"Wharton County, Texas",48481,0.0,80159.66666666667,Accelerating & Tightening
"Wheeler County, Texas",48483,0.0,-27429.666666666668,Slowing but Tightening
"Wichita County, Texas",48485,0.0,82119.66666666667,Accelerating & Tightening
"Wilbarger County, Texas",48487,-0.03333333333333336,29799.0,Accelerating & Tightening
"Willacy County, Texas",48489,-0.2333333333333334,-5176.666666666667,Slowing but Tightening
"Williamson County, Texas",48491,0.16666666666666666,2357128.3333333335,Growing but Loosening
"Wilson County, Texas",48493,0.06666666666666672,113091.66666666667,Growing but Loosening
"Winkler County, Texas",48495,-0.23333333333333325,175369.66666666666,Accelerating & Tightening
"Wise County, Texas",48497,0.10000000000000009,106319.66666666667,Growing but Loosening
"Wood County, Texas",48499,0.03333333333333351,63384.666666666664,Growing but Loosening
"Yoakum County, Texas",48501,-0.10000000000000009,245714.0,Accelerating & Tightening
"Young County, Texas",48503,0.03333333333333336,67779.0,Growing but Loosening
"Zapata County, Texas",48505,0.0,-20670.666666666668,Slowing but Tightening
"Zavala County, Texas",48507,0.13333333333333316,90037.66666666667,Growing but Loosening
"Beaver County, Utah",49001,0.06666666666666672,-19488.666666666668,Decelerating & Loosening
"Box Elder County, Utah",49003,0.3333333333333333,139085.0,Growing but Loosening
"Cache County, Utah",49005,0.3333333333333333,265685.3333333333,Growing but Loosening
"Carbon County, Utah",49007,0.3333333333333333,-51719.333333333336,Decelerating & Loosening
"Daggett County, Utah",49009,-0.03333333333333336,6285.333333333333,Accelerating & Tightening
"Davis County, Utah",49011,0.36666666666666653,440970.0,Growing but Loosening
"Duchesne County, Utah",49013,0.19999999999999987,164250.0,Growing but Loosening
"Emery County, Utah",49015,0.2666666666666666,-16956.666666666668,Decelerating & Loosening
"Garfield County, Utah",49017,0.2666666666666666,13303.0,Growing but Loosening
"Grand County, Utah",49019,0.3333333333333335,15914.333333333334,Growing but Loosening
"Iron County, Utah",49021,0.2333333333333334,110195.0,Growing but Loosening
"Juab County, Utah",49023,0.4333333333333333,21181.333333333332,Growing but Loosening
"Kane County, Utah",49025,0.3,852.6666666666666,Growing but Loosening
"Millard County, Utah",49027,0.3666666666666667,58301.333333333336,Growing but Loosening
"Morgan County, Utah",49029,0.3666666666666667,9498.333333333334,Growing but Loosening
"Piute County, Utah",49031,0.6,15145.666666666666,Growing but Loosening
"Rich County, Utah",49033,0.1333333333333333,14535.0,Growing but Loosening
"Salt Lake County, Utah",49035,0.4000000000000001,3239897.6666666665,Growing but Loosening
"San Juan County, Utah",49037,0.16666666666666666,48219.666666666664,Growing but Loosening
"Sanpete County, Utah",49039,0.3333333333333333,93795.66666666667,Growing but Loosening
"Sevier County, Utah",49041,0.3,9473.0,Growing but Loosening
"Summit County, Utah",49043,0.20000000000000004,169034.0,Growing but Loosening
"Tooele County, Utah",49045,0.4666666666666666,109814.66666666667,Growing but Loosening
"Uintah County, Utah",49047,0.13333333333333344,206600.66666666666,Growing but Loosening
"Utah County, Utah",49049,0.4666666666666666,1785567.6666666667,Growing but Loosening
"Wasatch County, Utah",49051,0.3,51920.333333333336,Growing but Loosening
"Washington County, Utah",49053,0.2666666666666666,319201.6666666667,Growing but Loosening
"Wayne County, Utah",49055,0.09999999999999994,3169.3333333333335,Growing but Loosening
"Weber County, Utah",49057,0.4000000000000001,477161.6666666667,Growing but Loosening
"Addison County, Vermont",50001,0.1333333333333333,69082.33333333333,Growing but Loosening
"Bennington County, Vermont",50003,0.10000000000000009,49198.0,Growing but Loosening
"Caledonia County, Vermont",50005,0.06666666666666658,34864.333333333336,Growing but Loosening
"Chittenden County, Vermont",50007,0.1333333333333334,381174.3333333333,Growing but Loosening
"Essex County, Vermont",50009,0.10000000000000009,-823.0,Decelerating & Loosening
"Franklin County, Vermont",50011,0.06666666666666672,27985.0,Growing but Loosening
"Grand Isle County, Vermont",50013,0.1333333333333333,-726.6666666666666,Decelerating & Loosening
"Lamoille County, Vermont",50015,0.06666666666666672,36721.0,Growing but Loosening
"Orange County, Vermont",50017,0.20000000000000004,28599.333333333332,Growing but Loosening
"Orleans County, Vermont",50019,0.1333333333333333,28930.0,Growing but Loosening
"Rutland County, Vermont",50021,0.03333333333333336,95183.66666666667,Growing but Loosening
"Washington County, Vermont",50023,0.10000000000000009,113998.33333333333,Growing but Loosening
"Windham County, Vermont",50025,0.1333333333333333,23843.666666666668,Growing but Loosening
"Windsor County, Vermont",50027,0.1333333333333333,52070.333333333336,Growing but Loosening
"Accomack County, Virginia",51001,0.2666666666666666,-95978.0,Decelerating & Loosening
"Amelia County, Virginia",51007,0.20000000000000004,-919.3333333333334,Decelerating & Loosening
"Amherst County, Virginia",51009,0.2333333333333334,7871.666666666667,Growing but Loosening
"Appomattox County, Virginia",51011,0.19999999999999987,10626.333333333334,Growing but Loosening
"Arlington County, Virginia",51013,0.3,782885.3333333334,Growing but Loosening
"Bath County, Virginia",51017,0.03333333333333336,14119.333333333334,Growing but Loosening
"Bedford County, Virginia",51019,0.19999999999999987,20491.666666666668,Growing but Loosening
"Bland County, Virginia",51021,0.3,4550.666666666667,Growing but Loosening
"Botetourt County, Virginia",51023,0.1333333333333333,33000.666666666664,Growing but Loosening
"Brunswick County, Virginia",51025,0.36666666666666686,36710.666666666664,Growing but Loosening
"Buchanan County, Virginia",51027,0.4333333333333333,-10248.666666666666,Decelerating & Loosening
"Buckingham County, Virginia",51029,0.1333333333333333,14484.0,Growing but Loosening
"Caroline County, Virginia",51033,0.06666666666666658,50343.0,Growing but Loosening
"Charles City County, Virginia",51036,0.20000000000000004,12519.333333333334,Growing but Loosening
"Charlotte County, Virginia",51037,0.3,3850.3333333333335,Growing but Loosening
"Chesterfield County, Virginia",51041,0.16666666666666666,583285.3333333334,Growing but Loosening
"Clarke County, Virginia",51043,0.2333333333333334,1655.3333333333333,Growing but Loosening
"Craig County, Virginia",51045,0.16666666666666666,-627.0,Decelerating & Loosening
"Culpeper County, Virginia",51047,0.20000000000000004,71105.33333333333,Growing but Loosening
"Cumberland County, Virginia",51049,0.06666666666666672,7258.0,Growing but Loosening
"Dickenson County, Virginia",51051,0.3,5906.0,Growing but Loosening
"Essex County, Virginia",51057,0.20000000000000004,23480.0,Growing but Loosening
"Fauquier County, Virginia",51061,0.19999999999999987,85687.0,Growing but Loosening
"Floyd County, Virginia",51063,0.2666666666666668,9859.333333333334,Growing but Loosening
"Fluvanna County, Virginia",51065,0.16666666666666666,45640.333333333336,Growing but Loosening
"Franklin County, Virginia",51067,0.2333333333333334,19658.0,Growing but Loosening
"Giles County, Virginia",51071,0.4333333333333333,25481.666666666668,Growing but Loosening
"Gloucester County, Virginia",51073,0.09999999999999994,37377.666666666664,Growing but Loosening
"Goochland County, Virginia",51075,0.16666666666666666,-77139.0,Decelerating & Loosening
"Grayson County, Virginia",51077,0.2666666666666668,13568.666666666666,Growing but Loosening
"Greene County, Virginia",51079,0.19999999999999987,19075.666666666668,Growing but Loosening
"Halifax County, Virginia",51083,0.3000000000000001,35165.0,Growing but Loosening
"Hanover County, Virginia",51085,0.2333333333333334,259901.0,Growing but Loosening
"Henrico County, Virginia",51087,0.19999999999999987,-462781.0,Decelerating & Loosening
"Highland County, Virginia",51091,-0.03333333333333336,5842.0,Accelerating & Tightening
"Isle of Wight County, Virginia",51093,0.19999999999999987,-8074.333333333333,Decelerating & Loosening
"King and Queen County, Virginia",51097,0.20000000000000004,419.0,Growing but Loosening
"King George County, Virginia",51099,0.2333333333333334,58967.666666666664,Growing but Loosening
"King William County, Virginia",51101,0.1333333333333333,32775.333333333336,Growing but Loosening
"Lancaster County, Virginia",51103,0.2333333333333334,12927.333333333334,Growing but Loosening
"Lee County, Virginia",51105,0.2333333333333334,14881.0,Growing but Loosening
"Loudoun County, Virginia",51107,0.3,1891930.6666666667,Growing but Loosening
"Louisa County, Virginia",51109,0.2333333333333334,30984.333333333332,Growing but Loosening
"Lunenburg County, Virginia",51111,0.19999999999999987,-4867.333333333333,Decelerating & Loosening
"Madison County, Virginia",51113,0.20000000000000004,12371.666666666666,Growing but Loosening
"Mathews County, Virginia",51115,0.20000000000000004,2144.6666666666665,Growing but Loosening
"Mecklenburg County, Virginia",51117,0.13333333333333344,43124.333333333336,Growing but Loosening
"Middlesex County, Virginia",51119,0.09999999999999994,8127.333333333333,Growing but Loosening
"Nelson County, Virginia",51125,0.16666666666666666,-1396.3333333333333,Decelerating & Loosening
"New Kent County, Virginia",51127,0.20000000000000004,53214.666666666664,Growing but Loosening
"Northampton County, Virginia",51131,0.2333333333333334,22885.0,Growing but Loosening
"Northumberland County, Virginia",51133,0.43333333333333357,3973.6666666666665,Growing but Loosening
"Nottoway County, Virginia",51135,0.1333333333333333,8550.666666666666,Growing but Loosening
"Orange County, Virginia",51137,0.23333333333333325,28941.0,Growing but Loosening
"Page County, Virginia",51139,0.2666666666666666,16782.0,Growing but Loosening
"Patrick County, Virginia",51141,0.20000000000000004,7107.333333333333,Growing but Loosening
"Powhatan County, Virginia",51145,0.13333333333333344,37117.333333333336,Growing but Loosening
"Prince Edward County, Virginia",51147,0.2666666666666669,11855.0,Growing but Loosening
"Pulaski County, Virginia",51155,0.7333333333333334,43221.0,Growing but Loosening
"Rappahannock County, Virginia",51157,0.20000000000000004,4793.0,Growing but Loosening
"Richmond County, Virginia",51159,0.2333333333333334,4745.666666666667,Growing but Loosening
"Russell County, Virginia",51167,0.2999999999999998,17784.0,Growing but Loosening
"Scott County, Virginia",51169,0.16666666666666666,15972.333333333334,Growing but Loosening
"Shenandoah County, Virginia",51171,0.2666666666666666,4902.333333333333,Growing but Loosening
"Smyth County, Virginia",51173,0.36666666666666653,14714.666666666666,Growing but Loosening
"Stafford County, Virginia",51179,0.23333333333333325,49798.0,Growing but Loosening
"Surry County, Virginia",51181,0.1333333333333333,18479.0,Growing but Loosening
"Sussex County, Virginia",51183,0.13333333333333344,-10198.333333333334,Decelerating & Loosening
"Tazewell County, Virginia",51185,0.3333333333333333,62147.666666666664,Growing but Loosening
"Warren County, Virginia",51187,0.19999999999999987,78287.0,Growing but Loosening
"Westmoreland County, Virginia",51193,0.3333333333333333,14717.0,Growing but Loosening
"Wythe County, Virginia",51197,0.4333333333333333,10060.333333333334,Growing but Loosening
"Alexandria City, Virginia",51510,0.3,-161924.66666666666,Decelerating & Loosening
"Chesapeake City, Virginia",51550,0.16666666666666666,274699.3333333333,Growing but Loosening
"Hampton City, Virginia",51650,0.2333333333333334,178944.66666666666,Growing but Loosening
"Newport News City, Virginia",51700,0.16666666666666666,349529.0,Growing but Loosening
"Norfolk City, Virginia",51710,0.20000000000000004,373797.3333333333,Growing but Loosening
"Portsmouth City, Virginia",51740,0.19999999999999987,-54136.666666666664,Decelerating & Loosening
"Richmond City, Virginia",51760,0.2333333333333334,1103123.6666666667,Growing but Loosening
"Roanoke City, Virginia",51770,0.20000000000000004,144156.33333333334,Growing but Loosening
"Suffolk City, Virginia",51800,0.2333333333333334,75471.0,Growing but Loosening
"Virginia Beach City, Virginia",51810,0.16666666666666666,899717.0,Growing but Loosening
"Adams County, Washington",53001,0.06666666666666672,80965.66666666667,Growing but Loosening
"Asotin County, Washington",53003,-0.03333333333333336,22302.666666666668,Accelerating & Tightening
"Benton County, Washington",53005,0.03333333333333351,300471.6666666667,Growing but Loosening
"Chelan County, Washington",53007,0.06666666666666672,239957.0,Growing but Loosening
"Clallam County, Washington",53009,0.06666666666666672,84040.33333333333,Growing but Loosening
"Clark County, Washington",53011,0.20000000000000004,521869.6666666667,Growing but Loosening
"Columbia County, Washington",53013,0.10000000000000009,9004.0,Growing but Loosening
"Cowlitz County, Washington",53015,0.16666666666666666,39258.666666666664,Growing but Loosening
"Douglas County, Washington",53017,0.13333333333333344,90140.66666666667,Growing but Loosening
"Ferry County, Washington",53019,0.0,8337.666666666666,Accelerating & Tightening
"Franklin County, Washington",53021,0.13333333333333344,71197.0,Growing but Loosening
"Garfield County, Washington",53023,-0.36666666666666653,390.0,Accelerating & Tightening
"Grant County, Washington",53025,0.2666666666666666,334649.6666666667,Growing but Loosening
"Grays Harbor County, Washington",53027,0.10000000000000024,103593.66666666667,Growing but Loosening
"Island County, Washington",53029,0.06666666666666643,23136.0,Growing but Loosening
"Jefferson County, Washington",53031,0.06666666666666643,56837.0,Growing but Loosening
"King County, Washington",53033,0.3333333333333333,18559226.666666668,Growing but Loosening
"Kitsap County, Washington",53035,0.06666666666666672,418908.0,Growing but Loosening
"Kittitas County, Washington",53037,0.03333333333333351,32174.0,Growing but Loosening
"Klickitat County, Washington",53039,0.06666666666666643,49774.666666666664,Growing but Loosening
"Lewis County, Washington",53041,0.09999999999999994,166942.66666666666,Growing but Loosening
"Lincoln County, Washington",53043,0.13333333333333316,4640.0,Growing but Loosening
"Mason County, Washington",53045,0.03333333333333351,70577.33333333333,Growing but Loosening
"Okanogan County, Washington",53047,-0.13333333333333316,118395.66666666667,Accelerating & Tightening
"Pacific County, Washington",53049,-0.06666666666666672,10203.666666666666,Accelerating & Tightening
"Pend Oreille County, Washington",53051,0.0,32118.666666666668,Accelerating & Tightening
"Pierce County, Washington",53053,0.2333333333333334,914010.0,Growing but Loosening
"San Juan County, Washington",53055,0.06666666666666658,24813.333333333332,Growing but Loosening
"Skagit County, Washington",53057,0.0,219974.0,Accelerating & Tightening
"Skamania County, Washington",53059,0.16666666666666666,11261.0,Growing but Loosening
"Snohomish County, Washington",53061,0.20000000000000018,1468019.0,Growing but Loosening
"Spokane County, Washington",53063,0.06666666666666672,821107.0,Growing but Loosening
"Stevens County, Washington",53065,0.03333333333333351,63092.0,Growing but Loosening
"Thurston County, Washington",53067,0.10000000000000024,705470.0,Growing but Loosening
"Wahkiakum County, Washington",53069,0.20000000000000018,2038.6666666666667,Growing but Loosening
"Walla Walla County, Washington",53071,0.033333333333333215,70611.33333333333,Growing but Loosening
"Whatcom County, Washington",53073,0.10000000000000024,279194.3333333333,Growing but Loosening
"Whitman County, Washington",53075,0.06666666666666658,-47055.666666666664,Decelerating & Loosening
"Yakima County, Washington",53077,0.10000000000000024,-194568.0,Decelerating & Loosening
"Barbour County, West Virginia",54001,0.16666666666666666,59232.333333333336,Growing but Loosening
"Berkeley County, West Virginia",54003,0.2666666666666668,172603.66666666666,Growing but Loosening
"Boone County, West Virginia",54005,0.2666666666666666,65147.666666666664,Growing but Loosening
"Braxton County, West Virginia",54007,-0.5,9932.0,Accelerating & Tightening
"Brooke County, West Virginia",54009,0.16666666666666666,-3277.6666666666665,Decelerating & Loosening
"Cabell County, West Virginia",54011,0.1333333333333333,147847.33333333334,Growing but Loosening
"Calhoun County, West Virginia",54013,-0.13333333333333344,-484.3333333333333,Slowing but Tightening
"Clay County, West Virginia",54015,0.3333333333333333,13869.666666666666,Growing but Loosening
"Doddridge County, West Virginia",54017,-0.06666666666666658,193.0,Accelerating & Tightening
"Fayette County, West Virginia",54019,0.09999999999999994,60318.0,Growing but Loosening
"Gilmer County, West Virginia",54021,0.0,2594.6666666666665,Accelerating & Tightening
"Grant County, West Virginia",54023,-0.03333333333333336,6918.666666666667,Accelerating & Tightening
"Greenbrier County, West Virginia",54025,0.1333333333333333,-1574.3333333333333,Decelerating & Loosening
"Hampshire County, West Virginia",54027,0.2333333333333334,-6403.333333333333,Decelerating & Loosening
"Hancock County, West Virginia",54029,0.2333333333333334,17180.333333333332,Growing but Loosening
"Hardy County, West Virginia",54031,0.1333333333333333,5943.666666666667,Growing but Loosening
"Harrison County, West Virginia",54033,-0.03333333333333336,136392.66666666666,Accelerating & Tightening
"Jackson County, West Virginia",54035,0.19999999999999987,20915.666666666668,Growing but Loosening
"Jefferson County, West Virginia",54037,0.20000000000000004,157480.0,Growing but Loosening
"Kanawha County, West Virginia",54039,0.09999999999999994,249072.33333333334,Growing but Loosening
"Lewis County, West Virginia",54041,0.0,11688.0,Accelerating & Tightening
"Lincoln County, West Virginia",54043,0.033333333333333215,5732.666666666667,Growing but Loosening
"Logan County, West Virginia",54045,0.2333333333333334,79627.33333333333,Growing but Loosening
"McDowell County, West Virginia",54047,0.9666666666666668,8254.333333333334,Growing but Loosening
"Marion County, West Virginia",54049,0.0,76205.33333333333,Accelerating & Tightening
"Marshall County, West Virginia",54051,-0.13333333333333344,27796.0,Accelerating & Tightening
"Mason County, West Virginia",54053,-0.09999999999999994,27445.333333333332,Accelerating & Tightening
"Mercer County, West Virginia",54055,0.13333333333333344,35792.333333333336,Growing but Loosening
"Mineral County, West Virginia",54057,0.19999999999999987,1255.6666666666667,Growing but Loosening
"Mingo County, West Virginia",54059,0.4333333333333333,88410.66666666667,Growing but Loosening
"Monongalia County, West Virginia",54061,-0.03333333333333336,118120.0,Accelerating & Tightening
"Monroe County, West Virginia",54063,0.3000000000000001,9165.666666666666,Growing but Loosening
"Morgan County, West Virginia",54065,0.20000000000000004,-11419.0,Decelerating & Loosening
"Nicholas County, West Virginia",54067,0.3333333333333333,15811.0,Growing but Loosening
"Ohio County, West Virginia",54069,-0.033333333333333215,93237.66666666667,Accelerating & Tightening
"Pendleton County, West Virginia",54071,0.1333333333333333,8147.666666666667,Growing but Loosening
"Pleasants County, West Virginia",54073,0.09999999999999994,-20017.666666666668,Decelerating & Loosening
"Pocahontas County, West Virginia",54075,0.13333333333333344,-527.6666666666666,Decelerating & Loosening
"Preston County, West Virginia",54077,-0.06666666666666672,-3688.0,Slowing but Tightening
"Putnam County, West Virginia",54079,0.06666666666666672,82287.66666666667,Growing but Loosening
"Raleigh County, West Virginia",54081,0.19999999999999987,123216.66666666667,Growing but Loosening
"Randolph County, West Virginia",54083,0.09999999999999994,1092.6666666666667,Growing but Loosening
"Ritchie County, West Virginia",54085,0.16666666666666666,1377.0,Growing but Loosening
"Roane County, West Virginia",54087,0.2666666666666666,686.0,Growing but Loosening
"Summers County, West Virginia",54089,0.2666666666666666,429.0,Growing but Loosening
"Taylor County, West Virginia",54091,0.0,14478.333333333334,Accelerating & Tightening
"Tucker County, West Virginia",54093,0.0,-2910.0,Slowing but Tightening
"Tyler County, West Virginia",54095,-0.20000000000000018,23821.0,Accelerating & Tightening
"Upshur County, West Virginia",54097,0.16666666666666666,35928.666666666664,Growing but Loosening
"Wayne County, West Virginia",54099,0.13333333333333344,23909.333333333332,Growing but Loosening
"Webster County, West Virginia",54101,0.5666666666666668,-1134.3333333333333,Decelerating & Loosening
"Wetzel County, West Virginia",54103,-0.19999999999999987,43541.333333333336,Accelerating & Tightening
"Wirt County, West Virginia",54105,0.0,-4547.333333333333,Slowing but Tightening
"Wood County, West Virginia",54107,0.09999999999999994,47648.0,Growing but Loosening
"Wyoming County, West Virginia",54109,0.3000000000000001,64396.333333333336,Growing but Loosening
"Adams County, Wisconsin",55001,0.06666666666666672,-962.3333333333334,Decelerating & Loosening
"Ashland County, Wisconsin",55003,0.0,6877.0,Accelerating & Tightening
"Barron County, Wisconsin",55005,0.16666666666666666,64918.666666666664,Growing but Loosening
"Bayfield County, Wisconsin",55007,-0.03333333333333351,6196.666666666667,Accelerating & Tightening
"Brown County, Wisconsin",55009,0.1333333333333333,453874.3333333333,Growing but Loosening
"Buffalo County, Wisconsin",55011,0.2333333333333334,6393.0,Growing but Loosening
"Burnett County, Wisconsin",55013,0.09999999999999994,15930.333333333334,Growing but Loosening
"Calumet County, Wisconsin",55015,0.09999999999999994,29311.0,Growing but Loosening
"Chippewa County, Wisconsin",55017,0.16666666666666666,51600.333333333336,Growing but Loosening
"Clark County, Wisconsin",55019,0.1333333333333333,40083.333333333336,Growing but Loosening
"Columbia County, Wisconsin",55021,0.1333333333333333,106865.33333333333,Growing but Loosening
"Crawford County, Wisconsin",55023,0.13333333333333316,-14072.0,Decelerating & Loosening
"Dane County, Wisconsin",55025,0.16666666666666666,1581032.6666666667,Growing but Loosening
"Dodge County, Wisconsin",55027,0.06666666666666672,9600.666666666666,Growing but Loosening
"Door County, Wisconsin",55029,0.06666666666666658,38673.333333333336,Growing but Loosening
"Douglas County, Wisconsin",55031,0.16666666666666666,6681.0,Growing but Loosening
"Dunn County, Wisconsin",55033,0.16666666666666666,9842.0,Growing but Loosening
"Eau Claire County, Wisconsin",55035,0.1333333333333333,125736.66666666667,Growing but Loosening
"Florence County, Wisconsin",55037,-0.03333333333333336,731.6666666666666,Accelerating & Tightening
"Fond du Lac County, Wisconsin",55039,0.16666666666666666,-21105.333333333332,Decelerating & Loosening
"Forest County, Wisconsin",55041,0.033333333333333215,11476.333333333334,Growing but Loosening
"Grant County, Wisconsin",55043,0.20000000000000004,41527.0,Growing but Loosening
"Green County, Wisconsin",55045,0.06666666666666672,55654.666666666664,Growing but Loosening
"Green Lake County, Wisconsin",55047,0.03333333333333336,14921.333333333334,Growing but Loosening
"Iowa County, Wisconsin",55049,0.06666666666666658,30243.0,Growing but Loosening
"Iron County, Wisconsin",55051,0.2666666666666666,3205.0,Growing but Loosening
"Jackson County, Wisconsin",55053,0.033333333333333215,64861.333333333336,Growing but Loosening
"Jefferson County, Wisconsin",55055,0.1333333333333333,48153.333333333336,Growing but Loosening
"Juneau County, Wisconsin",55057,0.10000000000000009,-5021.333333333333,Decelerating & Loosening
"Kenosha County, Wisconsin",55059,0.09999999999999994,105976.33333333333,Growing but Loosening
"Kewaunee County, Wisconsin",55061,0.1333333333333333,17800.0,Growing but Loosening
"La Crosse County, Wisconsin",55063,0.09999999999999994,34199.333333333336,Growing but Loosening
"Lafayette County, Wisconsin",55065,0.03333333333333336,31848.0,Growing but Loosening
"Langlade County, Wisconsin",55067,0.09999999999999994,15839.666666666666,Growing but Loosening
"Lincoln County, Wisconsin",55069,0.16666666666666666,9701.0,Growing but Loosening
"Manitowoc County, Wisconsin",55071,0.09999999999999994,61741.333333333336,Growing but Loosening
"Marathon County, Wisconsin",55073,0.1333333333333333,113690.66666666667,Growing but Loosening
"Marinette County, Wisconsin",55075,0.16666666666666652,-1525.6666666666667,Decelerating & Loosening
"Marquette County, Wisconsin",55077,0.09999999999999994,8720.666666666666,Growing but Loosening
"Menominee County, Wisconsin",55078,-0.13333333333333344,1459.0,Accelerating & Tightening
"Milwaukee County, Wisconsin",55079,0.16666666666666666,1173984.0,Growing but Loosening
"Monroe County, Wisconsin",55081,0.09999999999999994,-2418.3333333333335,Decelerating & Loosening
"Oconto County, Wisconsin",55083,0.09999999999999994,-2478.6666666666665,Decelerating & Loosening
"Oneida County, Wisconsin",55085,0.03333333333333336,47622.333333333336,Growing but Loosening
"Outagamie County, Wisconsin",55087,0.16666666666666666,192495.33333333334,Growing but Loosening
"Ozaukee County, Wisconsin",55089,0.1333333333333333,123877.66666666667,Growing but Loosening
"Pepin County, Wisconsin",55091,0.06666666666666672,-603.6666666666666,Decelerating & Loosening
"Pierce County, Wisconsin",55093,0.16666666666666666,2036.6666666666667,Growing but Loosening
"Polk County, Wisconsin",55095,0.2666666666666666,24771.333333333332,Growing but Loosening
"Portage County, Wisconsin",55097,0.10000000000000009,137987.66666666666,Growing but Loosening
"Price County, Wisconsin",55099,0.36666666666666653,-1155.3333333333333,Decelerating & Loosening
"Racine County, Wisconsin",55101,0.1333333333333333,205548.0,Growing but Loosening
"Richland County, Wisconsin",55103,0.06666666666666672,28854.666666666668,Growing but Loosening
"Rock County, Wisconsin",55105,0.03333333333333336,247998.33333333334,Growing but Loosening
"Rusk County, Wisconsin",55107,0.3666666666666667,9216.666666666666,Growing but Loosening
"St. Croix County, Wisconsin",55109,0.2666666666666668,91526.0,Growing but Loosening
"Sauk County, Wisconsin",55111,0.06666666666666658,45155.333333333336,Growing but Loosening
"Sawyer County, Wisconsin",55113,0.0,18550.0,Accelerating & Tightening
"Shawano County, Wisconsin",55115,0.06666666666666672,15030.333333333334,Growing but Loosening
"Sheboygan County, Wisconsin",55117,0.1333333333333333,125310.66666666667,Growing but Loosening
"Taylor County, Wisconsin",55119,0.1333333333333333,5535.333333333333,Growing but Loosening
"Trempealeau County, Wisconsin",55121,0.1333333333333333,21249.666666666668,Growing but Loosening
"Vernon County, Wisconsin",55123,0.10000000000000009,14501.666666666666,Growing but Loosening
"Vilas County, Wisconsin",55125,0.03333333333333336,51901.0,Growing but Loosening
"Walworth County, Wisconsin",55127,0.03333333333333336,99496.66666666667,Growing but Loosening
"Washburn County, Wisconsin",55129,0.1333333333333333,9111.0,Growing but Loosening
"Washington County, Wisconsin",55131,0.1333333333333333,122756.33333333333,Growing but Loosening
"Waukesha County, Wisconsin",55133,0.16666666666666666,428952.6666666667,Growing but Loosening
"Waupaca County, Wisconsin",55135,0.10000000000000009,32221.666666666668,Growing but Loosening
"Waushara County, Wisconsin",55137,0.1333333333333333,13326.666666666666,Growing but Loosening
"Winnebago County, Wisconsin",55139,0.1333333333333333,46641.666666666664,Growing but Loosening
"Wood County, Wisconsin",55141,0.16666666666666666,26407.666666666668,Growing but Loosening
"Albany County, Wyoming",56001,-0.03333333333333336,95984.33333333333,Accelerating & Tightening
"Big Horn County, Wyoming",56003,0.03333333333333351,29347.333333333332,Growing but Loosening
"Campbell County, Wyoming",56005,0.033333333333333215,-15752.666666666666,Decelerating & Loosening
"Carbon County, Wyoming",56007,-0.06666666666666658,34299.0,Accelerating & Tightening
"Converse County, Wyoming",56009,-0.09999999999999994,139878.33333333334,Accelerating & Tightening
"Crook County, Wyoming",56011,0.03333333333333336,8476.333333333334,Growing but Loosening
"Fremont County, Wyoming",56013,0.0,44054.666666666664,Accelerating & Tightening
"Goshen County, Wyoming",56015,0.1333333333333333,-4274.0,Decelerating & Loosening
"Hot Springs County, Wyoming",56017,0.20000000000000004,-8667.666666666666,Decelerating & Loosening
"Johnson County, Wyoming",56019,-0.13333333333333344,15315.0,Accelerating & Tightening
"Laramie County, Wyoming",56021,-0.03333333333333336,212761.33333333334,Accelerating & Tightening
"Lincoln County, Wyoming",56023,-0.03333333333333336,43992.666666666664,Accelerating & Tightening
"Natrona County, Wyoming",56025,-0.10000000000000009,148947.0,Accelerating & Tightening
"Niobrara County, Wyoming",56027,0.19999999999999987,3814.3333333333335,Growing but Loosening
"Park County, Wyoming",56029,-0.033333333333333215,95431.66666666667,Accelerating & Tightening
"Platte County, Wyoming",56031,0.033333333333333215,-6892.666666666667,Decelerating & Loosening
"Sheridan County, Wyoming",56033,-0.03333333333333336,112569.0,Accelerating & Tightening
"Sublette County, Wyoming",56035,0.06666666666666658,-61703.333333333336,Decelerating & Loosening
"Sweetwater County, Wyoming",56037,0.0,-88339.66666666667,Slowing but Tightening
"Teton County, Wyoming",56039,-0.10000000000000009,61539.666666666664,Accelerating & Tightening
"Uinta County, Wyoming",56041,0.1333333333333333,17506.333333333332,Growing but Loosening
"Washakie County, Wyoming",56043,-0.06666666666666672,-101.66666666666667,Slowing but Tightening
"Weston County, Wyoming",56045,0.09999999999999994,13796.666666666666,Growing but Loosening
