pillar,column,label,representation,tier,n,r2_baseline,lift
B,lq_emp_11,"Agriculture, Forestry, Fishing & Hunting LQ",lead_only,thin,576,0.2750870429916681,0.001396142171887993
B,lq_emp_11,"Agriculture, Forestry, Fishing & Hunting LQ",lead_only,mid,366,0.38831843648550823,-0.0019352647959581804
B,lq_emp_11,"Agriculture, Forestry, Fishing & Hunting LQ",lead_only,rich,403,0.2585848801190259,0.0021855035471205486
B,lq_emp_11,"Agriculture, Forestry, Fishing & Hunting LQ",lead_only_pca64,thin,576,0.2750870429916681,0.0016758790005688695
B,lq_emp_11,"Agriculture, Forestry, Fishing & Hunting LQ",lead_only_pca64,mid,366,0.38831843648550823,-0.001573440556862149
B,lq_emp_11,"Agriculture, Forestry, Fishing & Hunting LQ",lead_only_pca64,rich,403,0.2585848801190259,0.0022382311948887512
B,lq_emp_11,"Agriculture, Forestry, Fishing & Hunting LQ",lead_only_l2,thin,576,0.2750870429916681,0.001465838387648244
B,lq_emp_11,"Agriculture, Forestry, Fishing & Hunting LQ",lead_only_l2,mid,366,0.38831843648550823,-0.0017986503387488195
B,lq_emp_11,"Agriculture, Forestry, Fishing & Hunting LQ",lead_only_l2,rich,403,0.2585848801190259,0.004447149775462456
B,lq_emp_11,"Agriculture, Forestry, Fishing & Hunting LQ",lead_only_ccr,thin,576,0.2750870429916681,0.001389182927927779
B,lq_emp_11,"Agriculture, Forestry, Fishing & Hunting LQ",lead_only_ccr,mid,366,0.38831843648550823,-0.0019235784177755733
B,lq_emp_11,"Agriculture, Forestry, Fishing & Hunting LQ",lead_only_ccr,rich,403,0.2585848801190259,0.0030030665007000357
B,lq_emp_11,"Agriculture, Forestry, Fishing & Hunting LQ",uniform,thin,576,0.2750870429916681,0.00019055019291891462
B,lq_emp_11,"Agriculture, Forestry, Fishing & Hunting LQ",uniform,mid,366,0.38831843648550823,-0.0007331507607041265
B,lq_emp_11,"Agriculture, Forestry, Fishing & Hunting LQ",uniform,rich,403,0.2585848801190259,0.015687870006761973
B,lq_emp_11,"Agriculture, Forestry, Fishing & Hunting LQ",uniform_pca64,thin,576,0.2750870429916681,-0.0029883663686436357
B,lq_emp_11,"Agriculture, Forestry, Fishing & Hunting LQ",uniform_pca64,mid,366,0.38831843648550823,-0.003093148289077252
B,lq_emp_11,"Agriculture, Forestry, Fishing & Hunting LQ",uniform_pca64,rich,403,0.2585848801190259,0.014444208753802035
B,lq_emp_11,"Agriculture, Forestry, Fishing & Hunting LQ",uniform_l2,thin,576,0.2750870429916681,0.00037876525185942533
B,lq_emp_11,"Agriculture, Forestry, Fishing & Hunting LQ",uniform_l2,mid,366,0.38831843648550823,-0.0005735340092923868
B,lq_emp_11,"Agriculture, Forestry, Fishing & Hunting LQ",uniform_l2,rich,403,0.2585848801190259,0.01880710765279836
B,lq_emp_11,"Agriculture, Forestry, Fishing & Hunting LQ",uniform_ccr,thin,576,0.2750870429916681,0.0011045714888843206
B,lq_emp_11,"Agriculture, Forestry, Fishing & Hunting LQ",uniform_ccr,mid,366,0.38831843648550823,-0.0011069651225519284
B,lq_emp_11,"Agriculture, Forestry, Fishing & Hunting LQ",uniform_ccr,rich,403,0.2585848801190259,0.024381272232579798
B,lq_emp_11,"Agriculture, Forestry, Fishing & Hunting LQ",tier_conditional,thin,576,0.2750870429916681,0.0002015009105695853
B,lq_emp_11,"Agriculture, Forestry, Fishing & Hunting LQ",tier_conditional,mid,366,0.38831843648550823,9.219185684883335e-05
B,lq_emp_11,"Agriculture, Forestry, Fishing & Hunting LQ",tier_conditional,rich,403,0.2585848801190259,0.001198732439190553
B,lq_emp_11,"Agriculture, Forestry, Fishing & Hunting LQ",tier_conditional_pca64,thin,576,0.2750870429916681,0.0004744718360557565
B,lq_emp_11,"Agriculture, Forestry, Fishing & Hunting LQ",tier_conditional_pca64,mid,366,0.38831843648550823,0.0002791963401080899
B,lq_emp_11,"Agriculture, Forestry, Fishing & Hunting LQ",tier_conditional_pca64,rich,403,0.2585848801190259,0.001439251969930333
B,lq_emp_11,"Agriculture, Forestry, Fishing & Hunting LQ",tier_conditional_l2,thin,576,0.2750870429916681,0.0001669092465614863
B,lq_emp_11,"Agriculture, Forestry, Fishing & Hunting LQ",tier_conditional_l2,mid,366,0.38831843648550823,-0.00010562343921127759
B,lq_emp_11,"Agriculture, Forestry, Fishing & Hunting LQ",tier_conditional_l2,rich,403,0.2585848801190259,0.001479908927265794
B,lq_emp_11,"Agriculture, Forestry, Fishing & Hunting LQ",tier_conditional_ccr,thin,576,0.2750870429916681,0.00011504480433721653
B,lq_emp_11,"Agriculture, Forestry, Fishing & Hunting LQ",tier_conditional_ccr,mid,366,0.38831843648550823,-0.00025244517983991077
B,lq_emp_11,"Agriculture, Forestry, Fishing & Hunting LQ",tier_conditional_ccr,rich,403,0.2585848801190259,0.0013667791184200917
B,lq_emp_11,"Agriculture, Forestry, Fishing & Hunting LQ",tier_conditional_inverse,thin,576,0.2750870429916681,-0.0009387855191983485
B,lq_emp_11,"Agriculture, Forestry, Fishing & Hunting LQ",tier_conditional_inverse,mid,366,0.38831843648550823,-0.0035227516489444444
B,lq_emp_11,"Agriculture, Forestry, Fishing & Hunting LQ",tier_conditional_inverse,rich,403,0.2585848801190259,-0.0010560135883731503
B,lq_emp_11,"Agriculture, Forestry, Fishing & Hunting LQ",tier_conditional_inverse_pca64,thin,576,0.2750870429916681,0.00010736196360927597
B,lq_emp_11,"Agriculture, Forestry, Fishing & Hunting LQ",tier_conditional_inverse_pca64,mid,366,0.38831843648550823,-0.0003435256539073839
B,lq_emp_11,"Agriculture, Forestry, Fishing & Hunting LQ",tier_conditional_inverse_pca64,rich,403,0.2585848801190259,0.0002584100827303093
B,lq_emp_11,"Agriculture, Forestry, Fishing & Hunting LQ",tier_conditional_inverse_l2,thin,576,0.2750870429916681,0.00019660082004391288
B,lq_emp_11,"Agriculture, Forestry, Fishing & Hunting LQ",tier_conditional_inverse_l2,mid,366,0.38831843648550823,-0.002656286535732244
B,lq_emp_11,"Agriculture, Forestry, Fishing & Hunting LQ",tier_conditional_inverse_l2,rich,403,0.2585848801190259,0.0017307256510030733
B,lq_emp_11,"Agriculture, Forestry, Fishing & Hunting LQ",tier_conditional_inverse_ccr,thin,576,0.2750870429916681,0.000477335891081232
B,lq_emp_11,"Agriculture, Forestry, Fishing & Hunting LQ",tier_conditional_inverse_ccr,mid,366,0.38831843648550823,-0.0029767130465921943
B,lq_emp_11,"Agriculture, Forestry, Fishing & Hunting LQ",tier_conditional_inverse_ccr,rich,403,0.2585848801190259,0.0014181960495687207
B,lq_emp_11,"Agriculture, Forestry, Fishing & Hunting LQ",prose_only,thin,576,0.2750870429916681,0.0008485210254886022
B,lq_emp_11,"Agriculture, Forestry, Fishing & Hunting LQ",prose_only,mid,366,0.38831843648550823,-0.0027362796531467115
B,lq_emp_11,"Agriculture, Forestry, Fishing & Hunting LQ",prose_only,rich,403,0.2585848801190259,0.005096877547494438
B,lq_emp_11,"Agriculture, Forestry, Fishing & Hunting LQ",prose_only_pca64,thin,576,0.2750870429916681,-0.0018988349428580298
B,lq_emp_11,"Agriculture, Forestry, Fishing & Hunting LQ",prose_only_pca64,mid,366,0.38831843648550823,-0.0016500027158296016
B,lq_emp_11,"Agriculture, Forestry, Fishing & Hunting LQ",prose_only_pca64,rich,403,0.2585848801190259,0.0033911844613714326
B,lq_emp_11,"Agriculture, Forestry, Fishing & Hunting LQ",prose_only_l2,thin,576,0.2750870429916681,-0.0012443218663691358
B,lq_emp_11,"Agriculture, Forestry, Fishing & Hunting LQ",prose_only_l2,mid,366,0.38831843648550823,0.0005021248767018704
B,lq_emp_11,"Agriculture, Forestry, Fishing & Hunting LQ",prose_only_l2,rich,403,0.2585848801190259,0.015784886611041715
B,lq_emp_11,"Agriculture, Forestry, Fishing & Hunting LQ",prose_only_ccr,thin,576,0.2750870429916681,-0.0015056327146534265
B,lq_emp_11,"Agriculture, Forestry, Fishing & Hunting LQ",prose_only_ccr,mid,366,0.38831843648550823,0.0004773857352425859
B,lq_emp_11,"Agriculture, Forestry, Fishing & Hunting LQ",prose_only_ccr,rich,403,0.2585848801190259,0.01732877803294386
B,lq_emp_11,"Agriculture, Forestry, Fishing & Hunting LQ",prose_plus_history,thin,576,0.2750870429916681,0.0019085571300205828
B,lq_emp_11,"Agriculture, Forestry, Fishing & Hunting LQ",prose_plus_history,mid,366,0.38831843648550823,0.00015944256782329802
B,lq_emp_11,"Agriculture, Forestry, Fishing & Hunting LQ",prose_plus_history,rich,403,0.2585848801190259,0.01899737887774322
B,lq_emp_11,"Agriculture, Forestry, Fishing & Hunting LQ",prose_plus_history_pca64,thin,576,0.2750870429916681,0.00013519138475426296
B,lq_emp_11,"Agriculture, Forestry, Fishing & Hunting LQ",prose_plus_history_pca64,mid,366,0.38831843648550823,-0.0024606298285498873
B,lq_emp_11,"Agriculture, Forestry, Fishing & Hunting LQ",prose_plus_history_pca64,rich,403,0.2585848801190259,0.011129347101992426
B,lq_emp_11,"Agriculture, Forestry, Fishing & Hunting LQ",prose_plus_history_l2,thin,576,0.2750870429916681,0.0008300816566398916
B,lq_emp_11,"Agriculture, Forestry, Fishing & Hunting LQ",prose_plus_history_l2,mid,366,0.38831843648550823,0.0006601767423352056
B,lq_emp_11,"Agriculture, Forestry, Fishing & Hunting LQ",prose_plus_history_l2,rich,403,0.2585848801190259,0.022047902559860777
B,lq_emp_11,"Agriculture, Forestry, Fishing & Hunting LQ",prose_plus_history_ccr,thin,576,0.2750870429916681,4.304814784195088e-05
B,lq_emp_11,"Agriculture, Forestry, Fishing & Hunting LQ",prose_plus_history_ccr,mid,366,0.38831843648550823,8.171841406834357e-05
B,lq_emp_11,"Agriculture, Forestry, Fishing & Hunting LQ",prose_plus_history_ccr,rich,403,0.2585848801190259,0.024649764499232507
B,lq_emp_11,"Agriculture, Forestry, Fishing & Hunting LQ",economy_all_tiers,thin,576,0.2750870429916681,0.0016363558504917108
B,lq_emp_11,"Agriculture, Forestry, Fishing & Hunting LQ",economy_all_tiers,mid,366,0.38831843648550823,-0.0019514943253601258
B,lq_emp_11,"Agriculture, Forestry, Fishing & Hunting LQ",economy_all_tiers,rich,403,0.2585848801190259,0.004555696654572006
B,lq_emp_11,"Agriculture, Forestry, Fishing & Hunting LQ",economy_all_tiers_pca64,thin,576,0.2750870429916681,0.002071716571883986
B,lq_emp_11,"Agriculture, Forestry, Fishing & Hunting LQ",economy_all_tiers_pca64,mid,366,0.38831843648550823,-0.0016133697713335282
B,lq_emp_11,"Agriculture, Forestry, Fishing & Hunting LQ",economy_all_tiers_pca64,rich,403,0.2585848801190259,0.004289854202222831
B,lq_emp_11,"Agriculture, Forestry, Fishing & Hunting LQ",economy_all_tiers_l2,thin,576,0.2750870429916681,0.0018843064632420026
B,lq_emp_11,"Agriculture, Forestry, Fishing & Hunting LQ",economy_all_tiers_l2,mid,366,0.38831843648550823,-0.0017142971000254636
B,lq_emp_11,"Agriculture, Forestry, Fishing & Hunting LQ",economy_all_tiers_l2,rich,403,0.2585848801190259,0.007211523818298926
B,lq_emp_11,"Agriculture, Forestry, Fishing & Hunting LQ",economy_all_tiers_ccr,thin,576,0.2750870429916681,0.00175828006816392
B,lq_emp_11,"Agriculture, Forestry, Fishing & Hunting LQ",economy_all_tiers_ccr,mid,366,0.38831843648550823,-0.0019267429165146233
B,lq_emp_11,"Agriculture, Forestry, Fishing & Hunting LQ",economy_all_tiers_ccr,rich,403,0.2585848801190259,0.005672939272476696
B,lq_emp_11,"Agriculture, Forestry, Fishing & Hunting LQ",prose_by_tier,thin,576,0.2750870429916681,0.004944798514500137
B,lq_emp_11,"Agriculture, Forestry, Fishing & Hunting LQ",prose_by_tier,mid,366,0.38831843648550823,-0.0017841461047974905
B,lq_emp_11,"Agriculture, Forestry, Fishing & Hunting LQ",prose_by_tier,rich,403,0.2585848801190259,0.010265887468353996
B,lq_emp_11,"Agriculture, Forestry, Fishing & Hunting LQ",prose_by_tier_pca64,thin,576,0.2750870429916681,0.001403506630759166
B,lq_emp_11,"Agriculture, Forestry, Fishing & Hunting LQ",prose_by_tier_pca64,mid,366,0.38831843648550823,0.001032678799084752
B,lq_emp_11,"Agriculture, Forestry, Fishing & Hunting LQ",prose_by_tier_pca64,rich,403,0.2585848801190259,0.0059105259603698945
B,lq_emp_11,"Agriculture, Forestry, Fishing & Hunting LQ",prose_by_tier_l2,thin,576,0.2750870429916681,0.006087440067792271
B,lq_emp_11,"Agriculture, Forestry, Fishing & Hunting LQ",prose_by_tier_l2,mid,366,0.38831843648550823,-0.002246227899869613
B,lq_emp_11,"Agriculture, Forestry, Fishing & Hunting LQ",prose_by_tier_l2,rich,403,0.2585848801190259,0.01716449891744143
B,lq_emp_11,"Agriculture, Forestry, Fishing & Hunting LQ",prose_by_tier_ccr,thin,576,0.2750870429916681,0.005265864511140972
B,lq_emp_11,"Agriculture, Forestry, Fishing & Hunting LQ",prose_by_tier_ccr,mid,366,0.38831843648550823,-0.0024695372076739552
B,lq_emp_11,"Agriculture, Forestry, Fishing & Hunting LQ",prose_by_tier_ccr,rich,403,0.2585848801190259,0.018351629175409223
B,lq_emp_11,"Agriculture, Forestry, Fishing & Hunting LQ",drop_stub,thin,576,0.2750870429916681,-0.002280600769374308
B,lq_emp_11,"Agriculture, Forestry, Fishing & Hunting LQ",drop_stub,mid,366,0.38831843648550823,-0.001783251007906772
B,lq_emp_11,"Agriculture, Forestry, Fishing & Hunting LQ",drop_stub,rich,403,0.2585848801190259,0.008955007510167534
B,lq_emp_11,"Agriculture, Forestry, Fishing & Hunting LQ",drop_stub_l2,thin,576,0.2750870429916681,-0.0013321784930936387
B,lq_emp_11,"Agriculture, Forestry, Fishing & Hunting LQ",drop_stub_l2,mid,366,0.38831843648550823,-0.0003142175585362228
B,lq_emp_11,"Agriculture, Forestry, Fishing & Hunting LQ",drop_stub_l2,rich,403,0.2585848801190259,0.01655964562402401
B,lq_emp_11,"Agriculture, Forestry, Fishing & Hunting LQ",drop_thin,thin,576,0.2750870429916681,0.005732325091219237
B,lq_emp_11,"Agriculture, Forestry, Fishing & Hunting LQ",drop_thin,mid,366,0.38831843648550823,-0.0011523569785892862
B,lq_emp_11,"Agriculture, Forestry, Fishing & Hunting LQ",drop_thin,rich,403,0.2585848801190259,0.013775025331747126
B,lq_emp_11,"Agriculture, Forestry, Fishing & Hunting LQ",drop_thin_l2,thin,576,0.2750870429916681,0.008026359293372809
B,lq_emp_11,"Agriculture, Forestry, Fishing & Hunting LQ",drop_thin_l2,mid,366,0.38831843648550823,-0.0018654222601055537
B,lq_emp_11,"Agriculture, Forestry, Fishing & Hunting LQ",drop_thin_l2,rich,403,0.2585848801190259,0.020132947633259346
B,lq_emp_11,"Agriculture, Forestry, Fishing & Hunting LQ",drop_mid,thin,576,0.2750870429916681,-5.293075431667127e-05
B,lq_emp_11,"Agriculture, Forestry, Fishing & Hunting LQ",drop_mid,mid,366,0.38831843648550823,7.903874393144772e-05
B,lq_emp_11,"Agriculture, Forestry, Fishing & Hunting LQ",drop_mid,rich,403,0.2585848801190259,0.00017829110888512023
B,lq_emp_11,"Agriculture, Forestry, Fishing & Hunting LQ",drop_mid_l2,thin,576,0.2750870429916681,-0.000348750214280269
B,lq_emp_11,"Agriculture, Forestry, Fishing & Hunting LQ",drop_mid_l2,mid,366,0.38831843648550823,-0.0010425193335121818
B,lq_emp_11,"Agriculture, Forestry, Fishing & Hunting LQ",drop_mid_l2,rich,403,0.2585848801190259,-8.503412537164134e-05
B,lq_emp_11,"Agriculture, Forestry, Fishing & Hunting LQ",drop_rich,thin,576,0.2750870429916681,0.004368580807798117
B,lq_emp_11,"Agriculture, Forestry, Fishing & Hunting LQ",drop_rich,mid,366,0.38831843648550823,0.0015653273670315215
B,lq_emp_11,"Agriculture, Forestry, Fishing & Hunting LQ",drop_rich,rich,403,0.2585848801190259,0.02361955610593669
B,lq_emp_11,"Agriculture, Forestry, Fishing & Hunting LQ",drop_rich_l2,thin,576,0.2750870429916681,0.0018319127601058582
B,lq_emp_11,"Agriculture, Forestry, Fishing & Hunting LQ",drop_rich_l2,mid,366,0.38831843648550823,0.001308522596827455
B,lq_emp_11,"Agriculture, Forestry, Fishing & Hunting LQ",drop_rich_l2,rich,403,0.2585848801190259,0.017661943413905923
B,lq_emp_11,"Agriculture, Forestry, Fishing & Hunting LQ",typed_sections,thin,576,0.2750870429916681,0.0016884714774669796
B,lq_emp_11,"Agriculture, Forestry, Fishing & Hunting LQ",typed_sections,mid,366,0.38831843648550823,-0.002466798714806817
B,lq_emp_11,"Agriculture, Forestry, Fishing & Hunting LQ",typed_sections,rich,403,0.2585848801190259,0.004063409833971465
B,lq_emp_21,"Mining, Quarrying, Oil & Gas LQ",lead_only,thin,384,0.44222403687214984,0.00011302828284776023
B,lq_emp_21,"Mining, Quarrying, Oil & Gas LQ",lead_only,mid,265,0.3442024649251172,-0.00026916981868874146
B,lq_emp_21,"Mining, Quarrying, Oil & Gas LQ",lead_only,rich,332,0.26651077653114286,-0.0006719058686994739
B,lq_emp_21,"Mining, Quarrying, Oil & Gas LQ",lead_only_pca64,thin,384,0.44222403687214984,-6.610755542313385e-06
B,lq_emp_21,"Mining, Quarrying, Oil & Gas LQ",lead_only_pca64,mid,265,0.3442024649251172,-0.00011675489223528235
B,lq_emp_21,"Mining, Quarrying, Oil & Gas LQ",lead_only_pca64,rich,332,0.26651077653114286,-0.0004082247210707157
B,lq_emp_21,"Mining, Quarrying, Oil & Gas LQ",lead_only_l2,thin,384,0.44222403687214984,0.00011248761071069868
B,lq_emp_21,"Mining, Quarrying, Oil & Gas LQ",lead_only_l2,mid,265,0.3442024649251172,-0.00021999277250484006
B,lq_emp_21,"Mining, Quarrying, Oil & Gas LQ",lead_only_l2,rich,332,0.26651077653114286,-0.0006563583052531241
B,lq_emp_21,"Mining, Quarrying, Oil & Gas LQ",lead_only_ccr,thin,384,0.44222403687214984,0.00012448703762490965
B,lq_emp_21,"Mining, Quarrying, Oil & Gas LQ",lead_only_ccr,mid,265,0.3442024649251172,-0.00016264197121995672
B,lq_emp_21,"Mining, Quarrying, Oil & Gas LQ",lead_only_ccr,rich,332,0.26651077653114286,-0.0006589864032936488
B,lq_emp_21,"Mining, Quarrying, Oil & Gas LQ",uniform,thin,384,0.44222403687214984,0.004053358317598121
B,lq_emp_21,"Mining, Quarrying, Oil & Gas LQ",uniform,mid,265,0.3442024649251172,-0.013014440769691271
B,lq_emp_21,"Mining, Quarrying, Oil & Gas LQ",uniform,rich,332,0.26651077653114286,0.007694634845277992
B,lq_emp_21,"Mining, Quarrying, Oil & Gas LQ",uniform_pca64,thin,384,0.44222403687214984,0.004452594418011935
B,lq_emp_21,"Mining, Quarrying, Oil & Gas LQ",uniform_pca64,mid,265,0.3442024649251172,-0.012468671266659515
B,lq_emp_21,"Mining, Quarrying, Oil & Gas LQ",uniform_pca64,rich,332,0.26651077653114286,0.005835192401887013
B,lq_emp_21,"Mining, Quarrying, Oil & Gas LQ",uniform_l2,thin,384,0.44222403687214984,0.0030656166158486986
B,lq_emp_21,"Mining, Quarrying, Oil & Gas LQ",uniform_l2,mid,265,0.3442024649251172,-0.008249973802678445
B,lq_emp_21,"Mining, Quarrying, Oil & Gas LQ",uniform_l2,rich,332,0.26651077653114286,0.007839307166789045
B,lq_emp_21,"Mining, Quarrying, Oil & Gas LQ",uniform_ccr,thin,384,0.44222403687214984,0.0007246471543054245
B,lq_emp_21,"Mining, Quarrying, Oil & Gas LQ",uniform_ccr,mid,265,0.3442024649251172,-0.0022713291658691404
B,lq_emp_21,"Mining, Quarrying, Oil & Gas LQ",uniform_ccr,rich,332,0.26651077653114286,0.0037879739346631247
B,lq_emp_21,"Mining, Quarrying, Oil & Gas LQ",tier_conditional,thin,384,0.44222403687214984,0.00011968894239688943
B,lq_emp_21,"Mining, Quarrying, Oil & Gas LQ",tier_conditional,mid,265,0.3442024649251172,-0.0007263453131960418
B,lq_emp_21,"Mining, Quarrying, Oil & Gas LQ",tier_conditional,rich,332,0.26651077653114286,0.0005660903226574199
B,lq_emp_21,"Mining, Quarrying, Oil & Gas LQ",tier_conditional_pca64,thin,384,0.44222403687214984,3.0963205893685952e-06
B,lq_emp_21,"Mining, Quarrying, Oil & Gas LQ",tier_conditional_pca64,mid,265,0.3442024649251172,-0.000956074100454396
B,lq_emp_21,"Mining, Quarrying, Oil & Gas LQ",tier_conditional_pca64,rich,332,0.26651077653114286,0.00019567807228759726
B,lq_emp_21,"Mining, Quarrying, Oil & Gas LQ",tier_conditional_l2,thin,384,0.44222403687214984,0.0006724686244893308
B,lq_emp_21,"Mining, Quarrying, Oil & Gas LQ",tier_conditional_l2,mid,265,0.3442024649251172,-0.0007257469576625875
B,lq_emp_21,"Mining, Quarrying, Oil & Gas LQ",tier_conditional_l2,rich,332,0.26651077653114286,0.00043065635005012926
B,lq_emp_21,"Mining, Quarrying, Oil & Gas LQ",tier_conditional_ccr,thin,384,0.44222403687214984,0.0010344497496962424
B,lq_emp_21,"Mining, Quarrying, Oil & Gas LQ",tier_conditional_ccr,mid,265,0.3442024649251172,-0.0009042203173522667
B,lq_emp_21,"Mining, Quarrying, Oil & Gas LQ",tier_conditional_ccr,rich,332,0.26651077653114286,0.0003774547742931844
B,lq_emp_21,"Mining, Quarrying, Oil & Gas LQ",tier_conditional_inverse,thin,384,0.44222403687214984,-0.0007064291560049396
B,lq_emp_21,"Mining, Quarrying, Oil & Gas LQ",tier_conditional_inverse,mid,265,0.3442024649251172,-0.00031912180521442846
B,lq_emp_21,"Mining, Quarrying, Oil & Gas LQ",tier_conditional_inverse,rich,332,0.26651077653114286,-0.00012002168051294948
B,lq_emp_21,"Mining, Quarrying, Oil & Gas LQ",tier_conditional_inverse_pca64,thin,384,0.44222403687214984,-0.00113011956652731
B,lq_emp_21,"Mining, Quarrying, Oil & Gas LQ",tier_conditional_inverse_pca64,mid,265,0.3442024649251172,0.0005885770520693834
B,lq_emp_21,"Mining, Quarrying, Oil & Gas LQ",tier_conditional_inverse_pca64,rich,332,0.26651077653114286,0.00043021510286000986
B,lq_emp_21,"Mining, Quarrying, Oil & Gas LQ",tier_conditional_inverse_l2,thin,384,0.44222403687214984,-0.0005153629360966638
B,lq_emp_21,"Mining, Quarrying, Oil & Gas LQ",tier_conditional_inverse_l2,mid,265,0.3442024649251172,-0.000539327264722389
B,lq_emp_21,"Mining, Quarrying, Oil & Gas LQ",tier_conditional_inverse_l2,rich,332,0.26651077653114286,-6.46376439666918e-05
B,lq_emp_21,"Mining, Quarrying, Oil & Gas LQ",tier_conditional_inverse_ccr,thin,384,0.44222403687214984,-0.0005263753337689803
B,lq_emp_21,"Mining, Quarrying, Oil & Gas LQ",tier_conditional_inverse_ccr,mid,265,0.3442024649251172,-0.00015547167502294457
B,lq_emp_21,"Mining, Quarrying, Oil & Gas LQ",tier_conditional_inverse_ccr,rich,332,0.26651077653114286,-8.220986589801971e-05
B,lq_emp_21,"Mining, Quarrying, Oil & Gas LQ",prose_only,thin,384,0.44222403687214984,0.003394886232871208
B,lq_emp_21,"Mining, Quarrying, Oil & Gas LQ",prose_only,mid,265,0.3442024649251172,-0.002050682853319441
B,lq_emp_21,"Mining, Quarrying, Oil & Gas LQ",prose_only,rich,332,0.26651077653114286,0.008193748322783967
B,lq_emp_21,"Mining, Quarrying, Oil & Gas LQ",prose_only_pca64,thin,384,0.44222403687214984,0.004050433561139988
B,lq_emp_21,"Mining, Quarrying, Oil & Gas LQ",prose_only_pca64,mid,265,0.3442024649251172,-0.0040317480401393935
B,lq_emp_21,"Mining, Quarrying, Oil & Gas LQ",prose_only_pca64,rich,332,0.26651077653114286,0.004555334653451593
B,lq_emp_21,"Mining, Quarrying, Oil & Gas LQ",prose_only_l2,thin,384,0.44222403687214984,0.0021185236546535924
B,lq_emp_21,"Mining, Quarrying, Oil & Gas LQ",prose_only_l2,mid,265,0.3442024649251172,-0.0009095973075553543
B,lq_emp_21,"Mining, Quarrying, Oil & Gas LQ",prose_only_l2,rich,332,0.26651077653114286,0.0056065214591711765
B,lq_emp_21,"Mining, Quarrying, Oil & Gas LQ",prose_only_ccr,thin,384,0.44222403687214984,0.004784705883638551
B,lq_emp_21,"Mining, Quarrying, Oil & Gas LQ",prose_only_ccr,mid,265,0.3442024649251172,0.0008363055830824528
B,lq_emp_21,"Mining, Quarrying, Oil & Gas LQ",prose_only_ccr,rich,332,0.26651077653114286,0.005759340522735301
B,lq_emp_21,"Mining, Quarrying, Oil & Gas LQ",prose_plus_history,thin,384,0.44222403687214984,0.0028785355738369933
B,lq_emp_21,"Mining, Quarrying, Oil & Gas LQ",prose_plus_history,mid,265,0.3442024649251172,0.0032045795937941657
B,lq_emp_21,"Mining, Quarrying, Oil & Gas LQ",prose_plus_history,rich,332,0.26651077653114286,0.002188718213062546
B,lq_emp_21,"Mining, Quarrying, Oil & Gas LQ",prose_plus_history_pca64,thin,384,0.44222403687214984,0.004036857339961952
B,lq_emp_21,"Mining, Quarrying, Oil & Gas LQ",prose_plus_history_pca64,mid,265,0.3442024649251172,0.005031705453480306
B,lq_emp_21,"Mining, Quarrying, Oil & Gas LQ",prose_plus_history_pca64,rich,332,0.26651077653114286,0.0014152947375317693
B,lq_emp_21,"Mining, Quarrying, Oil & Gas LQ",prose_plus_history_l2,thin,384,0.44222403687214984,0.00246227091442508
B,lq_emp_21,"Mining, Quarrying, Oil & Gas LQ",prose_plus_history_l2,mid,265,0.3442024649251172,0.005023073655101018
B,lq_emp_21,"Mining, Quarrying, Oil & Gas LQ",prose_plus_history_l2,rich,332,0.26651077653114286,0.004577394471173668
B,lq_emp_21,"Mining, Quarrying, Oil & Gas LQ",prose_plus_history_ccr,thin,384,0.44222403687214984,0.0022051001666969494
B,lq_emp_21,"Mining, Quarrying, Oil & Gas LQ",prose_plus_history_ccr,mid,265,0.3442024649251172,0.005566531770619054
B,lq_emp_21,"Mining, Quarrying, Oil & Gas LQ",prose_plus_history_ccr,rich,332,0.26651077653114286,0.005059976712728731
B,lq_emp_21,"Mining, Quarrying, Oil & Gas LQ",economy_all_tiers,thin,384,0.44222403687214984,0.00016161617966203856
B,lq_emp_21,"Mining, Quarrying, Oil & Gas LQ",economy_all_tiers,mid,265,0.3442024649251172,-0.00031538828235089245
B,lq_emp_21,"Mining, Quarrying, Oil & Gas LQ",economy_all_tiers,rich,332,0.26651077653114286,0.00010508073259596351
B,lq_emp_21,"Mining, Quarrying, Oil & Gas LQ",economy_all_tiers_pca64,thin,384,0.44222403687214984,0.00010779740809485627
B,lq_emp_21,"Mining, Quarrying, Oil & Gas LQ",economy_all_tiers_pca64,mid,265,0.3442024649251172,-0.00011714373664428734
B,lq_emp_21,"Mining, Quarrying, Oil & Gas LQ",economy_all_tiers_pca64,rich,332,0.26651077653114286,-0.00025854082200371664
B,lq_emp_21,"Mining, Quarrying, Oil & Gas LQ",economy_all_tiers_l2,thin,384,0.44222403687214984,7.043169379139513e-05
B,lq_emp_21,"Mining, Quarrying, Oil & Gas LQ",economy_all_tiers_l2,mid,265,0.3442024649251172,-0.0003041861266793733
B,lq_emp_21,"Mining, Quarrying, Oil & Gas LQ",economy_all_tiers_l2,rich,332,0.26651077653114286,0.00021644830499500944
B,lq_emp_21,"Mining, Quarrying, Oil & Gas LQ",economy_all_tiers_ccr,thin,384,0.44222403687214984,5.6953006531412775e-05
B,lq_emp_21,"Mining, Quarrying, Oil & Gas LQ",economy_all_tiers_ccr,mid,265,0.3442024649251172,-0.00024013020601576507
B,lq_emp_21,"Mining, Quarrying, Oil & Gas LQ",economy_all_tiers_ccr,rich,332,0.26651077653114286,0.0003095232142951154
B,lq_emp_21,"Mining, Quarrying, Oil & Gas LQ",prose_by_tier,thin,384,0.44222403687214984,-0.000633405613687188
B,lq_emp_21,"Mining, Quarrying, Oil & Gas LQ",prose_by_tier,mid,265,0.3442024649251172,5.445641647039423e-05
B,lq_emp_21,"Mining, Quarrying, Oil & Gas LQ",prose_by_tier,rich,332,0.26651077653114286,0.000266750500295343
B,lq_emp_21,"Mining, Quarrying, Oil & Gas LQ",prose_by_tier_pca64,thin,384,0.44222403687214984,-0.00073631662509277
B,lq_emp_21,"Mining, Quarrying, Oil & Gas LQ",prose_by_tier_pca64,mid,265,0.3442024649251172,-3.51288916098369e-05
B,lq_emp_21,"Mining, Quarrying, Oil & Gas LQ",prose_by_tier_pca64,rich,332,0.26651077653114286,0.00020077896584802524
B,lq_emp_21,"Mining, Quarrying, Oil & Gas LQ",prose_by_tier_l2,thin,384,0.44222403687214984,-3.6549943532415696e-05
B,lq_emp_21,"Mining, Quarrying, Oil & Gas LQ",prose_by_tier_l2,mid,265,0.3442024649251172,0.00022433363825147268
B,lq_emp_21,"Mining, Quarrying, Oil & Gas LQ",prose_by_tier_l2,rich,332,0.26651077653114286,1.9684242981932165e-05
B,lq_emp_21,"Mining, Quarrying, Oil & Gas LQ",prose_by_tier_ccr,thin,384,0.44222403687214984,6.204188308611691e-05
B,lq_emp_21,"Mining, Quarrying, Oil & Gas LQ",prose_by_tier_ccr,mid,265,0.3442024649251172,0.00021941480540388358
B,lq_emp_21,"Mining, Quarrying, Oil & Gas LQ",prose_by_tier_ccr,rich,332,0.26651077653114286,-0.00010541808996089586
B,lq_emp_21,"Mining, Quarrying, Oil & Gas LQ",drop_stub,thin,384,0.44222403687214984,0.006834807698765655
B,lq_emp_21,"Mining, Quarrying, Oil & Gas LQ",drop_stub,mid,265,0.3442024649251172,-0.013658038847282117
B,lq_emp_21,"Mining, Quarrying, Oil & Gas LQ",drop_stub,rich,332,0.26651077653114286,0.0035439124268397126
B,lq_emp_21,"Mining, Quarrying, Oil & Gas LQ",drop_stub_l2,thin,384,0.44222403687214984,0.004321746998884102
B,lq_emp_21,"Mining, Quarrying, Oil & Gas LQ",drop_stub_l2,mid,265,0.3442024649251172,-0.008566946842438083
B,lq_emp_21,"Mining, Quarrying, Oil & Gas LQ",drop_stub_l2,rich,332,0.26651077653114286,0.0051210092572587795
B,lq_emp_21,"Mining, Quarrying, Oil & Gas LQ",drop_thin,thin,384,0.44222403687214984,-0.0011885605185792958
B,lq_emp_21,"Mining, Quarrying, Oil & Gas LQ",drop_thin,mid,265,0.3442024649251172,-0.0002274620059592447
B,lq_emp_21,"Mining, Quarrying, Oil & Gas LQ",drop_thin,rich,332,0.26651077653114286,0.0005738025027721694
B,lq_emp_21,"Mining, Quarrying, Oil & Gas LQ",drop_thin_l2,thin,384,0.44222403687214984,-0.00019314439974382758
B,lq_emp_21,"Mining, Quarrying, Oil & Gas LQ",drop_thin_l2,mid,265,0.3442024649251172,1.8418289811417132e-05
B,lq_emp_21,"Mining, Quarrying, Oil & Gas LQ",drop_thin_l2,rich,332,0.26651077653114286,0.0005315781012189547
B,lq_emp_21,"Mining, Quarrying, Oil & Gas LQ",drop_mid,thin,384,0.44222403687214984,0.0018527755108804778
B,lq_emp_21,"Mining, Quarrying, Oil & Gas LQ",drop_mid,mid,265,0.3442024649251172,-0.00736602916061968
B,lq_emp_21,"Mining, Quarrying, Oil & Gas LQ",drop_mid,rich,332,0.26651077653114286,0.002643007269658826
B,lq_emp_21,"Mining, Quarrying, Oil & Gas LQ",drop_mid_l2,thin,384,0.44222403687214984,0.0031633035765458173
B,lq_emp_21,"Mining, Quarrying, Oil & Gas LQ",drop_mid_l2,mid,265,0.3442024649251172,-0.006753866297166677
B,lq_emp_21,"Mining, Quarrying, Oil & Gas LQ",drop_mid_l2,rich,332,0.26651077653114286,-5.133447896199517e-05
B,lq_emp_21,"Mining, Quarrying, Oil & Gas LQ",drop_rich,thin,384,0.44222403687214984,0.0008672962445547272
B,lq_emp_21,"Mining, Quarrying, Oil & Gas LQ",drop_rich,mid,265,0.3442024649251172,-0.002687640368857158
B,lq_emp_21,"Mining, Quarrying, Oil & Gas LQ",drop_rich,rich,332,0.26651077653114286,-0.002221125277615754
B,lq_emp_21,"Mining, Quarrying, Oil & Gas LQ",drop_rich_l2,thin,384,0.44222403687214984,0.0003901672417876423
B,lq_emp_21,"Mining, Quarrying, Oil & Gas LQ",drop_rich_l2,mid,265,0.3442024649251172,-0.0030923930747580597
B,lq_emp_21,"Mining, Quarrying, Oil & Gas LQ",drop_rich_l2,rich,332,0.26651077653114286,-0.0017840023548449935
B,lq_emp_21,"Mining, Quarrying, Oil & Gas LQ",typed_sections,thin,384,0.44222403687214984,-1.0326975379282288e-06
B,lq_emp_21,"Mining, Quarrying, Oil & Gas LQ",typed_sections,mid,265,0.3442024649251172,-1.5516637796864075e-06
B,lq_emp_21,"Mining, Quarrying, Oil & Gas LQ",typed_sections,rich,332,0.26651077653114286,-1.014914045016635e-05
B,lq_emp_22,Utilities LQ,lead_only,thin,510,0.08969672578294807,-0.00015794541853397792
B,lq_emp_22,Utilities LQ,lead_only,mid,389,0.06547663867756404,0.000772013117479653
B,lq_emp_22,Utilities LQ,lead_only,rich,437,0.013926190247157244,0.00011257488736560184
B,lq_emp_22,Utilities LQ,lead_only_pca64,thin,510,0.08969672578294807,-0.0001775777384470656
B,lq_emp_22,Utilities LQ,lead_only_pca64,mid,389,0.06547663867756404,0.0006144800397189787
B,lq_emp_22,Utilities LQ,lead_only_pca64,rich,437,0.013926190247157244,9.804071179408957e-05
B,lq_emp_22,Utilities LQ,lead_only_l2,thin,510,0.08969672578294807,-4.8398122906134766e-05
B,lq_emp_22,Utilities LQ,lead_only_l2,mid,389,0.06547663867756404,0.0008463518039567575
B,lq_emp_22,Utilities LQ,lead_only_l2,rich,437,0.013926190247157244,-3.980735843156502e-05
B,lq_emp_22,Utilities LQ,lead_only_ccr,thin,510,0.08969672578294807,-0.00016962742919768292
B,lq_emp_22,Utilities LQ,lead_only_ccr,mid,389,0.06547663867756404,0.0007843256963313561
B,lq_emp_22,Utilities LQ,lead_only_ccr,rich,437,0.013926190247157244,8.600945834269513e-05
B,lq_emp_22,Utilities LQ,uniform,thin,510,0.08969672578294807,0.00025555569109303455
B,lq_emp_22,Utilities LQ,uniform,mid,389,0.06547663867756404,-5.387619139829436e-05
B,lq_emp_22,Utilities LQ,uniform,rich,437,0.013926190247157244,-0.00015956317442589185
B,lq_emp_22,Utilities LQ,uniform_pca64,thin,510,0.08969672578294807,0.00023077869585041988
B,lq_emp_22,Utilities LQ,uniform_pca64,mid,389,0.06547663867756404,-1.769424409903131e-05
B,lq_emp_22,Utilities LQ,uniform_pca64,rich,437,0.013926190247157244,-0.00013982327792561033
B,lq_emp_22,Utilities LQ,uniform_l2,thin,510,0.08969672578294807,0.00015360234695538377
B,lq_emp_22,Utilities LQ,uniform_l2,mid,389,0.06547663867756404,0.0014283804733284944
B,lq_emp_22,Utilities LQ,uniform_l2,rich,437,0.013926190247157244,-0.00026980447780977634
B,lq_emp_22,Utilities LQ,uniform_ccr,thin,510,0.08969672578294807,0.00018474978945748344
B,lq_emp_22,Utilities LQ,uniform_ccr,mid,389,0.06547663867756404,9.317373717010469e-06
B,lq_emp_22,Utilities LQ,uniform_ccr,rich,437,0.013926190247157244,-0.0001699189694460701
B,lq_emp_22,Utilities LQ,tier_conditional,thin,510,0.08969672578294807,-0.00028684972392689634
B,lq_emp_22,Utilities LQ,tier_conditional,mid,389,0.06547663867756404,0.0020088934722964913
B,lq_emp_22,Utilities LQ,tier_conditional,rich,437,0.013926190247157244,0.0008535676260840175
B,lq_emp_22,Utilities LQ,tier_conditional_pca64,thin,510,0.08969672578294807,-0.00026676272356840336
B,lq_emp_22,Utilities LQ,tier_conditional_pca64,mid,389,0.06547663867756404,0.0018992810983220476
B,lq_emp_22,Utilities LQ,tier_conditional_pca64,rich,437,0.013926190247157244,0.0009064410756745023
B,lq_emp_22,Utilities LQ,tier_conditional_l2,thin,510,0.08969672578294807,-0.00046366970222744275
B,lq_emp_22,Utilities LQ,tier_conditional_l2,mid,389,0.06547663867756404,0.0015022381568304821
B,lq_emp_22,Utilities LQ,tier_conditional_l2,rich,437,0.013926190247157244,8.934556232009783e-05
B,lq_emp_22,Utilities LQ,tier_conditional_ccr,thin,510,0.08969672578294807,0.00014618153608514373
B,lq_emp_22,Utilities LQ,tier_conditional_ccr,mid,389,0.06547663867756404,0.0008408879503356559
B,lq_emp_22,Utilities LQ,tier_conditional_ccr,rich,437,0.013926190247157244,1.6902519300532326e-05
B,lq_emp_22,Utilities LQ,tier_conditional_inverse,thin,510,0.08969672578294807,3.8633611301519544e-05
B,lq_emp_22,Utilities LQ,tier_conditional_inverse,mid,389,0.06547663867756404,0.0006421447007822767
B,lq_emp_22,Utilities LQ,tier_conditional_inverse,rich,437,0.013926190247157244,-0.0002488050351234783
B,lq_emp_22,Utilities LQ,tier_conditional_inverse_pca64,thin,510,0.08969672578294807,4.176867544425367e-05
B,lq_emp_22,Utilities LQ,tier_conditional_inverse_pca64,mid,389,0.06547663867756404,0.0006633062867791306
B,lq_emp_22,Utilities LQ,tier_conditional_inverse_pca64,rich,437,0.013926190247157244,-0.0002333156546904247
B,lq_emp_22,Utilities LQ,tier_conditional_inverse_l2,thin,510,0.08969672578294807,0.0002535487368605649
B,lq_emp_22,Utilities LQ,tier_conditional_inverse_l2,mid,389,0.06547663867756404,0.0012488841419941998
B,lq_emp_22,Utilities LQ,tier_conditional_inverse_l2,rich,437,0.013926190247157244,-0.0005669286642765448
B,lq_emp_22,Utilities LQ,tier_conditional_inverse_ccr,thin,510,0.08969672578294807,5.685008397915414e-05
B,lq_emp_22,Utilities LQ,tier_conditional_inverse_ccr,mid,389,0.06547663867756404,0.0008260823373297255
B,lq_emp_22,Utilities LQ,tier_conditional_inverse_ccr,rich,437,0.013926190247157244,-0.000678501830604028
B,lq_emp_22,Utilities LQ,prose_only,thin,510,0.08969672578294807,7.514454185941766e-05
B,lq_emp_22,Utilities LQ,prose_only,mid,389,0.06547663867756404,0.00020695919069479984
B,lq_emp_22,Utilities LQ,prose_only,rich,437,0.013926190247157244,-1.5557295897861145e-05
B,lq_emp_22,Utilities LQ,prose_only_pca64,thin,510,0.08969672578294807,2.6097933580437882e-05
B,lq_emp_22,Utilities LQ,prose_only_pca64,mid,389,0.06547663867756404,9.240492625650631e-05
B,lq_emp_22,Utilities LQ,prose_only_pca64,rich,437,0.013926190247157244,-2.9088642638730455e-05
B,lq_emp_22,Utilities LQ,prose_only_l2,thin,510,0.08969672578294807,2.7540844994677904e-05
B,lq_emp_22,Utilities LQ,prose_only_l2,mid,389,0.06547663867756404,0.0002567039497513024
B,lq_emp_22,Utilities LQ,prose_only_l2,rich,437,0.013926190247157244,-1.688013027179025e-05
B,lq_emp_22,Utilities LQ,prose_only_ccr,thin,510,0.08969672578294807,5.0858592694047466e-05
B,lq_emp_22,Utilities LQ,prose_only_ccr,mid,389,0.06547663867756404,0.0002564938297124897
B,lq_emp_22,Utilities LQ,prose_only_ccr,rich,437,0.013926190247157244,-8.736332764880395e-06
B,lq_emp_22,Utilities LQ,prose_plus_history,thin,510,0.08969672578294807,5.10621689203683e-05
B,lq_emp_22,Utilities LQ,prose_plus_history,mid,389,0.06547663867756404,2.1517518520752787e-05
B,lq_emp_22,Utilities LQ,prose_plus_history,rich,437,0.013926190247157244,-5.217538623480955e-06
B,lq_emp_22,Utilities LQ,prose_plus_history_pca64,thin,510,0.08969672578294807,2.1805188163970257e-05
B,lq_emp_22,Utilities LQ,prose_plus_history_pca64,mid,389,0.06547663867756404,5.5594676134473886e-05
B,lq_emp_22,Utilities LQ,prose_plus_history_pca64,rich,437,0.013926190247157244,-3.053698496668922e-05
B,lq_emp_22,Utilities LQ,prose_plus_history_l2,thin,510,0.08969672578294807,3.6591732961333e-05
B,lq_emp_22,Utilities LQ,prose_plus_history_l2,mid,389,0.06547663867756404,0.00016419223750163692
B,lq_emp_22,Utilities LQ,prose_plus_history_l2,rich,437,0.013926190247157244,1.7003325845310613e-05
B,lq_emp_22,Utilities LQ,prose_plus_history_ccr,thin,510,0.08969672578294807,3.381544665681524e-05
B,lq_emp_22,Utilities LQ,prose_plus_history_ccr,mid,389,0.06547663867756404,0.000139098851695163
B,lq_emp_22,Utilities LQ,prose_plus_history_ccr,rich,437,0.013926190247157244,-6.436855348512793e-06
B,lq_emp_22,Utilities LQ,economy_all_tiers,thin,510,0.08969672578294807,-0.00020608694632096025
B,lq_emp_22,Utilities LQ,economy_all_tiers,mid,389,0.06547663867756404,0.0007386023599239566
B,lq_emp_22,Utilities LQ,economy_all_tiers,rich,437,0.013926190247157244,3.81427256265221e-05
B,lq_emp_22,Utilities LQ,economy_all_tiers_pca64,thin,510,0.08969672578294807,-0.00022665518015996255
B,lq_emp_22,Utilities LQ,economy_all_tiers_pca64,mid,389,0.06547663867756404,0.0006491857582180405
B,lq_emp_22,Utilities LQ,economy_all_tiers_pca64,rich,437,0.013926190247157244,3.9155187500083954e-05
B,lq_emp_22,Utilities LQ,economy_all_tiers_l2,thin,510,0.08969672578294807,-4.7936687076255424e-05
B,lq_emp_22,Utilities LQ,economy_all_tiers_l2,mid,389,0.06547663867756404,0.0006861823364101571
B,lq_emp_22,Utilities LQ,economy_all_tiers_l2,rich,437,0.013926190247157244,-0.00015568273333144145
B,lq_emp_22,Utilities LQ,economy_all_tiers_ccr,thin,510,0.08969672578294807,-0.00017590658599231368
B,lq_emp_22,Utilities LQ,economy_all_tiers_ccr,mid,389,0.06547663867756404,0.0007029028334807341
B,lq_emp_22,Utilities LQ,economy_all_tiers_ccr,rich,437,0.013926190247157244,2.2204854079221903e-05
B,lq_emp_22,Utilities LQ,prose_by_tier,thin,510,0.08969672578294807,-1.769173121723977e-05
B,lq_emp_22,Utilities LQ,prose_by_tier,mid,389,0.06547663867756404,0.00029587071408765375
B,lq_emp_22,Utilities LQ,prose_by_tier,rich,437,0.013926190247157244,6.824681347827877e-06
B,lq_emp_22,Utilities LQ,prose_by_tier_pca64,thin,510,0.08969672578294807,-5.6885520918870114e-05
B,lq_emp_22,Utilities LQ,prose_by_tier_pca64,mid,389,0.06547663867756404,0.0002536725116299987
B,lq_emp_22,Utilities LQ,prose_by_tier_pca64,rich,437,0.013926190247157244,-2.7851072618823025e-05
B,lq_emp_22,Utilities LQ,prose_by_tier_l2,thin,510,0.08969672578294807,-2.8385709439193718e-05
B,lq_emp_22,Utilities LQ,prose_by_tier_l2,mid,389,0.06547663867756404,0.00036639910932501074
B,lq_emp_22,Utilities LQ,prose_by_tier_l2,rich,437,0.013926190247157244,2.610105512657057e-05
B,lq_emp_22,Utilities LQ,prose_by_tier_ccr,thin,510,0.08969672578294807,-5.746490654090497e-05
B,lq_emp_22,Utilities LQ,prose_by_tier_ccr,mid,389,0.06547663867756404,0.00042539665103180635
B,lq_emp_22,Utilities LQ,prose_by_tier_ccr,rich,437,0.013926190247157244,2.8924547584074922e-05
B,lq_emp_22,Utilities LQ,drop_stub,thin,510,0.08969672578294807,0.000188776181824446
B,lq_emp_22,Utilities LQ,drop_stub,mid,389,0.06547663867756404,-8.134955989735904e-05
B,lq_emp_22,Utilities LQ,drop_stub,rich,437,0.013926190247157244,-0.0001353646931796515
B,lq_emp_22,Utilities LQ,drop_stub_l2,thin,510,0.08969672578294807,0.00019783100042891633
B,lq_emp_22,Utilities LQ,drop_stub_l2,mid,389,0.06547663867756404,-9.25032374283763e-05
B,lq_emp_22,Utilities LQ,drop_stub_l2,rich,437,0.013926190247157244,-0.0001448799699890202
B,lq_emp_22,Utilities LQ,drop_thin,thin,510,0.08969672578294807,-8.047175042558141e-05
B,lq_emp_22,Utilities LQ,drop_thin,mid,389,0.06547663867756404,0.00014079257710619686
B,lq_emp_22,Utilities LQ,drop_thin,rich,437,0.013926190247157244,-0.00010147856259079546
B,lq_emp_22,Utilities LQ,drop_thin_l2,thin,510,0.08969672578294807,-0.00017405858670282992
B,lq_emp_22,Utilities LQ,drop_thin_l2,mid,389,0.06547663867756404,0.0024351976021762534
B,lq_emp_22,Utilities LQ,drop_thin_l2,rich,437,0.013926190247157244,-0.0009427755203134103
B,lq_emp_22,Utilities LQ,drop_mid,thin,510,0.08969672578294807,0.0002506294787170127
B,lq_emp_22,Utilities LQ,drop_mid,mid,389,0.06547663867756404,0.0010049432468908215
B,lq_emp_22,Utilities LQ,drop_mid,rich,437,0.013926190247157244,-7.39062279138114e-05
B,lq_emp_22,Utilities LQ,drop_mid_l2,thin,510,0.08969672578294807,0.00034626550905214604
B,lq_emp_22,Utilities LQ,drop_mid_l2,mid,389,0.06547663867756404,0.0012466603463919812
B,lq_emp_22,Utilities LQ,drop_mid_l2,rich,437,0.013926190247157244,-7.512896411987491e-05
B,lq_emp_22,Utilities LQ,drop_rich,thin,510,0.08969672578294807,0.00039736256491984534
B,lq_emp_22,Utilities LQ,drop_rich,mid,389,0.06547663867756404,0.0015597188501483839
B,lq_emp_22,Utilities LQ,drop_rich,rich,437,0.013926190247157244,0.0008123566512767688
B,lq_emp_22,Utilities LQ,drop_rich_l2,thin,510,0.08969672578294807,-5.3666981111422096e-05
B,lq_emp_22,Utilities LQ,drop_rich_l2,mid,389,0.06547663867756404,0.0008216058737320342
B,lq_emp_22,Utilities LQ,drop_rich_l2,rich,437,0.013926190247157244,4.1425466263178556e-05
B,lq_emp_22,Utilities LQ,typed_sections,thin,510,0.08969672578294807,-5.171389375502322e-05
B,lq_emp_22,Utilities LQ,typed_sections,mid,389,0.06547663867756404,-0.0016471735595445791
B,lq_emp_22,Utilities LQ,typed_sections,rich,437,0.013926190247157244,-0.006418210960218107
B,lq_emp_23,Construction LQ,lead_only,stub,239,0.018393268247116956,0.004744219087246426
B,lq_emp_23,Construction LQ,lead_only,thin,1005,0.10185607095902505,0.0008994956831185341
B,lq_emp_23,Construction LQ,lead_only,mid,608,0.14455780742078284,0.002073877174612049
B,lq_emp_23,Construction LQ,lead_only,rich,617,0.06114023931762469,0.002913714627140851
B,lq_emp_23,Construction LQ,lead_only_pca64,stub,239,0.018393268247116956,0.005104753676622442
B,lq_emp_23,Construction LQ,lead_only_pca64,thin,1005,0.10185607095902505,0.0008031622112720793
B,lq_emp_23,Construction LQ,lead_only_pca64,mid,608,0.14455780742078284,0.001988136402169438
B,lq_emp_23,Construction LQ,lead_only_pca64,rich,617,0.06114023931762469,0.0028172474617722543
B,lq_emp_23,Construction LQ,lead_only_l2,stub,239,0.018393268247116956,0.009028348973773248
B,lq_emp_23,Construction LQ,lead_only_l2,thin,1005,0.10185607095902505,-0.0017677970197970128
B,lq_emp_23,Construction LQ,lead_only_l2,mid,608,0.14455780742078284,0.004286295232911352
B,lq_emp_23,Construction LQ,lead_only_l2,rich,617,0.06114023931762469,0.0054350663870867955
B,lq_emp_23,Construction LQ,lead_only_ccr,stub,239,0.018393268247116956,0.0046582701073868416
B,lq_emp_23,Construction LQ,lead_only_ccr,thin,1005,0.10185607095902505,0.0008782107828390062
B,lq_emp_23,Construction LQ,lead_only_ccr,mid,608,0.14455780742078284,0.001833515423817822
B,lq_emp_23,Construction LQ,lead_only_ccr,rich,617,0.06114023931762469,0.002832023138542139
B,lq_emp_23,Construction LQ,uniform,stub,239,0.018393268247116956,-0.005199118720490614
B,lq_emp_23,Construction LQ,uniform,thin,1005,0.10185607095902505,-0.0019856031798688445
B,lq_emp_23,Construction LQ,uniform,mid,608,0.14455780742078284,0.0006443483345661694
B,lq_emp_23,Construction LQ,uniform,rich,617,0.06114023931762469,-0.003007023527913044
B,lq_emp_23,Construction LQ,uniform_pca64,stub,239,0.018393268247116956,-2.0279728159100507e-05
B,lq_emp_23,Construction LQ,uniform_pca64,thin,1005,0.10185607095902505,0.0003714270811037146
B,lq_emp_23,Construction LQ,uniform_pca64,mid,608,0.14455780742078284,0.00020685642879070265
B,lq_emp_23,Construction LQ,uniform_pca64,rich,617,0.06114023931762469,0.0004008974788288766
B,lq_emp_23,Construction LQ,uniform_l2,stub,239,0.018393268247116956,-0.005804846411808451
B,lq_emp_23,Construction LQ,uniform_l2,thin,1005,0.10185607095902505,-0.0012710302248325478
B,lq_emp_23,Construction LQ,uniform_l2,mid,608,0.14455780742078284,0.000717437233619389
B,lq_emp_23,Construction LQ,uniform_l2,rich,617,0.06114023931762469,0.0008986610608717749
B,lq_emp_23,Construction LQ,uniform_ccr,stub,239,0.018393268247116956,-0.0011068442331571005
B,lq_emp_23,Construction LQ,uniform_ccr,thin,1005,0.10185607095902505,-0.00013727771421845336
B,lq_emp_23,Construction LQ,uniform_ccr,mid,608,0.14455780742078284,-0.0008043766622902737
B,lq_emp_23,Construction LQ,uniform_ccr,rich,617,0.06114023931762469,0.0005708753897368801
B,lq_emp_23,Construction LQ,tier_conditional,stub,239,0.018393268247116956,-0.00018453121339889744
B,lq_emp_23,Construction LQ,tier_conditional,thin,1005,0.10185607095902505,-0.0001010943048421753
B,lq_emp_23,Construction LQ,tier_conditional,mid,608,0.14455780742078284,0.011664870620387569
B,lq_emp_23,Construction LQ,tier_conditional,rich,617,0.06114023931762469,0.0051055878955496015
B,lq_emp_23,Construction LQ,tier_conditional_pca64,stub,239,0.018393268247116956,0.008304109924741065
B,lq_emp_23,Construction LQ,tier_conditional_pca64,thin,1005,0.10185607095902505,0.0010408081374667644
B,lq_emp_23,Construction LQ,tier_conditional_pca64,mid,608,0.14455780742078284,0.010962502634032978
B,lq_emp_23,Construction LQ,tier_conditional_pca64,rich,617,0.06114023931762469,0.015475372036737989
B,lq_emp_23,Construction LQ,tier_conditional_l2,stub,239,0.018393268247116956,0.0005964660733378535
B,lq_emp_23,Construction LQ,tier_conditional_l2,thin,1005,0.10185607095902505,-0.0005931768992951669
B,lq_emp_23,Construction LQ,tier_conditional_l2,mid,608,0.14455780742078284,0.004747392604063649
B,lq_emp_23,Construction LQ,tier_conditional_l2,rich,617,0.06114023931762469,0.005078441171682213
B,lq_emp_23,Construction LQ,tier_conditional_ccr,stub,239,0.018393268247116956,9.360491939047755e-05
B,lq_emp_23,Construction LQ,tier_conditional_ccr,thin,1005,0.10185607095902505,-1.1745068510315981e-05
B,lq_emp_23,Construction LQ,tier_conditional_ccr,mid,608,0.14455780742078284,0.0017107950085966106
B,lq_emp_23,Construction LQ,tier_conditional_ccr,rich,617,0.06114023931762469,0.0016499840337889093
B,lq_emp_23,Construction LQ,tier_conditional_inverse,stub,239,0.018393268247116956,0.0038249763559630168
B,lq_emp_23,Construction LQ,tier_conditional_inverse,thin,1005,0.10185607095902505,0.0007675472770660718
B,lq_emp_23,Construction LQ,tier_conditional_inverse,mid,608,0.14455780742078284,0.0020750631874232317
B,lq_emp_23,Construction LQ,tier_conditional_inverse,rich,617,0.06114023931762469,0.0008374241084242451
B,lq_emp_23,Construction LQ,tier_conditional_inverse_pca64,stub,239,0.018393268247116956,0.0021637147920433586
B,lq_emp_23,Construction LQ,tier_conditional_inverse_pca64,thin,1005,0.10185607095902505,4.970486635169635e-06
B,lq_emp_23,Construction LQ,tier_conditional_inverse_pca64,mid,608,0.14455780742078284,0.0003454255628700942
B,lq_emp_23,Construction LQ,tier_conditional_inverse_pca64,rich,617,0.06114023931762469,0.0007360928978831227
B,lq_emp_23,Construction LQ,tier_conditional_inverse_l2,stub,239,0.018393268247116956,0.006435174268717758
B,lq_emp_23,Construction LQ,tier_conditional_inverse_l2,thin,1005,0.10185607095902505,-0.0018122953772519157
B,lq_emp_23,Construction LQ,tier_conditional_inverse_l2,mid,608,0.14455780742078284,-0.00400090829254196
B,lq_emp_23,Construction LQ,tier_conditional_inverse_l2,rich,617,0.06114023931762469,0.000980258485793306
B,lq_emp_23,Construction LQ,tier_conditional_inverse_ccr,stub,239,0.018393268247116956,0.006571456130229469
B,lq_emp_23,Construction LQ,tier_conditional_inverse_ccr,thin,1005,0.10185607095902505,-0.0038652874695690453
B,lq_emp_23,Construction LQ,tier_conditional_inverse_ccr,mid,608,0.14455780742078284,-0.004572821229136714
B,lq_emp_23,Construction LQ,tier_conditional_inverse_ccr,rich,617,0.06114023931762469,0.00020467228369003276
B,lq_emp_23,Construction LQ,prose_only,stub,239,0.018393268247116956,0.0013331433275362015
B,lq_emp_23,Construction LQ,prose_only,thin,1005,0.10185607095902505,0.0011284645612600341
B,lq_emp_23,Construction LQ,prose_only,mid,608,0.14455780742078284,0.0030189874927412097
B,lq_emp_23,Construction LQ,prose_only,rich,617,0.06114023931762469,0.002052939810047727
B,lq_emp_23,Construction LQ,prose_only_pca64,stub,239,0.018393268247116956,0.0025666259929472135
B,lq_emp_23,Construction LQ,prose_only_pca64,thin,1005,0.10185607095902505,0.001332899828366707
B,lq_emp_23,Construction LQ,prose_only_pca64,mid,608,0.14455780742078284,0.002945252141057564
B,lq_emp_23,Construction LQ,prose_only_pca64,rich,617,0.06114023931762469,0.0019890642982060003
B,lq_emp_23,Construction LQ,prose_only_l2,stub,239,0.018393268247116956,0.001532613339066402
B,lq_emp_23,Construction LQ,prose_only_l2,thin,1005,0.10185607095902505,1.6001092554507323e-05
B,lq_emp_23,Construction LQ,prose_only_l2,mid,608,0.14455780742078284,0.002018172378713712
B,lq_emp_23,Construction LQ,prose_only_l2,rich,617,0.06114023931762469,0.0015987681585951652
B,lq_emp_23,Construction LQ,prose_only_ccr,stub,239,0.018393268247116956,0.0009379280588176497
B,lq_emp_23,Construction LQ,prose_only_ccr,thin,1005,0.10185607095902505,0.000743963617295007
B,lq_emp_23,Construction LQ,prose_only_ccr,mid,608,0.14455780742078284,0.0026628240677550874
B,lq_emp_23,Construction LQ,prose_only_ccr,rich,617,0.06114023931762469,0.002193033928987509
B,lq_emp_23,Construction LQ,prose_plus_history,stub,239,0.018393268247116956,-0.0001910200101451487
B,lq_emp_23,Construction LQ,prose_plus_history,thin,1005,0.10185607095902505,0.0004425700443807523
B,lq_emp_23,Construction LQ,prose_plus_history,mid,608,0.14455780742078284,0.00806668827869561
B,lq_emp_23,Construction LQ,prose_plus_history,rich,617,0.06114023931762469,-0.0006793542161523947
B,lq_emp_23,Construction LQ,prose_plus_history_pca64,stub,239,0.018393268247116956,0.005971937495489854
B,lq_emp_23,Construction LQ,prose_plus_history_pca64,thin,1005,0.10185607095902505,0.002737535019874837
B,lq_emp_23,Construction LQ,prose_plus_history_pca64,mid,608,0.14455780742078284,0.004604162229802866
B,lq_emp_23,Construction LQ,prose_plus_history_pca64,rich,617,0.06114023931762469,0.0023516964133932783
B,lq_emp_23,Construction LQ,prose_plus_history_l2,stub,239,0.018393268247116956,0.0018394894545125107
B,lq_emp_23,Construction LQ,prose_plus_history_l2,thin,1005,0.10185607095902505,-0.0010578954348532399
B,lq_emp_23,Construction LQ,prose_plus_history_l2,mid,608,0.14455780742078284,0.01088018243165334
B,lq_emp_23,Construction LQ,prose_plus_history_l2,rich,617,0.06114023931762469,0.0006574037552773415
B,lq_emp_23,Construction LQ,prose_plus_history_ccr,stub,239,0.018393268247116956,-0.00227412390907733
B,lq_emp_23,Construction LQ,prose_plus_history_ccr,thin,1005,0.10185607095902505,0.0005861136361230423
B,lq_emp_23,Construction LQ,prose_plus_history_ccr,mid,608,0.14455780742078284,0.007068096130909862
B,lq_emp_23,Construction LQ,prose_plus_history_ccr,rich,617,0.06114023931762469,-0.0008348976327081647
B,lq_emp_23,Construction LQ,economy_all_tiers,stub,239,0.018393268247116956,0.0053292467750803985
B,lq_emp_23,Construction LQ,economy_all_tiers,thin,1005,0.10185607095902505,-0.0012375860447574327
B,lq_emp_23,Construction LQ,economy_all_tiers,mid,608,0.14455780742078284,0.0036191574157415918
B,lq_emp_23,Construction LQ,economy_all_tiers,rich,617,0.06114023931762469,0.004175734526074781
B,lq_emp_23,Construction LQ,economy_all_tiers_pca64,stub,239,0.018393268247116956,0.012812878317068788
B,lq_emp_23,Construction LQ,economy_all_tiers_pca64,thin,1005,0.10185607095902505,-0.0031857852380929863
B,lq_emp_23,Construction LQ,economy_all_tiers_pca64,mid,608,0.14455780742078284,-0.00018486019505592477
B,lq_emp_23,Construction LQ,economy_all_tiers_pca64,rich,617,0.06114023931762469,0.00044440257022848595
B,lq_emp_23,Construction LQ,economy_all_tiers_l2,stub,239,0.018393268247116956,0.008276258992198526
B,lq_emp_23,Construction LQ,economy_all_tiers_l2,thin,1005,0.10185607095902505,-0.0033197346743967238
B,lq_emp_23,Construction LQ,economy_all_tiers_l2,mid,608,0.14455780742078284,-0.0017039149263067266
B,lq_emp_23,Construction LQ,economy_all_tiers_l2,rich,617,0.06114023931762469,0.0019833980430659093
B,lq_emp_23,Construction LQ,economy_all_tiers_ccr,stub,239,0.018393268247116956,0.0037565466825520977
B,lq_emp_23,Construction LQ,economy_all_tiers_ccr,thin,1005,0.10185607095902505,0.0007402859175189569
B,lq_emp_23,Construction LQ,economy_all_tiers_ccr,mid,608,0.14455780742078284,0.0018965316132192322
B,lq_emp_23,Construction LQ,economy_all_tiers_ccr,rich,617,0.06114023931762469,0.0025379413259659644
B,lq_emp_23,Construction LQ,prose_by_tier,stub,239,0.018393268247116956,0.004462973467947329
B,lq_emp_23,Construction LQ,prose_by_tier,thin,1005,0.10185607095902505,8.136915569600944e-05
B,lq_emp_23,Construction LQ,prose_by_tier,mid,608,0.14455780742078284,0.0010872567574179426
B,lq_emp_23,Construction LQ,prose_by_tier,rich,617,0.06114023931762469,0.00192817604323825
B,lq_emp_23,Construction LQ,prose_by_tier_pca64,stub,239,0.018393268247116956,0.000814085735469372
B,lq_emp_23,Construction LQ,prose_by_tier_pca64,thin,1005,0.10185607095902505,-0.0011578852092269942
B,lq_emp_23,Construction LQ,prose_by_tier_pca64,mid,608,0.14455780742078284,-0.0008698086503862168
B,lq_emp_23,Construction LQ,prose_by_tier_pca64,rich,617,0.06114023931762469,0.0020634762809984553
B,lq_emp_23,Construction LQ,prose_by_tier_l2,stub,239,0.018393268247116956,0.004077759211109089
B,lq_emp_23,Construction LQ,prose_by_tier_l2,thin,1005,0.10185607095902505,-0.0008773963338893909
B,lq_emp_23,Construction LQ,prose_by_tier_l2,mid,608,0.14455780742078284,-0.0008562632807375126
B,lq_emp_23,Construction LQ,prose_by_tier_l2,rich,617,0.06114023931762469,0.000691473759350747
B,lq_emp_23,Construction LQ,prose_by_tier_ccr,stub,239,0.018393268247116956,0.0036622545374978
B,lq_emp_23,Construction LQ,prose_by_tier_ccr,thin,1005,0.10185607095902505,-0.0009432002621289071
B,lq_emp_23,Construction LQ,prose_by_tier_ccr,mid,608,0.14455780742078284,-0.0009513159157193973
B,lq_emp_23,Construction LQ,prose_by_tier_ccr,rich,617,0.06114023931762469,0.000912806025431312
B,lq_emp_23,Construction LQ,drop_stub,stub,239,0.018393268247116956,0.0013959951281146132
B,lq_emp_23,Construction LQ,drop_stub,thin,1005,0.10185607095902505,-0.0002594711799631666
B,lq_emp_23,Construction LQ,drop_stub,mid,608,0.14455780742078284,0.002607471365531744
B,lq_emp_23,Construction LQ,drop_stub,rich,617,0.06114023931762469,0.002434122655832538
B,lq_emp_23,Construction LQ,drop_stub_l2,stub,239,0.018393268247116956,0.0033321689869508786
B,lq_emp_23,Construction LQ,drop_stub_l2,thin,1005,0.10185607095902505,-0.0010493617508641195
B,lq_emp_23,Construction LQ,drop_stub_l2,mid,608,0.14455780742078284,0.002336048476429209
B,lq_emp_23,Construction LQ,drop_stub_l2,rich,617,0.06114023931762469,0.0040331688470643945
B,lq_emp_23,Construction LQ,drop_thin,stub,239,0.018393268247116956,0.0023240923889429332
B,lq_emp_23,Construction LQ,drop_thin,thin,1005,0.10185607095902505,-0.00020666000050439948
B,lq_emp_23,Construction LQ,drop_thin,mid,608,0.14455780742078284,-0.000987485635932761
B,lq_emp_23,Construction LQ,drop_thin,rich,617,0.06114023931762469,0.00013990088039950166
B,lq_emp_23,Construction LQ,drop_thin_l2,stub,239,0.018393268247116956,0.0024242122635981245
B,lq_emp_23,Construction LQ,drop_thin_l2,thin,1005,0.10185607095902505,-0.006960238502929372
B,lq_emp_23,Construction LQ,drop_thin_l2,mid,608,0.14455780742078284,-0.002535854814167404
B,lq_emp_23,Construction LQ,drop_thin_l2,rich,617,0.06114023931762469,-0.003137734104335488
B,lq_emp_23,Construction LQ,drop_mid,stub,239,0.018393268247116956,-0.001225436780823319
B,lq_emp_23,Construction LQ,drop_mid,thin,1005,0.10185607095902505,-0.0004169587862363766
B,lq_emp_23,Construction LQ,drop_mid,mid,608,0.14455780742078284,-0.006165663119219622
B,lq_emp_23,Construction LQ,drop_mid,rich,617,0.06114023931762469,0.0022216249710325098
B,lq_emp_23,Construction LQ,drop_mid_l2,stub,239,0.018393268247116956,-0.0035809343823732798
B,lq_emp_23,Construction LQ,drop_mid_l2,thin,1005,0.10185607095902505,-0.0009470345870070673
B,lq_emp_23,Construction LQ,drop_mid_l2,mid,608,0.14455780742078284,-0.006629481121183223
B,lq_emp_23,Construction LQ,drop_mid_l2,rich,617,0.06114023931762469,0.002587934482286003
B,lq_emp_23,Construction LQ,drop_rich,stub,239,0.018393268247116956,-0.000127168321377491
B,lq_emp_23,Construction LQ,drop_rich,thin,1005,0.10185607095902505,0.0005828584706567552
B,lq_emp_23,Construction LQ,drop_rich,mid,608,0.14455780742078284,0.004223735061183342
B,lq_emp_23,Construction LQ,drop_rich,rich,617,0.06114023931762469,0.0018749294514059933
B,lq_emp_23,Construction LQ,drop_rich_l2,stub,239,0.018393268247116956,0.00267752380720232
B,lq_emp_23,Construction LQ,drop_rich_l2,thin,1005,0.10185607095902505,-0.0007093786895415732
B,lq_emp_23,Construction LQ,drop_rich_l2,mid,608,0.14455780742078284,0.004217113890729318
B,lq_emp_23,Construction LQ,drop_rich_l2,rich,617,0.06114023931762469,0.0035212655912585378
B,lq_emp_23,Construction LQ,typed_sections,stub,239,0.018393268247116956,-0.0006920161468769725
B,lq_emp_23,Construction LQ,typed_sections,thin,1005,0.10185607095902505,-2.427345138600323e-05
B,lq_emp_23,Construction LQ,typed_sections,mid,608,0.14455780742078284,0.0013104905089121877
B,lq_emp_23,Construction LQ,typed_sections,rich,617,0.06114023931762469,-0.00027790424578011397
B,lq_emp_31-33,Manufacturing LQ,lead_only,stub,239,0.19056849008674137,0.001326291613188868
B,lq_emp_31-33,Manufacturing LQ,lead_only,thin,1041,0.17825217698356255,-0.0004150944126296574
B,lq_emp_31-33,Manufacturing LQ,lead_only,mid,644,0.1935351473245689,6.1034798924719524e-05
B,lq_emp_31-33,Manufacturing LQ,lead_only,rich,646,0.2349043233465703,-0.0006681145591332927
B,lq_emp_31-33,Manufacturing LQ,lead_only_pca64,stub,239,0.19056849008674137,0.0014340571693677306
B,lq_emp_31-33,Manufacturing LQ,lead_only_pca64,thin,1041,0.17825217698356255,-0.00047677085857367185
B,lq_emp_31-33,Manufacturing LQ,lead_only_pca64,mid,644,0.1935351473245689,3.7407686979351595e-05
B,lq_emp_31-33,Manufacturing LQ,lead_only_pca64,rich,646,0.2349043233465703,-0.0004275346305460115
B,lq_emp_31-33,Manufacturing LQ,lead_only_l2,stub,239,0.19056849008674137,0.0013466000166447722
B,lq_emp_31-33,Manufacturing LQ,lead_only_l2,thin,1041,0.17825217698356255,-0.0004137999493390998
B,lq_emp_31-33,Manufacturing LQ,lead_only_l2,mid,644,0.1935351473245689,8.347102598849077e-05
B,lq_emp_31-33,Manufacturing LQ,lead_only_l2,rich,646,0.2349043233465703,-0.0005319283921709772
B,lq_emp_31-33,Manufacturing LQ,lead_only_ccr,stub,239,0.19056849008674137,0.0014353342575162964
B,lq_emp_31-33,Manufacturing LQ,lead_only_ccr,thin,1041,0.17825217698356255,-0.00044210951197631854
B,lq_emp_31-33,Manufacturing LQ,lead_only_ccr,mid,644,0.1935351473245689,4.606049093369702e-05
B,lq_emp_31-33,Manufacturing LQ,lead_only_ccr,rich,646,0.2349043233465703,-0.0005801715099474913
B,lq_emp_31-33,Manufacturing LQ,uniform,stub,239,0.19056849008674137,0.009445672232315183
B,lq_emp_31-33,Manufacturing LQ,uniform,thin,1041,0.17825217698356255,0.00591506075381909
B,lq_emp_31-33,Manufacturing LQ,uniform,mid,644,0.1935351473245689,0.007214076524394097
B,lq_emp_31-33,Manufacturing LQ,uniform,rich,646,0.2349043233465703,0.009360603484624197
B,lq_emp_31-33,Manufacturing LQ,uniform_pca64,stub,239,0.19056849008674137,0.008192203609218907
B,lq_emp_31-33,Manufacturing LQ,uniform_pca64,thin,1041,0.17825217698356255,0.0011983319206483323
B,lq_emp_31-33,Manufacturing LQ,uniform_pca64,mid,644,0.1935351473245689,0.0053668428267125146
B,lq_emp_31-33,Manufacturing LQ,uniform_pca64,rich,646,0.2349043233465703,0.009347007266296448
B,lq_emp_31-33,Manufacturing LQ,uniform_l2,stub,239,0.19056849008674137,0.008580179722688763
B,lq_emp_31-33,Manufacturing LQ,uniform_l2,thin,1041,0.17825217698356255,0.0034468244960946803
B,lq_emp_31-33,Manufacturing LQ,uniform_l2,mid,644,0.1935351473245689,0.010713178237120036
B,lq_emp_31-33,Manufacturing LQ,uniform_l2,rich,646,0.2349043233465703,0.010881341748950946
B,lq_emp_31-33,Manufacturing LQ,uniform_ccr,stub,239,0.19056849008674137,0.011187392734134938
B,lq_emp_31-33,Manufacturing LQ,uniform_ccr,thin,1041,0.17825217698356255,0.005137682221826423
B,lq_emp_31-33,Manufacturing LQ,uniform_ccr,mid,644,0.1935351473245689,0.01746516388876962
B,lq_emp_31-33,Manufacturing LQ,uniform_ccr,rich,646,0.2349043233465703,0.007232475218784118
B,lq_emp_31-33,Manufacturing LQ,tier_conditional,stub,239,0.19056849008674137,0.002502425569477107
B,lq_emp_31-33,Manufacturing LQ,tier_conditional,thin,1041,0.17825217698356255,-8.161841600351494e-06
B,lq_emp_31-33,Manufacturing LQ,tier_conditional,mid,644,0.1935351473245689,0.001416922036169166
B,lq_emp_31-33,Manufacturing LQ,tier_conditional,rich,646,0.2349043233465703,0.0004984526543875267
B,lq_emp_31-33,Manufacturing LQ,tier_conditional_pca64,stub,239,0.19056849008674137,0.0026014748250345887
B,lq_emp_31-33,Manufacturing LQ,tier_conditional_pca64,thin,1041,0.17825217698356255,-0.00024385175265917436
B,lq_emp_31-33,Manufacturing LQ,tier_conditional_pca64,mid,644,0.1935351473245689,0.001110177345975183
B,lq_emp_31-33,Manufacturing LQ,tier_conditional_pca64,rich,646,0.2349043233465703,0.0006618321005782413
B,lq_emp_31-33,Manufacturing LQ,tier_conditional_l2,stub,239,0.19056849008674137,0.0035954603702033072
B,lq_emp_31-33,Manufacturing LQ,tier_conditional_l2,thin,1041,0.17825217698356255,-0.00010219940140054895
B,lq_emp_31-33,Manufacturing LQ,tier_conditional_l2,mid,644,0.1935351473245689,0.0014956240563410717
B,lq_emp_31-33,Manufacturing LQ,tier_conditional_l2,rich,646,0.2349043233465703,0.001013730745594632
B,lq_emp_31-33,Manufacturing LQ,tier_conditional_ccr,stub,239,0.19056849008674137,0.007574706034237932
B,lq_emp_31-33,Manufacturing LQ,tier_conditional_ccr,thin,1041,0.17825217698356255,0.002180130940017677
B,lq_emp_31-33,Manufacturing LQ,tier_conditional_ccr,mid,644,0.1935351473245689,0.0012915830741548895
B,lq_emp_31-33,Manufacturing LQ,tier_conditional_ccr,rich,646,0.2349043233465703,-0.002285752352803372
B,lq_emp_31-33,Manufacturing LQ,tier_conditional_inverse,stub,239,0.19056849008674137,-0.0007474099881722429
B,lq_emp_31-33,Manufacturing LQ,tier_conditional_inverse,thin,1041,0.17825217698356255,-0.0020145697080419245
B,lq_emp_31-33,Manufacturing LQ,tier_conditional_inverse,mid,644,0.1935351473245689,-0.0021552455836549855
B,lq_emp_31-33,Manufacturing LQ,tier_conditional_inverse,rich,646,0.2349043233465703,0.002765042771848858
B,lq_emp_31-33,Manufacturing LQ,tier_conditional_inverse_pca64,stub,239,0.19056849008674137,0.001212077377336418
B,lq_emp_31-33,Manufacturing LQ,tier_conditional_inverse_pca64,thin,1041,0.17825217698356255,-0.002226142877010062
B,lq_emp_31-33,Manufacturing LQ,tier_conditional_inverse_pca64,mid,644,0.1935351473245689,-0.0016311262865859044
B,lq_emp_31-33,Manufacturing LQ,tier_conditional_inverse_pca64,rich,646,0.2349043233465703,0.0034465997765016354
B,lq_emp_31-33,Manufacturing LQ,tier_conditional_inverse_l2,stub,239,0.19056849008674137,0.0006616088677405818
B,lq_emp_31-33,Manufacturing LQ,tier_conditional_inverse_l2,thin,1041,0.17825217698356255,-0.0004098631862177182
B,lq_emp_31-33,Manufacturing LQ,tier_conditional_inverse_l2,mid,644,0.1935351473245689,-0.0009669228162682009
B,lq_emp_31-33,Manufacturing LQ,tier_conditional_inverse_l2,rich,646,0.2349043233465703,0.005132196413249246
B,lq_emp_31-33,Manufacturing LQ,tier_conditional_inverse_ccr,stub,239,0.19056849008674137,0.0010368776985395511
B,lq_emp_31-33,Manufacturing LQ,tier_conditional_inverse_ccr,thin,1041,0.17825217698356255,-0.0006590172971179253
B,lq_emp_31-33,Manufacturing LQ,tier_conditional_inverse_ccr,mid,644,0.1935351473245689,-0.0008837878673245703
B,lq_emp_31-33,Manufacturing LQ,tier_conditional_inverse_ccr,rich,646,0.2349043233465703,0.0055717489517367325
B,lq_emp_31-33,Manufacturing LQ,prose_only,stub,239,0.19056849008674137,0.000983814953898987
B,lq_emp_31-33,Manufacturing LQ,prose_only,thin,1041,0.17825217698356255,-0.0001331510514881451
B,lq_emp_31-33,Manufacturing LQ,prose_only,mid,644,0.1935351473245689,0.00325154630486435
B,lq_emp_31-33,Manufacturing LQ,prose_only,rich,646,0.2349043233465703,0.00998260109604654
B,lq_emp_31-33,Manufacturing LQ,prose_only_pca64,stub,239,0.19056849008674137,0.00464539379956197
B,lq_emp_31-33,Manufacturing LQ,prose_only_pca64,thin,1041,0.17825217698356255,0.003263517483446776
B,lq_emp_31-33,Manufacturing LQ,prose_only_pca64,mid,644,0.1935351473245689,0.007463648751999674
B,lq_emp_31-33,Manufacturing LQ,prose_only_pca64,rich,646,0.2349043233465703,0.009599288367358572
B,lq_emp_31-33,Manufacturing LQ,prose_only_l2,stub,239,0.19056849008674137,0.001696652149222544
B,lq_emp_31-33,Manufacturing LQ,prose_only_l2,thin,1041,0.17825217698356255,0.001683988075964149
B,lq_emp_31-33,Manufacturing LQ,prose_only_l2,mid,644,0.1935351473245689,0.0048883569294991824
B,lq_emp_31-33,Manufacturing LQ,prose_only_l2,rich,646,0.2349043233465703,0.010174514766486342
B,lq_emp_31-33,Manufacturing LQ,prose_only_ccr,stub,239,0.19056849008674137,0.0035531864142337444
B,lq_emp_31-33,Manufacturing LQ,prose_only_ccr,thin,1041,0.17825217698356255,0.0021688774544151856
B,lq_emp_31-33,Manufacturing LQ,prose_only_ccr,mid,644,0.1935351473245689,0.0057825784845977335
B,lq_emp_31-33,Manufacturing LQ,prose_only_ccr,rich,646,0.2349043233465703,0.009900685606860304
B,lq_emp_31-33,Manufacturing LQ,prose_plus_history,stub,239,0.19056849008674137,-0.006449351109297674
B,lq_emp_31-33,Manufacturing LQ,prose_plus_history,thin,1041,0.17825217698356255,0.007168244142836122
B,lq_emp_31-33,Manufacturing LQ,prose_plus_history,mid,644,0.1935351473245689,0.006266117470951071
B,lq_emp_31-33,Manufacturing LQ,prose_plus_history,rich,646,0.2349043233465703,0.013389159079178703
B,lq_emp_31-33,Manufacturing LQ,prose_plus_history_pca64,stub,239,0.19056849008674137,-0.0010244449546792378
B,lq_emp_31-33,Manufacturing LQ,prose_plus_history_pca64,thin,1041,0.17825217698356255,0.006006894900387749
B,lq_emp_31-33,Manufacturing LQ,prose_plus_history_pca64,mid,644,0.1935351473245689,0.007601137013213188
B,lq_emp_31-33,Manufacturing LQ,prose_plus_history_pca64,rich,646,0.2349043233465703,0.0111824384189384
B,lq_emp_31-33,Manufacturing LQ,prose_plus_history_l2,stub,239,0.19056849008674137,-0.0036209654084137233
B,lq_emp_31-33,Manufacturing LQ,prose_plus_history_l2,thin,1041,0.17825217698356255,0.007493290005346154
B,lq_emp_31-33,Manufacturing LQ,prose_plus_history_l2,mid,644,0.1935351473245689,0.006392577634256713
B,lq_emp_31-33,Manufacturing LQ,prose_plus_history_l2,rich,646,0.2349043233465703,0.013571124896890163
B,lq_emp_31-33,Manufacturing LQ,prose_plus_history_ccr,stub,239,0.19056849008674137,-0.001578129985203347
B,lq_emp_31-33,Manufacturing LQ,prose_plus_history_ccr,thin,1041,0.17825217698356255,0.007242039586819793
B,lq_emp_31-33,Manufacturing LQ,prose_plus_history_ccr,mid,644,0.1935351473245689,0.008481261160256381
B,lq_emp_31-33,Manufacturing LQ,prose_plus_history_ccr,rich,646,0.2349043233465703,0.014639157350838206
B,lq_emp_31-33,Manufacturing LQ,economy_all_tiers,stub,239,0.19056849008674137,0.0004883605269958569
B,lq_emp_31-33,Manufacturing LQ,economy_all_tiers,thin,1041,0.17825217698356255,2.2675334691024673e-05
B,lq_emp_31-33,Manufacturing LQ,economy_all_tiers,mid,644,0.1935351473245689,-0.00012651491088500055
B,lq_emp_31-33,Manufacturing LQ,economy_all_tiers,rich,646,0.2349043233465703,0.0004265404124558225
B,lq_emp_31-33,Manufacturing LQ,economy_all_tiers_pca64,stub,239,0.19056849008674137,0.0005854759277245103
B,lq_emp_31-33,Manufacturing LQ,economy_all_tiers_pca64,thin,1041,0.17825217698356255,-0.00021324059467509038
B,lq_emp_31-33,Manufacturing LQ,economy_all_tiers_pca64,mid,644,0.1935351473245689,1.0224056270158322e-05
B,lq_emp_31-33,Manufacturing LQ,economy_all_tiers_pca64,rich,646,0.2349043233465703,0.00042287913673499933
B,lq_emp_31-33,Manufacturing LQ,economy_all_tiers_l2,stub,239,0.19056849008674137,0.00049723061714535
B,lq_emp_31-33,Manufacturing LQ,economy_all_tiers_l2,thin,1041,0.17825217698356255,6.508194334176043e-05
B,lq_emp_31-33,Manufacturing LQ,economy_all_tiers_l2,mid,644,0.1935351473245689,-3.102402288168715e-05
B,lq_emp_31-33,Manufacturing LQ,economy_all_tiers_l2,rich,646,0.2349043233465703,0.000538103432486281
B,lq_emp_31-33,Manufacturing LQ,economy_all_tiers_ccr,stub,239,0.19056849008674137,0.0005608105138914521
B,lq_emp_31-33,Manufacturing LQ,economy_all_tiers_ccr,thin,1041,0.17825217698356255,1.3674952672348972e-05
B,lq_emp_31-33,Manufacturing LQ,economy_all_tiers_ccr,mid,644,0.1935351473245689,-9.35590687684007e-05
B,lq_emp_31-33,Manufacturing LQ,economy_all_tiers_ccr,rich,646,0.2349043233465703,0.000463700976724879
B,lq_emp_31-33,Manufacturing LQ,prose_by_tier,stub,239,0.19056849008674137,0.0010977089570022303
B,lq_emp_31-33,Manufacturing LQ,prose_by_tier,thin,1041,0.17825217698356255,-0.0027093283142128888
B,lq_emp_31-33,Manufacturing LQ,prose_by_tier,mid,644,0.1935351473245689,0.0027486653984005738
B,lq_emp_31-33,Manufacturing LQ,prose_by_tier,rich,646,0.2349043233465703,0.0026831099478287213
B,lq_emp_31-33,Manufacturing LQ,prose_by_tier_pca64,stub,239,0.19056849008674137,0.001911790742553654
B,lq_emp_31-33,Manufacturing LQ,prose_by_tier_pca64,thin,1041,0.17825217698356255,-0.0026710332874607667
B,lq_emp_31-33,Manufacturing LQ,prose_by_tier_pca64,mid,644,0.1935351473245689,0.0017049147592741454
B,lq_emp_31-33,Manufacturing LQ,prose_by_tier_pca64,rich,646,0.2349043233465703,0.004039069155676089
B,lq_emp_31-33,Manufacturing LQ,prose_by_tier_l2,stub,239,0.19056849008674137,0.0026012837353545093
B,lq_emp_31-33,Manufacturing LQ,prose_by_tier_l2,thin,1041,0.17825217698356255,-0.00284772556983659
B,lq_emp_31-33,Manufacturing LQ,prose_by_tier_l2,mid,644,0.1935351473245689,0.0038370081042703452
B,lq_emp_31-33,Manufacturing LQ,prose_by_tier_l2,rich,646,0.2349043233465703,0.003551138884602678
B,lq_emp_31-33,Manufacturing LQ,prose_by_tier_ccr,stub,239,0.19056849008674137,0.0031616767033553206
B,lq_emp_31-33,Manufacturing LQ,prose_by_tier_ccr,thin,1041,0.17825217698356255,-0.0024826008990624926
B,lq_emp_31-33,Manufacturing LQ,prose_by_tier_ccr,mid,644,0.1935351473245689,0.00463542122634697
B,lq_emp_31-33,Manufacturing LQ,prose_by_tier_ccr,rich,646,0.2349043233465703,0.0035265699013254936
B,lq_emp_31-33,Manufacturing LQ,drop_stub,stub,239,0.19056849008674137,0.005209946259778886
B,lq_emp_31-33,Manufacturing LQ,drop_stub,thin,1041,0.17825217698356255,0.0007985784654199746
B,lq_emp_31-33,Manufacturing LQ,drop_stub,mid,644,0.1935351473245689,0.0013654452482970703
B,lq_emp_31-33,Manufacturing LQ,drop_stub,rich,646,0.2349043233465703,0.003147154959666665
B,lq_emp_31-33,Manufacturing LQ,drop_stub_l2,stub,239,0.19056849008674137,0.004846524604005142
B,lq_emp_31-33,Manufacturing LQ,drop_stub_l2,thin,1041,0.17825217698356255,0.0019647661199421185
B,lq_emp_31-33,Manufacturing LQ,drop_stub_l2,mid,644,0.1935351473245689,0.0045435806368741005
B,lq_emp_31-33,Manufacturing LQ,drop_stub_l2,rich,646,0.2349043233465703,0.008749608866156833
B,lq_emp_31-33,Manufacturing LQ,drop_thin,stub,239,0.19056849008674137,-0.0014076292762035258
B,lq_emp_31-33,Manufacturing LQ,drop_thin,thin,1041,0.17825217698356255,-0.002677511050699022
B,lq_emp_31-33,Manufacturing LQ,drop_thin,mid,644,0.1935351473245689,0.0015029502228578462
B,lq_emp_31-33,Manufacturing LQ,drop_thin,rich,646,0.2349043233465703,0.00356107497809377
B,lq_emp_31-33,Manufacturing LQ,drop_thin_l2,stub,239,0.19056849008674137,-0.004045232698701051
B,lq_emp_31-33,Manufacturing LQ,drop_thin_l2,thin,1041,0.17825217698356255,-0.005676128636235678
B,lq_emp_31-33,Manufacturing LQ,drop_thin_l2,mid,644,0.1935351473245689,0.0055910009772610625
B,lq_emp_31-33,Manufacturing LQ,drop_thin_l2,rich,646,0.2349043233465703,0.0025290813265061995
B,lq_emp_31-33,Manufacturing LQ,drop_mid,stub,239,0.19056849008674137,0.001129238887572992
B,lq_emp_31-33,Manufacturing LQ,drop_mid,thin,1041,0.17825217698356255,0.00035659431650292284
B,lq_emp_31-33,Manufacturing LQ,drop_mid,mid,644,0.1935351473245689,0.0002305056598572719
B,lq_emp_31-33,Manufacturing LQ,drop_mid,rich,646,0.2349043233465703,-7.774575925656446e-05
B,lq_emp_31-33,Manufacturing LQ,drop_mid_l2,stub,239,0.19056849008674137,0.0029781112455919967
B,lq_emp_31-33,Manufacturing LQ,drop_mid_l2,thin,1041,0.17825217698356255,0.0013524822932908798
B,lq_emp_31-33,Manufacturing LQ,drop_mid_l2,mid,644,0.1935351473245689,0.003453699298992974
B,lq_emp_31-33,Manufacturing LQ,drop_mid_l2,rich,646,0.2349043233465703,0.004424246102227358
B,lq_emp_31-33,Manufacturing LQ,drop_rich,stub,239,0.19056849008674137,0.004905042753024169
B,lq_emp_31-33,Manufacturing LQ,drop_rich,thin,1041,0.17825217698356255,0.001299994874039867
B,lq_emp_31-33,Manufacturing LQ,drop_rich,mid,644,0.1935351473245689,0.0011719328722034072
B,lq_emp_31-33,Manufacturing LQ,drop_rich,rich,646,0.2349043233465703,-0.004296523676301733
B,lq_emp_31-33,Manufacturing LQ,drop_rich_l2,stub,239,0.19056849008674137,0.005590747410275765
B,lq_emp_31-33,Manufacturing LQ,drop_rich_l2,thin,1041,0.17825217698356255,0.0016770032273920599
B,lq_emp_31-33,Manufacturing LQ,drop_rich_l2,mid,644,0.1935351473245689,0.001760280898835509
B,lq_emp_31-33,Manufacturing LQ,drop_rich_l2,rich,646,0.2349043233465703,-0.0032646861980831776
B,lq_emp_31-33,Manufacturing LQ,typed_sections,stub,239,0.19056849008674137,0.00498594136026731
B,lq_emp_31-33,Manufacturing LQ,typed_sections,thin,1041,0.17825217698356255,0.0064720860146006975
B,lq_emp_31-33,Manufacturing LQ,typed_sections,mid,644,0.1935351473245689,0.007958347447881486
B,lq_emp_31-33,Manufacturing LQ,typed_sections,rich,646,0.2349043233465703,0.0035569999374716055
B,lq_emp_42,Wholesale Trade LQ,lead_only,stub,208,0.2526018307318544,0.003151585444606475
B,lq_emp_42,Wholesale Trade LQ,lead_only,thin,954,0.22949184772389453,-0.0008151088319543476
B,lq_emp_42,Wholesale Trade LQ,lead_only,mid,592,0.24885965494238704,0.00035190827985320805
B,lq_emp_42,Wholesale Trade LQ,lead_only,rich,592,-0.0512593068572158,0.0014338257284507439
B,lq_emp_42,Wholesale Trade LQ,lead_only_pca64,stub,208,0.2526018307318544,0.003337890646707309
B,lq_emp_42,Wholesale Trade LQ,lead_only_pca64,thin,954,0.22949184772389453,-0.000526215421733367
B,lq_emp_42,Wholesale Trade LQ,lead_only_pca64,mid,592,0.24885965494238704,0.00039354113731993046
B,lq_emp_42,Wholesale Trade LQ,lead_only_pca64,rich,592,-0.0512593068572158,0.0013983109706632302
B,lq_emp_42,Wholesale Trade LQ,lead_only_l2,stub,208,0.2526018307318544,0.0031065242602777987
B,lq_emp_42,Wholesale Trade LQ,lead_only_l2,thin,954,0.22949184772389453,-0.000809646802974906
B,lq_emp_42,Wholesale Trade LQ,lead_only_l2,mid,592,0.24885965494238704,0.00035755874937093424
B,lq_emp_42,Wholesale Trade LQ,lead_only_l2,rich,592,-0.0512593068572158,0.0014024728978256906
B,lq_emp_42,Wholesale Trade LQ,lead_only_ccr,stub,208,0.2526018307318544,0.0031070606587090266
B,lq_emp_42,Wholesale Trade LQ,lead_only_ccr,thin,954,0.22949184772389453,-0.0008106647754797525
B,lq_emp_42,Wholesale Trade LQ,lead_only_ccr,mid,592,0.24885965494238704,0.00034745003540159747
B,lq_emp_42,Wholesale Trade LQ,lead_only_ccr,rich,592,-0.0512593068572158,0.0014101224971294624
B,lq_emp_42,Wholesale Trade LQ,uniform,stub,208,0.2526018307318544,0.005633439275807284
B,lq_emp_42,Wholesale Trade LQ,uniform,thin,954,0.22949184772389453,-0.0016931384286825724
B,lq_emp_42,Wholesale Trade LQ,uniform,mid,592,0.24885965494238704,4.032172742463036e-05
B,lq_emp_42,Wholesale Trade LQ,uniform,rich,592,-0.0512593068572158,-0.0023786775998377863
B,lq_emp_42,Wholesale Trade LQ,uniform_pca64,stub,208,0.2526018307318544,0.0015123036702897608
B,lq_emp_42,Wholesale Trade LQ,uniform_pca64,thin,954,0.22949184772389453,6.190425970253877e-05
B,lq_emp_42,Wholesale Trade LQ,uniform_pca64,mid,592,0.24885965494238704,-0.00046186359791278164
B,lq_emp_42,Wholesale Trade LQ,uniform_pca64,rich,592,-0.0512593068572158,0.000963615175658239
B,lq_emp_42,Wholesale Trade LQ,uniform_l2,stub,208,0.2526018307318544,0.006875347798296683
B,lq_emp_42,Wholesale Trade LQ,uniform_l2,thin,954,0.22949184772389453,-1.8157391659667788e-05
B,lq_emp_42,Wholesale Trade LQ,uniform_l2,mid,592,0.24885965494238704,0.0006998680626999487
B,lq_emp_42,Wholesale Trade LQ,uniform_l2,rich,592,-0.0512593068572158,-5.515269791755983e-06
B,lq_emp_42,Wholesale Trade LQ,uniform_ccr,stub,208,0.2526018307318544,0.010453595075460731
B,lq_emp_42,Wholesale Trade LQ,uniform_ccr,thin,954,0.22949184772389453,0.0021986207711445216
B,lq_emp_42,Wholesale Trade LQ,uniform_ccr,mid,592,0.24885965494238704,0.0012877418506010985
B,lq_emp_42,Wholesale Trade LQ,uniform_ccr,rich,592,-0.0512593068572158,-0.002899772037904702
B,lq_emp_42,Wholesale Trade LQ,tier_conditional,stub,208,0.2526018307318544,0.00046864531473689297
B,lq_emp_42,Wholesale Trade LQ,tier_conditional,thin,954,0.22949184772389453,-0.0004882504026270107
B,lq_emp_42,Wholesale Trade LQ,tier_conditional,mid,592,0.24885965494238704,0.000635557678593246
B,lq_emp_42,Wholesale Trade LQ,tier_conditional,rich,592,-0.0512593068572158,0.004253166711484679
B,lq_emp_42,Wholesale Trade LQ,tier_conditional_pca64,stub,208,0.2526018307318544,-0.0005049250136949235
B,lq_emp_42,Wholesale Trade LQ,tier_conditional_pca64,thin,954,0.22949184772389453,6.597432780963697e-05
B,lq_emp_42,Wholesale Trade LQ,tier_conditional_pca64,mid,592,0.24885965494238704,0.00026627325676908953
B,lq_emp_42,Wholesale Trade LQ,tier_conditional_pca64,rich,592,-0.0512593068572158,0.003522433735153818
B,lq_emp_42,Wholesale Trade LQ,tier_conditional_l2,stub,208,0.2526018307318544,0.0016277195885195939
B,lq_emp_42,Wholesale Trade LQ,tier_conditional_l2,thin,954,0.22949184772389453,-2.4725041881556997e-05
B,lq_emp_42,Wholesale Trade LQ,tier_conditional_l2,mid,592,0.24885965494238704,0.000284903277039672
B,lq_emp_42,Wholesale Trade LQ,tier_conditional_l2,rich,592,-0.0512593068572158,0.0032092470428282116
B,lq_emp_42,Wholesale Trade LQ,tier_conditional_ccr,stub,208,0.2526018307318544,0.0033194563524520104
B,lq_emp_42,Wholesale Trade LQ,tier_conditional_ccr,thin,954,0.22949184772389453,-0.0003300297621064985
B,lq_emp_42,Wholesale Trade LQ,tier_conditional_ccr,mid,592,0.24885965494238704,-0.0008581323911563965
B,lq_emp_42,Wholesale Trade LQ,tier_conditional_ccr,rich,592,-0.0512593068572158,-0.0006294013203331783
B,lq_emp_42,Wholesale Trade LQ,tier_conditional_inverse,stub,208,0.2526018307318544,0.0036756866882826644
B,lq_emp_42,Wholesale Trade LQ,tier_conditional_inverse,thin,954,0.22949184772389453,-0.0004947305935758539
B,lq_emp_42,Wholesale Trade LQ,tier_conditional_inverse,mid,592,0.24885965494238704,8.587633964196595e-05
B,lq_emp_42,Wholesale Trade LQ,tier_conditional_inverse,rich,592,-0.0512593068572158,-0.0001338550874299127
B,lq_emp_42,Wholesale Trade LQ,tier_conditional_inverse_pca64,stub,208,0.2526018307318544,0.004097516716129901
B,lq_emp_42,Wholesale Trade LQ,tier_conditional_inverse_pca64,thin,954,0.22949184772389453,-0.00012986136853987418
B,lq_emp_42,Wholesale Trade LQ,tier_conditional_inverse_pca64,mid,592,0.24885965494238704,-3.14585491969499e-05
B,lq_emp_42,Wholesale Trade LQ,tier_conditional_inverse_pca64,rich,592,-0.0512593068572158,-0.00022760200807692144
B,lq_emp_42,Wholesale Trade LQ,tier_conditional_inverse_l2,stub,208,0.2526018307318544,0.0031060171058575614
B,lq_emp_42,Wholesale Trade LQ,tier_conditional_inverse_l2,thin,954,0.22949184772389453,-0.0006156558064617235
B,lq_emp_42,Wholesale Trade LQ,tier_conditional_inverse_l2,mid,592,0.24885965494238704,0.0002342059207435243
B,lq_emp_42,Wholesale Trade LQ,tier_conditional_inverse_l2,rich,592,-0.0512593068572158,0.0005930579498569788
B,lq_emp_42,Wholesale Trade LQ,tier_conditional_inverse_ccr,stub,208,0.2526018307318544,0.0028563924704230192
B,lq_emp_42,Wholesale Trade LQ,tier_conditional_inverse_ccr,thin,954,0.22949184772389453,-0.0006038163644884742
B,lq_emp_42,Wholesale Trade LQ,tier_conditional_inverse_ccr,mid,592,0.24885965494238704,0.00021877350147458952
B,lq_emp_42,Wholesale Trade LQ,tier_conditional_inverse_ccr,rich,592,-0.0512593068572158,0.0005859799720073777
B,lq_emp_42,Wholesale Trade LQ,prose_only,stub,208,0.2526018307318544,0.009385238699713638
B,lq_emp_42,Wholesale Trade LQ,prose_only,thin,954,0.22949184772389453,0.0007101541873243411
B,lq_emp_42,Wholesale Trade LQ,prose_only,mid,592,0.24885965494238704,-0.0002658801788982812
B,lq_emp_42,Wholesale Trade LQ,prose_only,rich,592,-0.0512593068572158,-0.0031154014317211765
B,lq_emp_42,Wholesale Trade LQ,prose_only_pca64,stub,208,0.2526018307318544,0.007077100659505509
B,lq_emp_42,Wholesale Trade LQ,prose_only_pca64,thin,954,0.22949184772389453,0.002527932295479318
B,lq_emp_42,Wholesale Trade LQ,prose_only_pca64,mid,592,0.24885965494238704,-0.0005829541365617308
B,lq_emp_42,Wholesale Trade LQ,prose_only_pca64,rich,592,-0.0512593068572158,-0.00518874506246414
B,lq_emp_42,Wholesale Trade LQ,prose_only_l2,stub,208,0.2526018307318544,0.008500548219518733
B,lq_emp_42,Wholesale Trade LQ,prose_only_l2,thin,954,0.22949184772389453,0.0013447716575244462
B,lq_emp_42,Wholesale Trade LQ,prose_only_l2,mid,592,0.24885965494238704,-1.357565393023119e-05
B,lq_emp_42,Wholesale Trade LQ,prose_only_l2,rich,592,-0.0512593068572158,-0.001812068350712348
B,lq_emp_42,Wholesale Trade LQ,prose_only_ccr,stub,208,0.2526018307318544,0.008230654930026504
B,lq_emp_42,Wholesale Trade LQ,prose_only_ccr,thin,954,0.22949184772389453,0.0018329324367882815
B,lq_emp_42,Wholesale Trade LQ,prose_only_ccr,mid,592,0.24885965494238704,0.0004034239839658671
B,lq_emp_42,Wholesale Trade LQ,prose_only_ccr,rich,592,-0.0512593068572158,-8.055437156295753e-05
B,lq_emp_42,Wholesale Trade LQ,prose_plus_history,stub,208,0.2526018307318544,0.007806074158361764
B,lq_emp_42,Wholesale Trade LQ,prose_plus_history,thin,954,0.22949184772389453,-0.004259693392667185
B,lq_emp_42,Wholesale Trade LQ,prose_plus_history,mid,592,0.24885965494238704,0.0007164888105162248
B,lq_emp_42,Wholesale Trade LQ,prose_plus_history,rich,592,-0.0512593068572158,-0.005043380520908247
B,lq_emp_42,Wholesale Trade LQ,prose_plus_history_pca64,stub,208,0.2526018307318544,0.006300940770788355
B,lq_emp_42,Wholesale Trade LQ,prose_plus_history_pca64,thin,954,0.22949184772389453,-0.0009026629635243699
B,lq_emp_42,Wholesale Trade LQ,prose_plus_history_pca64,mid,592,0.24885965494238704,0.0008128364988826409
B,lq_emp_42,Wholesale Trade LQ,prose_plus_history_pca64,rich,592,-0.0512593068572158,-0.006689032108980308
B,lq_emp_42,Wholesale Trade LQ,prose_plus_history_l2,stub,208,0.2526018307318544,0.007682374993253194
B,lq_emp_42,Wholesale Trade LQ,prose_plus_history_l2,thin,954,0.22949184772389453,-0.0017992836966581605
B,lq_emp_42,Wholesale Trade LQ,prose_plus_history_l2,mid,592,0.24885965494238704,0.0028676120598349897
B,lq_emp_42,Wholesale Trade LQ,prose_plus_history_l2,rich,592,-0.0512593068572158,-0.0012618705177218636
B,lq_emp_42,Wholesale Trade LQ,prose_plus_history_ccr,stub,208,0.2526018307318544,0.007186469315378252
B,lq_emp_42,Wholesale Trade LQ,prose_plus_history_ccr,thin,954,0.22949184772389453,-0.0012931778062109656
B,lq_emp_42,Wholesale Trade LQ,prose_plus_history_ccr,mid,592,0.24885965494238704,0.003310549472541724
B,lq_emp_42,Wholesale Trade LQ,prose_plus_history_ccr,rich,592,-0.0512593068572158,-0.0011628083216979057
B,lq_emp_42,Wholesale Trade LQ,economy_all_tiers,stub,208,0.2526018307318544,0.0023364167345911735
B,lq_emp_42,Wholesale Trade LQ,economy_all_tiers,thin,954,0.22949184772389453,-0.0009322857473078594
B,lq_emp_42,Wholesale Trade LQ,economy_all_tiers,mid,592,0.24885965494238704,0.0005408904056528607
B,lq_emp_42,Wholesale Trade LQ,economy_all_tiers,rich,592,-0.0512593068572158,0.0012498288312732253
B,lq_emp_42,Wholesale Trade LQ,economy_all_tiers_pca64,stub,208,0.2526018307318544,0.0024973436659858628
B,lq_emp_42,Wholesale Trade LQ,economy_all_tiers_pca64,thin,954,0.22949184772389453,-0.0006172195747160547
B,lq_emp_42,Wholesale Trade LQ,economy_all_tiers_pca64,mid,592,0.24885965494238704,0.0004762720117331698
B,lq_emp_42,Wholesale Trade LQ,economy_all_tiers_pca64,rich,592,-0.0512593068572158,0.0010414832104617133
B,lq_emp_42,Wholesale Trade LQ,economy_all_tiers_l2,stub,208,0.2526018307318544,0.0022609083414996123
B,lq_emp_42,Wholesale Trade LQ,economy_all_tiers_l2,thin,954,0.22949184772389453,-0.0009531620434298782
B,lq_emp_42,Wholesale Trade LQ,economy_all_tiers_l2,mid,592,0.24885965494238704,0.0006280427029222713
B,lq_emp_42,Wholesale Trade LQ,economy_all_tiers_l2,rich,592,-0.0512593068572158,0.0014644246525243876
B,lq_emp_42,Wholesale Trade LQ,economy_all_tiers_ccr,stub,208,0.2526018307318544,0.0022623910930309465
B,lq_emp_42,Wholesale Trade LQ,economy_all_tiers_ccr,thin,954,0.22949184772389453,-0.0009504564045020869
B,lq_emp_42,Wholesale Trade LQ,economy_all_tiers_ccr,mid,592,0.24885965494238704,0.0006043820215879681
B,lq_emp_42,Wholesale Trade LQ,economy_all_tiers_ccr,rich,592,-0.0512593068572158,0.0013711237346749616
B,lq_emp_42,Wholesale Trade LQ,prose_by_tier,stub,208,0.2526018307318544,0.004576124657720837
B,lq_emp_42,Wholesale Trade LQ,prose_by_tier,thin,954,0.22949184772389453,-1.004861730047324e-05
B,lq_emp_42,Wholesale Trade LQ,prose_by_tier,mid,592,0.24885965494238704,0.0004837065455020051
B,lq_emp_42,Wholesale Trade LQ,prose_by_tier,rich,592,-0.0512593068572158,0.0016337133985910857
B,lq_emp_42,Wholesale Trade LQ,prose_by_tier_pca64,stub,208,0.2526018307318544,0.009432410340486475
B,lq_emp_42,Wholesale Trade LQ,prose_by_tier_pca64,thin,954,0.22949184772389453,0.000622572157970569
B,lq_emp_42,Wholesale Trade LQ,prose_by_tier_pca64,mid,592,0.24885965494238704,0.0003292520707194324
B,lq_emp_42,Wholesale Trade LQ,prose_by_tier_pca64,rich,592,-0.0512593068572158,-0.0016689781070586829
B,lq_emp_42,Wholesale Trade LQ,prose_by_tier_l2,stub,208,0.2526018307318544,0.008014065651998359
B,lq_emp_42,Wholesale Trade LQ,prose_by_tier_l2,thin,954,0.22949184772389453,-0.0005662925945847386
B,lq_emp_42,Wholesale Trade LQ,prose_by_tier_l2,mid,592,0.24885965494238704,3.997105059705408e-05
B,lq_emp_42,Wholesale Trade LQ,prose_by_tier_l2,rich,592,-0.0512593068572158,0.001954019609609059
B,lq_emp_42,Wholesale Trade LQ,prose_by_tier_ccr,stub,208,0.2526018307318544,0.008067952775795972
B,lq_emp_42,Wholesale Trade LQ,prose_by_tier_ccr,thin,954,0.22949184772389453,-0.0004477068384703964
B,lq_emp_42,Wholesale Trade LQ,prose_by_tier_ccr,mid,592,0.24885965494238704,0.00012090017048604906
B,lq_emp_42,Wholesale Trade LQ,prose_by_tier_ccr,rich,592,-0.0512593068572158,0.002734999029578855
B,lq_emp_42,Wholesale Trade LQ,drop_stub,stub,208,0.2526018307318544,-0.0031876634387770775
B,lq_emp_42,Wholesale Trade LQ,drop_stub,thin,954,0.22949184772389453,-0.0009364589643587884
B,lq_emp_42,Wholesale Trade LQ,drop_stub,mid,592,0.24885965494238704,-0.0005948962267385838
B,lq_emp_42,Wholesale Trade LQ,drop_stub,rich,592,-0.0512593068572158,0.0012321788009745926
B,lq_emp_42,Wholesale Trade LQ,drop_stub_l2,stub,208,0.2526018307318544,0.0009593051706965339
B,lq_emp_42,Wholesale Trade LQ,drop_stub_l2,thin,954,0.22949184772389453,0.0003232580989346312
B,lq_emp_42,Wholesale Trade LQ,drop_stub_l2,mid,592,0.24885965494238704,0.0003673395309169436
B,lq_emp_42,Wholesale Trade LQ,drop_stub_l2,rich,592,-0.0512593068572158,0.0029927593975229705
B,lq_emp_42,Wholesale Trade LQ,drop_thin,stub,208,0.2526018307318544,-0.0007098345348607316
B,lq_emp_42,Wholesale Trade LQ,drop_thin,thin,954,0.22949184772389453,-1.940207271877714e-05
B,lq_emp_42,Wholesale Trade LQ,drop_thin,mid,592,0.24885965494238704,8.085539880053894e-05
B,lq_emp_42,Wholesale Trade LQ,drop_thin,rich,592,-0.0512593068572158,0.00028008696553571966
B,lq_emp_42,Wholesale Trade LQ,drop_thin_l2,stub,208,0.2526018307318544,5.097900693173951e-05
B,lq_emp_42,Wholesale Trade LQ,drop_thin_l2,thin,954,0.22949184772389453,-0.0005157155310493433
B,lq_emp_42,Wholesale Trade LQ,drop_thin_l2,mid,592,0.24885965494238704,0.0007307894376594737
B,lq_emp_42,Wholesale Trade LQ,drop_thin_l2,rich,592,-0.0512593068572158,0.001154912997659574
B,lq_emp_42,Wholesale Trade LQ,drop_mid,stub,208,0.2526018307318544,0.0025118645017122576
B,lq_emp_42,Wholesale Trade LQ,drop_mid,thin,954,0.22949184772389453,-0.001223029285335353
B,lq_emp_42,Wholesale Trade LQ,drop_mid,mid,592,0.24885965494238704,-0.0005075291765761492
B,lq_emp_42,Wholesale Trade LQ,drop_mid,rich,592,-0.0512593068572158,-0.0008756965221348167
B,lq_emp_42,Wholesale Trade LQ,drop_mid_l2,stub,208,0.2526018307318544,0.004231820679849063
B,lq_emp_42,Wholesale Trade LQ,drop_mid_l2,thin,954,0.22949184772389453,-0.0007829467112099309
B,lq_emp_42,Wholesale Trade LQ,drop_mid_l2,mid,592,0.24885965494238704,-0.0001354610322442662
B,lq_emp_42,Wholesale Trade LQ,drop_mid_l2,rich,592,-0.0512593068572158,0.0003668501368567778
B,lq_emp_42,Wholesale Trade LQ,drop_rich,stub,208,0.2526018307318544,5.342912743377948e-05
B,lq_emp_42,Wholesale Trade LQ,drop_rich,thin,954,0.22949184772389453,0.00040168691894282293
B,lq_emp_42,Wholesale Trade LQ,drop_rich,mid,592,0.24885965494238704,-4.9082549281043164e-05
B,lq_emp_42,Wholesale Trade LQ,drop_rich,rich,592,-0.0512593068572158,0.0031008048617058304
B,lq_emp_42,Wholesale Trade LQ,drop_rich_l2,stub,208,0.2526018307318544,0.0007604696646469344
B,lq_emp_42,Wholesale Trade LQ,drop_rich_l2,thin,954,0.22949184772389453,0.000748954801719881
B,lq_emp_42,Wholesale Trade LQ,drop_rich_l2,mid,592,0.24885965494238704,0.00031285831548999443
B,lq_emp_42,Wholesale Trade LQ,drop_rich_l2,rich,592,-0.0512593068572158,0.0018634368415306746
B,lq_emp_42,Wholesale Trade LQ,typed_sections,stub,208,0.2526018307318544,0.00029772020125184984
B,lq_emp_42,Wholesale Trade LQ,typed_sections,thin,954,0.22949184772389453,0.0025317988804692826
B,lq_emp_42,Wholesale Trade LQ,typed_sections,mid,592,0.24885965494238704,0.005211718351102679
B,lq_emp_42,Wholesale Trade LQ,typed_sections,rich,592,-0.0512593068572158,-0.00415364781584171
B,lq_emp_44-45,Retail Trade LQ,lead_only,stub,289,0.053552530717438596,-0.0015949088601190375
B,lq_emp_44-45,Retail Trade LQ,lead_only,thin,1243,0.1400361954133602,-0.0004781112387185482
B,lq_emp_44-45,Retail Trade LQ,lead_only,mid,759,0.09759468200262233,-0.00029793083655349495
B,lq_emp_44-45,Retail Trade LQ,lead_only,rich,759,0.08323800418998817,0.00045634784168946396
B,lq_emp_44-45,Retail Trade LQ,lead_only_pca64,stub,289,0.053552530717438596,-0.001511073466984425
B,lq_emp_44-45,Retail Trade LQ,lead_only_pca64,thin,1243,0.1400361954133602,-0.0003700934662014266
B,lq_emp_44-45,Retail Trade LQ,lead_only_pca64,mid,759,0.09759468200262233,-0.00043391322185970527
B,lq_emp_44-45,Retail Trade LQ,lead_only_pca64,rich,759,0.08323800418998817,-0.0005383628164796761
B,lq_emp_44-45,Retail Trade LQ,lead_only_l2,stub,289,0.053552530717438596,-0.0024123584127111464
B,lq_emp_44-45,Retail Trade LQ,lead_only_l2,thin,1243,0.1400361954133602,-0.0015059567342451396
B,lq_emp_44-45,Retail Trade LQ,lead_only_l2,mid,759,0.09759468200262233,-0.001345742109597703
B,lq_emp_44-45,Retail Trade LQ,lead_only_l2,rich,759,0.08323800418998817,-0.0010464718985817578
B,lq_emp_44-45,Retail Trade LQ,lead_only_ccr,stub,289,0.053552530717438596,-0.0021746780028458756
B,lq_emp_44-45,Retail Trade LQ,lead_only_ccr,thin,1243,0.1400361954133602,-0.00104682120667543
B,lq_emp_44-45,Retail Trade LQ,lead_only_ccr,mid,759,0.09759468200262233,-0.0015749140370887593
B,lq_emp_44-45,Retail Trade LQ,lead_only_ccr,rich,759,0.08323800418998817,-0.0019852592305549255
B,lq_emp_44-45,Retail Trade LQ,uniform,stub,289,0.053552530717438596,-0.003943344169300311
B,lq_emp_44-45,Retail Trade LQ,uniform,thin,1243,0.1400361954133602,0.00137774356770215
B,lq_emp_44-45,Retail Trade LQ,uniform,mid,759,0.09759468200262233,0.00016330374577266937
B,lq_emp_44-45,Retail Trade LQ,uniform,rich,759,0.08323800418998817,0.006632817966894078
B,lq_emp_44-45,Retail Trade LQ,uniform_pca64,stub,289,0.053552530717438596,-0.0033649991247127753
B,lq_emp_44-45,Retail Trade LQ,uniform_pca64,thin,1243,0.1400361954133602,0.0009221172349808127
B,lq_emp_44-45,Retail Trade LQ,uniform_pca64,mid,759,0.09759468200262233,0.00046888258935806615
B,lq_emp_44-45,Retail Trade LQ,uniform_pca64,rich,759,0.08323800418998817,0.006549379770600328
B,lq_emp_44-45,Retail Trade LQ,uniform_l2,stub,289,0.053552530717438596,-0.003571096364553661
B,lq_emp_44-45,Retail Trade LQ,uniform_l2,thin,1243,0.1400361954133602,0.0015993331705512759
B,lq_emp_44-45,Retail Trade LQ,uniform_l2,mid,759,0.09759468200262233,-0.00012279138826176705
B,lq_emp_44-45,Retail Trade LQ,uniform_l2,rich,759,0.08323800418998817,0.009165373990855041
B,lq_emp_44-45,Retail Trade LQ,uniform_ccr,stub,289,0.053552530717438596,-0.00237825162138694
B,lq_emp_44-45,Retail Trade LQ,uniform_ccr,thin,1243,0.1400361954133602,0.0024441228975771168
B,lq_emp_44-45,Retail Trade LQ,uniform_ccr,mid,759,0.09759468200262233,0.0007899635070813815
B,lq_emp_44-45,Retail Trade LQ,uniform_ccr,rich,759,0.08323800418998817,0.007526282871145429
B,lq_emp_44-45,Retail Trade LQ,tier_conditional,stub,289,0.053552530717438596,-0.010966590520906982
B,lq_emp_44-45,Retail Trade LQ,tier_conditional,thin,1243,0.1400361954133602,0.002196915368851804
B,lq_emp_44-45,Retail Trade LQ,tier_conditional,mid,759,0.09759468200262233,-0.00786977061942784
B,lq_emp_44-45,Retail Trade LQ,tier_conditional,rich,759,0.08323800418998817,-0.004166256844320704
B,lq_emp_44-45,Retail Trade LQ,tier_conditional_pca64,stub,289,0.053552530717438596,-0.001999279164693335
B,lq_emp_44-45,Retail Trade LQ,tier_conditional_pca64,thin,1243,0.1400361954133602,0.0006750204344673216
B,lq_emp_44-45,Retail Trade LQ,tier_conditional_pca64,mid,759,0.09759468200262233,-0.00263954942594391
B,lq_emp_44-45,Retail Trade LQ,tier_conditional_pca64,rich,759,0.08323800418998817,-0.0015389301649356701
B,lq_emp_44-45,Retail Trade LQ,tier_conditional_l2,stub,289,0.053552530717438596,-0.013227787208294872
B,lq_emp_44-45,Retail Trade LQ,tier_conditional_l2,thin,1243,0.1400361954133602,0.003494272009697874
B,lq_emp_44-45,Retail Trade LQ,tier_conditional_l2,mid,759,0.09759468200262233,-0.008046227543598738
B,lq_emp_44-45,Retail Trade LQ,tier_conditional_l2,rich,759,0.08323800418998817,0.0002617082688951555
B,lq_emp_44-45,Retail Trade LQ,tier_conditional_ccr,stub,289,0.053552530717438596,-0.00019966170601337652
B,lq_emp_44-45,Retail Trade LQ,tier_conditional_ccr,thin,1243,0.1400361954133602,0.0026289251107739497
B,lq_emp_44-45,Retail Trade LQ,tier_conditional_ccr,mid,759,0.09759468200262233,-7.119261521049136e-05
B,lq_emp_44-45,Retail Trade LQ,tier_conditional_ccr,rich,759,0.08323800418998817,0.0015089950461988355
B,lq_emp_44-45,Retail Trade LQ,tier_conditional_inverse,stub,289,0.053552530717438596,-0.0008821390524272887
B,lq_emp_44-45,Retail Trade LQ,tier_conditional_inverse,thin,1243,0.1400361954133602,6.009180738164588e-05
B,lq_emp_44-45,Retail Trade LQ,tier_conditional_inverse,mid,759,0.09759468200262233,-0.00045604088211892435
B,lq_emp_44-45,Retail Trade LQ,tier_conditional_inverse,rich,759,0.08323800418998817,0.0002833012563959736
B,lq_emp_44-45,Retail Trade LQ,tier_conditional_inverse_pca64,stub,289,0.053552530717438596,-0.0005194056168912331
B,lq_emp_44-45,Retail Trade LQ,tier_conditional_inverse_pca64,thin,1243,0.1400361954133602,-3.2518589008323495e-05
B,lq_emp_44-45,Retail Trade LQ,tier_conditional_inverse_pca64,mid,759,0.09759468200262233,-0.0003687080159553435
B,lq_emp_44-45,Retail Trade LQ,tier_conditional_inverse_pca64,rich,759,0.08323800418998817,0.0002008941027245026
B,lq_emp_44-45,Retail Trade LQ,tier_conditional_inverse_l2,stub,289,0.053552530717438596,-0.002416645288166097
B,lq_emp_44-45,Retail Trade LQ,tier_conditional_inverse_l2,thin,1243,0.1400361954133602,-0.00020518593335949742
B,lq_emp_44-45,Retail Trade LQ,tier_conditional_inverse_l2,mid,759,0.09759468200262233,-0.0005027703841681275
B,lq_emp_44-45,Retail Trade LQ,tier_conditional_inverse_l2,rich,759,0.08323800418998817,0.001612150239033161
B,lq_emp_44-45,Retail Trade LQ,tier_conditional_inverse_ccr,stub,289,0.053552530717438596,-0.0027267877532387574
B,lq_emp_44-45,Retail Trade LQ,tier_conditional_inverse_ccr,thin,1243,0.1400361954133602,-0.000699729296786411
B,lq_emp_44-45,Retail Trade LQ,tier_conditional_inverse_ccr,mid,759,0.09759468200262233,-0.0013267805837463564
B,lq_emp_44-45,Retail Trade LQ,tier_conditional_inverse_ccr,rich,759,0.08323800418998817,0.005449488701640859
B,lq_emp_44-45,Retail Trade LQ,prose_only,stub,289,0.053552530717438596,-0.00012917710890025802
B,lq_emp_44-45,Retail Trade LQ,prose_only,thin,1243,0.1400361954133602,0.00016291414627012113
B,lq_emp_44-45,Retail Trade LQ,prose_only,mid,759,0.09759468200262233,0.000605671286787679
B,lq_emp_44-45,Retail Trade LQ,prose_only,rich,759,0.08323800418998817,0.0011424110763914586
B,lq_emp_44-45,Retail Trade LQ,prose_only_pca64,stub,289,0.053552530717438596,-0.0002835122223308062
B,lq_emp_44-45,Retail Trade LQ,prose_only_pca64,thin,1243,0.1400361954133602,0.0001703547155996743
B,lq_emp_44-45,Retail Trade LQ,prose_only_pca64,mid,759,0.09759468200262233,0.00025995106562004544
B,lq_emp_44-45,Retail Trade LQ,prose_only_pca64,rich,759,0.08323800418998817,0.0013753629608664886
B,lq_emp_44-45,Retail Trade LQ,prose_only_l2,stub,289,0.053552530717438596,-0.0003032482412297366
B,lq_emp_44-45,Retail Trade LQ,prose_only_l2,thin,1243,0.1400361954133602,0.00025654790389539883
B,lq_emp_44-45,Retail Trade LQ,prose_only_l2,mid,759,0.09759468200262233,0.0003009875362122161
B,lq_emp_44-45,Retail Trade LQ,prose_only_l2,rich,759,0.08323800418998817,0.003999855763597959
B,lq_emp_44-45,Retail Trade LQ,prose_only_ccr,stub,289,0.053552530717438596,7.946489620402897e-05
B,lq_emp_44-45,Retail Trade LQ,prose_only_ccr,thin,1243,0.1400361954133602,0.0008462234974891958
B,lq_emp_44-45,Retail Trade LQ,prose_only_ccr,mid,759,0.09759468200262233,0.00019266506157544772
B,lq_emp_44-45,Retail Trade LQ,prose_only_ccr,rich,759,0.08323800418998817,0.0019349008499819353
B,lq_emp_44-45,Retail Trade LQ,prose_plus_history,stub,289,0.053552530717438596,-0.001558062486497258
B,lq_emp_44-45,Retail Trade LQ,prose_plus_history,thin,1243,0.1400361954133602,-0.0005174170559167912
B,lq_emp_44-45,Retail Trade LQ,prose_plus_history,mid,759,0.09759468200262233,-4.622965151368508e-05
B,lq_emp_44-45,Retail Trade LQ,prose_plus_history,rich,759,0.08323800418998817,0.0031195138418621537
B,lq_emp_44-45,Retail Trade LQ,prose_plus_history_pca64,stub,289,0.053552530717438596,-0.0015257300339248658
B,lq_emp_44-45,Retail Trade LQ,prose_plus_history_pca64,thin,1243,0.1400361954133602,-0.00026287417470549634
B,lq_emp_44-45,Retail Trade LQ,prose_plus_history_pca64,mid,759,0.09759468200262233,0.0001509217755024661
B,lq_emp_44-45,Retail Trade LQ,prose_plus_history_pca64,rich,759,0.08323800418998817,0.003106234789314599
B,lq_emp_44-45,Retail Trade LQ,prose_plus_history_l2,stub,289,0.053552530717438596,-0.0017833762559772426
B,lq_emp_44-45,Retail Trade LQ,prose_plus_history_l2,thin,1243,0.1400361954133602,-0.0003550937769417617
B,lq_emp_44-45,Retail Trade LQ,prose_plus_history_l2,mid,759,0.09759468200262233,0.00028582373522823
B,lq_emp_44-45,Retail Trade LQ,prose_plus_history_l2,rich,759,0.08323800418998817,0.0047830084341042856
B,lq_emp_44-45,Retail Trade LQ,prose_plus_history_ccr,stub,289,0.053552530717438596,-0.002032259651413626
B,lq_emp_44-45,Retail Trade LQ,prose_plus_history_ccr,thin,1243,0.1400361954133602,-0.0002019017077929952
B,lq_emp_44-45,Retail Trade LQ,prose_plus_history_ccr,mid,759,0.09759468200262233,0.00010441126213256435
B,lq_emp_44-45,Retail Trade LQ,prose_plus_history_ccr,rich,759,0.08323800418998817,0.004305409603650112
B,lq_emp_44-45,Retail Trade LQ,economy_all_tiers,stub,289,0.053552530717438596,-0.0020785142848351867
B,lq_emp_44-45,Retail Trade LQ,economy_all_tiers,thin,1243,0.1400361954133602,-0.0007924560307713824
B,lq_emp_44-45,Retail Trade LQ,economy_all_tiers,mid,759,0.09759468200262233,-0.0008282617586233831
B,lq_emp_44-45,Retail Trade LQ,economy_all_tiers,rich,759,0.08323800418998817,0.0010859124078597127
B,lq_emp_44-45,Retail Trade LQ,economy_all_tiers_pca64,stub,289,0.053552530717438596,-0.0019363781533056068
B,lq_emp_44-45,Retail Trade LQ,economy_all_tiers_pca64,thin,1243,0.1400361954133602,-0.0006514126505047235
B,lq_emp_44-45,Retail Trade LQ,economy_all_tiers_pca64,mid,759,0.09759468200262233,-0.000780229933248
B,lq_emp_44-45,Retail Trade LQ,economy_all_tiers_pca64,rich,759,0.08323800418998817,-5.855560551770722e-05
B,lq_emp_44-45,Retail Trade LQ,economy_all_tiers_l2,stub,289,0.053552530717438596,-0.005723479054682401
B,lq_emp_44-45,Retail Trade LQ,economy_all_tiers_l2,thin,1243,0.1400361954133602,-0.002010063763481451
B,lq_emp_44-45,Retail Trade LQ,economy_all_tiers_l2,mid,759,0.09759468200262233,-0.004323332891165377
B,lq_emp_44-45,Retail Trade LQ,economy_all_tiers_l2,rich,759,0.08323800418998817,0.00036516837093303334
B,lq_emp_44-45,Retail Trade LQ,economy_all_tiers_ccr,stub,289,0.053552530717438596,-0.004839618342604601
B,lq_emp_44-45,Retail Trade LQ,economy_all_tiers_ccr,thin,1243,0.1400361954133602,-0.0017670614122620165
B,lq_emp_44-45,Retail Trade LQ,economy_all_tiers_ccr,mid,759,0.09759468200262233,-0.0043768159000480145
B,lq_emp_44-45,Retail Trade LQ,economy_all_tiers_ccr,rich,759,0.08323800418998817,-0.00033130223675181814
B,lq_emp_44-45,Retail Trade LQ,prose_by_tier,stub,289,0.053552530717438596,-0.002160772414407597
B,lq_emp_44-45,Retail Trade LQ,prose_by_tier,thin,1243,0.1400361954133602,-0.00013236692920082227
B,lq_emp_44-45,Retail Trade LQ,prose_by_tier,mid,759,0.09759468200262233,0.0008090713191318821
B,lq_emp_44-45,Retail Trade LQ,prose_by_tier,rich,759,0.08323800418998817,0.001092163000627533
B,lq_emp_44-45,Retail Trade LQ,prose_by_tier_pca64,stub,289,0.053552530717438596,-0.0017175406699542206
B,lq_emp_44-45,Retail Trade LQ,prose_by_tier_pca64,thin,1243,0.1400361954133602,-0.00025762951158547764
B,lq_emp_44-45,Retail Trade LQ,prose_by_tier_pca64,mid,759,0.09759468200262233,-5.06899648646808e-05
B,lq_emp_44-45,Retail Trade LQ,prose_by_tier_pca64,rich,759,0.08323800418998817,0.00013422653763617287
B,lq_emp_44-45,Retail Trade LQ,prose_by_tier_l2,stub,289,0.053552530717438596,-0.01755539585271315
B,lq_emp_44-45,Retail Trade LQ,prose_by_tier_l2,thin,1243,0.1400361954133602,-0.00025558207780518316
B,lq_emp_44-45,Retail Trade LQ,prose_by_tier_l2,mid,759,0.09759468200262233,0.0010036642273710816
B,lq_emp_44-45,Retail Trade LQ,prose_by_tier_l2,rich,759,0.08323800418998817,0.01386234116313112
B,lq_emp_44-45,Retail Trade LQ,prose_by_tier_ccr,stub,289,0.053552530717438596,-0.012734908083749774
B,lq_emp_44-45,Retail Trade LQ,prose_by_tier_ccr,thin,1243,0.1400361954133602,-0.00131707538976511
B,lq_emp_44-45,Retail Trade LQ,prose_by_tier_ccr,mid,759,0.09759468200262233,0.0010912276465411264
B,lq_emp_44-45,Retail Trade LQ,prose_by_tier_ccr,rich,759,0.08323800418998817,0.007167498168810238
B,lq_emp_44-45,Retail Trade LQ,drop_stub,stub,289,0.053552530717438596,0.0037914104138867533
B,lq_emp_44-45,Retail Trade LQ,drop_stub,thin,1243,0.1400361954133602,-0.00022704838078124734
B,lq_emp_44-45,Retail Trade LQ,drop_stub,mid,759,0.09759468200262233,-0.003336923562992866
B,lq_emp_44-45,Retail Trade LQ,drop_stub,rich,759,0.08323800418998817,0.00902826106584309
B,lq_emp_44-45,Retail Trade LQ,drop_stub_l2,stub,289,0.053552530717438596,0.007478729223205138
B,lq_emp_44-45,Retail Trade LQ,drop_stub_l2,thin,1243,0.1400361954133602,0.000732388166745146
B,lq_emp_44-45,Retail Trade LQ,drop_stub_l2,mid,759,0.09759468200262233,-0.004417869570571109
B,lq_emp_44-45,Retail Trade LQ,drop_stub_l2,rich,759,0.08323800418998817,0.01521051662615569
B,lq_emp_44-45,Retail Trade LQ,drop_thin,stub,289,0.053552530717438596,-0.00010647564250321206
B,lq_emp_44-45,Retail Trade LQ,drop_thin,thin,1243,0.1400361954133602,-1.8387722918400407e-05
B,lq_emp_44-45,Retail Trade LQ,drop_thin,mid,759,0.09759468200262233,2.3778969810539508e-05
B,lq_emp_44-45,Retail Trade LQ,drop_thin,rich,759,0.08323800418998817,0.0008572125378848439
B,lq_emp_44-45,Retail Trade LQ,drop_thin_l2,stub,289,0.053552530717438596,-0.0026109232997785226
B,lq_emp_44-45,Retail Trade LQ,drop_thin_l2,thin,1243,0.1400361954133602,-0.0019970000497491203
B,lq_emp_44-45,Retail Trade LQ,drop_thin_l2,mid,759,0.09759468200262233,0.0007874986700981967
B,lq_emp_44-45,Retail Trade LQ,drop_thin_l2,rich,759,0.08323800418998817,0.008907843922478453
B,lq_emp_44-45,Retail Trade LQ,drop_mid,stub,289,0.053552530717438596,-0.0008656610231811968
B,lq_emp_44-45,Retail Trade LQ,drop_mid,thin,1243,0.1400361954133602,0.00013993540234857882
B,lq_emp_44-45,Retail Trade LQ,drop_mid,mid,759,0.09759468200262233,0.0028279393871156744
B,lq_emp_44-45,Retail Trade LQ,drop_mid,rich,759,0.08323800418998817,0.002568270346569812
B,lq_emp_44-45,Retail Trade LQ,drop_mid_l2,stub,289,0.053552530717438596,-0.0015142654037927361
B,lq_emp_44-45,Retail Trade LQ,drop_mid_l2,thin,1243,0.1400361954133602,0.00034789400491186395
B,lq_emp_44-45,Retail Trade LQ,drop_mid_l2,mid,759,0.09759468200262233,0.0017724330817391332
B,lq_emp_44-45,Retail Trade LQ,drop_mid_l2,rich,759,0.08323800418998817,0.004511734116695587
B,lq_emp_44-45,Retail Trade LQ,drop_rich,stub,289,0.053552530717438596,-0.014331960873744554
B,lq_emp_44-45,Retail Trade LQ,drop_rich,thin,1243,0.1400361954133602,0.004750255404068815
B,lq_emp_44-45,Retail Trade LQ,drop_rich,mid,759,0.09759468200262233,-0.0007321372163743289
B,lq_emp_44-45,Retail Trade LQ,drop_rich,rich,759,0.08323800418998817,0.009006334383769743
B,lq_emp_44-45,Retail Trade LQ,drop_rich_l2,stub,289,0.053552530717438596,-0.013888428221277338
B,lq_emp_44-45,Retail Trade LQ,drop_rich_l2,thin,1243,0.1400361954133602,0.006775980328564524
B,lq_emp_44-45,Retail Trade LQ,drop_rich_l2,mid,759,0.09759468200262233,-0.0017585150398915506
B,lq_emp_44-45,Retail Trade LQ,drop_rich_l2,rich,759,0.08323800418998817,0.014135548651822871
B,lq_emp_44-45,Retail Trade LQ,typed_sections,stub,289,0.053552530717438596,-0.005714298475717472
B,lq_emp_44-45,Retail Trade LQ,typed_sections,thin,1243,0.1400361954133602,-0.0016496811970910796
B,lq_emp_44-45,Retail Trade LQ,typed_sections,mid,759,0.09759468200262233,-0.005669280618284422
B,lq_emp_44-45,Retail Trade LQ,typed_sections,rich,759,0.08323800418998817,0.0053194386241294245
B,lq_emp_48-49,Transportation & Warehousing LQ,lead_only,stub,166,-0.0024201010968609715,-0.0021596248635933346
B,lq_emp_48-49,Transportation & Warehousing LQ,lead_only,thin,837,0.04791423609040224,-0.0010545857617898502
B,lq_emp_48-49,Transportation & Warehousing LQ,lead_only,mid,558,0.06383146371604931,0.000829269928012133
B,lq_emp_48-49,Transportation & Warehousing LQ,lead_only,rich,599,0.02634491687264018,0.001851331654309618
B,lq_emp_48-49,Transportation & Warehousing LQ,lead_only_pca64,stub,166,-0.0024201010968609715,-0.0018468394559811863
B,lq_emp_48-49,Transportation & Warehousing LQ,lead_only_pca64,thin,837,0.04791423609040224,0.00018442045422129016
B,lq_emp_48-49,Transportation & Warehousing LQ,lead_only_pca64,mid,558,0.06383146371604931,0.0012541937211694165
B,lq_emp_48-49,Transportation & Warehousing LQ,lead_only_pca64,rich,599,0.02634491687264018,0.0002524858347919823
B,lq_emp_48-49,Transportation & Warehousing LQ,lead_only_l2,stub,166,-0.0024201010968609715,-0.002040116123530389
B,lq_emp_48-49,Transportation & Warehousing LQ,lead_only_l2,thin,837,0.04791423609040224,-0.0010990380938306066
B,lq_emp_48-49,Transportation & Warehousing LQ,lead_only_l2,mid,558,0.06383146371604931,0.0008370337149700147
B,lq_emp_48-49,Transportation & Warehousing LQ,lead_only_l2,rich,599,0.02634491687264018,0.0017439229474579543
B,lq_emp_48-49,Transportation & Warehousing LQ,lead_only_ccr,stub,166,-0.0024201010968609715,-0.0023456302148208152
B,lq_emp_48-49,Transportation & Warehousing LQ,lead_only_ccr,thin,837,0.04791423609040224,-0.0008858600698742336
B,lq_emp_48-49,Transportation & Warehousing LQ,lead_only_ccr,mid,558,0.06383146371604931,0.0011080760980052284
B,lq_emp_48-49,Transportation & Warehousing LQ,lead_only_ccr,rich,599,0.02634491687264018,0.0018831445632000454
B,lq_emp_48-49,Transportation & Warehousing LQ,uniform,stub,166,-0.0024201010968609715,0.0307222041594023
B,lq_emp_48-49,Transportation & Warehousing LQ,uniform,thin,837,0.04791423609040224,0.0010103865342349083
B,lq_emp_48-49,Transportation & Warehousing LQ,uniform,mid,558,0.06383146371604931,0.005760687808631482
B,lq_emp_48-49,Transportation & Warehousing LQ,uniform,rich,599,0.02634491687264018,-0.0014378760474716978
B,lq_emp_48-49,Transportation & Warehousing LQ,uniform_pca64,stub,166,-0.0024201010968609715,0.021396685097099022
B,lq_emp_48-49,Transportation & Warehousing LQ,uniform_pca64,thin,837,0.04791423609040224,-0.003198705487895026
B,lq_emp_48-49,Transportation & Warehousing LQ,uniform_pca64,mid,558,0.06383146371604931,-0.0008383416150135048
B,lq_emp_48-49,Transportation & Warehousing LQ,uniform_pca64,rich,599,0.02634491687264018,-0.005663028394968572
B,lq_emp_48-49,Transportation & Warehousing LQ,uniform_l2,stub,166,-0.0024201010968609715,0.02551307426669891
B,lq_emp_48-49,Transportation & Warehousing LQ,uniform_l2,thin,837,0.04791423609040224,0.0009428017252476328
B,lq_emp_48-49,Transportation & Warehousing LQ,uniform_l2,mid,558,0.06383146371604931,0.00878048236109541
B,lq_emp_48-49,Transportation & Warehousing LQ,uniform_l2,rich,599,0.02634491687264018,-0.004096166052907746
B,lq_emp_48-49,Transportation & Warehousing LQ,uniform_ccr,stub,166,-0.0024201010968609715,0.025478728656171512
B,lq_emp_48-49,Transportation & Warehousing LQ,uniform_ccr,thin,837,0.04791423609040224,0.001894491608800064
B,lq_emp_48-49,Transportation & Warehousing LQ,uniform_ccr,mid,558,0.06383146371604931,0.002960876210108432
B,lq_emp_48-49,Transportation & Warehousing LQ,uniform_ccr,rich,599,0.02634491687264018,-0.010611631004613598
B,lq_emp_48-49,Transportation & Warehousing LQ,tier_conditional,stub,166,-0.0024201010968609715,0.0021163377150372753
B,lq_emp_48-49,Transportation & Warehousing LQ,tier_conditional,thin,837,0.04791423609040224,0.0024650859221179156
B,lq_emp_48-49,Transportation & Warehousing LQ,tier_conditional,mid,558,0.06383146371604931,-0.0001114207998054173
B,lq_emp_48-49,Transportation & Warehousing LQ,tier_conditional,rich,599,0.02634491687264018,-0.0036886547017424
B,lq_emp_48-49,Transportation & Warehousing LQ,tier_conditional_pca64,stub,166,-0.0024201010968609715,0.0009173501208110668
B,lq_emp_48-49,Transportation & Warehousing LQ,tier_conditional_pca64,thin,837,0.04791423609040224,0.0003895352712174338
B,lq_emp_48-49,Transportation & Warehousing LQ,tier_conditional_pca64,mid,558,0.06383146371604931,0.00143949464041504
B,lq_emp_48-49,Transportation & Warehousing LQ,tier_conditional_pca64,rich,599,0.02634491687264018,0.00032165800450756343
B,lq_emp_48-49,Transportation & Warehousing LQ,tier_conditional_l2,stub,166,-0.0024201010968609715,0.004105232319647323
B,lq_emp_48-49,Transportation & Warehousing LQ,tier_conditional_l2,thin,837,0.04791423609040224,0.0023498793050669153
B,lq_emp_48-49,Transportation & Warehousing LQ,tier_conditional_l2,mid,558,0.06383146371604931,0.0006113668847144149
B,lq_emp_48-49,Transportation & Warehousing LQ,tier_conditional_l2,rich,599,0.02634491687264018,-0.0017907626182297465
B,lq_emp_48-49,Transportation & Warehousing LQ,tier_conditional_ccr,stub,166,-0.0024201010968609715,0.00527310378409418
B,lq_emp_48-49,Transportation & Warehousing LQ,tier_conditional_ccr,thin,837,0.04791423609040224,0.0031135827070329913
B,lq_emp_48-49,Transportation & Warehousing LQ,tier_conditional_ccr,mid,558,0.06383146371604931,0.00041375973942647803
B,lq_emp_48-49,Transportation & Warehousing LQ,tier_conditional_ccr,rich,599,0.02634491687264018,-0.0008486171280738253
B,lq_emp_48-49,Transportation & Warehousing LQ,tier_conditional_inverse,stub,166,-0.0024201010968609715,-0.013379671833992468
B,lq_emp_48-49,Transportation & Warehousing LQ,tier_conditional_inverse,thin,837,0.04791423609040224,0.001568849931686933
B,lq_emp_48-49,Transportation & Warehousing LQ,tier_conditional_inverse,mid,558,0.06383146371604931,0.001140771015601616
B,lq_emp_48-49,Transportation & Warehousing LQ,tier_conditional_inverse,rich,599,0.02634491687264018,-0.00545607704315898
B,lq_emp_48-49,Transportation & Warehousing LQ,tier_conditional_inverse_pca64,stub,166,-0.0024201010968609715,-0.015379361092202615
B,lq_emp_48-49,Transportation & Warehousing LQ,tier_conditional_inverse_pca64,thin,837,0.04791423609040224,0.0023837886360538185
B,lq_emp_48-49,Transportation & Warehousing LQ,tier_conditional_inverse_pca64,mid,558,0.06383146371604931,0.0006523815287734491
B,lq_emp_48-49,Transportation & Warehousing LQ,tier_conditional_inverse_pca64,rich,599,0.02634491687264018,-0.003468952501572864
B,lq_emp_48-49,Transportation & Warehousing LQ,tier_conditional_inverse_l2,stub,166,-0.0024201010968609715,-0.01062819726011588
B,lq_emp_48-49,Transportation & Warehousing LQ,tier_conditional_inverse_l2,thin,837,0.04791423609040224,0.0008325931429564726
B,lq_emp_48-49,Transportation & Warehousing LQ,tier_conditional_inverse_l2,mid,558,0.06383146371604931,0.002174279958503167
B,lq_emp_48-49,Transportation & Warehousing LQ,tier_conditional_inverse_l2,rich,599,0.02634491687264018,-0.008241415118221962
B,lq_emp_48-49,Transportation & Warehousing LQ,tier_conditional_inverse_ccr,stub,166,-0.0024201010968609715,-0.010876832857852126
B,lq_emp_48-49,Transportation & Warehousing LQ,tier_conditional_inverse_ccr,thin,837,0.04791423609040224,0.0004182300895366753
B,lq_emp_48-49,Transportation & Warehousing LQ,tier_conditional_inverse_ccr,mid,558,0.06383146371604931,0.0023811728231105667
B,lq_emp_48-49,Transportation & Warehousing LQ,tier_conditional_inverse_ccr,rich,599,0.02634491687264018,-0.009382195010375627
B,lq_emp_48-49,Transportation & Warehousing LQ,prose_only,stub,166,-0.0024201010968609715,-0.0038588453938552814
B,lq_emp_48-49,Transportation & Warehousing LQ,prose_only,thin,837,0.04791423609040224,0.006902598571296159
B,lq_emp_48-49,Transportation & Warehousing LQ,prose_only,mid,558,0.06383146371604931,-0.006346476347627084
B,lq_emp_48-49,Transportation & Warehousing LQ,prose_only,rich,599,0.02634491687264018,0.00416714305000998
B,lq_emp_48-49,Transportation & Warehousing LQ,prose_only_pca64,stub,166,-0.0024201010968609715,0.016174349806412303
B,lq_emp_48-49,Transportation & Warehousing LQ,prose_only_pca64,thin,837,0.04791423609040224,0.00639734371468792
B,lq_emp_48-49,Transportation & Warehousing LQ,prose_only_pca64,mid,558,0.06383146371604931,-0.005410123459433702
B,lq_emp_48-49,Transportation & Warehousing LQ,prose_only_pca64,rich,599,0.02634491687264018,-0.005123321877000264
B,lq_emp_48-49,Transportation & Warehousing LQ,prose_only_l2,stub,166,-0.0024201010968609715,-0.0007519520477410335
B,lq_emp_48-49,Transportation & Warehousing LQ,prose_only_l2,thin,837,0.04791423609040224,0.0018397725337777615
B,lq_emp_48-49,Transportation & Warehousing LQ,prose_only_l2,mid,558,0.06383146371604931,0.001963031183034647
B,lq_emp_48-49,Transportation & Warehousing LQ,prose_only_l2,rich,599,0.02634491687264018,0.0026838885867254136
B,lq_emp_48-49,Transportation & Warehousing LQ,prose_only_ccr,stub,166,-0.0024201010968609715,-0.0005003332192445864
B,lq_emp_48-49,Transportation & Warehousing LQ,prose_only_ccr,thin,837,0.04791423609040224,0.0027325219381142407
B,lq_emp_48-49,Transportation & Warehousing LQ,prose_only_ccr,mid,558,0.06383146371604931,0.002353242556942914
B,lq_emp_48-49,Transportation & Warehousing LQ,prose_only_ccr,rich,599,0.02634491687264018,0.00286601729989866
B,lq_emp_48-49,Transportation & Warehousing LQ,prose_plus_history,stub,166,-0.0024201010968609715,0.0008854710487362638
B,lq_emp_48-49,Transportation & Warehousing LQ,prose_plus_history,thin,837,0.04791423609040224,-0.0005677026196502233
B,lq_emp_48-49,Transportation & Warehousing LQ,prose_plus_history,mid,558,0.06383146371604931,-0.003164018307304839
B,lq_emp_48-49,Transportation & Warehousing LQ,prose_plus_history,rich,599,0.02634491687264018,0.0005300627398240332
B,lq_emp_48-49,Transportation & Warehousing LQ,prose_plus_history_pca64,stub,166,-0.0024201010968609715,0.0013837107777943114
B,lq_emp_48-49,Transportation & Warehousing LQ,prose_plus_history_pca64,thin,837,0.04791423609040224,8.094039050665636e-05
B,lq_emp_48-49,Transportation & Warehousing LQ,prose_plus_history_pca64,mid,558,0.06383146371604931,-0.00390472630997607
B,lq_emp_48-49,Transportation & Warehousing LQ,prose_plus_history_pca64,rich,599,0.02634491687264018,-0.0013713777309548592
B,lq_emp_48-49,Transportation & Warehousing LQ,prose_plus_history_l2,stub,166,-0.0024201010968609715,0.0033685108246397366
B,lq_emp_48-49,Transportation & Warehousing LQ,prose_plus_history_l2,thin,837,0.04791423609040224,-0.0010282477589288463
B,lq_emp_48-49,Transportation & Warehousing LQ,prose_plus_history_l2,mid,558,0.06383146371604931,0.004336808508814349
B,lq_emp_48-49,Transportation & Warehousing LQ,prose_plus_history_l2,rich,599,0.02634491687264018,-0.0013969496404431236
B,lq_emp_48-49,Transportation & Warehousing LQ,prose_plus_history_ccr,stub,166,-0.0024201010968609715,0.0038308491211505036
B,lq_emp_48-49,Transportation & Warehousing LQ,prose_plus_history_ccr,thin,837,0.04791423609040224,-0.0013893044178366898
B,lq_emp_48-49,Transportation & Warehousing LQ,prose_plus_history_ccr,mid,558,0.06383146371604931,0.0034509590862960016
B,lq_emp_48-49,Transportation & Warehousing LQ,prose_plus_history_ccr,rich,599,0.02634491687264018,-0.0009525855189762567
B,lq_emp_48-49,Transportation & Warehousing LQ,economy_all_tiers,stub,166,-0.0024201010968609715,-0.004629594435322515
B,lq_emp_48-49,Transportation & Warehousing LQ,economy_all_tiers,thin,837,0.04791423609040224,-0.000790591519685746
B,lq_emp_48-49,Transportation & Warehousing LQ,economy_all_tiers,mid,558,0.06383146371604931,-0.0007707009207845728
B,lq_emp_48-49,Transportation & Warehousing LQ,economy_all_tiers,rich,599,0.02634491687264018,-0.003461049448141962
B,lq_emp_48-49,Transportation & Warehousing LQ,economy_all_tiers_pca64,stub,166,-0.0024201010968609715,-0.001789023029648007
B,lq_emp_48-49,Transportation & Warehousing LQ,economy_all_tiers_pca64,thin,837,0.04791423609040224,-0.0003696775650218198
B,lq_emp_48-49,Transportation & Warehousing LQ,economy_all_tiers_pca64,mid,558,0.06383146371604931,9.748311805679588e-05
B,lq_emp_48-49,Transportation & Warehousing LQ,economy_all_tiers_pca64,rich,599,0.02634491687264018,-0.0013276934941448548
B,lq_emp_48-49,Transportation & Warehousing LQ,economy_all_tiers_l2,stub,166,-0.0024201010968609715,-0.00438768659993416
B,lq_emp_48-49,Transportation & Warehousing LQ,economy_all_tiers_l2,thin,837,0.04791423609040224,-0.001046245119503908
B,lq_emp_48-49,Transportation & Warehousing LQ,economy_all_tiers_l2,mid,558,0.06383146371604931,-0.0005646591707337834
B,lq_emp_48-49,Transportation & Warehousing LQ,economy_all_tiers_l2,rich,599,0.02634491687264018,-0.003186299496282574
B,lq_emp_48-49,Transportation & Warehousing LQ,economy_all_tiers_ccr,stub,166,-0.0024201010968609715,-0.004683104550030626
B,lq_emp_48-49,Transportation & Warehousing LQ,economy_all_tiers_ccr,thin,837,0.04791423609040224,-0.0008588615986147019
B,lq_emp_48-49,Transportation & Warehousing LQ,economy_all_tiers_ccr,mid,558,0.06383146371604931,-0.00048171410013997384
B,lq_emp_48-49,Transportation & Warehousing LQ,economy_all_tiers_ccr,rich,599,0.02634491687264018,-0.0031984188921627688
B,lq_emp_48-49,Transportation & Warehousing LQ,prose_by_tier,stub,166,-0.0024201010968609715,-0.014213442899993156
B,lq_emp_48-49,Transportation & Warehousing LQ,prose_by_tier,thin,837,0.04791423609040224,-0.004475144822127186
B,lq_emp_48-49,Transportation & Warehousing LQ,prose_by_tier,mid,558,0.06383146371604931,0.0001324147802218567
B,lq_emp_48-49,Transportation & Warehousing LQ,prose_by_tier,rich,599,0.02634491687264018,0.0005674412582429289
B,lq_emp_48-49,Transportation & Warehousing LQ,prose_by_tier_pca64,stub,166,-0.0024201010968609715,-0.009929590018535661
B,lq_emp_48-49,Transportation & Warehousing LQ,prose_by_tier_pca64,thin,837,0.04791423609040224,-0.0052122267763161645
B,lq_emp_48-49,Transportation & Warehousing LQ,prose_by_tier_pca64,mid,558,0.06383146371604931,-0.0014707419555112233
B,lq_emp_48-49,Transportation & Warehousing LQ,prose_by_tier_pca64,rich,599,0.02634491687264018,0.00046884144686576423
B,lq_emp_48-49,Transportation & Warehousing LQ,prose_by_tier_l2,stub,166,-0.0024201010968609715,-0.0053985934961471305
B,lq_emp_48-49,Transportation & Warehousing LQ,prose_by_tier_l2,thin,837,0.04791423609040224,-0.0025673055118560217
B,lq_emp_48-49,Transportation & Warehousing LQ,prose_by_tier_l2,mid,558,0.06383146371604931,0.0008219178530742832
B,lq_emp_48-49,Transportation & Warehousing LQ,prose_by_tier_l2,rich,599,0.02634491687264018,0.0012130863067306707
B,lq_emp_48-49,Transportation & Warehousing LQ,prose_by_tier_ccr,stub,166,-0.0024201010968609715,-0.0049251810051189615
B,lq_emp_48-49,Transportation & Warehousing LQ,prose_by_tier_ccr,thin,837,0.04791423609040224,-0.002640130101612015
B,lq_emp_48-49,Transportation & Warehousing LQ,prose_by_tier_ccr,mid,558,0.06383146371604931,0.0008760704774110062
B,lq_emp_48-49,Transportation & Warehousing LQ,prose_by_tier_ccr,rich,599,0.02634491687264018,0.0017267530827050903
B,lq_emp_48-49,Transportation & Warehousing LQ,drop_stub,stub,166,-0.0024201010968609715,-0.004810919507543865
B,lq_emp_48-49,Transportation & Warehousing LQ,drop_stub,thin,837,0.04791423609040224,0.00027075352227345917
B,lq_emp_48-49,Transportation & Warehousing LQ,drop_stub,mid,558,0.06383146371604931,0.0022300431588822
B,lq_emp_48-49,Transportation & Warehousing LQ,drop_stub,rich,599,0.02634491687264018,-0.0009851248712455796
B,lq_emp_48-49,Transportation & Warehousing LQ,drop_stub_l2,stub,166,-0.0024201010968609715,0.013867261065074854
B,lq_emp_48-49,Transportation & Warehousing LQ,drop_stub_l2,thin,837,0.04791423609040224,0.0005128285033456637
B,lq_emp_48-49,Transportation & Warehousing LQ,drop_stub_l2,mid,558,0.06383146371604931,0.00121012867783854
B,lq_emp_48-49,Transportation & Warehousing LQ,drop_stub_l2,rich,599,0.02634491687264018,-0.0030469334850502516
B,lq_emp_48-49,Transportation & Warehousing LQ,drop_thin,stub,166,-0.0024201010968609715,0.01647902732376627
B,lq_emp_48-49,Transportation & Warehousing LQ,drop_thin,thin,837,0.04791423609040224,0.0034190495587486103
B,lq_emp_48-49,Transportation & Warehousing LQ,drop_thin,mid,558,0.06383146371604931,0.002284834865259322
B,lq_emp_48-49,Transportation & Warehousing LQ,drop_thin,rich,599,0.02634491687264018,-0.004797439880482757
B,lq_emp_48-49,Transportation & Warehousing LQ,drop_thin_l2,stub,166,-0.0024201010968609715,0.003602321350091975
B,lq_emp_48-49,Transportation & Warehousing LQ,drop_thin_l2,thin,837,0.04791423609040224,-0.00039932085930860506
B,lq_emp_48-49,Transportation & Warehousing LQ,drop_thin_l2,mid,558,0.06383146371604931,0.0037436918842145284
B,lq_emp_48-49,Transportation & Warehousing LQ,drop_thin_l2,rich,599,0.02634491687264018,-0.006690547374313294
B,lq_emp_48-49,Transportation & Warehousing LQ,drop_mid,stub,166,-0.0024201010968609715,0.0033440973045999467
B,lq_emp_48-49,Transportation & Warehousing LQ,drop_mid,thin,837,0.04791423609040224,0.002296629517586357
B,lq_emp_48-49,Transportation & Warehousing LQ,drop_mid,mid,558,0.06383146371604931,0.0017961991008279554
B,lq_emp_48-49,Transportation & Warehousing LQ,drop_mid,rich,599,0.02634491687264018,-0.004251993738260573
B,lq_emp_48-49,Transportation & Warehousing LQ,drop_mid_l2,stub,166,-0.0024201010968609715,0.013967774442639636
B,lq_emp_48-49,Transportation & Warehousing LQ,drop_mid_l2,thin,837,0.04791423609040224,0.0021426343423308625
B,lq_emp_48-49,Transportation & Warehousing LQ,drop_mid_l2,mid,558,0.06383146371604931,0.0008521605071045713
B,lq_emp_48-49,Transportation & Warehousing LQ,drop_mid_l2,rich,599,0.02634491687264018,-0.007635491053028298
B,lq_emp_48-49,Transportation & Warehousing LQ,drop_rich,stub,166,-0.0024201010968609715,0.0038508759715637497
B,lq_emp_48-49,Transportation & Warehousing LQ,drop_rich,thin,837,0.04791423609040224,0.0004931012148521319
B,lq_emp_48-49,Transportation & Warehousing LQ,drop_rich,mid,558,0.06383146371604931,0.00045891624396099395
B,lq_emp_48-49,Transportation & Warehousing LQ,drop_rich,rich,599,0.02634491687264018,-0.00018436089083817553
B,lq_emp_48-49,Transportation & Warehousing LQ,drop_rich_l2,stub,166,-0.0024201010968609715,0.0037567426034467166
B,lq_emp_48-49,Transportation & Warehousing LQ,drop_rich_l2,thin,837,0.04791423609040224,0.0005379766894908489
B,lq_emp_48-49,Transportation & Warehousing LQ,drop_rich_l2,mid,558,0.06383146371604931,0.0010701661421392838
B,lq_emp_48-49,Transportation & Warehousing LQ,drop_rich_l2,rich,599,0.02634491687264018,-5.7165177137386e-05
B,lq_emp_48-49,Transportation & Warehousing LQ,typed_sections,stub,166,-0.0024201010968609715,0.010316687886168685
B,lq_emp_48-49,Transportation & Warehousing LQ,typed_sections,thin,837,0.04791423609040224,0.006393149445418578
B,lq_emp_48-49,Transportation & Warehousing LQ,typed_sections,mid,558,0.06383146371604931,0.002595738364750355
B,lq_emp_48-49,Transportation & Warehousing LQ,typed_sections,rich,599,0.02634491687264018,0.005555983335901127
B,lq_emp_51,Information LQ,lead_only,stub,165,-0.1453953460358146,0.0168284066198916
B,lq_emp_51,Information LQ,lead_only,thin,753,-0.0616509101551177,-0.00307765080906508
B,lq_emp_51,Information LQ,lead_only,mid,487,-0.06656331565823481,0.000580527994135549
B,lq_emp_51,Information LQ,lead_only,rich,509,0.1636602393606732,0.004853724707328033
B,lq_emp_51,Information LQ,lead_only_pca64,stub,165,-0.1453953460358146,0.006897178835845841
B,lq_emp_51,Information LQ,lead_only_pca64,thin,753,-0.0616509101551177,0.0008651907003038861
B,lq_emp_51,Information LQ,lead_only_pca64,mid,487,-0.06656331565823481,-0.0006195046961448014
B,lq_emp_51,Information LQ,lead_only_pca64,rich,509,0.1636602393606732,0.006379073259304313
B,lq_emp_51,Information LQ,lead_only_l2,stub,165,-0.1453953460358146,0.017235716730986894
B,lq_emp_51,Information LQ,lead_only_l2,thin,753,-0.0616509101551177,-0.003105656425397507
B,lq_emp_51,Information LQ,lead_only_l2,mid,487,-0.06656331565823481,0.0007166501795814462
B,lq_emp_51,Information LQ,lead_only_l2,rich,509,0.1636602393606732,0.004423212066213766
B,lq_emp_51,Information LQ,lead_only_ccr,stub,165,-0.1453953460358146,0.01614955865707146
B,lq_emp_51,Information LQ,lead_only_ccr,thin,753,-0.0616509101551177,-0.0031796703880850874
B,lq_emp_51,Information LQ,lead_only_ccr,mid,487,-0.06656331565823481,0.0010584544938716522
B,lq_emp_51,Information LQ,lead_only_ccr,rich,509,0.1636602393606732,0.003924865732059302
B,lq_emp_51,Information LQ,uniform,stub,165,-0.1453953460358146,-0.01382658133071879
B,lq_emp_51,Information LQ,uniform,thin,753,-0.0616509101551177,0.006626744716835553
B,lq_emp_51,Information LQ,uniform,mid,487,-0.06656331565823481,-0.0033074057602369145
B,lq_emp_51,Information LQ,uniform,rich,509,0.1636602393606732,0.003930802441925452
B,lq_emp_51,Information LQ,uniform_pca64,stub,165,-0.1453953460358146,-0.015424867363000638
B,lq_emp_51,Information LQ,uniform_pca64,thin,753,-0.0616509101551177,0.006384406066171744
B,lq_emp_51,Information LQ,uniform_pca64,mid,487,-0.06656331565823481,7.880444864327707e-05
B,lq_emp_51,Information LQ,uniform_pca64,rich,509,0.1636602393606732,0.005996127427084663
B,lq_emp_51,Information LQ,uniform_l2,stub,165,-0.1453953460358146,-0.014834132453997784
B,lq_emp_51,Information LQ,uniform_l2,thin,753,-0.0616509101551177,0.00394608682645492
B,lq_emp_51,Information LQ,uniform_l2,mid,487,-0.06656331565823481,-0.005278053848859043
B,lq_emp_51,Information LQ,uniform_l2,rich,509,0.1636602393606732,0.004085224223164929
B,lq_emp_51,Information LQ,uniform_ccr,stub,165,-0.1453953460358146,-0.016716326932768144
B,lq_emp_51,Information LQ,uniform_ccr,thin,753,-0.0616509101551177,0.002770633570968517
B,lq_emp_51,Information LQ,uniform_ccr,mid,487,-0.06656331565823481,-0.0018996558801118724
B,lq_emp_51,Information LQ,uniform_ccr,rich,509,0.1636602393606732,0.004475096070991946
B,lq_emp_51,Information LQ,tier_conditional,stub,165,-0.1453953460358146,0.018478660943690883
B,lq_emp_51,Information LQ,tier_conditional,thin,753,-0.0616509101551177,-0.002335463412797445
B,lq_emp_51,Information LQ,tier_conditional,mid,487,-0.06656331565823481,-0.0075292905396118215
B,lq_emp_51,Information LQ,tier_conditional,rich,509,0.1636602393606732,0.006334349011782203
B,lq_emp_51,Information LQ,tier_conditional_pca64,stub,165,-0.1453953460358146,0.016007249299044624
B,lq_emp_51,Information LQ,tier_conditional_pca64,thin,753,-0.0616509101551177,0.0009360883846347701
B,lq_emp_51,Information LQ,tier_conditional_pca64,mid,487,-0.06656331565823481,-0.009072159817044456
B,lq_emp_51,Information LQ,tier_conditional_pca64,rich,509,0.1636602393606732,0.0077975765930364815
B,lq_emp_51,Information LQ,tier_conditional_l2,stub,165,-0.1453953460358146,0.004566360881526288
B,lq_emp_51,Information LQ,tier_conditional_l2,thin,753,-0.0616509101551177,0.0004441110835986528
B,lq_emp_51,Information LQ,tier_conditional_l2,mid,487,-0.06656331565823481,-0.0035478681639697918
B,lq_emp_51,Information LQ,tier_conditional_l2,rich,509,0.1636602393606732,0.005726333453859644
B,lq_emp_51,Information LQ,tier_conditional_ccr,stub,165,-0.1453953460358146,0.0014974888700767242
B,lq_emp_51,Information LQ,tier_conditional_ccr,thin,753,-0.0616509101551177,-0.0011218774775128004
B,lq_emp_51,Information LQ,tier_conditional_ccr,mid,487,-0.06656331565823481,-0.003051941945580783
B,lq_emp_51,Information LQ,tier_conditional_ccr,rich,509,0.1636602393606732,0.004614992278721086
B,lq_emp_51,Information LQ,tier_conditional_inverse,stub,165,-0.1453953460358146,-0.0033904657381655934
B,lq_emp_51,Information LQ,tier_conditional_inverse,thin,753,-0.0616509101551177,0.0036115812136565673
B,lq_emp_51,Information LQ,tier_conditional_inverse,mid,487,-0.06656331565823481,0.0024813092811413195
B,lq_emp_51,Information LQ,tier_conditional_inverse,rich,509,0.1636602393606732,0.001912088216665997
B,lq_emp_51,Information LQ,tier_conditional_inverse_pca64,stub,165,-0.1453953460358146,0.004128554349600799
B,lq_emp_51,Information LQ,tier_conditional_inverse_pca64,thin,753,-0.0616509101551177,0.0022530631775228294
B,lq_emp_51,Information LQ,tier_conditional_inverse_pca64,mid,487,-0.06656331565823481,0.002246628566974218
B,lq_emp_51,Information LQ,tier_conditional_inverse_pca64,rich,509,0.1636602393606732,0.0029470025160387436
B,lq_emp_51,Information LQ,tier_conditional_inverse_l2,stub,165,-0.1453953460358146,-0.011719079348945671
B,lq_emp_51,Information LQ,tier_conditional_inverse_l2,thin,753,-0.0616509101551177,0.004787525705024942
B,lq_emp_51,Information LQ,tier_conditional_inverse_l2,mid,487,-0.06656331565823481,0.0017971266447036616
B,lq_emp_51,Information LQ,tier_conditional_inverse_l2,rich,509,0.1636602393606732,0.005550351794981978
B,lq_emp_51,Information LQ,tier_conditional_inverse_ccr,stub,165,-0.1453953460358146,-0.007782769709633319
B,lq_emp_51,Information LQ,tier_conditional_inverse_ccr,thin,753,-0.0616509101551177,0.004668009146260754
B,lq_emp_51,Information LQ,tier_conditional_inverse_ccr,mid,487,-0.06656331565823481,0.002613422946503352
B,lq_emp_51,Information LQ,tier_conditional_inverse_ccr,rich,509,0.1636602393606732,0.005518263130207202
B,lq_emp_51,Information LQ,prose_only,stub,165,-0.1453953460358146,-0.011848417340467599
B,lq_emp_51,Information LQ,prose_only,thin,753,-0.0616509101551177,0.00332365696744108
B,lq_emp_51,Information LQ,prose_only,mid,487,-0.06656331565823481,0.0010986425710306502
B,lq_emp_51,Information LQ,prose_only,rich,509,0.1636602393606732,0.010495140732568964
B,lq_emp_51,Information LQ,prose_only_pca64,stub,165,-0.1453953460358146,-0.013548109903566363
B,lq_emp_51,Information LQ,prose_only_pca64,thin,753,-0.0616509101551177,0.0005085312918717833
B,lq_emp_51,Information LQ,prose_only_pca64,mid,487,-0.06656331565823481,0.0026049458285384297
B,lq_emp_51,Information LQ,prose_only_pca64,rich,509,0.1636602393606732,0.008324087550052206
B,lq_emp_51,Information LQ,prose_only_l2,stub,165,-0.1453953460358146,-0.01688656351071116
B,lq_emp_51,Information LQ,prose_only_l2,thin,753,-0.0616509101551177,0.001191781850275131
B,lq_emp_51,Information LQ,prose_only_l2,mid,487,-0.06656331565823481,0.002572458829567914
B,lq_emp_51,Information LQ,prose_only_l2,rich,509,0.1636602393606732,0.008840331760222808
B,lq_emp_51,Information LQ,prose_only_ccr,stub,165,-0.1453953460358146,-0.026390743424045127
B,lq_emp_51,Information LQ,prose_only_ccr,thin,753,-0.0616509101551177,0.001951609366583007
B,lq_emp_51,Information LQ,prose_only_ccr,mid,487,-0.06656331565823481,0.004089886247494956
B,lq_emp_51,Information LQ,prose_only_ccr,rich,509,0.1636602393606732,0.006707363399625632
B,lq_emp_51,Information LQ,prose_plus_history,stub,165,-0.1453953460358146,-0.03652923892955218
B,lq_emp_51,Information LQ,prose_plus_history,thin,753,-0.0616509101551177,0.0023295046509717032
B,lq_emp_51,Information LQ,prose_plus_history,mid,487,-0.06656331565823481,0.0063580352155159225
B,lq_emp_51,Information LQ,prose_plus_history,rich,509,0.1636602393606732,0.005201607379174966
B,lq_emp_51,Information LQ,prose_plus_history_pca64,stub,165,-0.1453953460358146,-0.028112100048230948
B,lq_emp_51,Information LQ,prose_plus_history_pca64,thin,753,-0.0616509101551177,0.000259137873781512
B,lq_emp_51,Information LQ,prose_plus_history_pca64,mid,487,-0.06656331565823481,0.007801755097546881
B,lq_emp_51,Information LQ,prose_plus_history_pca64,rich,509,0.1636602393606732,0.005862491850523566
B,lq_emp_51,Information LQ,prose_plus_history_l2,stub,165,-0.1453953460358146,-0.033098503010754676
B,lq_emp_51,Information LQ,prose_plus_history_l2,thin,753,-0.0616509101551177,0.003181167130677176
B,lq_emp_51,Information LQ,prose_plus_history_l2,mid,487,-0.06656331565823481,0.00554465450671815
B,lq_emp_51,Information LQ,prose_plus_history_l2,rich,509,0.1636602393606732,0.005612630354489334
B,lq_emp_51,Information LQ,prose_plus_history_ccr,stub,165,-0.1453953460358146,-0.026868547205501914
B,lq_emp_51,Information LQ,prose_plus_history_ccr,thin,753,-0.0616509101551177,0.002292385958128751
B,lq_emp_51,Information LQ,prose_plus_history_ccr,mid,487,-0.06656331565823481,0.008238173370086255
B,lq_emp_51,Information LQ,prose_plus_history_ccr,rich,509,0.1636602393606732,0.004183266839169586
B,lq_emp_51,Information LQ,economy_all_tiers,stub,165,-0.1453953460358146,-0.0008261690702924263
B,lq_emp_51,Information LQ,economy_all_tiers,thin,753,-0.0616509101551177,0.0036053772829973685
B,lq_emp_51,Information LQ,economy_all_tiers,mid,487,-0.06656331565823481,0.007406825268103434
B,lq_emp_51,Information LQ,economy_all_tiers,rich,509,0.1636602393606732,0.018196891795667303
B,lq_emp_51,Information LQ,economy_all_tiers_pca64,stub,165,-0.1453953460358146,0.005950753710325385
B,lq_emp_51,Information LQ,economy_all_tiers_pca64,thin,753,-0.0616509101551177,0.0052784130006358065
B,lq_emp_51,Information LQ,economy_all_tiers_pca64,mid,487,-0.06656331565823481,0.0037209425091522252
B,lq_emp_51,Information LQ,economy_all_tiers_pca64,rich,509,0.1636602393606732,0.016915770732935487
B,lq_emp_51,Information LQ,economy_all_tiers_l2,stub,165,-0.1453953460358146,-0.002536420540551809
B,lq_emp_51,Information LQ,economy_all_tiers_l2,thin,753,-0.0616509101551177,0.004561009948157446
B,lq_emp_51,Information LQ,economy_all_tiers_l2,mid,487,-0.06656331565823481,0.006657660304892898
B,lq_emp_51,Information LQ,economy_all_tiers_l2,rich,509,0.1636602393606732,0.02231678451896868
B,lq_emp_51,Information LQ,economy_all_tiers_ccr,stub,165,-0.1453953460358146,-0.006721384722798707
B,lq_emp_51,Information LQ,economy_all_tiers_ccr,thin,753,-0.0616509101551177,0.0014047324673860384
B,lq_emp_51,Information LQ,economy_all_tiers_ccr,mid,487,-0.06656331565823481,0.0077527725125809965
B,lq_emp_51,Information LQ,economy_all_tiers_ccr,rich,509,0.1636602393606732,0.020589850289095435
B,lq_emp_51,Information LQ,prose_by_tier,stub,165,-0.1453953460358146,0.01080945383941101
B,lq_emp_51,Information LQ,prose_by_tier,thin,753,-0.0616509101551177,-0.0002399761915798937
B,lq_emp_51,Information LQ,prose_by_tier,mid,487,-0.06656331565823481,0.00465701901491733
B,lq_emp_51,Information LQ,prose_by_tier,rich,509,0.1636602393606732,0.011165672981105823
B,lq_emp_51,Information LQ,prose_by_tier_pca64,stub,165,-0.1453953460358146,0.011840234132715288
B,lq_emp_51,Information LQ,prose_by_tier_pca64,thin,753,-0.0616509101551177,-0.0036150185012451264
B,lq_emp_51,Information LQ,prose_by_tier_pca64,mid,487,-0.06656331565823481,0.005354591801403297
B,lq_emp_51,Information LQ,prose_by_tier_pca64,rich,509,0.1636602393606732,0.009000335175295415
B,lq_emp_51,Information LQ,prose_by_tier_l2,stub,165,-0.1453953460358146,0.0018611464850273318
B,lq_emp_51,Information LQ,prose_by_tier_l2,thin,753,-0.0616509101551177,0.003199723924129705
B,lq_emp_51,Information LQ,prose_by_tier_l2,mid,487,-0.06656331565823481,0.005129080690491561
B,lq_emp_51,Information LQ,prose_by_tier_l2,rich,509,0.1636602393606732,0.008857224741603109
B,lq_emp_51,Information LQ,prose_by_tier_ccr,stub,165,-0.1453953460358146,0.008706642662712039
B,lq_emp_51,Information LQ,prose_by_tier_ccr,thin,753,-0.0616509101551177,0.0030151811839960185
B,lq_emp_51,Information LQ,prose_by_tier_ccr,mid,487,-0.06656331565823481,0.006627747223429736
B,lq_emp_51,Information LQ,prose_by_tier_ccr,rich,509,0.1636602393606732,0.008383595077509742
B,lq_emp_51,Information LQ,drop_stub,stub,165,-0.1453953460358146,-0.03004581747254309
B,lq_emp_51,Information LQ,drop_stub,thin,753,-0.0616509101551177,0.003753388876660102
B,lq_emp_51,Information LQ,drop_stub,mid,487,-0.06656331565823481,0.0003722533810583961
B,lq_emp_51,Information LQ,drop_stub,rich,509,0.1636602393606732,0.005977265151443922
B,lq_emp_51,Information LQ,drop_stub_l2,stub,165,-0.1453953460358146,-0.030669874255373708
B,lq_emp_51,Information LQ,drop_stub_l2,thin,753,-0.0616509101551177,0.0017118884467277606
B,lq_emp_51,Information LQ,drop_stub_l2,mid,487,-0.06656331565823481,-0.0017994945152408626
B,lq_emp_51,Information LQ,drop_stub_l2,rich,509,0.1636602393606732,0.003838076767995191
B,lq_emp_51,Information LQ,drop_thin,stub,165,-0.1453953460358146,-0.0002532739281091434
B,lq_emp_51,Information LQ,drop_thin,thin,753,-0.0616509101551177,-0.0015077678140695827
B,lq_emp_51,Information LQ,drop_thin,mid,487,-0.06656331565823481,0.00038493921497417816
B,lq_emp_51,Information LQ,drop_thin,rich,509,0.1636602393606732,0.0019363358928493613
B,lq_emp_51,Information LQ,drop_thin_l2,stub,165,-0.1453953460358146,-0.0090035307330123
B,lq_emp_51,Information LQ,drop_thin_l2,thin,753,-0.0616509101551177,0.002702694065514377
B,lq_emp_51,Information LQ,drop_thin_l2,mid,487,-0.06656331565823481,-0.0001272341343236949
B,lq_emp_51,Information LQ,drop_thin_l2,rich,509,0.1636602393606732,0.0038902245980030337
B,lq_emp_51,Information LQ,drop_mid,stub,165,-0.1453953460358146,-0.009808196682865367
B,lq_emp_51,Information LQ,drop_mid,thin,753,-0.0616509101551177,0.007731417766744464
B,lq_emp_51,Information LQ,drop_mid,mid,487,-0.06656331565823481,-0.00826503512583443
B,lq_emp_51,Information LQ,drop_mid,rich,509,0.1636602393606732,0.0029263085590242044
B,lq_emp_51,Information LQ,drop_mid_l2,stub,165,-0.1453953460358146,-0.014262002449669797
B,lq_emp_51,Information LQ,drop_mid_l2,thin,753,-0.0616509101551177,0.00645925778919465
B,lq_emp_51,Information LQ,drop_mid_l2,mid,487,-0.06656331565823481,-0.00851863036961098
B,lq_emp_51,Information LQ,drop_mid_l2,rich,509,0.1636602393606732,0.003946515479364199
B,lq_emp_51,Information LQ,drop_rich,stub,165,-0.1453953460358146,0.002607940796930386
B,lq_emp_51,Information LQ,drop_rich,thin,753,-0.0616509101551177,0.002876781101397885
B,lq_emp_51,Information LQ,drop_rich,mid,487,-0.06656331565823481,-0.003118963923463225
B,lq_emp_51,Information LQ,drop_rich,rich,509,0.1636602393606732,0.009562995669798902
B,lq_emp_51,Information LQ,drop_rich_l2,stub,165,-0.1453953460358146,0.005337405459136857
B,lq_emp_51,Information LQ,drop_rich_l2,thin,753,-0.0616509101551177,0.0017772375629336867
B,lq_emp_51,Information LQ,drop_rich_l2,mid,487,-0.06656331565823481,-0.0009897917096741704
B,lq_emp_51,Information LQ,drop_rich_l2,rich,509,0.1636602393606732,0.0043175868301614795
B,lq_emp_51,Information LQ,typed_sections,stub,165,-0.1453953460358146,-4.546157098750392e-05
B,lq_emp_51,Information LQ,typed_sections,thin,753,-0.0616509101551177,0.009280516419179374
B,lq_emp_51,Information LQ,typed_sections,mid,487,-0.06656331565823481,0.002339241248878743
B,lq_emp_51,Information LQ,typed_sections,rich,509,0.1636602393606732,-0.0009211645852933437
B,lq_emp_52,Finance & Insurance LQ,lead_only,stub,221,0.0693892115141499,-0.005219625841435316
B,lq_emp_52,Finance & Insurance LQ,lead_only,thin,1056,0.10332073579635481,-0.006231189454248831
B,lq_emp_52,Finance & Insurance LQ,lead_only,mid,666,0.04272679289480785,-0.011261823124596448
B,lq_emp_52,Finance & Insurance LQ,lead_only,rich,695,0.17253583981049525,0.010762421114904663
B,lq_emp_52,Finance & Insurance LQ,lead_only_pca64,stub,221,0.0693892115141499,-0.010088950520153683
B,lq_emp_52,Finance & Insurance LQ,lead_only_pca64,thin,1056,0.10332073579635481,-0.007724002444374323
B,lq_emp_52,Finance & Insurance LQ,lead_only_pca64,mid,666,0.04272679289480785,0.0016153070029040206
B,lq_emp_52,Finance & Insurance LQ,lead_only_pca64,rich,695,0.17253583981049525,0.006489262520818606
B,lq_emp_52,Finance & Insurance LQ,lead_only_l2,stub,221,0.0693892115141499,-0.01117479677883726
B,lq_emp_52,Finance & Insurance LQ,lead_only_l2,thin,1056,0.10332073579635481,-0.0070416189825397435
B,lq_emp_52,Finance & Insurance LQ,lead_only_l2,mid,666,0.04272679289480785,-0.011760790646591635
B,lq_emp_52,Finance & Insurance LQ,lead_only_l2,rich,695,0.17253583981049525,0.013057355104918011
B,lq_emp_52,Finance & Insurance LQ,lead_only_ccr,stub,221,0.0693892115141499,-0.004411715128117222
B,lq_emp_52,Finance & Insurance LQ,lead_only_ccr,thin,1056,0.10332073579635481,-0.006117126021527808
B,lq_emp_52,Finance & Insurance LQ,lead_only_ccr,mid,666,0.04272679289480785,-0.011607967885762682
B,lq_emp_52,Finance & Insurance LQ,lead_only_ccr,rich,695,0.17253583981049525,0.01043302425836301
B,lq_emp_52,Finance & Insurance LQ,uniform,stub,221,0.0693892115141499,0.0029570383527207644
B,lq_emp_52,Finance & Insurance LQ,uniform,thin,1056,0.10332073579635481,-0.0008492280243550532
B,lq_emp_52,Finance & Insurance LQ,uniform,mid,666,0.04272679289480785,-0.0002408805939934089
B,lq_emp_52,Finance & Insurance LQ,uniform,rich,695,0.17253583981049525,0.005908817508542996
B,lq_emp_52,Finance & Insurance LQ,uniform_pca64,stub,221,0.0693892115141499,-0.0018634414079868877
B,lq_emp_52,Finance & Insurance LQ,uniform_pca64,thin,1056,0.10332073579635481,-0.0022279616963973847
B,lq_emp_52,Finance & Insurance LQ,uniform_pca64,mid,666,0.04272679289480785,-0.0019321409880003193
B,lq_emp_52,Finance & Insurance LQ,uniform_pca64,rich,695,0.17253583981049525,0.0037789597562595256
B,lq_emp_52,Finance & Insurance LQ,uniform_l2,stub,221,0.0693892115141499,0.0035564932209795064
B,lq_emp_52,Finance & Insurance LQ,uniform_l2,thin,1056,0.10332073579635481,-0.001282641812995089
B,lq_emp_52,Finance & Insurance LQ,uniform_l2,mid,666,0.04272679289480785,0.0006399037258103535
B,lq_emp_52,Finance & Insurance LQ,uniform_l2,rich,695,0.17253583981049525,0.001930831071739858
B,lq_emp_52,Finance & Insurance LQ,uniform_ccr,stub,221,0.0693892115141499,-0.00323803203636408
B,lq_emp_52,Finance & Insurance LQ,uniform_ccr,thin,1056,0.10332073579635481,-0.003532130115975418
B,lq_emp_52,Finance & Insurance LQ,uniform_ccr,mid,666,0.04272679289480785,-0.004032802650135614
B,lq_emp_52,Finance & Insurance LQ,uniform_ccr,rich,695,0.17253583981049525,0.002659237208851306
B,lq_emp_52,Finance & Insurance LQ,tier_conditional,stub,221,0.0693892115141499,0.00013615254486543105
B,lq_emp_52,Finance & Insurance LQ,tier_conditional,thin,1056,0.10332073579635481,0.001713194003973073
B,lq_emp_52,Finance & Insurance LQ,tier_conditional,mid,666,0.04272679289480785,-0.014235580611076881
B,lq_emp_52,Finance & Insurance LQ,tier_conditional,rich,695,0.17253583981049525,0.00956463015998077
B,lq_emp_52,Finance & Insurance LQ,tier_conditional_pca64,stub,221,0.0693892115141499,-0.001130489799619272
B,lq_emp_52,Finance & Insurance LQ,tier_conditional_pca64,thin,1056,0.10332073579635481,0.001713394946588731
B,lq_emp_52,Finance & Insurance LQ,tier_conditional_pca64,mid,666,0.04272679289480785,-0.012107337431750187
B,lq_emp_52,Finance & Insurance LQ,tier_conditional_pca64,rich,695,0.17253583981049525,0.008283733091809076
B,lq_emp_52,Finance & Insurance LQ,tier_conditional_l2,stub,221,0.0693892115141499,-0.0030844047775543393
B,lq_emp_52,Finance & Insurance LQ,tier_conditional_l2,thin,1056,0.10332073579635481,0.003491181878179428
B,lq_emp_52,Finance & Insurance LQ,tier_conditional_l2,mid,666,0.04272679289480785,-0.010821459039358938
B,lq_emp_52,Finance & Insurance LQ,tier_conditional_l2,rich,695,0.17253583981049525,0.015141430793597088
B,lq_emp_52,Finance & Insurance LQ,tier_conditional_ccr,stub,221,0.0693892115141499,-0.005156823446999637
B,lq_emp_52,Finance & Insurance LQ,tier_conditional_ccr,thin,1056,0.10332073579635481,0.0013897751420085536
B,lq_emp_52,Finance & Insurance LQ,tier_conditional_ccr,mid,666,0.04272679289480785,-0.00911424016637663
B,lq_emp_52,Finance & Insurance LQ,tier_conditional_ccr,rich,695,0.17253583981049525,0.008866398427921474
B,lq_emp_52,Finance & Insurance LQ,tier_conditional_inverse,stub,221,0.0693892115141499,-0.002615556930421814
B,lq_emp_52,Finance & Insurance LQ,tier_conditional_inverse,thin,1056,0.10332073579635481,-0.0003817360152377214
B,lq_emp_52,Finance & Insurance LQ,tier_conditional_inverse,mid,666,0.04272679289480785,0.0008670211639437708
B,lq_emp_52,Finance & Insurance LQ,tier_conditional_inverse,rich,695,0.17253583981049525,0.0018586825231036164
B,lq_emp_52,Finance & Insurance LQ,tier_conditional_inverse_pca64,stub,221,0.0693892115141499,-0.003741491973106581
B,lq_emp_52,Finance & Insurance LQ,tier_conditional_inverse_pca64,thin,1056,0.10332073579635481,-0.0012383265866797721
B,lq_emp_52,Finance & Insurance LQ,tier_conditional_inverse_pca64,mid,666,0.04272679289480785,0.0010873593464131304
B,lq_emp_52,Finance & Insurance LQ,tier_conditional_inverse_pca64,rich,695,0.17253583981049525,0.0014100958293572496
B,lq_emp_52,Finance & Insurance LQ,tier_conditional_inverse_l2,stub,221,0.0693892115141499,-0.0023798075121969076
B,lq_emp_52,Finance & Insurance LQ,tier_conditional_inverse_l2,thin,1056,0.10332073579635481,-0.00020393041940058865
B,lq_emp_52,Finance & Insurance LQ,tier_conditional_inverse_l2,mid,666,0.04272679289480785,0.0016814739062546158
B,lq_emp_52,Finance & Insurance LQ,tier_conditional_inverse_l2,rich,695,0.17253583981049525,0.0031884207972918688
B,lq_emp_52,Finance & Insurance LQ,tier_conditional_inverse_ccr,stub,221,0.0693892115141499,-0.002798400066055473
B,lq_emp_52,Finance & Insurance LQ,tier_conditional_inverse_ccr,thin,1056,0.10332073579635481,-0.0006757638569051538
B,lq_emp_52,Finance & Insurance LQ,tier_conditional_inverse_ccr,mid,666,0.04272679289480785,0.0019414923964253816
B,lq_emp_52,Finance & Insurance LQ,tier_conditional_inverse_ccr,rich,695,0.17253583981049525,0.003615910811466505
B,lq_emp_52,Finance & Insurance LQ,prose_only,stub,221,0.0693892115141499,-0.006344671934511159
B,lq_emp_52,Finance & Insurance LQ,prose_only,thin,1056,0.10332073579635481,-0.0024972668862471847
B,lq_emp_52,Finance & Insurance LQ,prose_only,mid,666,0.04272679289480785,-0.004431626006313527
B,lq_emp_52,Finance & Insurance LQ,prose_only,rich,695,0.17253583981049525,0.007963705492672002
B,lq_emp_52,Finance & Insurance LQ,prose_only_pca64,stub,221,0.0693892115141499,0.00035825787113497043
B,lq_emp_52,Finance & Insurance LQ,prose_only_pca64,thin,1056,0.10332073579635481,-0.0033891518035870094
B,lq_emp_52,Finance & Insurance LQ,prose_only_pca64,mid,666,0.04272679289480785,-0.00254150258875796
B,lq_emp_52,Finance & Insurance LQ,prose_only_pca64,rich,695,0.17253583981049525,0.0057720633517549524
B,lq_emp_52,Finance & Insurance LQ,prose_only_l2,stub,221,0.0693892115141499,-0.0030066956921736
B,lq_emp_52,Finance & Insurance LQ,prose_only_l2,thin,1056,0.10332073579635481,-0.002742518192713983
B,lq_emp_52,Finance & Insurance LQ,prose_only_l2,mid,666,0.04272679289480785,-0.005546549321702177
B,lq_emp_52,Finance & Insurance LQ,prose_only_l2,rich,695,0.17253583981049525,0.009065805265938809
B,lq_emp_52,Finance & Insurance LQ,prose_only_ccr,stub,221,0.0693892115141499,-0.0009619141573564693
B,lq_emp_52,Finance & Insurance LQ,prose_only_ccr,thin,1056,0.10332073579635481,-0.0037731917787734437
B,lq_emp_52,Finance & Insurance LQ,prose_only_ccr,mid,666,0.04272679289480785,-0.007614434830441774
B,lq_emp_52,Finance & Insurance LQ,prose_only_ccr,rich,695,0.17253583981049525,0.008411234877322982
B,lq_emp_52,Finance & Insurance LQ,prose_plus_history,stub,221,0.0693892115141499,0.009573616854563927
B,lq_emp_52,Finance & Insurance LQ,prose_plus_history,thin,1056,0.10332073579635481,-0.002781570364007724
B,lq_emp_52,Finance & Insurance LQ,prose_plus_history,mid,666,0.04272679289480785,-0.0039100415880835016
B,lq_emp_52,Finance & Insurance LQ,prose_plus_history,rich,695,0.17253583981049525,0.007291448234970188
B,lq_emp_52,Finance & Insurance LQ,prose_plus_history_pca64,stub,221,0.0693892115141499,0.009437711408729732
B,lq_emp_52,Finance & Insurance LQ,prose_plus_history_pca64,thin,1056,0.10332073579635481,-0.0049633693376686105
B,lq_emp_52,Finance & Insurance LQ,prose_plus_history_pca64,mid,666,0.04272679289480785,0.002669208614337837
B,lq_emp_52,Finance & Insurance LQ,prose_plus_history_pca64,rich,695,0.17253583981049525,0.007717681588691905
B,lq_emp_52,Finance & Insurance LQ,prose_plus_history_l2,stub,221,0.0693892115141499,0.008057318235555555
B,lq_emp_52,Finance & Insurance LQ,prose_plus_history_l2,thin,1056,0.10332073579635481,-0.0026644244971367748
B,lq_emp_52,Finance & Insurance LQ,prose_plus_history_l2,mid,666,0.04272679289480785,-0.00451453977238514
B,lq_emp_52,Finance & Insurance LQ,prose_plus_history_l2,rich,695,0.17253583981049525,0.008567585656542032
B,lq_emp_52,Finance & Insurance LQ,prose_plus_history_ccr,stub,221,0.0693892115141499,0.006211467429700579
B,lq_emp_52,Finance & Insurance LQ,prose_plus_history_ccr,thin,1056,0.10332073579635481,-0.002652074061222476
B,lq_emp_52,Finance & Insurance LQ,prose_plus_history_ccr,mid,666,0.04272679289480785,-0.006413315328659852
B,lq_emp_52,Finance & Insurance LQ,prose_plus_history_ccr,rich,695,0.17253583981049525,0.008549409203813751
B,lq_emp_52,Finance & Insurance LQ,economy_all_tiers,stub,221,0.0693892115141499,-0.006392853964406808
B,lq_emp_52,Finance & Insurance LQ,economy_all_tiers,thin,1056,0.10332073579635481,-0.002194342884003997
B,lq_emp_52,Finance & Insurance LQ,economy_all_tiers,mid,666,0.04272679289480785,-0.00894341273488053
B,lq_emp_52,Finance & Insurance LQ,economy_all_tiers,rich,695,0.17253583981049525,0.0020285184308563853
B,lq_emp_52,Finance & Insurance LQ,economy_all_tiers_pca64,stub,221,0.0693892115141499,-0.002653409868215495
B,lq_emp_52,Finance & Insurance LQ,economy_all_tiers_pca64,thin,1056,0.10332073579635481,-0.0010463906317305094
B,lq_emp_52,Finance & Insurance LQ,economy_all_tiers_pca64,mid,666,0.04272679289480785,-0.00021198815234935164
B,lq_emp_52,Finance & Insurance LQ,economy_all_tiers_pca64,rich,695,0.17253583981049525,0.0009640811886770795
B,lq_emp_52,Finance & Insurance LQ,economy_all_tiers_l2,stub,221,0.0693892115141499,-0.004700416355234771
B,lq_emp_52,Finance & Insurance LQ,economy_all_tiers_l2,thin,1056,0.10332073579635481,-0.0011285105690695962
B,lq_emp_52,Finance & Insurance LQ,economy_all_tiers_l2,mid,666,0.04272679289480785,-0.008787325453291972
B,lq_emp_52,Finance & Insurance LQ,economy_all_tiers_l2,rich,695,0.17253583981049525,0.0022146734363502896
B,lq_emp_52,Finance & Insurance LQ,economy_all_tiers_ccr,stub,221,0.0693892115141499,-0.005018235331180287
B,lq_emp_52,Finance & Insurance LQ,economy_all_tiers_ccr,thin,1056,0.10332073579635481,-0.0016108924583105866
B,lq_emp_52,Finance & Insurance LQ,economy_all_tiers_ccr,mid,666,0.04272679289480785,-0.008868054260529501
B,lq_emp_52,Finance & Insurance LQ,economy_all_tiers_ccr,rich,695,0.17253583981049525,0.0016819349622907431
B,lq_emp_52,Finance & Insurance LQ,prose_by_tier,stub,221,0.0693892115141499,-0.002243133327578861
B,lq_emp_52,Finance & Insurance LQ,prose_by_tier,thin,1056,0.10332073579635481,0.00012808016265830613
B,lq_emp_52,Finance & Insurance LQ,prose_by_tier,mid,666,0.04272679289480785,0.0010750556362016939
B,lq_emp_52,Finance & Insurance LQ,prose_by_tier,rich,695,0.17253583981049525,0.00018932661293913355
B,lq_emp_52,Finance & Insurance LQ,prose_by_tier_pca64,stub,221,0.0693892115141499,-0.002400899814434254
B,lq_emp_52,Finance & Insurance LQ,prose_by_tier_pca64,thin,1056,0.10332073579635481,-0.0006304869444686556
B,lq_emp_52,Finance & Insurance LQ,prose_by_tier_pca64,mid,666,0.04272679289480785,0.0012692684962726242
B,lq_emp_52,Finance & Insurance LQ,prose_by_tier_pca64,rich,695,0.17253583981049525,-9.971017456145148e-06
B,lq_emp_52,Finance & Insurance LQ,prose_by_tier_l2,stub,221,0.0693892115141499,-0.012824809513533375
B,lq_emp_52,Finance & Insurance LQ,prose_by_tier_l2,thin,1056,0.10332073579635481,-0.0019048111640763699
B,lq_emp_52,Finance & Insurance LQ,prose_by_tier_l2,mid,666,0.04272679289480785,-0.001448464726544918
B,lq_emp_52,Finance & Insurance LQ,prose_by_tier_l2,rich,695,0.17253583981049525,0.003298925249813678
B,lq_emp_52,Finance & Insurance LQ,prose_by_tier_ccr,stub,221,0.0693892115141499,-0.012220869660702238
B,lq_emp_52,Finance & Insurance LQ,prose_by_tier_ccr,thin,1056,0.10332073579635481,-0.002428364055733767
B,lq_emp_52,Finance & Insurance LQ,prose_by_tier_ccr,mid,666,0.04272679289480785,-0.0026261764539026178
B,lq_emp_52,Finance & Insurance LQ,prose_by_tier_ccr,rich,695,0.17253583981049525,0.0033393926082535552
B,lq_emp_52,Finance & Insurance LQ,drop_stub,stub,221,0.0693892115141499,0.010287797302467094
B,lq_emp_52,Finance & Insurance LQ,drop_stub,thin,1056,0.10332073579635481,0.0006118615561946372
B,lq_emp_52,Finance & Insurance LQ,drop_stub,mid,666,0.04272679289480785,0.0005849625164039418
B,lq_emp_52,Finance & Insurance LQ,drop_stub,rich,695,0.17253583981049525,0.004582755210900569
B,lq_emp_52,Finance & Insurance LQ,drop_stub_l2,stub,221,0.0693892115141499,0.00752351022988762
B,lq_emp_52,Finance & Insurance LQ,drop_stub_l2,thin,1056,0.10332073579635481,0.0003840758162427793
B,lq_emp_52,Finance & Insurance LQ,drop_stub_l2,mid,666,0.04272679289480785,0.0002809268733671155
B,lq_emp_52,Finance & Insurance LQ,drop_stub_l2,rich,695,0.17253583981049525,0.0024913644234551002
B,lq_emp_52,Finance & Insurance LQ,drop_thin,stub,221,0.0693892115141499,0.006124779089740406
B,lq_emp_52,Finance & Insurance LQ,drop_thin,thin,1056,0.10332073579635481,-0.004015502972310125
B,lq_emp_52,Finance & Insurance LQ,drop_thin,mid,666,0.04272679289480785,0.003577151194094963
B,lq_emp_52,Finance & Insurance LQ,drop_thin,rich,695,0.17253583981049525,0.00012160542772055027
B,lq_emp_52,Finance & Insurance LQ,drop_thin_l2,stub,221,0.0693892115141499,0.007193021139135558
B,lq_emp_52,Finance & Insurance LQ,drop_thin_l2,thin,1056,0.10332073579635481,-0.0019360115028767
B,lq_emp_52,Finance & Insurance LQ,drop_thin_l2,mid,666,0.04272679289480785,0.002985640383783794
B,lq_emp_52,Finance & Insurance LQ,drop_thin_l2,rich,695,0.17253583981049525,0.0033438981723439287
B,lq_emp_52,Finance & Insurance LQ,drop_mid,stub,221,0.0693892115141499,-0.009785984232055234
B,lq_emp_52,Finance & Insurance LQ,drop_mid,thin,1056,0.10332073579635481,-0.0008171063729062178
B,lq_emp_52,Finance & Insurance LQ,drop_mid,mid,666,0.04272679289480785,-0.012086517501978755
B,lq_emp_52,Finance & Insurance LQ,drop_mid,rich,695,0.17253583981049525,0.0018183349598077658
B,lq_emp_52,Finance & Insurance LQ,drop_mid_l2,stub,221,0.0693892115141499,-0.005725949491183324
B,lq_emp_52,Finance & Insurance LQ,drop_mid_l2,thin,1056,0.10332073579635481,-0.002221849647417118
B,lq_emp_52,Finance & Insurance LQ,drop_mid_l2,mid,666,0.04272679289480785,-0.009446182804325631
B,lq_emp_52,Finance & Insurance LQ,drop_mid_l2,rich,695,0.17253583981049525,0.004070481329326192
B,lq_emp_52,Finance & Insurance LQ,drop_rich,stub,221,0.0693892115141499,0.0006891710475175339
B,lq_emp_52,Finance & Insurance LQ,drop_rich,thin,1056,0.10332073579635481,0.003161975899309666
B,lq_emp_52,Finance & Insurance LQ,drop_rich,mid,666,0.04272679289480785,0.008104687242659558
B,lq_emp_52,Finance & Insurance LQ,drop_rich,rich,695,0.17253583981049525,0.017796842215770825
B,lq_emp_52,Finance & Insurance LQ,drop_rich_l2,stub,221,0.0693892115141499,-0.0011268771887570361
B,lq_emp_52,Finance & Insurance LQ,drop_rich_l2,thin,1056,0.10332073579635481,0.003195541454333539
B,lq_emp_52,Finance & Insurance LQ,drop_rich_l2,mid,666,0.04272679289480785,0.008694151262497507
B,lq_emp_52,Finance & Insurance LQ,drop_rich_l2,rich,695,0.17253583981049525,0.017694469888254516
B,lq_emp_52,Finance & Insurance LQ,typed_sections,stub,221,0.0693892115141499,-0.0053457648817252235
B,lq_emp_52,Finance & Insurance LQ,typed_sections,thin,1056,0.10332073579635481,0.008195489383689303
B,lq_emp_52,Finance & Insurance LQ,typed_sections,mid,666,0.04272679289480785,0.008350332129968274
B,lq_emp_52,Finance & Insurance LQ,typed_sections,rich,695,0.17253583981049525,-3.173772922449025e-05
B,lq_emp_53,Real Estate & Rental & Leasing LQ,lead_only,stub,199,-0.033525517812667216,0.005781483107983432
B,lq_emp_53,Real Estate & Rental & Leasing LQ,lead_only,thin,972,0.20499787894776822,0.001592797280802083
B,lq_emp_53,Real Estate & Rental & Leasing LQ,lead_only,mid,623,0.24791965249417203,-0.000507272674159398
B,lq_emp_53,Real Estate & Rental & Leasing LQ,lead_only,rich,659,0.2867479042019613,0.004634073081674739
B,lq_emp_53,Real Estate & Rental & Leasing LQ,lead_only_pca64,stub,199,-0.033525517812667216,-0.0016646009962359987
B,lq_emp_53,Real Estate & Rental & Leasing LQ,lead_only_pca64,thin,972,0.20499787894776822,-0.0010802609980491429
B,lq_emp_53,Real Estate & Rental & Leasing LQ,lead_only_pca64,mid,623,0.24791965249417203,0.0016430639792782697
B,lq_emp_53,Real Estate & Rental & Leasing LQ,lead_only_pca64,rich,659,0.2867479042019613,0.001490784269884693
B,lq_emp_53,Real Estate & Rental & Leasing LQ,lead_only_l2,stub,199,-0.033525517812667216,0.005780612088976511
B,lq_emp_53,Real Estate & Rental & Leasing LQ,lead_only_l2,thin,972,0.20499787894776822,0.0015607851649913629
B,lq_emp_53,Real Estate & Rental & Leasing LQ,lead_only_l2,mid,623,0.24791965249417203,-0.0004371412355745896
B,lq_emp_53,Real Estate & Rental & Leasing LQ,lead_only_l2,rich,659,0.2867479042019613,0.0054132753557265545
B,lq_emp_53,Real Estate & Rental & Leasing LQ,lead_only_ccr,stub,199,-0.033525517812667216,0.003996521449775914
B,lq_emp_53,Real Estate & Rental & Leasing LQ,lead_only_ccr,thin,972,0.20499787894776822,0.0015787733664349712
B,lq_emp_53,Real Estate & Rental & Leasing LQ,lead_only_ccr,mid,623,0.24791965249417203,0.0003120932881354177
B,lq_emp_53,Real Estate & Rental & Leasing LQ,lead_only_ccr,rich,659,0.2867479042019613,0.005437038072446554
B,lq_emp_53,Real Estate & Rental & Leasing LQ,uniform,stub,199,-0.033525517812667216,0.0037645877664234106
B,lq_emp_53,Real Estate & Rental & Leasing LQ,uniform,thin,972,0.20499787894776822,0.008424500757050923
B,lq_emp_53,Real Estate & Rental & Leasing LQ,uniform,mid,623,0.24791965249417203,0.012838984364812123
B,lq_emp_53,Real Estate & Rental & Leasing LQ,uniform,rich,659,0.2867479042019613,0.0035591910145575945
B,lq_emp_53,Real Estate & Rental & Leasing LQ,uniform_pca64,stub,199,-0.033525517812667216,0.0029257997686473747
B,lq_emp_53,Real Estate & Rental & Leasing LQ,uniform_pca64,thin,972,0.20499787894776822,0.0064789568661810515
B,lq_emp_53,Real Estate & Rental & Leasing LQ,uniform_pca64,mid,623,0.24791965249417203,0.012738544751431768
B,lq_emp_53,Real Estate & Rental & Leasing LQ,uniform_pca64,rich,659,0.2867479042019613,0.006808724078376072
B,lq_emp_53,Real Estate & Rental & Leasing LQ,uniform_l2,stub,199,-0.033525517812667216,-0.004182151761748409
B,lq_emp_53,Real Estate & Rental & Leasing LQ,uniform_l2,thin,972,0.20499787894776822,0.00532079928078133
B,lq_emp_53,Real Estate & Rental & Leasing LQ,uniform_l2,mid,623,0.24791965249417203,0.009815091317589841
B,lq_emp_53,Real Estate & Rental & Leasing LQ,uniform_l2,rich,659,0.2867479042019613,0.004404492640133428
B,lq_emp_53,Real Estate & Rental & Leasing LQ,uniform_ccr,stub,199,-0.033525517812667216,0.004813525982381384
B,lq_emp_53,Real Estate & Rental & Leasing LQ,uniform_ccr,thin,972,0.20499787894776822,0.008531439612411318
B,lq_emp_53,Real Estate & Rental & Leasing LQ,uniform_ccr,mid,623,0.24791965249417203,0.01590711560291469
B,lq_emp_53,Real Estate & Rental & Leasing LQ,uniform_ccr,rich,659,0.2867479042019613,0.009253683268029778
B,lq_emp_53,Real Estate & Rental & Leasing LQ,tier_conditional,stub,199,-0.033525517812667216,0.012915586203944729
B,lq_emp_53,Real Estate & Rental & Leasing LQ,tier_conditional,thin,972,0.20499787894776822,0.002057132890413982
B,lq_emp_53,Real Estate & Rental & Leasing LQ,tier_conditional,mid,623,0.24791965249417203,0.0014386100539901525
B,lq_emp_53,Real Estate & Rental & Leasing LQ,tier_conditional,rich,659,0.2867479042019613,-0.0005654092492941576
B,lq_emp_53,Real Estate & Rental & Leasing LQ,tier_conditional_pca64,stub,199,-0.033525517812667216,0.0043138201025210154
B,lq_emp_53,Real Estate & Rental & Leasing LQ,tier_conditional_pca64,thin,972,0.20499787894776822,0.000363289830666913
B,lq_emp_53,Real Estate & Rental & Leasing LQ,tier_conditional_pca64,mid,623,0.24791965249417203,0.0016173355477541174
B,lq_emp_53,Real Estate & Rental & Leasing LQ,tier_conditional_pca64,rich,659,0.2867479042019613,0.00209132982078708
B,lq_emp_53,Real Estate & Rental & Leasing LQ,tier_conditional_l2,stub,199,-0.033525517812667216,0.016411775366330206
B,lq_emp_53,Real Estate & Rental & Leasing LQ,tier_conditional_l2,thin,972,0.20499787894776822,0.002018690028093517
B,lq_emp_53,Real Estate & Rental & Leasing LQ,tier_conditional_l2,mid,623,0.24791965249417203,0.00022255388667069553
B,lq_emp_53,Real Estate & Rental & Leasing LQ,tier_conditional_l2,rich,659,0.2867479042019613,0.0007625244541110687
B,lq_emp_53,Real Estate & Rental & Leasing LQ,tier_conditional_ccr,stub,199,-0.033525517812667216,0.010641287044720782
B,lq_emp_53,Real Estate & Rental & Leasing LQ,tier_conditional_ccr,thin,972,0.20499787894776822,0.0027328172421188235
B,lq_emp_53,Real Estate & Rental & Leasing LQ,tier_conditional_ccr,mid,623,0.24791965249417203,0.0033791012627921724
B,lq_emp_53,Real Estate & Rental & Leasing LQ,tier_conditional_ccr,rich,659,0.2867479042019613,0.0020961112424109363
B,lq_emp_53,Real Estate & Rental & Leasing LQ,tier_conditional_inverse,stub,199,-0.033525517812667216,-0.002044791526659928
B,lq_emp_53,Real Estate & Rental & Leasing LQ,tier_conditional_inverse,thin,972,0.20499787894776822,0.0015721990634338656
B,lq_emp_53,Real Estate & Rental & Leasing LQ,tier_conditional_inverse,mid,623,0.24791965249417203,-0.004833118448408058
B,lq_emp_53,Real Estate & Rental & Leasing LQ,tier_conditional_inverse,rich,659,0.2867479042019613,0.002744459071296501
B,lq_emp_53,Real Estate & Rental & Leasing LQ,tier_conditional_inverse_pca64,stub,199,-0.033525517812667216,-0.0040122375746853844
B,lq_emp_53,Real Estate & Rental & Leasing LQ,tier_conditional_inverse_pca64,thin,972,0.20499787894776822,-0.0008257741706352295
B,lq_emp_53,Real Estate & Rental & Leasing LQ,tier_conditional_inverse_pca64,mid,623,0.24791965249417203,-0.002252619296596481
B,lq_emp_53,Real Estate & Rental & Leasing LQ,tier_conditional_inverse_pca64,rich,659,0.2867479042019613,0.0032377880190286312
B,lq_emp_53,Real Estate & Rental & Leasing LQ,tier_conditional_inverse_l2,stub,199,-0.033525517812667216,-0.007694138407285056
B,lq_emp_53,Real Estate & Rental & Leasing LQ,tier_conditional_inverse_l2,thin,972,0.20499787894776822,-0.0005072177240835751
B,lq_emp_53,Real Estate & Rental & Leasing LQ,tier_conditional_inverse_l2,mid,623,0.24791965249417203,-0.002509105652442778
B,lq_emp_53,Real Estate & Rental & Leasing LQ,tier_conditional_inverse_l2,rich,659,0.2867479042019613,0.0002487065965338653
B,lq_emp_53,Real Estate & Rental & Leasing LQ,tier_conditional_inverse_ccr,stub,199,-0.033525517812667216,-0.0076907671703070335
B,lq_emp_53,Real Estate & Rental & Leasing LQ,tier_conditional_inverse_ccr,thin,972,0.20499787894776822,-0.0006165140656790857
B,lq_emp_53,Real Estate & Rental & Leasing LQ,tier_conditional_inverse_ccr,mid,623,0.24791965249417203,-0.0012438533920459127
B,lq_emp_53,Real Estate & Rental & Leasing LQ,tier_conditional_inverse_ccr,rich,659,0.2867479042019613,-0.0009922001641032852
B,lq_emp_53,Real Estate & Rental & Leasing LQ,prose_only,stub,199,-0.033525517812667216,-0.009706469286758113
B,lq_emp_53,Real Estate & Rental & Leasing LQ,prose_only,thin,972,0.20499787894776822,0.005491211059374224
B,lq_emp_53,Real Estate & Rental & Leasing LQ,prose_only,mid,623,0.24791965249417203,0.01139962757653823
B,lq_emp_53,Real Estate & Rental & Leasing LQ,prose_only,rich,659,0.2867479042019613,0.003094932944478046
B,lq_emp_53,Real Estate & Rental & Leasing LQ,prose_only_pca64,stub,199,-0.033525517812667216,-0.003684558507164093
B,lq_emp_53,Real Estate & Rental & Leasing LQ,prose_only_pca64,thin,972,0.20499787894776822,-0.001180323419918028
B,lq_emp_53,Real Estate & Rental & Leasing LQ,prose_only_pca64,mid,623,0.24791965249417203,0.01072841564067184
B,lq_emp_53,Real Estate & Rental & Leasing LQ,prose_only_pca64,rich,659,0.2867479042019613,0.0011825521392027083
B,lq_emp_53,Real Estate & Rental & Leasing LQ,prose_only_l2,stub,199,-0.033525517812667216,-0.005838699901650202
B,lq_emp_53,Real Estate & Rental & Leasing LQ,prose_only_l2,thin,972,0.20499787894776822,0.005527727770634039
B,lq_emp_53,Real Estate & Rental & Leasing LQ,prose_only_l2,mid,623,0.24791965249417203,0.013024682491825201
B,lq_emp_53,Real Estate & Rental & Leasing LQ,prose_only_l2,rich,659,0.2867479042019613,0.004021011741614067
B,lq_emp_53,Real Estate & Rental & Leasing LQ,prose_only_ccr,stub,199,-0.033525517812667216,-0.01359078133054581
B,lq_emp_53,Real Estate & Rental & Leasing LQ,prose_only_ccr,thin,972,0.20499787894776822,0.009803185974552098
B,lq_emp_53,Real Estate & Rental & Leasing LQ,prose_only_ccr,mid,623,0.24791965249417203,0.015653663885759395
B,lq_emp_53,Real Estate & Rental & Leasing LQ,prose_only_ccr,rich,659,0.2867479042019613,0.009448715848989209
B,lq_emp_53,Real Estate & Rental & Leasing LQ,prose_plus_history,stub,199,-0.033525517812667216,-0.0034011689510438092
B,lq_emp_53,Real Estate & Rental & Leasing LQ,prose_plus_history,thin,972,0.20499787894776822,0.005732520102920691
B,lq_emp_53,Real Estate & Rental & Leasing LQ,prose_plus_history,mid,623,0.24791965249417203,0.004789645830208467
B,lq_emp_53,Real Estate & Rental & Leasing LQ,prose_plus_history,rich,659,0.2867479042019613,0.0037194118386187913
B,lq_emp_53,Real Estate & Rental & Leasing LQ,prose_plus_history_pca64,stub,199,-0.033525517812667216,-0.015159196981057166
B,lq_emp_53,Real Estate & Rental & Leasing LQ,prose_plus_history_pca64,thin,972,0.20499787894776822,0.0028936457159225437
B,lq_emp_53,Real Estate & Rental & Leasing LQ,prose_plus_history_pca64,mid,623,0.24791965249417203,-0.00037663288516665006
B,lq_emp_53,Real Estate & Rental & Leasing LQ,prose_plus_history_pca64,rich,659,0.2867479042019613,0.004224202459632287
B,lq_emp_53,Real Estate & Rental & Leasing LQ,prose_plus_history_l2,stub,199,-0.033525517812667216,0.006754028524887712
B,lq_emp_53,Real Estate & Rental & Leasing LQ,prose_plus_history_l2,thin,972,0.20499787894776822,0.006033062800668287
B,lq_emp_53,Real Estate & Rental & Leasing LQ,prose_plus_history_l2,mid,623,0.24791965249417203,0.014690096790121343
B,lq_emp_53,Real Estate & Rental & Leasing LQ,prose_plus_history_l2,rich,659,0.2867479042019613,0.004919886799214734
B,lq_emp_53,Real Estate & Rental & Leasing LQ,prose_plus_history_ccr,stub,199,-0.033525517812667216,-0.0006769108555451098
B,lq_emp_53,Real Estate & Rental & Leasing LQ,prose_plus_history_ccr,thin,972,0.20499787894776822,0.010286353599416875
B,lq_emp_53,Real Estate & Rental & Leasing LQ,prose_plus_history_ccr,mid,623,0.24791965249417203,0.017535414121526816
B,lq_emp_53,Real Estate & Rental & Leasing LQ,prose_plus_history_ccr,rich,659,0.2867479042019613,0.007830629185831994
B,lq_emp_53,Real Estate & Rental & Leasing LQ,economy_all_tiers,stub,199,-0.033525517812667216,0.00670035945691172
B,lq_emp_53,Real Estate & Rental & Leasing LQ,economy_all_tiers,thin,972,0.20499787894776822,0.0018442023612960101
B,lq_emp_53,Real Estate & Rental & Leasing LQ,economy_all_tiers,mid,623,0.24791965249417203,-0.0011994641127618388
B,lq_emp_53,Real Estate & Rental & Leasing LQ,economy_all_tiers,rich,659,0.2867479042019613,0.0020910499840928187
B,lq_emp_53,Real Estate & Rental & Leasing LQ,economy_all_tiers_pca64,stub,199,-0.033525517812667216,-0.004600949062830484
B,lq_emp_53,Real Estate & Rental & Leasing LQ,economy_all_tiers_pca64,thin,972,0.20499787894776822,-0.0010385259496042964
B,lq_emp_53,Real Estate & Rental & Leasing LQ,economy_all_tiers_pca64,mid,623,0.24791965249417203,-0.0006304175555182923
B,lq_emp_53,Real Estate & Rental & Leasing LQ,economy_all_tiers_pca64,rich,659,0.2867479042019613,0.0005109807232929198
B,lq_emp_53,Real Estate & Rental & Leasing LQ,economy_all_tiers_l2,stub,199,-0.033525517812667216,0.005805872468764628
B,lq_emp_53,Real Estate & Rental & Leasing LQ,economy_all_tiers_l2,thin,972,0.20499787894776822,0.0016069380376751985
B,lq_emp_53,Real Estate & Rental & Leasing LQ,economy_all_tiers_l2,mid,623,0.24791965249417203,-0.0008230762759693366
B,lq_emp_53,Real Estate & Rental & Leasing LQ,economy_all_tiers_l2,rich,659,0.2867479042019613,0.0039562560644043065
B,lq_emp_53,Real Estate & Rental & Leasing LQ,economy_all_tiers_ccr,stub,199,-0.033525517812667216,-0.0030137422859239926
B,lq_emp_53,Real Estate & Rental & Leasing LQ,economy_all_tiers_ccr,thin,972,0.20499787894776822,3.096463105733971e-05
B,lq_emp_53,Real Estate & Rental & Leasing LQ,economy_all_tiers_ccr,mid,623,0.24791965249417203,0.0017216822306768131
B,lq_emp_53,Real Estate & Rental & Leasing LQ,economy_all_tiers_ccr,rich,659,0.2867479042019613,0.0012869148540933795
B,lq_emp_53,Real Estate & Rental & Leasing LQ,prose_by_tier,stub,199,-0.033525517812667216,0.000803483969621599
B,lq_emp_53,Real Estate & Rental & Leasing LQ,prose_by_tier,thin,972,0.20499787894776822,0.0014518708771621425
B,lq_emp_53,Real Estate & Rental & Leasing LQ,prose_by_tier,mid,623,0.24791965249417203,0.004237973539081952
B,lq_emp_53,Real Estate & Rental & Leasing LQ,prose_by_tier,rich,659,0.2867479042019613,0.0020878617097978003
B,lq_emp_53,Real Estate & Rental & Leasing LQ,prose_by_tier_pca64,stub,199,-0.033525517812667216,-0.007587500724306029
B,lq_emp_53,Real Estate & Rental & Leasing LQ,prose_by_tier_pca64,thin,972,0.20499787894776822,-0.0018853873330331172
B,lq_emp_53,Real Estate & Rental & Leasing LQ,prose_by_tier_pca64,mid,623,0.24791965249417203,0.004581838544244987
B,lq_emp_53,Real Estate & Rental & Leasing LQ,prose_by_tier_pca64,rich,659,0.2867479042019613,0.004959517902722532
B,lq_emp_53,Real Estate & Rental & Leasing LQ,prose_by_tier_l2,stub,199,-0.033525517812667216,-0.002885860300311238
B,lq_emp_53,Real Estate & Rental & Leasing LQ,prose_by_tier_l2,thin,972,0.20499787894776822,-0.0017467431839706116
B,lq_emp_53,Real Estate & Rental & Leasing LQ,prose_by_tier_l2,mid,623,0.24791965249417203,0.008963691222452441
B,lq_emp_53,Real Estate & Rental & Leasing LQ,prose_by_tier_l2,rich,659,0.2867479042019613,0.00016419106180520782
B,lq_emp_53,Real Estate & Rental & Leasing LQ,prose_by_tier_ccr,stub,199,-0.033525517812667216,-0.0016647151311575126
B,lq_emp_53,Real Estate & Rental & Leasing LQ,prose_by_tier_ccr,thin,972,0.20499787894776822,-0.002409844223652313
B,lq_emp_53,Real Estate & Rental & Leasing LQ,prose_by_tier_ccr,mid,623,0.24791965249417203,0.008702198727611687
B,lq_emp_53,Real Estate & Rental & Leasing LQ,prose_by_tier_ccr,rich,659,0.2867479042019613,-0.002672456517960997
B,lq_emp_53,Real Estate & Rental & Leasing LQ,drop_stub,stub,199,-0.033525517812667216,0.00942305772487484
B,lq_emp_53,Real Estate & Rental & Leasing LQ,drop_stub,thin,972,0.20499787894776822,0.008066763325695003
B,lq_emp_53,Real Estate & Rental & Leasing LQ,drop_stub,mid,623,0.24791965249417203,0.009156786762386515
B,lq_emp_53,Real Estate & Rental & Leasing LQ,drop_stub,rich,659,0.2867479042019613,0.00501350608683826
B,lq_emp_53,Real Estate & Rental & Leasing LQ,drop_stub_l2,stub,199,-0.033525517812667216,0.02883768969874545
B,lq_emp_53,Real Estate & Rental & Leasing LQ,drop_stub_l2,thin,972,0.20499787894776822,0.008291131780448713
B,lq_emp_53,Real Estate & Rental & Leasing LQ,drop_stub_l2,mid,623,0.24791965249417203,0.011501747577846722
B,lq_emp_53,Real Estate & Rental & Leasing LQ,drop_stub_l2,rich,659,0.2867479042019613,0.005354807704537445
B,lq_emp_53,Real Estate & Rental & Leasing LQ,drop_thin,stub,199,-0.033525517812667216,-0.010612253098282842
B,lq_emp_53,Real Estate & Rental & Leasing LQ,drop_thin,thin,972,0.20499787894776822,-0.0035713338711482745
B,lq_emp_53,Real Estate & Rental & Leasing LQ,drop_thin,mid,623,0.24791965249417203,0.0026901282571736296
B,lq_emp_53,Real Estate & Rental & Leasing LQ,drop_thin,rich,659,0.2867479042019613,0.0011852828043442676
B,lq_emp_53,Real Estate & Rental & Leasing LQ,drop_thin_l2,stub,199,-0.033525517812667216,-0.007375544889234087
B,lq_emp_53,Real Estate & Rental & Leasing LQ,drop_thin_l2,thin,972,0.20499787894776822,-0.003475412747904305
B,lq_emp_53,Real Estate & Rental & Leasing LQ,drop_thin_l2,mid,623,0.24791965249417203,0.003864784033348556
B,lq_emp_53,Real Estate & Rental & Leasing LQ,drop_thin_l2,rich,659,0.2867479042019613,0.0010510716742485604
B,lq_emp_53,Real Estate & Rental & Leasing LQ,drop_mid,stub,199,-0.033525517812667216,0.007275555154501179
B,lq_emp_53,Real Estate & Rental & Leasing LQ,drop_mid,thin,972,0.20499787894776822,0.003906804822856658
B,lq_emp_53,Real Estate & Rental & Leasing LQ,drop_mid,mid,623,0.24791965249417203,0.011352049373291484
B,lq_emp_53,Real Estate & Rental & Leasing LQ,drop_mid,rich,659,0.2867479042019613,0.003635280875021407
B,lq_emp_53,Real Estate & Rental & Leasing LQ,drop_mid_l2,stub,199,-0.033525517812667216,0.005649965529561429
B,lq_emp_53,Real Estate & Rental & Leasing LQ,drop_mid_l2,thin,972,0.20499787894776822,0.0033702139588196456
B,lq_emp_53,Real Estate & Rental & Leasing LQ,drop_mid_l2,mid,623,0.24791965249417203,0.007366380383319382
B,lq_emp_53,Real Estate & Rental & Leasing LQ,drop_mid_l2,rich,659,0.2867479042019613,0.0036846740326272887
B,lq_emp_53,Real Estate & Rental & Leasing LQ,drop_rich,stub,199,-0.033525517812667216,0.006138399583493603
B,lq_emp_53,Real Estate & Rental & Leasing LQ,drop_rich,thin,972,0.20499787894776822,0.008753909634740986
B,lq_emp_53,Real Estate & Rental & Leasing LQ,drop_rich,mid,623,0.24791965249417203,0.003907407857852818
B,lq_emp_53,Real Estate & Rental & Leasing LQ,drop_rich,rich,659,0.2867479042019613,0.0022910532371542836
B,lq_emp_53,Real Estate & Rental & Leasing LQ,drop_rich_l2,stub,199,-0.033525517812667216,0.008524040865468319
B,lq_emp_53,Real Estate & Rental & Leasing LQ,drop_rich_l2,thin,972,0.20499787894776822,0.00847441305485419
B,lq_emp_53,Real Estate & Rental & Leasing LQ,drop_rich_l2,mid,623,0.24791965249417203,0.004005502146042894
B,lq_emp_53,Real Estate & Rental & Leasing LQ,drop_rich_l2,rich,659,0.2867479042019613,0.004546144428536625
B,lq_emp_53,Real Estate & Rental & Leasing LQ,typed_sections,stub,199,-0.033525517812667216,0.007321231552875451
B,lq_emp_53,Real Estate & Rental & Leasing LQ,typed_sections,thin,972,0.20499787894776822,0.0005802495347810854
B,lq_emp_53,Real Estate & Rental & Leasing LQ,typed_sections,mid,623,0.24791965249417203,-0.0008736617677989056
B,lq_emp_53,Real Estate & Rental & Leasing LQ,typed_sections,rich,659,0.2867479042019613,0.008051170438877708
B,lq_emp_54,"Professional, Scientific & Technical Services LQ",lead_only,stub,186,0.004342691395660125,-0.0019400336374594263
B,lq_emp_54,"Professional, Scientific & Technical Services LQ",lead_only,thin,901,0.13232144249284317,0.0022881687538933715
B,lq_emp_54,"Professional, Scientific & Technical Services LQ",lead_only,mid,575,0.1408931982639242,0.0014820016598040553
B,lq_emp_54,"Professional, Scientific & Technical Services LQ",lead_only,rich,606,0.43998934438181037,0.016017884324818543
B,lq_emp_54,"Professional, Scientific & Technical Services LQ",lead_only_pca64,stub,186,0.004342691395660125,-0.0015218012564534034
B,lq_emp_54,"Professional, Scientific & Technical Services LQ",lead_only_pca64,thin,901,0.13232144249284317,0.0009146485111428682
B,lq_emp_54,"Professional, Scientific & Technical Services LQ",lead_only_pca64,mid,575,0.1408931982639242,-0.00394691169900474
B,lq_emp_54,"Professional, Scientific & Technical Services LQ",lead_only_pca64,rich,606,0.43998934438181037,0.01230912770089454
B,lq_emp_54,"Professional, Scientific & Technical Services LQ",lead_only_l2,stub,186,0.004342691395660125,-0.002353428032450644
B,lq_emp_54,"Professional, Scientific & Technical Services LQ",lead_only_l2,thin,901,0.13232144249284317,0.002598660382283069
B,lq_emp_54,"Professional, Scientific & Technical Services LQ",lead_only_l2,mid,575,0.1408931982639242,0.001415144692258452
B,lq_emp_54,"Professional, Scientific & Technical Services LQ",lead_only_l2,rich,606,0.43998934438181037,0.018334395522446645
B,lq_emp_54,"Professional, Scientific & Technical Services LQ",lead_only_ccr,stub,186,0.004342691395660125,-0.0022966416396125178
B,lq_emp_54,"Professional, Scientific & Technical Services LQ",lead_only_ccr,thin,901,0.13232144249284317,0.0022996462712432386
B,lq_emp_54,"Professional, Scientific & Technical Services LQ",lead_only_ccr,mid,575,0.1408931982639242,0.0020354254915296854
B,lq_emp_54,"Professional, Scientific & Technical Services LQ",lead_only_ccr,rich,606,0.43998934438181037,0.016131440104153905
B,lq_emp_54,"Professional, Scientific & Technical Services LQ",uniform,stub,186,0.004342691395660125,-0.0005352084664861367
B,lq_emp_54,"Professional, Scientific & Technical Services LQ",uniform,thin,901,0.13232144249284317,-0.0003001796376987942
B,lq_emp_54,"Professional, Scientific & Technical Services LQ",uniform,mid,575,0.1408931982639242,-0.00034860738271724756
B,lq_emp_54,"Professional, Scientific & Technical Services LQ",uniform,rich,606,0.43998934438181037,3.220408850224121e-05
B,lq_emp_54,"Professional, Scientific & Technical Services LQ",uniform_pca64,stub,186,0.004342691395660125,-0.0005360487514061152
B,lq_emp_54,"Professional, Scientific & Technical Services LQ",uniform_pca64,thin,901,0.13232144249284317,-0.00016021147233558075
B,lq_emp_54,"Professional, Scientific & Technical Services LQ",uniform_pca64,mid,575,0.1408931982639242,-0.00044874883386580855
B,lq_emp_54,"Professional, Scientific & Technical Services LQ",uniform_pca64,rich,606,0.43998934438181037,4.94079416180071e-06
B,lq_emp_54,"Professional, Scientific & Technical Services LQ",uniform_l2,stub,186,0.004342691395660125,-0.0016648359491836517
B,lq_emp_54,"Professional, Scientific & Technical Services LQ",uniform_l2,thin,901,0.13232144249284317,0.0001569786954579433
B,lq_emp_54,"Professional, Scientific & Technical Services LQ",uniform_l2,mid,575,0.1408931982639242,0.0007144280188301488
B,lq_emp_54,"Professional, Scientific & Technical Services LQ",uniform_l2,rich,606,0.43998934438181037,0.0017307080943526065
B,lq_emp_54,"Professional, Scientific & Technical Services LQ",uniform_ccr,stub,186,0.004342691395660125,-0.009134911504941945
B,lq_emp_54,"Professional, Scientific & Technical Services LQ",uniform_ccr,thin,901,0.13232144249284317,0.0009851485034019225
B,lq_emp_54,"Professional, Scientific & Technical Services LQ",uniform_ccr,mid,575,0.1408931982639242,0.0038263795587879512
B,lq_emp_54,"Professional, Scientific & Technical Services LQ",uniform_ccr,rich,606,0.43998934438181037,0.005655737662875859
B,lq_emp_54,"Professional, Scientific & Technical Services LQ",tier_conditional,stub,186,0.004342691395660125,0.0019137454377223806
B,lq_emp_54,"Professional, Scientific & Technical Services LQ",tier_conditional,thin,901,0.13232144249284317,-0.00031849970786090864
B,lq_emp_54,"Professional, Scientific & Technical Services LQ",tier_conditional,mid,575,0.1408931982639242,0.0034256691465981426
B,lq_emp_54,"Professional, Scientific & Technical Services LQ",tier_conditional,rich,606,0.43998934438181037,0.009047010759893115
B,lq_emp_54,"Professional, Scientific & Technical Services LQ",tier_conditional_pca64,stub,186,0.004342691395660125,-0.0006402438108498165
B,lq_emp_54,"Professional, Scientific & Technical Services LQ",tier_conditional_pca64,thin,901,0.13232144249284317,-0.0002969343026703042
B,lq_emp_54,"Professional, Scientific & Technical Services LQ",tier_conditional_pca64,mid,575,0.1408931982639242,-0.0004806726260484506
B,lq_emp_54,"Professional, Scientific & Technical Services LQ",tier_conditional_pca64,rich,606,0.43998934438181037,0.001588933766630496
B,lq_emp_54,"Professional, Scientific & Technical Services LQ",tier_conditional_l2,stub,186,0.004342691395660125,-0.0013092917579174967
B,lq_emp_54,"Professional, Scientific & Technical Services LQ",tier_conditional_l2,thin,901,0.13232144249284317,-0.0021576581913742565
B,lq_emp_54,"Professional, Scientific & Technical Services LQ",tier_conditional_l2,mid,575,0.1408931982639242,-0.001120481595118794
B,lq_emp_54,"Professional, Scientific & Technical Services LQ",tier_conditional_l2,rich,606,0.43998934438181037,0.008312531800190537
B,lq_emp_54,"Professional, Scientific & Technical Services LQ",tier_conditional_ccr,stub,186,0.004342691395660125,-0.00012425373234536963
B,lq_emp_54,"Professional, Scientific & Technical Services LQ",tier_conditional_ccr,thin,901,0.13232144249284317,0.0007206098436870478
B,lq_emp_54,"Professional, Scientific & Technical Services LQ",tier_conditional_ccr,mid,575,0.1408931982639242,0.0030157074794149308
B,lq_emp_54,"Professional, Scientific & Technical Services LQ",tier_conditional_ccr,rich,606,0.43998934438181037,0.007759879134059733
B,lq_emp_54,"Professional, Scientific & Technical Services LQ",tier_conditional_inverse,stub,186,0.004342691395660125,-0.0042688509166234345
B,lq_emp_54,"Professional, Scientific & Technical Services LQ",tier_conditional_inverse,thin,901,0.13232144249284317,0.0004897537599959367
B,lq_emp_54,"Professional, Scientific & Technical Services LQ",tier_conditional_inverse,mid,575,0.1408931982639242,0.0020359929664082177
B,lq_emp_54,"Professional, Scientific & Technical Services LQ",tier_conditional_inverse,rich,606,0.43998934438181037,0.00665305839665864
B,lq_emp_54,"Professional, Scientific & Technical Services LQ",tier_conditional_inverse_pca64,stub,186,0.004342691395660125,-0.005757162297015617
B,lq_emp_54,"Professional, Scientific & Technical Services LQ",tier_conditional_inverse_pca64,thin,901,0.13232144249284317,7.516256206274718e-05
B,lq_emp_54,"Professional, Scientific & Technical Services LQ",tier_conditional_inverse_pca64,mid,575,0.1408931982639242,-0.001563411049070984
B,lq_emp_54,"Professional, Scientific & Technical Services LQ",tier_conditional_inverse_pca64,rich,606,0.43998934438181037,0.005659252274855198
B,lq_emp_54,"Professional, Scientific & Technical Services LQ",tier_conditional_inverse_l2,stub,186,0.004342691395660125,-0.00472951270246913
B,lq_emp_54,"Professional, Scientific & Technical Services LQ",tier_conditional_inverse_l2,thin,901,0.13232144249284317,0.0004645107553130634
B,lq_emp_54,"Professional, Scientific & Technical Services LQ",tier_conditional_inverse_l2,mid,575,0.1408931982639242,0.003956210355394063
B,lq_emp_54,"Professional, Scientific & Technical Services LQ",tier_conditional_inverse_l2,rich,606,0.43998934438181037,0.010258954782332186
B,lq_emp_54,"Professional, Scientific & Technical Services LQ",tier_conditional_inverse_ccr,stub,186,0.004342691395660125,-0.006463455868939372
B,lq_emp_54,"Professional, Scientific & Technical Services LQ",tier_conditional_inverse_ccr,thin,901,0.13232144249284317,0.0004974352143598537
B,lq_emp_54,"Professional, Scientific & Technical Services LQ",tier_conditional_inverse_ccr,mid,575,0.1408931982639242,0.004311523699346509
B,lq_emp_54,"Professional, Scientific & Technical Services LQ",tier_conditional_inverse_ccr,rich,606,0.43998934438181037,0.009915121873600219
B,lq_emp_54,"Professional, Scientific & Technical Services LQ",prose_only,stub,186,0.004342691395660125,-0.002791537918318765
B,lq_emp_54,"Professional, Scientific & Technical Services LQ",prose_only,thin,901,0.13232144249284317,3.267813992802182e-05
B,lq_emp_54,"Professional, Scientific & Technical Services LQ",prose_only,mid,575,0.1408931982639242,-0.0005028924228828169
B,lq_emp_54,"Professional, Scientific & Technical Services LQ",prose_only,rich,606,0.43998934438181037,0.0009640819610815532
B,lq_emp_54,"Professional, Scientific & Technical Services LQ",prose_only_pca64,stub,186,0.004342691395660125,-0.0029490292096406856
B,lq_emp_54,"Professional, Scientific & Technical Services LQ",prose_only_pca64,thin,901,0.13232144249284317,0.00047958825025828933
B,lq_emp_54,"Professional, Scientific & Technical Services LQ",prose_only_pca64,mid,575,0.1408931982639242,-0.0012991877702484
B,lq_emp_54,"Professional, Scientific & Technical Services LQ",prose_only_pca64,rich,606,0.43998934438181037,0.0017703521330032501
B,lq_emp_54,"Professional, Scientific & Technical Services LQ",prose_only_l2,stub,186,0.004342691395660125,-0.017012213756217864
B,lq_emp_54,"Professional, Scientific & Technical Services LQ",prose_only_l2,thin,901,0.13232144249284317,0.0009046134858370358
B,lq_emp_54,"Professional, Scientific & Technical Services LQ",prose_only_l2,mid,575,0.1408931982639242,-0.001111371454495469
B,lq_emp_54,"Professional, Scientific & Technical Services LQ",prose_only_l2,rich,606,0.43998934438181037,0.008807641998710203
B,lq_emp_54,"Professional, Scientific & Technical Services LQ",prose_only_ccr,stub,186,0.004342691395660125,-0.016494621676129917
B,lq_emp_54,"Professional, Scientific & Technical Services LQ",prose_only_ccr,thin,901,0.13232144249284317,-0.0036237691713914
B,lq_emp_54,"Professional, Scientific & Technical Services LQ",prose_only_ccr,mid,575,0.1408931982639242,-0.004093053311346795
B,lq_emp_54,"Professional, Scientific & Technical Services LQ",prose_only_ccr,rich,606,0.43998934438181037,0.004778734218107483
B,lq_emp_54,"Professional, Scientific & Technical Services LQ",prose_plus_history,stub,186,0.004342691395660125,-0.0027757943067246993
B,lq_emp_54,"Professional, Scientific & Technical Services LQ",prose_plus_history,thin,901,0.13232144249284317,0.0001235003534241219
B,lq_emp_54,"Professional, Scientific & Technical Services LQ",prose_plus_history,mid,575,0.1408931982639242,-0.0008483416152628154
B,lq_emp_54,"Professional, Scientific & Technical Services LQ",prose_plus_history,rich,606,0.43998934438181037,0.006862660154053679
B,lq_emp_54,"Professional, Scientific & Technical Services LQ",prose_plus_history_pca64,stub,186,0.004342691395660125,-0.00892487621888427
B,lq_emp_54,"Professional, Scientific & Technical Services LQ",prose_plus_history_pca64,thin,901,0.13232144249284317,-0.003422666668793206
B,lq_emp_54,"Professional, Scientific & Technical Services LQ",prose_plus_history_pca64,mid,575,0.1408931982639242,-0.000430436429016523
B,lq_emp_54,"Professional, Scientific & Technical Services LQ",prose_plus_history_pca64,rich,606,0.43998934438181037,0.005701334082449772
B,lq_emp_54,"Professional, Scientific & Technical Services LQ",prose_plus_history_l2,stub,186,0.004342691395660125,-0.00814152051317163
B,lq_emp_54,"Professional, Scientific & Technical Services LQ",prose_plus_history_l2,thin,901,0.13232144249284317,-0.004319890589962405
B,lq_emp_54,"Professional, Scientific & Technical Services LQ",prose_plus_history_l2,mid,575,0.1408931982639242,-0.002860877195987155
B,lq_emp_54,"Professional, Scientific & Technical Services LQ",prose_plus_history_l2,rich,606,0.43998934438181037,0.0057282618316149
B,lq_emp_54,"Professional, Scientific & Technical Services LQ",prose_plus_history_ccr,stub,186,0.004342691395660125,-0.004448438576138081
B,lq_emp_54,"Professional, Scientific & Technical Services LQ",prose_plus_history_ccr,thin,901,0.13232144249284317,-0.0009456915258082566
B,lq_emp_54,"Professional, Scientific & Technical Services LQ",prose_plus_history_ccr,mid,575,0.1408931982639242,-0.0012824278511329723
B,lq_emp_54,"Professional, Scientific & Technical Services LQ",prose_plus_history_ccr,rich,606,0.43998934438181037,0.0067421538480813
B,lq_emp_54,"Professional, Scientific & Technical Services LQ",economy_all_tiers,stub,186,0.004342691395660125,-0.0032360638056714297
B,lq_emp_54,"Professional, Scientific & Technical Services LQ",economy_all_tiers,thin,901,0.13232144249284317,-0.0005630952598271177
B,lq_emp_54,"Professional, Scientific & Technical Services LQ",economy_all_tiers,mid,575,0.1408931982639242,-0.0010622826570858557
B,lq_emp_54,"Professional, Scientific & Technical Services LQ",economy_all_tiers,rich,606,0.43998934438181037,0.017993572900239396
B,lq_emp_54,"Professional, Scientific & Technical Services LQ",economy_all_tiers_pca64,stub,186,0.004342691395660125,-0.0020525460236844317
B,lq_emp_54,"Professional, Scientific & Technical Services LQ",economy_all_tiers_pca64,thin,901,0.13232144249284317,-0.002131567212778962
B,lq_emp_54,"Professional, Scientific & Technical Services LQ",economy_all_tiers_pca64,mid,575,0.1408931982639242,-0.006480745811739075
B,lq_emp_54,"Professional, Scientific & Technical Services LQ",economy_all_tiers_pca64,rich,606,0.43998934438181037,0.016490856270119703
B,lq_emp_54,"Professional, Scientific & Technical Services LQ",economy_all_tiers_l2,stub,186,0.004342691395660125,-0.0011233655834919087
B,lq_emp_54,"Professional, Scientific & Technical Services LQ",economy_all_tiers_l2,thin,901,0.13232144249284317,0.0005782715424416107
B,lq_emp_54,"Professional, Scientific & Technical Services LQ",economy_all_tiers_l2,mid,575,0.1408931982639242,0.000779649461817411
B,lq_emp_54,"Professional, Scientific & Technical Services LQ",economy_all_tiers_l2,rich,606,0.43998934438181037,0.028408276207238292
B,lq_emp_54,"Professional, Scientific & Technical Services LQ",economy_all_tiers_ccr,stub,186,0.004342691395660125,-0.0014662069207284079
B,lq_emp_54,"Professional, Scientific & Technical Services LQ",economy_all_tiers_ccr,thin,901,0.13232144249284317,0.0005556738159369079
B,lq_emp_54,"Professional, Scientific & Technical Services LQ",economy_all_tiers_ccr,mid,575,0.1408931982639242,0.0010277548564463501
B,lq_emp_54,"Professional, Scientific & Technical Services LQ",economy_all_tiers_ccr,rich,606,0.43998934438181037,0.024810225646828332
B,lq_emp_54,"Professional, Scientific & Technical Services LQ",prose_by_tier,stub,186,0.004342691395660125,-0.009057666490975391
B,lq_emp_54,"Professional, Scientific & Technical Services LQ",prose_by_tier,thin,901,0.13232144249284317,0.0013215362353667937
B,lq_emp_54,"Professional, Scientific & Technical Services LQ",prose_by_tier,mid,575,0.1408931982639242,0.00025263663916474943
B,lq_emp_54,"Professional, Scientific & Technical Services LQ",prose_by_tier,rich,606,0.43998934438181037,0.00464237464305195
B,lq_emp_54,"Professional, Scientific & Technical Services LQ",prose_by_tier_pca64,stub,186,0.004342691395660125,-0.01215377276364249
B,lq_emp_54,"Professional, Scientific & Technical Services LQ",prose_by_tier_pca64,thin,901,0.13232144249284317,0.0012517677429110252
B,lq_emp_54,"Professional, Scientific & Technical Services LQ",prose_by_tier_pca64,mid,575,0.1408931982639242,-0.00033932341908715635
B,lq_emp_54,"Professional, Scientific & Technical Services LQ",prose_by_tier_pca64,rich,606,0.43998934438181037,0.004830318065413897
B,lq_emp_54,"Professional, Scientific & Technical Services LQ",prose_by_tier_l2,stub,186,0.004342691395660125,-0.007483135870437696
B,lq_emp_54,"Professional, Scientific & Technical Services LQ",prose_by_tier_l2,thin,901,0.13232144249284317,-0.001306492467758713
B,lq_emp_54,"Professional, Scientific & Technical Services LQ",prose_by_tier_l2,mid,575,0.1408931982639242,0.0017559855005820912
B,lq_emp_54,"Professional, Scientific & Technical Services LQ",prose_by_tier_l2,rich,606,0.43998934438181037,0.007124955240641939
B,lq_emp_54,"Professional, Scientific & Technical Services LQ",prose_by_tier_ccr,stub,186,0.004342691395660125,-0.008444141996722498
B,lq_emp_54,"Professional, Scientific & Technical Services LQ",prose_by_tier_ccr,thin,901,0.13232144249284317,-0.002944534123614728
B,lq_emp_54,"Professional, Scientific & Technical Services LQ",prose_by_tier_ccr,mid,575,0.1408931982639242,0.002011787680925914
B,lq_emp_54,"Professional, Scientific & Technical Services LQ",prose_by_tier_ccr,rich,606,0.43998934438181037,0.005554457074347874
B,lq_emp_54,"Professional, Scientific & Technical Services LQ",drop_stub,stub,186,0.004342691395660125,-0.007046008749061139
B,lq_emp_54,"Professional, Scientific & Technical Services LQ",drop_stub,thin,901,0.13232144249284317,0.0012867105542999635
B,lq_emp_54,"Professional, Scientific & Technical Services LQ",drop_stub,mid,575,0.1408931982639242,0.003002330103224149
B,lq_emp_54,"Professional, Scientific & Technical Services LQ",drop_stub,rich,606,0.43998934438181037,0.006048359093992484
B,lq_emp_54,"Professional, Scientific & Technical Services LQ",drop_stub_l2,stub,186,0.004342691395660125,-0.005393563798318901
B,lq_emp_54,"Professional, Scientific & Technical Services LQ",drop_stub_l2,thin,901,0.13232144249284317,0.0015661694481370336
B,lq_emp_54,"Professional, Scientific & Technical Services LQ",drop_stub_l2,mid,575,0.1408931982639242,0.004752690345690258
B,lq_emp_54,"Professional, Scientific & Technical Services LQ",drop_stub_l2,rich,606,0.43998934438181037,0.008145193757405744
B,lq_emp_54,"Professional, Scientific & Technical Services LQ",drop_thin,stub,186,0.004342691395660125,-0.004333706870739973
B,lq_emp_54,"Professional, Scientific & Technical Services LQ",drop_thin,thin,901,0.13232144249284317,-0.000920051124008725
B,lq_emp_54,"Professional, Scientific & Technical Services LQ",drop_thin,mid,575,0.1408931982639242,0.0012172899014609717
B,lq_emp_54,"Professional, Scientific & Technical Services LQ",drop_thin,rich,606,0.43998934438181037,0.0057688991787283594
B,lq_emp_54,"Professional, Scientific & Technical Services LQ",drop_thin_l2,stub,186,0.004342691395660125,-0.007267039565064026
B,lq_emp_54,"Professional, Scientific & Technical Services LQ",drop_thin_l2,thin,901,0.13232144249284317,-0.0009119096597122178
B,lq_emp_54,"Professional, Scientific & Technical Services LQ",drop_thin_l2,mid,575,0.1408931982639242,0.002740653721772568
B,lq_emp_54,"Professional, Scientific & Technical Services LQ",drop_thin_l2,rich,606,0.43998934438181037,0.007750758637507071
B,lq_emp_54,"Professional, Scientific & Technical Services LQ",drop_mid,stub,186,0.004342691395660125,3.516374308176751e-05
B,lq_emp_54,"Professional, Scientific & Technical Services LQ",drop_mid,thin,901,0.13232144249284317,-0.00021202101800754658
B,lq_emp_54,"Professional, Scientific & Technical Services LQ",drop_mid,mid,575,0.1408931982639242,0.0005448078930861966
B,lq_emp_54,"Professional, Scientific & Technical Services LQ",drop_mid,rich,606,0.43998934438181037,0.0007673982405186353
B,lq_emp_54,"Professional, Scientific & Technical Services LQ",drop_mid_l2,stub,186,0.004342691395660125,-0.0003857097598317649
B,lq_emp_54,"Professional, Scientific & Technical Services LQ",drop_mid_l2,thin,901,0.13232144249284317,0.00013697670722567779
B,lq_emp_54,"Professional, Scientific & Technical Services LQ",drop_mid_l2,mid,575,0.1408931982639242,0.0010484692702079634
B,lq_emp_54,"Professional, Scientific & Technical Services LQ",drop_mid_l2,rich,606,0.43998934438181037,0.0018384907819358753
B,lq_emp_54,"Professional, Scientific & Technical Services LQ",drop_rich,stub,186,0.004342691395660125,-0.004476009079646959
B,lq_emp_54,"Professional, Scientific & Technical Services LQ",drop_rich,thin,901,0.13232144249284317,-0.0021270396942616454
B,lq_emp_54,"Professional, Scientific & Technical Services LQ",drop_rich,mid,575,0.1408931982639242,-0.0015980885101316566
B,lq_emp_54,"Professional, Scientific & Technical Services LQ",drop_rich,rich,606,0.43998934438181037,0.01540552807669382
B,lq_emp_54,"Professional, Scientific & Technical Services LQ",drop_rich_l2,stub,186,0.004342691395660125,-0.0059337943937307625
B,lq_emp_54,"Professional, Scientific & Technical Services LQ",drop_rich_l2,thin,901,0.13232144249284317,-0.0004960791074278825
B,lq_emp_54,"Professional, Scientific & Technical Services LQ",drop_rich_l2,mid,575,0.1408931982639242,-0.001001494101605993
B,lq_emp_54,"Professional, Scientific & Technical Services LQ",drop_rich_l2,rich,606,0.43998934438181037,0.017013627130844866
B,lq_emp_54,"Professional, Scientific & Technical Services LQ",typed_sections,stub,186,0.004342691395660125,-0.00743435633271905
B,lq_emp_54,"Professional, Scientific & Technical Services LQ",typed_sections,thin,901,0.13232144249284317,-0.0015962562843466754
B,lq_emp_54,"Professional, Scientific & Technical Services LQ",typed_sections,mid,575,0.1408931982639242,-0.0011482086502645483
B,lq_emp_54,"Professional, Scientific & Technical Services LQ",typed_sections,rich,606,0.43998934438181037,0.008298500780172025
B,lq_emp_55,Management of Companies & Enterprises LQ,lead_only,thin,418,0.0902927024595771,-0.0012627115203397432
B,lq_emp_55,Management of Companies & Enterprises LQ,lead_only,mid,351,0.15572650941673416,-0.0009501479098290577
B,lq_emp_55,Management of Companies & Enterprises LQ,lead_only,rich,466,0.22000439362502622,2.1505553145395595e-05
B,lq_emp_55,Management of Companies & Enterprises LQ,lead_only_pca64,thin,418,0.0902927024595771,-0.00657286789025191
B,lq_emp_55,Management of Companies & Enterprises LQ,lead_only_pca64,mid,351,0.15572650941673416,-0.005606340491420614
B,lq_emp_55,Management of Companies & Enterprises LQ,lead_only_pca64,rich,466,0.22000439362502622,-0.000595844709040283
B,lq_emp_55,Management of Companies & Enterprises LQ,lead_only_l2,thin,418,0.0902927024595771,-0.0012915527125235693
B,lq_emp_55,Management of Companies & Enterprises LQ,lead_only_l2,mid,351,0.15572650941673416,-0.0008880792207967003
B,lq_emp_55,Management of Companies & Enterprises LQ,lead_only_l2,rich,466,0.22000439362502622,-1.1429602099211067e-05
B,lq_emp_55,Management of Companies & Enterprises LQ,lead_only_ccr,thin,418,0.0902927024595771,-0.001284795615402734
B,lq_emp_55,Management of Companies & Enterprises LQ,lead_only_ccr,mid,351,0.15572650941673416,-0.000926287708108875
B,lq_emp_55,Management of Companies & Enterprises LQ,lead_only_ccr,rich,466,0.22000439362502622,3.581209440506328e-05
B,lq_emp_55,Management of Companies & Enterprises LQ,uniform,thin,418,0.0902927024595771,-0.0070839158859237195
B,lq_emp_55,Management of Companies & Enterprises LQ,uniform,mid,351,0.15572650941673416,0.0005720098370438631
B,lq_emp_55,Management of Companies & Enterprises LQ,uniform,rich,466,0.22000439362502622,0.00038207922674271533
B,lq_emp_55,Management of Companies & Enterprises LQ,uniform_pca64,thin,418,0.0902927024595771,-0.006038830929536165
B,lq_emp_55,Management of Companies & Enterprises LQ,uniform_pca64,mid,351,0.15572650941673416,0.0005887965336101031
B,lq_emp_55,Management of Companies & Enterprises LQ,uniform_pca64,rich,466,0.22000439362502622,0.0003100743204150769
B,lq_emp_55,Management of Companies & Enterprises LQ,uniform_l2,thin,418,0.0902927024595771,-0.007956620420852212
B,lq_emp_55,Management of Companies & Enterprises LQ,uniform_l2,mid,351,0.15572650941673416,0.0006994261022206238
B,lq_emp_55,Management of Companies & Enterprises LQ,uniform_l2,rich,466,0.22000439362502622,0.0007093788719385596
B,lq_emp_55,Management of Companies & Enterprises LQ,uniform_ccr,thin,418,0.0902927024595771,-0.01249320789422459
B,lq_emp_55,Management of Companies & Enterprises LQ,uniform_ccr,mid,351,0.15572650941673416,0.0011756060148572223
B,lq_emp_55,Management of Companies & Enterprises LQ,uniform_ccr,rich,466,0.22000439362502622,-0.00026022772923894877
B,lq_emp_55,Management of Companies & Enterprises LQ,tier_conditional,thin,418,0.0902927024595771,-0.000738084785188442
B,lq_emp_55,Management of Companies & Enterprises LQ,tier_conditional,mid,351,0.15572650941673416,-0.00040543849148688693
B,lq_emp_55,Management of Companies & Enterprises LQ,tier_conditional,rich,466,0.22000439362502622,-0.0001477155314747458
B,lq_emp_55,Management of Companies & Enterprises LQ,tier_conditional_pca64,thin,418,0.0902927024595771,-0.0007084579901771582
B,lq_emp_55,Management of Companies & Enterprises LQ,tier_conditional_pca64,mid,351,0.15572650941673416,-0.0001302785234224002
B,lq_emp_55,Management of Companies & Enterprises LQ,tier_conditional_pca64,rich,466,0.22000439362502622,-0.00018598889751386682
B,lq_emp_55,Management of Companies & Enterprises LQ,tier_conditional_l2,thin,418,0.0902927024595771,-0.001419739506320905
B,lq_emp_55,Management of Companies & Enterprises LQ,tier_conditional_l2,mid,351,0.15572650941673416,-0.0003588077869912665
B,lq_emp_55,Management of Companies & Enterprises LQ,tier_conditional_l2,rich,466,0.22000439362502622,-0.00020762430768750395
B,lq_emp_55,Management of Companies & Enterprises LQ,tier_conditional_ccr,thin,418,0.0902927024595771,-0.0016496399818672902
B,lq_emp_55,Management of Companies & Enterprises LQ,tier_conditional_ccr,mid,351,0.15572650941673416,-0.00025673895592215334
B,lq_emp_55,Management of Companies & Enterprises LQ,tier_conditional_ccr,rich,466,0.22000439362502622,-0.00010871581207849701
B,lq_emp_55,Management of Companies & Enterprises LQ,tier_conditional_inverse,thin,418,0.0902927024595771,-7.780819801317396e-05
B,lq_emp_55,Management of Companies & Enterprises LQ,tier_conditional_inverse,mid,351,0.15572650941673416,-6.174433274441782e-05
B,lq_emp_55,Management of Companies & Enterprises LQ,tier_conditional_inverse,rich,466,0.22000439362502622,-3.724586830444743e-05
B,lq_emp_55,Management of Companies & Enterprises LQ,tier_conditional_inverse_pca64,thin,418,0.0902927024595771,-6.038648735018359e-05
B,lq_emp_55,Management of Companies & Enterprises LQ,tier_conditional_inverse_pca64,mid,351,0.15572650941673416,-7.88602825966267e-05
B,lq_emp_55,Management of Companies & Enterprises LQ,tier_conditional_inverse_pca64,rich,466,0.22000439362502622,-3.594690612374052e-05
B,lq_emp_55,Management of Companies & Enterprises LQ,tier_conditional_inverse_l2,thin,418,0.0902927024595771,-8.977404195653627e-05
B,lq_emp_55,Management of Companies & Enterprises LQ,tier_conditional_inverse_l2,mid,351,0.15572650941673416,-6.0662308224213035e-05
B,lq_emp_55,Management of Companies & Enterprises LQ,tier_conditional_inverse_l2,rich,466,0.22000439362502622,2.6758710083285564e-05
B,lq_emp_55,Management of Companies & Enterprises LQ,tier_conditional_inverse_ccr,thin,418,0.0902927024595771,-8.861096802670332e-05
B,lq_emp_55,Management of Companies & Enterprises LQ,tier_conditional_inverse_ccr,mid,351,0.15572650941673416,-6.184093151162529e-05
B,lq_emp_55,Management of Companies & Enterprises LQ,tier_conditional_inverse_ccr,rich,466,0.22000439362502622,3.894896835587858e-05
B,lq_emp_55,Management of Companies & Enterprises LQ,prose_only,thin,418,0.0902927024595771,-0.008706569290768629
B,lq_emp_55,Management of Companies & Enterprises LQ,prose_only,mid,351,0.15572650941673416,-0.002219875347724387
B,lq_emp_55,Management of Companies & Enterprises LQ,prose_only,rich,466,0.22000439362502622,-0.00334433991494143
B,lq_emp_55,Management of Companies & Enterprises LQ,prose_only_pca64,thin,418,0.0902927024595771,-0.0022646735116709227
B,lq_emp_55,Management of Companies & Enterprises LQ,prose_only_pca64,mid,351,0.15572650941673416,-0.00329612155988801
B,lq_emp_55,Management of Companies & Enterprises LQ,prose_only_pca64,rich,466,0.22000439362502622,-0.001652261504136332
B,lq_emp_55,Management of Companies & Enterprises LQ,prose_only_l2,thin,418,0.0902927024595771,-0.010058865062869904
B,lq_emp_55,Management of Companies & Enterprises LQ,prose_only_l2,mid,351,0.15572650941673416,-0.0029474655936538863
B,lq_emp_55,Management of Companies & Enterprises LQ,prose_only_l2,rich,466,0.22000439362502622,-0.002225932484630211
B,lq_emp_55,Management of Companies & Enterprises LQ,prose_only_ccr,thin,418,0.0902927024595771,-0.01034569068215796
B,lq_emp_55,Management of Companies & Enterprises LQ,prose_only_ccr,mid,351,0.15572650941673416,-0.0018197737162933825
B,lq_emp_55,Management of Companies & Enterprises LQ,prose_only_ccr,rich,466,0.22000439362502622,-0.0003001017073018808
B,lq_emp_55,Management of Companies & Enterprises LQ,prose_plus_history,thin,418,0.0902927024595771,-0.0054566299225428105
B,lq_emp_55,Management of Companies & Enterprises LQ,prose_plus_history,mid,351,0.15572650941673416,-0.003546377524322075
B,lq_emp_55,Management of Companies & Enterprises LQ,prose_plus_history,rich,466,0.22000439362502622,-0.0019696216301375857
B,lq_emp_55,Management of Companies & Enterprises LQ,prose_plus_history_pca64,thin,418,0.0902927024595771,-0.0034542067679520505
B,lq_emp_55,Management of Companies & Enterprises LQ,prose_plus_history_pca64,mid,351,0.15572650941673416,-0.004426100193948734
B,lq_emp_55,Management of Companies & Enterprises LQ,prose_plus_history_pca64,rich,466,0.22000439362502622,0.001513891727412786
B,lq_emp_55,Management of Companies & Enterprises LQ,prose_plus_history_l2,thin,418,0.0902927024595771,-0.005676830823587609
B,lq_emp_55,Management of Companies & Enterprises LQ,prose_plus_history_l2,mid,351,0.15572650941673416,-0.0030452156883086223
B,lq_emp_55,Management of Companies & Enterprises LQ,prose_plus_history_l2,rich,466,0.22000439362502622,-0.001427768223015713
B,lq_emp_55,Management of Companies & Enterprises LQ,prose_plus_history_ccr,thin,418,0.0902927024595771,-0.0017260777901296764
B,lq_emp_55,Management of Companies & Enterprises LQ,prose_plus_history_ccr,mid,351,0.15572650941673416,-0.0021134617582013737
B,lq_emp_55,Management of Companies & Enterprises LQ,prose_plus_history_ccr,rich,466,0.22000439362502622,0.002577376289677469
B,lq_emp_55,Management of Companies & Enterprises LQ,economy_all_tiers,thin,418,0.0902927024595771,-0.003931480815486221
B,lq_emp_55,Management of Companies & Enterprises LQ,economy_all_tiers,mid,351,0.15572650941673416,-0.0010601299440040624
B,lq_emp_55,Management of Companies & Enterprises LQ,economy_all_tiers,rich,466,0.22000439362502622,-0.0005528230049937077
B,lq_emp_55,Management of Companies & Enterprises LQ,economy_all_tiers_pca64,thin,418,0.0902927024595771,-0.005992546890286388
B,lq_emp_55,Management of Companies & Enterprises LQ,economy_all_tiers_pca64,mid,351,0.15572650941673416,-0.0054560530133301866
B,lq_emp_55,Management of Companies & Enterprises LQ,economy_all_tiers_pca64,rich,466,0.22000439362502622,-0.0004541609388475365
B,lq_emp_55,Management of Companies & Enterprises LQ,economy_all_tiers_l2,thin,418,0.0902927024595771,-0.0062483959246555365
B,lq_emp_55,Management of Companies & Enterprises LQ,economy_all_tiers_l2,mid,351,0.15572650941673416,-0.0061960392363717975
B,lq_emp_55,Management of Companies & Enterprises LQ,economy_all_tiers_l2,rich,466,0.22000439362502622,-0.0007149625065390186
B,lq_emp_55,Management of Companies & Enterprises LQ,economy_all_tiers_ccr,thin,418,0.0902927024595771,-0.004126076738329987
B,lq_emp_55,Management of Companies & Enterprises LQ,economy_all_tiers_ccr,mid,351,0.15572650941673416,-0.0011740972558497154
B,lq_emp_55,Management of Companies & Enterprises LQ,economy_all_tiers_ccr,rich,466,0.22000439362502622,7.295755600777998e-05
B,lq_emp_55,Management of Companies & Enterprises LQ,prose_by_tier,thin,418,0.0902927024595771,-0.0018176109771098625
B,lq_emp_55,Management of Companies & Enterprises LQ,prose_by_tier,mid,351,0.15572650941673416,-2.9600466768808786e-05
B,lq_emp_55,Management of Companies & Enterprises LQ,prose_by_tier,rich,466,0.22000439362502622,4.4722402659624905e-05
B,lq_emp_55,Management of Companies & Enterprises LQ,prose_by_tier_pca64,thin,418,0.0902927024595771,-0.0014423149024495041
B,lq_emp_55,Management of Companies & Enterprises LQ,prose_by_tier_pca64,mid,351,0.15572650941673416,0.0001907215994930711
B,lq_emp_55,Management of Companies & Enterprises LQ,prose_by_tier_pca64,rich,466,0.22000439362502622,0.0002990733948987634
B,lq_emp_55,Management of Companies & Enterprises LQ,prose_by_tier_l2,thin,418,0.0902927024595771,-0.006881243095017475
B,lq_emp_55,Management of Companies & Enterprises LQ,prose_by_tier_l2,mid,351,0.15572650941673416,-0.0007778373572293606
B,lq_emp_55,Management of Companies & Enterprises LQ,prose_by_tier_l2,rich,466,0.22000439362502622,-0.0015764389259180778
B,lq_emp_55,Management of Companies & Enterprises LQ,prose_by_tier_ccr,thin,418,0.0902927024595771,-0.00549618454881573
B,lq_emp_55,Management of Companies & Enterprises LQ,prose_by_tier_ccr,mid,351,0.15572650941673416,0.00018678147763606656
B,lq_emp_55,Management of Companies & Enterprises LQ,prose_by_tier_ccr,rich,466,0.22000439362502622,-0.0005369013495947206
B,lq_emp_55,Management of Companies & Enterprises LQ,drop_stub,thin,418,0.0902927024595771,-0.0067009194902071245
B,lq_emp_55,Management of Companies & Enterprises LQ,drop_stub,mid,351,0.15572650941673416,0.0009139170784903117
B,lq_emp_55,Management of Companies & Enterprises LQ,drop_stub,rich,466,0.22000439362502622,0.00023381897161656173
B,lq_emp_55,Management of Companies & Enterprises LQ,drop_stub_l2,thin,418,0.0902927024595771,-0.007924868118907136
B,lq_emp_55,Management of Companies & Enterprises LQ,drop_stub_l2,mid,351,0.15572650941673416,0.0009758042217246077
B,lq_emp_55,Management of Companies & Enterprises LQ,drop_stub_l2,rich,466,0.22000439362502622,0.0008621649048317082
B,lq_emp_55,Management of Companies & Enterprises LQ,drop_thin,thin,418,0.0902927024595771,-0.0008839269932405802
B,lq_emp_55,Management of Companies & Enterprises LQ,drop_thin,mid,351,0.15572650941673416,-0.00013235215343365692
B,lq_emp_55,Management of Companies & Enterprises LQ,drop_thin,rich,466,0.22000439362502622,8.021311574635259e-05
B,lq_emp_55,Management of Companies & Enterprises LQ,drop_thin_l2,thin,418,0.0902927024595771,-0.00011239336252444332
B,lq_emp_55,Management of Companies & Enterprises LQ,drop_thin_l2,mid,351,0.15572650941673416,-0.0001612291676656996
B,lq_emp_55,Management of Companies & Enterprises LQ,drop_thin_l2,rich,466,0.22000439362502622,5.8173147637896605e-05
B,lq_emp_55,Management of Companies & Enterprises LQ,drop_mid,thin,418,0.0902927024595771,-0.0001973762118088196
B,lq_emp_55,Management of Companies & Enterprises LQ,drop_mid,mid,351,0.15572650941673416,-0.00013288962683066785
B,lq_emp_55,Management of Companies & Enterprises LQ,drop_mid,rich,466,0.22000439362502622,-1.9230785537893702e-05
B,lq_emp_55,Management of Companies & Enterprises LQ,drop_mid_l2,thin,418,0.0902927024595771,-0.007039487757328322
B,lq_emp_55,Management of Companies & Enterprises LQ,drop_mid_l2,mid,351,0.15572650941673416,-0.004403982940730189
B,lq_emp_55,Management of Companies & Enterprises LQ,drop_mid_l2,rich,466,0.22000439362502622,0.0006091757642429085
B,lq_emp_55,Management of Companies & Enterprises LQ,drop_rich,thin,418,0.0902927024595771,-0.0004842237269403471
B,lq_emp_55,Management of Companies & Enterprises LQ,drop_rich,mid,351,0.15572650941673416,-0.0010721325125029324
B,lq_emp_55,Management of Companies & Enterprises LQ,drop_rich,rich,466,0.22000439362502622,-0.0003706410086956602
B,lq_emp_55,Management of Companies & Enterprises LQ,drop_rich_l2,thin,418,0.0902927024595771,-9.732319694144564e-05
B,lq_emp_55,Management of Companies & Enterprises LQ,drop_rich_l2,mid,351,0.15572650941673416,-0.00017388027289122476
B,lq_emp_55,Management of Companies & Enterprises LQ,drop_rich_l2,rich,466,0.22000439362502622,-9.589033367518596e-05
B,lq_emp_55,Management of Companies & Enterprises LQ,typed_sections,thin,418,0.0902927024595771,-6.606688132582139e-05
B,lq_emp_55,Management of Companies & Enterprises LQ,typed_sections,mid,351,0.15572650941673416,0.0017641328333812822
B,lq_emp_55,Management of Companies & Enterprises LQ,typed_sections,rich,466,0.22000439362502622,0.0008899079959562295
B,lq_emp_56,Administrative & Support & Waste Management LQ,lead_only,stub,174,0.15346419235453224,-1.1871397013862861e-05
B,lq_emp_56,Administrative & Support & Waste Management LQ,lead_only,thin,848,0.154256239430145,-0.0005512682910576716
B,lq_emp_56,Administrative & Support & Waste Management LQ,lead_only,mid,555,0.18691337022949006,0.00018393765831026254
B,lq_emp_56,Administrative & Support & Waste Management LQ,lead_only,rich,635,0.3482654366208683,-0.001177794400032739
B,lq_emp_56,Administrative & Support & Waste Management LQ,lead_only_pca64,stub,174,0.15346419235453224,0.0005353832395568192
B,lq_emp_56,Administrative & Support & Waste Management LQ,lead_only_pca64,thin,848,0.154256239430145,-0.00023429817446007917
B,lq_emp_56,Administrative & Support & Waste Management LQ,lead_only_pca64,mid,555,0.18691337022949006,0.0005704435143880637
B,lq_emp_56,Administrative & Support & Waste Management LQ,lead_only_pca64,rich,635,0.3482654366208683,-0.0007932744715410944
B,lq_emp_56,Administrative & Support & Waste Management LQ,lead_only_l2,stub,174,0.15346419235453224,1.6219569714426285e-05
B,lq_emp_56,Administrative & Support & Waste Management LQ,lead_only_l2,thin,848,0.154256239430145,-0.0005574619618093912
B,lq_emp_56,Administrative & Support & Waste Management LQ,lead_only_l2,mid,555,0.18691337022949006,0.0001777670716838209
B,lq_emp_56,Administrative & Support & Waste Management LQ,lead_only_l2,rich,635,0.3482654366208683,-0.0012160004406122082
B,lq_emp_56,Administrative & Support & Waste Management LQ,lead_only_ccr,stub,174,0.15346419235453224,1.3027183641600715e-05
B,lq_emp_56,Administrative & Support & Waste Management LQ,lead_only_ccr,thin,848,0.154256239430145,-0.0005739919048305397
B,lq_emp_56,Administrative & Support & Waste Management LQ,lead_only_ccr,mid,555,0.18691337022949006,0.00014591488112147832
B,lq_emp_56,Administrative & Support & Waste Management LQ,lead_only_ccr,rich,635,0.3482654366208683,-0.0012521412861159487
B,lq_emp_56,Administrative & Support & Waste Management LQ,uniform,stub,174,0.15346419235453224,-0.000320742930368656
B,lq_emp_56,Administrative & Support & Waste Management LQ,uniform,thin,848,0.154256239430145,-4.028926152255252e-06
B,lq_emp_56,Administrative & Support & Waste Management LQ,uniform,mid,555,0.18691337022949006,0.00013581037097509796
B,lq_emp_56,Administrative & Support & Waste Management LQ,uniform,rich,635,0.3482654366208683,-4.71598672218132e-05
B,lq_emp_56,Administrative & Support & Waste Management LQ,uniform_pca64,stub,174,0.15346419235453224,-0.000760672966806264
B,lq_emp_56,Administrative & Support & Waste Management LQ,uniform_pca64,thin,848,0.154256239430145,-0.0001264884437416347
B,lq_emp_56,Administrative & Support & Waste Management LQ,uniform_pca64,mid,555,0.18691337022949006,0.0007841499186540535
B,lq_emp_56,Administrative & Support & Waste Management LQ,uniform_pca64,rich,635,0.3482654366208683,8.974221592172871e-05
B,lq_emp_56,Administrative & Support & Waste Management LQ,uniform_l2,stub,174,0.15346419235453224,-0.0002449560106561055
B,lq_emp_56,Administrative & Support & Waste Management LQ,uniform_l2,thin,848,0.154256239430145,7.155940505043645e-06
B,lq_emp_56,Administrative & Support & Waste Management LQ,uniform_l2,mid,555,0.18691337022949006,0.00013229616328236382
B,lq_emp_56,Administrative & Support & Waste Management LQ,uniform_l2,rich,635,0.3482654366208683,-2.7889955851456705e-06
B,lq_emp_56,Administrative & Support & Waste Management LQ,uniform_ccr,stub,174,0.15346419235453224,-0.00034078524729030946
B,lq_emp_56,Administrative & Support & Waste Management LQ,uniform_ccr,thin,848,0.154256239430145,-4.719949174436522e-05
B,lq_emp_56,Administrative & Support & Waste Management LQ,uniform_ccr,mid,555,0.18691337022949006,6.760884285861302e-05
B,lq_emp_56,Administrative & Support & Waste Management LQ,uniform_ccr,rich,635,0.3482654366208683,-1.9778732596509307e-05
B,lq_emp_56,Administrative & Support & Waste Management LQ,tier_conditional,stub,174,0.15346419235453224,-1.5862158819102135e-05
B,lq_emp_56,Administrative & Support & Waste Management LQ,tier_conditional,thin,848,0.154256239430145,-0.0003703936851430223
B,lq_emp_56,Administrative & Support & Waste Management LQ,tier_conditional,mid,555,0.18691337022949006,4.577091369728503e-05
B,lq_emp_56,Administrative & Support & Waste Management LQ,tier_conditional,rich,635,0.3482654366208683,0.00037055227484594777
B,lq_emp_56,Administrative & Support & Waste Management LQ,tier_conditional_pca64,stub,174,0.15346419235453224,-1.5482192981641774e-05
B,lq_emp_56,Administrative & Support & Waste Management LQ,tier_conditional_pca64,thin,848,0.154256239430145,-7.2121573260197636e-06
B,lq_emp_56,Administrative & Support & Waste Management LQ,tier_conditional_pca64,mid,555,0.18691337022949006,5.628331740925585e-05
B,lq_emp_56,Administrative & Support & Waste Management LQ,tier_conditional_pca64,rich,635,0.3482654366208683,3.466866723811357e-06
B,lq_emp_56,Administrative & Support & Waste Management LQ,tier_conditional_l2,stub,174,0.15346419235453224,0.0002597440909710702
B,lq_emp_56,Administrative & Support & Waste Management LQ,tier_conditional_l2,thin,848,0.154256239430145,-0.0004251212312444963
B,lq_emp_56,Administrative & Support & Waste Management LQ,tier_conditional_l2,mid,555,0.18691337022949006,0.00011508509398916456
B,lq_emp_56,Administrative & Support & Waste Management LQ,tier_conditional_l2,rich,635,0.3482654366208683,0.0002884315588544961
B,lq_emp_56,Administrative & Support & Waste Management LQ,tier_conditional_ccr,stub,174,0.15346419235453224,0.00015364246194615738
B,lq_emp_56,Administrative & Support & Waste Management LQ,tier_conditional_ccr,thin,848,0.154256239430145,-0.0006188006603179419
B,lq_emp_56,Administrative & Support & Waste Management LQ,tier_conditional_ccr,mid,555,0.18691337022949006,4.973660808826885e-05
B,lq_emp_56,Administrative & Support & Waste Management LQ,tier_conditional_ccr,rich,635,0.3482654366208683,0.0002480418289626529
B,lq_emp_56,Administrative & Support & Waste Management LQ,tier_conditional_inverse,stub,174,0.15346419235453224,-0.0003280466839974405
B,lq_emp_56,Administrative & Support & Waste Management LQ,tier_conditional_inverse,thin,848,0.154256239430145,-0.001087578788358634
B,lq_emp_56,Administrative & Support & Waste Management LQ,tier_conditional_inverse,mid,555,0.18691337022949006,-0.000728179204017132
B,lq_emp_56,Administrative & Support & Waste Management LQ,tier_conditional_inverse,rich,635,0.3482654366208683,-0.0005301824041583636
B,lq_emp_56,Administrative & Support & Waste Management LQ,tier_conditional_inverse_pca64,stub,174,0.15346419235453224,-0.00010603256904839764
B,lq_emp_56,Administrative & Support & Waste Management LQ,tier_conditional_inverse_pca64,thin,848,0.154256239430145,-0.0008488571300512282
B,lq_emp_56,Administrative & Support & Waste Management LQ,tier_conditional_inverse_pca64,mid,555,0.18691337022949006,-0.0005295769682193141
B,lq_emp_56,Administrative & Support & Waste Management LQ,tier_conditional_inverse_pca64,rich,635,0.3482654366208683,-0.0006680701203796158
B,lq_emp_56,Administrative & Support & Waste Management LQ,tier_conditional_inverse_l2,stub,174,0.15346419235453224,-0.00019997101412894125
B,lq_emp_56,Administrative & Support & Waste Management LQ,tier_conditional_inverse_l2,thin,848,0.154256239430145,-0.0009644379651335688
B,lq_emp_56,Administrative & Support & Waste Management LQ,tier_conditional_inverse_l2,mid,555,0.18691337022949006,-0.0007118464421157489
B,lq_emp_56,Administrative & Support & Waste Management LQ,tier_conditional_inverse_l2,rich,635,0.3482654366208683,-0.0006820532348648101
B,lq_emp_56,Administrative & Support & Waste Management LQ,tier_conditional_inverse_ccr,stub,174,0.15346419235453224,-0.00014835703738635964
B,lq_emp_56,Administrative & Support & Waste Management LQ,tier_conditional_inverse_ccr,thin,848,0.154256239430145,-0.0009037771545233886
B,lq_emp_56,Administrative & Support & Waste Management LQ,tier_conditional_inverse_ccr,mid,555,0.18691337022949006,-0.0006494479120275898
B,lq_emp_56,Administrative & Support & Waste Management LQ,tier_conditional_inverse_ccr,rich,635,0.3482654366208683,-0.0006827676540478445
B,lq_emp_56,Administrative & Support & Waste Management LQ,prose_only,stub,174,0.15346419235453224,-0.00010459727485767623
B,lq_emp_56,Administrative & Support & Waste Management LQ,prose_only,thin,848,0.154256239430145,1.5864444894431173e-05
B,lq_emp_56,Administrative & Support & Waste Management LQ,prose_only,mid,555,0.18691337022949006,1.2631185088984864e-06
B,lq_emp_56,Administrative & Support & Waste Management LQ,prose_only,rich,635,0.3482654366208683,-0.00010513851526083862
B,lq_emp_56,Administrative & Support & Waste Management LQ,prose_only_pca64,stub,174,0.15346419235453224,-0.00010354583872640433
B,lq_emp_56,Administrative & Support & Waste Management LQ,prose_only_pca64,thin,848,0.154256239430145,3.723215789841472e-05
B,lq_emp_56,Administrative & Support & Waste Management LQ,prose_only_pca64,mid,555,0.18691337022949006,-1.841896916066066e-05
B,lq_emp_56,Administrative & Support & Waste Management LQ,prose_only_pca64,rich,635,0.3482654366208683,-7.699110749759264e-05
B,lq_emp_56,Administrative & Support & Waste Management LQ,prose_only_l2,stub,174,0.15346419235453224,5.0728784258491366e-05
B,lq_emp_56,Administrative & Support & Waste Management LQ,prose_only_l2,thin,848,0.154256239430145,-0.00020757210556587857
B,lq_emp_56,Administrative & Support & Waste Management LQ,prose_only_l2,mid,555,0.18691337022949006,0.0002810922627075607
B,lq_emp_56,Administrative & Support & Waste Management LQ,prose_only_l2,rich,635,0.3482654366208683,-0.0001134224872590961
B,lq_emp_56,Administrative & Support & Waste Management LQ,prose_only_ccr,stub,174,0.15346419235453224,-0.00014907063064273363
B,lq_emp_56,Administrative & Support & Waste Management LQ,prose_only_ccr,thin,848,0.154256239430145,2.413805207857056e-05
B,lq_emp_56,Administrative & Support & Waste Management LQ,prose_only_ccr,mid,555,0.18691337022949006,5.463446586251308e-06
B,lq_emp_56,Administrative & Support & Waste Management LQ,prose_only_ccr,rich,635,0.3482654366208683,-6.580899807340224e-05
B,lq_emp_56,Administrative & Support & Waste Management LQ,prose_plus_history,stub,174,0.15346419235453224,0.00013287084266078164
B,lq_emp_56,Administrative & Support & Waste Management LQ,prose_plus_history,thin,848,0.154256239430145,-0.0001545058731942106
B,lq_emp_56,Administrative & Support & Waste Management LQ,prose_plus_history,mid,555,0.18691337022949006,3.737223328570405e-05
B,lq_emp_56,Administrative & Support & Waste Management LQ,prose_plus_history,rich,635,0.3482654366208683,-0.00015156085995404744
B,lq_emp_56,Administrative & Support & Waste Management LQ,prose_plus_history_pca64,stub,174,0.15346419235453224,0.00019642209580084113
B,lq_emp_56,Administrative & Support & Waste Management LQ,prose_plus_history_pca64,thin,848,0.154256239430145,-0.00011545458824568922
B,lq_emp_56,Administrative & Support & Waste Management LQ,prose_plus_history_pca64,mid,555,0.18691337022949006,-4.8559333458708664e-06
B,lq_emp_56,Administrative & Support & Waste Management LQ,prose_plus_history_pca64,rich,635,0.3482654366208683,-0.000156932139232846
B,lq_emp_56,Administrative & Support & Waste Management LQ,prose_plus_history_l2,stub,174,0.15346419235453224,5.991423203044466e-05
B,lq_emp_56,Administrative & Support & Waste Management LQ,prose_plus_history_l2,thin,848,0.154256239430145,-0.0001493654403394995
B,lq_emp_56,Administrative & Support & Waste Management LQ,prose_plus_history_l2,mid,555,0.18691337022949006,4.167873196792016e-06
B,lq_emp_56,Administrative & Support & Waste Management LQ,prose_plus_history_l2,rich,635,0.3482654366208683,-0.00015468138405194676
B,lq_emp_56,Administrative & Support & Waste Management LQ,prose_plus_history_ccr,stub,174,0.15346419235453224,1.2065641524339199e-05
B,lq_emp_56,Administrative & Support & Waste Management LQ,prose_plus_history_ccr,thin,848,0.154256239430145,-0.000167136447461802
B,lq_emp_56,Administrative & Support & Waste Management LQ,prose_plus_history_ccr,mid,555,0.18691337022949006,-1.7222665695260098e-05
B,lq_emp_56,Administrative & Support & Waste Management LQ,prose_plus_history_ccr,rich,635,0.3482654366208683,-0.00013813131776363452
B,lq_emp_56,Administrative & Support & Waste Management LQ,economy_all_tiers,stub,174,0.15346419235453224,-0.00029155725963014856
B,lq_emp_56,Administrative & Support & Waste Management LQ,economy_all_tiers,thin,848,0.154256239430145,-0.0004401230995282335
B,lq_emp_56,Administrative & Support & Waste Management LQ,economy_all_tiers,mid,555,0.18691337022949006,-0.0008645547454820823
B,lq_emp_56,Administrative & Support & Waste Management LQ,economy_all_tiers,rich,635,0.3482654366208683,-0.0003372485289419025
B,lq_emp_56,Administrative & Support & Waste Management LQ,economy_all_tiers_pca64,stub,174,0.15346419235453224,-3.966029403268401e-05
B,lq_emp_56,Administrative & Support & Waste Management LQ,economy_all_tiers_pca64,thin,848,0.154256239430145,-9.555860986609765e-05
B,lq_emp_56,Administrative & Support & Waste Management LQ,economy_all_tiers_pca64,mid,555,0.18691337022949006,2.1460717788412964e-05
B,lq_emp_56,Administrative & Support & Waste Management LQ,economy_all_tiers_pca64,rich,635,0.3482654366208683,-6.348441334591559e-05
B,lq_emp_56,Administrative & Support & Waste Management LQ,economy_all_tiers_l2,stub,174,0.15346419235453224,-0.00021562296963173466
B,lq_emp_56,Administrative & Support & Waste Management LQ,economy_all_tiers_l2,thin,848,0.154256239430145,-0.00040355079050091724
B,lq_emp_56,Administrative & Support & Waste Management LQ,economy_all_tiers_l2,mid,555,0.18691337022949006,-0.0008464572958489791
B,lq_emp_56,Administrative & Support & Waste Management LQ,economy_all_tiers_l2,rich,635,0.3482654366208683,-0.0002307929069561565
B,lq_emp_56,Administrative & Support & Waste Management LQ,economy_all_tiers_ccr,stub,174,0.15346419235453224,-0.00023747966665055298
B,lq_emp_56,Administrative & Support & Waste Management LQ,economy_all_tiers_ccr,thin,848,0.154256239430145,-0.00043786681564406127
B,lq_emp_56,Administrative & Support & Waste Management LQ,economy_all_tiers_ccr,mid,555,0.18691337022949006,-0.0008326329454865222
B,lq_emp_56,Administrative & Support & Waste Management LQ,economy_all_tiers_ccr,rich,635,0.3482654366208683,-0.00027390775713165283
B,lq_emp_56,Administrative & Support & Waste Management LQ,prose_by_tier,stub,174,0.15346419235453224,0.0017148972129348294
B,lq_emp_56,Administrative & Support & Waste Management LQ,prose_by_tier,thin,848,0.154256239430145,-0.0005923928245896715
B,lq_emp_56,Administrative & Support & Waste Management LQ,prose_by_tier,mid,555,0.18691337022949006,0.00030690518748599516
B,lq_emp_56,Administrative & Support & Waste Management LQ,prose_by_tier,rich,635,0.3482654366208683,-0.0002853607711276185
B,lq_emp_56,Administrative & Support & Waste Management LQ,prose_by_tier_pca64,stub,174,0.15346419235453224,0.0025910532093581518
B,lq_emp_56,Administrative & Support & Waste Management LQ,prose_by_tier_pca64,thin,848,0.154256239430145,-0.0003842199307986238
B,lq_emp_56,Administrative & Support & Waste Management LQ,prose_by_tier_pca64,mid,555,0.18691337022949006,0.0005444262088281082
B,lq_emp_56,Administrative & Support & Waste Management LQ,prose_by_tier_pca64,rich,635,0.3482654366208683,-0.0001981981331657945
B,lq_emp_56,Administrative & Support & Waste Management LQ,prose_by_tier_l2,stub,174,0.15346419235453224,0.001695932282794299
B,lq_emp_56,Administrative & Support & Waste Management LQ,prose_by_tier_l2,thin,848,0.154256239430145,-0.0005752183942906441
B,lq_emp_56,Administrative & Support & Waste Management LQ,prose_by_tier_l2,mid,555,0.18691337022949006,0.0003416507161371207
B,lq_emp_56,Administrative & Support & Waste Management LQ,prose_by_tier_l2,rich,635,0.3482654366208683,-0.0004460119736590107
B,lq_emp_56,Administrative & Support & Waste Management LQ,prose_by_tier_ccr,stub,174,0.15346419235453224,0.0015192146462268408
B,lq_emp_56,Administrative & Support & Waste Management LQ,prose_by_tier_ccr,thin,848,0.154256239430145,-0.000497572198669527
B,lq_emp_56,Administrative & Support & Waste Management LQ,prose_by_tier_ccr,mid,555,0.18691337022949006,0.00033879401518610575
B,lq_emp_56,Administrative & Support & Waste Management LQ,prose_by_tier_ccr,rich,635,0.3482654366208683,-0.0004907655824761825
B,lq_emp_56,Administrative & Support & Waste Management LQ,drop_stub,stub,174,0.15346419235453224,-0.000480875898274169
B,lq_emp_56,Administrative & Support & Waste Management LQ,drop_stub,thin,848,0.154256239430145,-4.35396330134008e-06
B,lq_emp_56,Administrative & Support & Waste Management LQ,drop_stub,mid,555,0.18691337022949006,8.162546612100474e-05
B,lq_emp_56,Administrative & Support & Waste Management LQ,drop_stub,rich,635,0.3482654366208683,-2.5459315358355994e-05
B,lq_emp_56,Administrative & Support & Waste Management LQ,drop_stub_l2,stub,174,0.15346419235453224,-0.0014056576875929316
B,lq_emp_56,Administrative & Support & Waste Management LQ,drop_stub_l2,thin,848,0.154256239430145,-8.417437125418648e-05
B,lq_emp_56,Administrative & Support & Waste Management LQ,drop_stub_l2,mid,555,0.18691337022949006,-0.0004637022253500822
B,lq_emp_56,Administrative & Support & Waste Management LQ,drop_stub_l2,rich,635,0.3482654366208683,-0.0003076389478092745
B,lq_emp_56,Administrative & Support & Waste Management LQ,drop_thin,stub,174,0.15346419235453224,-0.0005575494052135754
B,lq_emp_56,Administrative & Support & Waste Management LQ,drop_thin,thin,848,0.154256239430145,-0.00022424492252537398
B,lq_emp_56,Administrative & Support & Waste Management LQ,drop_thin,mid,555,0.18691337022949006,0.0005843370960247896
B,lq_emp_56,Administrative & Support & Waste Management LQ,drop_thin,rich,635,0.3482654366208683,-0.0004400128245469759
B,lq_emp_56,Administrative & Support & Waste Management LQ,drop_thin_l2,stub,174,0.15346419235453224,-0.0003382760874851565
B,lq_emp_56,Administrative & Support & Waste Management LQ,drop_thin_l2,thin,848,0.154256239430145,-0.00030204577359971285
B,lq_emp_56,Administrative & Support & Waste Management LQ,drop_thin_l2,mid,555,0.18691337022949006,0.000650921885889888
B,lq_emp_56,Administrative & Support & Waste Management LQ,drop_thin_l2,rich,635,0.3482654366208683,-0.00044770283599759875
B,lq_emp_56,Administrative & Support & Waste Management LQ,drop_mid,stub,174,0.15346419235453224,-0.00046307304008164074
B,lq_emp_56,Administrative & Support & Waste Management LQ,drop_mid,thin,848,0.154256239430145,-0.00015743341470830785
B,lq_emp_56,Administrative & Support & Waste Management LQ,drop_mid,mid,555,0.18691337022949006,0.002266094012517983
B,lq_emp_56,Administrative & Support & Waste Management LQ,drop_mid,rich,635,0.3482654366208683,-0.0007812678728642553
B,lq_emp_56,Administrative & Support & Waste Management LQ,drop_mid_l2,stub,174,0.15346419235453224,-0.00042172513873639517
B,lq_emp_56,Administrative & Support & Waste Management LQ,drop_mid_l2,thin,848,0.154256239430145,-0.00018380777753901345
B,lq_emp_56,Administrative & Support & Waste Management LQ,drop_mid_l2,mid,555,0.18691337022949006,0.0010552526123702721
B,lq_emp_56,Administrative & Support & Waste Management LQ,drop_mid_l2,rich,635,0.3482654366208683,-0.0007760763174545771
B,lq_emp_56,Administrative & Support & Waste Management LQ,drop_rich,stub,174,0.15346419235453224,-0.00014164393608417924
B,lq_emp_56,Administrative & Support & Waste Management LQ,drop_rich,thin,848,0.154256239430145,-0.0003239163244930232
B,lq_emp_56,Administrative & Support & Waste Management LQ,drop_rich,mid,555,0.18691337022949006,0.0002568573558253684
B,lq_emp_56,Administrative & Support & Waste Management LQ,drop_rich,rich,635,0.3482654366208683,0.0005348078641606024
B,lq_emp_56,Administrative & Support & Waste Management LQ,drop_rich_l2,stub,174,0.15346419235453224,-8.380476493574651e-05
B,lq_emp_56,Administrative & Support & Waste Management LQ,drop_rich_l2,thin,848,0.154256239430145,2.9612402738687926e-05
B,lq_emp_56,Administrative & Support & Waste Management LQ,drop_rich_l2,mid,555,0.18691337022949006,0.00011380421564510801
B,lq_emp_56,Administrative & Support & Waste Management LQ,drop_rich_l2,rich,635,0.3482654366208683,0.00010597439576742751
B,lq_emp_56,Administrative & Support & Waste Management LQ,typed_sections,stub,174,0.15346419235453224,-0.00103910576103039
B,lq_emp_56,Administrative & Support & Waste Management LQ,typed_sections,thin,848,0.154256239430145,-0.0006417404723814135
B,lq_emp_56,Administrative & Support & Waste Management LQ,typed_sections,mid,555,0.18691337022949006,-0.0016932243641706313
B,lq_emp_56,Administrative & Support & Waste Management LQ,typed_sections,rich,635,0.3482654366208683,-0.0004959532206576522
B,lq_emp_61,Educational Services LQ,lead_only,thin,554,0.028433463097460088,-0.0006607142345058659
B,lq_emp_61,Educational Services LQ,lead_only,mid,416,0.045370654588837045,-0.00019540184795785454
B,lq_emp_61,Educational Services LQ,lead_only,rich,525,0.16748578768206013,0.002014211812786715
B,lq_emp_61,Educational Services LQ,lead_only_pca64,thin,554,0.028433463097460088,-0.006647514288417811
B,lq_emp_61,Educational Services LQ,lead_only_pca64,mid,416,0.045370654588837045,-0.00014715569397905082
B,lq_emp_61,Educational Services LQ,lead_only_pca64,rich,525,0.16748578768206013,0.00739888276172862
B,lq_emp_61,Educational Services LQ,lead_only_l2,thin,554,0.028433463097460088,-0.005948566036557801
B,lq_emp_61,Educational Services LQ,lead_only_l2,mid,416,0.045370654588837045,-0.0014930249542365326
B,lq_emp_61,Educational Services LQ,lead_only_l2,rich,525,0.16748578768206013,0.004085198388753097
B,lq_emp_61,Educational Services LQ,lead_only_ccr,thin,554,0.028433463097460088,-0.0006067796668304259
B,lq_emp_61,Educational Services LQ,lead_only_ccr,mid,416,0.045370654588837045,-0.00011139546458349692
B,lq_emp_61,Educational Services LQ,lead_only_ccr,rich,525,0.16748578768206013,0.0020832196078678367
B,lq_emp_61,Educational Services LQ,uniform,thin,554,0.028433463097460088,0.00023498136338262476
B,lq_emp_61,Educational Services LQ,uniform,mid,416,0.045370654588837045,0.010725878714815895
B,lq_emp_61,Educational Services LQ,uniform,rich,525,0.16748578768206013,0.023509845436984533
B,lq_emp_61,Educational Services LQ,uniform_pca64,thin,554,0.028433463097460088,-0.0010967665211895072
B,lq_emp_61,Educational Services LQ,uniform_pca64,mid,416,0.045370654588837045,0.004128902719839234
B,lq_emp_61,Educational Services LQ,uniform_pca64,rich,525,0.16748578768206013,0.023046177107066912
B,lq_emp_61,Educational Services LQ,uniform_l2,thin,554,0.028433463097460088,-0.000494144297373933
B,lq_emp_61,Educational Services LQ,uniform_l2,mid,416,0.045370654588837045,0.01035521228379932
B,lq_emp_61,Educational Services LQ,uniform_l2,rich,525,0.16748578768206013,0.02879093225826934
B,lq_emp_61,Educational Services LQ,uniform_ccr,thin,554,0.028433463097460088,-0.0013629821886059768
B,lq_emp_61,Educational Services LQ,uniform_ccr,mid,416,0.045370654588837045,0.0015012363182791422
B,lq_emp_61,Educational Services LQ,uniform_ccr,rich,525,0.16748578768206013,0.01796547318083752
B,lq_emp_61,Educational Services LQ,tier_conditional,thin,554,0.028433463097460088,-0.0014219856907311534
B,lq_emp_61,Educational Services LQ,tier_conditional,mid,416,0.045370654588837045,-0.0010580825942875238
B,lq_emp_61,Educational Services LQ,tier_conditional,rich,525,0.16748578768206013,0.005017359348250983
B,lq_emp_61,Educational Services LQ,tier_conditional_pca64,thin,554,0.028433463097460088,-0.00043951466565272934
B,lq_emp_61,Educational Services LQ,tier_conditional_pca64,mid,416,0.045370654588837045,-0.0010333451916232361
B,lq_emp_61,Educational Services LQ,tier_conditional_pca64,rich,525,0.16748578768206013,0.007374128900073718
B,lq_emp_61,Educational Services LQ,tier_conditional_l2,thin,554,0.028433463097460088,-0.0017468655592691729
B,lq_emp_61,Educational Services LQ,tier_conditional_l2,mid,416,0.045370654588837045,-0.00165762307646522
B,lq_emp_61,Educational Services LQ,tier_conditional_l2,rich,525,0.16748578768206013,0.00954794044836993
B,lq_emp_61,Educational Services LQ,tier_conditional_ccr,thin,554,0.028433463097460088,-0.0020629778680506528
B,lq_emp_61,Educational Services LQ,tier_conditional_ccr,mid,416,0.045370654588837045,-0.0008638200361295034
B,lq_emp_61,Educational Services LQ,tier_conditional_ccr,rich,525,0.16748578768206013,0.004470824095930914
B,lq_emp_61,Educational Services LQ,tier_conditional_inverse,thin,554,0.028433463097460088,-0.011316471722969013
B,lq_emp_61,Educational Services LQ,tier_conditional_inverse,mid,416,0.045370654588837045,-0.00948715654749932
B,lq_emp_61,Educational Services LQ,tier_conditional_inverse,rich,525,0.16748578768206013,0.0027945796885635588
B,lq_emp_61,Educational Services LQ,tier_conditional_inverse_pca64,thin,554,0.028433463097460088,-0.010375054318800592
B,lq_emp_61,Educational Services LQ,tier_conditional_inverse_pca64,mid,416,0.045370654588837045,-0.007480667025587584
B,lq_emp_61,Educational Services LQ,tier_conditional_inverse_pca64,rich,525,0.16748578768206013,0.0025417708631098046
B,lq_emp_61,Educational Services LQ,tier_conditional_inverse_l2,thin,554,0.028433463097460088,-0.009177009078336185
B,lq_emp_61,Educational Services LQ,tier_conditional_inverse_l2,mid,416,0.045370654588837045,-0.00886526383280506
B,lq_emp_61,Educational Services LQ,tier_conditional_inverse_l2,rich,525,0.16748578768206013,0.00633501280306048
B,lq_emp_61,Educational Services LQ,tier_conditional_inverse_ccr,thin,554,0.028433463097460088,-0.008114673049608778
B,lq_emp_61,Educational Services LQ,tier_conditional_inverse_ccr,mid,416,0.045370654588837045,-0.007881119272004744
B,lq_emp_61,Educational Services LQ,tier_conditional_inverse_ccr,rich,525,0.16748578768206013,0.004857600980370469
B,lq_emp_61,Educational Services LQ,prose_only,thin,554,0.028433463097460088,0.0030901496853368293
B,lq_emp_61,Educational Services LQ,prose_only,mid,416,0.045370654588837045,-0.006027375590508588
B,lq_emp_61,Educational Services LQ,prose_only,rich,525,0.16748578768206013,0.02325979857924232
B,lq_emp_61,Educational Services LQ,prose_only_pca64,thin,554,0.028433463097460088,0.00338399823488833
B,lq_emp_61,Educational Services LQ,prose_only_pca64,mid,416,0.045370654588837045,-0.0031317231013603397
B,lq_emp_61,Educational Services LQ,prose_only_pca64,rich,525,0.16748578768206013,0.02136058856356804
B,lq_emp_61,Educational Services LQ,prose_only_l2,thin,554,0.028433463097460088,0.0017365534593345444
B,lq_emp_61,Educational Services LQ,prose_only_l2,mid,416,0.045370654588837045,-0.005229787755590687
B,lq_emp_61,Educational Services LQ,prose_only_l2,rich,525,0.16748578768206013,0.026475358472521693
B,lq_emp_61,Educational Services LQ,prose_only_ccr,thin,554,0.028433463097460088,0.002439342466946437
B,lq_emp_61,Educational Services LQ,prose_only_ccr,mid,416,0.045370654588837045,-0.007916389883777075
B,lq_emp_61,Educational Services LQ,prose_only_ccr,rich,525,0.16748578768206013,0.02199159920511151
B,lq_emp_61,Educational Services LQ,prose_plus_history,thin,554,0.028433463097460088,0.0011021202517353945
B,lq_emp_61,Educational Services LQ,prose_plus_history,mid,416,0.045370654588837045,-0.0008445788048327962
B,lq_emp_61,Educational Services LQ,prose_plus_history,rich,525,0.16748578768206013,0.020451862655987085
B,lq_emp_61,Educational Services LQ,prose_plus_history_pca64,thin,554,0.028433463097460088,0.0014912361503151006
B,lq_emp_61,Educational Services LQ,prose_plus_history_pca64,mid,416,0.045370654588837045,0.0006286189361041084
B,lq_emp_61,Educational Services LQ,prose_plus_history_pca64,rich,525,0.16748578768206013,0.01870236479707943
B,lq_emp_61,Educational Services LQ,prose_plus_history_l2,thin,554,0.028433463097460088,0.001346919126927082
B,lq_emp_61,Educational Services LQ,prose_plus_history_l2,mid,416,0.045370654588837045,-0.0009439575469004646
B,lq_emp_61,Educational Services LQ,prose_plus_history_l2,rich,525,0.16748578768206013,0.022182634638047927
B,lq_emp_61,Educational Services LQ,prose_plus_history_ccr,thin,554,0.028433463097460088,0.0029815770498526906
B,lq_emp_61,Educational Services LQ,prose_plus_history_ccr,mid,416,0.045370654588837045,-0.0022176925817971593
B,lq_emp_61,Educational Services LQ,prose_plus_history_ccr,rich,525,0.16748578768206013,0.017534957908016624
B,lq_emp_61,Educational Services LQ,economy_all_tiers,thin,554,0.028433463097460088,-0.0005498561565936422
B,lq_emp_61,Educational Services LQ,economy_all_tiers,mid,416,0.045370654588837045,-0.00032742288400744446
B,lq_emp_61,Educational Services LQ,economy_all_tiers,rich,525,0.16748578768206013,0.0015627273758550553
B,lq_emp_61,Educational Services LQ,economy_all_tiers_pca64,thin,554,0.028433463097460088,-0.005944018284401387
B,lq_emp_61,Educational Services LQ,economy_all_tiers_pca64,mid,416,0.045370654588837045,-0.0005411009394447053
B,lq_emp_61,Educational Services LQ,economy_all_tiers_pca64,rich,525,0.16748578768206013,0.0036182059973584035
B,lq_emp_61,Educational Services LQ,economy_all_tiers_l2,thin,554,0.028433463097460088,-0.000501263836786725
B,lq_emp_61,Educational Services LQ,economy_all_tiers_l2,mid,416,0.045370654588837045,-0.00021687328995179112
B,lq_emp_61,Educational Services LQ,economy_all_tiers_l2,rich,525,0.16748578768206013,0.001809218185768957
B,lq_emp_61,Educational Services LQ,economy_all_tiers_ccr,thin,554,0.028433463097460088,-0.00044501816422271023
B,lq_emp_61,Educational Services LQ,economy_all_tiers_ccr,mid,416,0.045370654588837045,-0.0002771664424360276
B,lq_emp_61,Educational Services LQ,economy_all_tiers_ccr,rich,525,0.16748578768206013,0.0016182717100968746
B,lq_emp_61,Educational Services LQ,prose_by_tier,thin,554,0.028433463097460088,-0.00903159881691229
B,lq_emp_61,Educational Services LQ,prose_by_tier,mid,416,0.045370654588837045,-0.007257470710547498
B,lq_emp_61,Educational Services LQ,prose_by_tier,rich,525,0.16748578768206013,0.009140843011871458
B,lq_emp_61,Educational Services LQ,prose_by_tier_pca64,thin,554,0.028433463097460088,-0.007147075022951199
B,lq_emp_61,Educational Services LQ,prose_by_tier_pca64,mid,416,0.045370654588837045,-0.007601709754069597
B,lq_emp_61,Educational Services LQ,prose_by_tier_pca64,rich,525,0.16748578768206013,0.006133659863165386
B,lq_emp_61,Educational Services LQ,prose_by_tier_l2,thin,554,0.028433463097460088,-0.006009580664000369
B,lq_emp_61,Educational Services LQ,prose_by_tier_l2,mid,416,0.045370654588837045,-0.004306202628015066
B,lq_emp_61,Educational Services LQ,prose_by_tier_l2,rich,525,0.16748578768206013,0.01674111094534758
B,lq_emp_61,Educational Services LQ,prose_by_tier_ccr,thin,554,0.028433463097460088,-0.006270994363688165
B,lq_emp_61,Educational Services LQ,prose_by_tier_ccr,mid,416,0.045370654588837045,-0.006695219108965755
B,lq_emp_61,Educational Services LQ,prose_by_tier_ccr,rich,525,0.16748578768206013,0.012094318787532088
B,lq_emp_61,Educational Services LQ,drop_stub,thin,554,0.028433463097460088,0.0006107500358826234
B,lq_emp_61,Educational Services LQ,drop_stub,mid,416,0.045370654588837045,0.0058406108199892115
B,lq_emp_61,Educational Services LQ,drop_stub,rich,525,0.16748578768206013,0.011673698343493855
B,lq_emp_61,Educational Services LQ,drop_stub_l2,thin,554,0.028433463097460088,0.0009459711384327552
B,lq_emp_61,Educational Services LQ,drop_stub_l2,mid,416,0.045370654588837045,0.008009917953561208
B,lq_emp_61,Educational Services LQ,drop_stub_l2,rich,525,0.16748578768206013,0.024347827788640974
B,lq_emp_61,Educational Services LQ,drop_thin,thin,554,0.028433463097460088,-0.009292612318373417
B,lq_emp_61,Educational Services LQ,drop_thin,mid,416,0.045370654588837045,0.0028433165973040797
B,lq_emp_61,Educational Services LQ,drop_thin,rich,525,0.16748578768206013,0.015216169143676184
B,lq_emp_61,Educational Services LQ,drop_thin_l2,thin,554,0.028433463097460088,-0.007548265021842582
B,lq_emp_61,Educational Services LQ,drop_thin_l2,mid,416,0.045370654588837045,0.006948597869685269
B,lq_emp_61,Educational Services LQ,drop_thin_l2,rich,525,0.16748578768206013,0.02373708680652642
B,lq_emp_61,Educational Services LQ,drop_mid,thin,554,0.028433463097460088,-0.00210262557674723
B,lq_emp_61,Educational Services LQ,drop_mid,mid,416,0.045370654588837045,-0.004513661030570049
B,lq_emp_61,Educational Services LQ,drop_mid,rich,525,0.16748578768206013,0.007678868888475576
B,lq_emp_61,Educational Services LQ,drop_mid_l2,thin,554,0.028433463097460088,-0.004769742753471751
B,lq_emp_61,Educational Services LQ,drop_mid_l2,mid,416,0.045370654588837045,-0.0039058892285811497
B,lq_emp_61,Educational Services LQ,drop_mid_l2,rich,525,0.16748578768206013,0.0131272942529147
B,lq_emp_61,Educational Services LQ,drop_rich,thin,554,0.028433463097460088,8.65663421750762e-05
B,lq_emp_61,Educational Services LQ,drop_rich,mid,416,0.045370654588837045,0.009191355745653107
B,lq_emp_61,Educational Services LQ,drop_rich,rich,525,0.16748578768206013,0.018709585423064556
B,lq_emp_61,Educational Services LQ,drop_rich_l2,thin,554,0.028433463097460088,-0.002954347883692532
B,lq_emp_61,Educational Services LQ,drop_rich_l2,mid,416,0.045370654588837045,0.004202043963541624
B,lq_emp_61,Educational Services LQ,drop_rich_l2,rich,525,0.16748578768206013,0.018783724400138646
B,lq_emp_61,Educational Services LQ,typed_sections,thin,554,0.028433463097460088,-0.002806985842311427
B,lq_emp_61,Educational Services LQ,typed_sections,mid,416,0.045370654588837045,-0.005654868124612467
B,lq_emp_61,Educational Services LQ,typed_sections,rich,525,0.16748578768206013,0.006349784894067456
B,lq_emp_62,Health Care & Social Assistance LQ,lead_only,thin,718,0.21853665616585893,-0.00033430576471760176
B,lq_emp_62,Health Care & Social Assistance LQ,lead_only,mid,507,0.20959519395940052,-0.00035072150463255625
B,lq_emp_62,Health Care & Social Assistance LQ,lead_only,rich,569,0.17884446626523431,-0.00030313824361594133
B,lq_emp_62,Health Care & Social Assistance LQ,lead_only_pca64,thin,718,0.21853665616585893,-0.003037101721872104
B,lq_emp_62,Health Care & Social Assistance LQ,lead_only_pca64,mid,507,0.20959519395940052,-0.00329414901752223
B,lq_emp_62,Health Care & Social Assistance LQ,lead_only_pca64,rich,569,0.17884446626523431,-0.0035008927227455633
B,lq_emp_62,Health Care & Social Assistance LQ,lead_only_l2,thin,718,0.21853665616585893,-0.0003495967326654359
B,lq_emp_62,Health Care & Social Assistance LQ,lead_only_l2,mid,507,0.20959519395940052,-0.0003296626707359751
B,lq_emp_62,Health Care & Social Assistance LQ,lead_only_l2,rich,569,0.17884446626523431,-0.00013631855580942265
B,lq_emp_62,Health Care & Social Assistance LQ,lead_only_ccr,thin,718,0.21853665616585893,-0.0002883746009604282
B,lq_emp_62,Health Care & Social Assistance LQ,lead_only_ccr,mid,507,0.20959519395940052,-0.0003492359796661848
B,lq_emp_62,Health Care & Social Assistance LQ,lead_only_ccr,rich,569,0.17884446626523431,-0.0003233804544242602
B,lq_emp_62,Health Care & Social Assistance LQ,uniform,thin,718,0.21853665616585893,0.0027358936051342653
B,lq_emp_62,Health Care & Social Assistance LQ,uniform,mid,507,0.20959519395940052,0.0010603533393124254
B,lq_emp_62,Health Care & Social Assistance LQ,uniform,rich,569,0.17884446626523431,0.00038606254940731777
B,lq_emp_62,Health Care & Social Assistance LQ,uniform_pca64,thin,718,0.21853665616585893,0.0006356555072454251
B,lq_emp_62,Health Care & Social Assistance LQ,uniform_pca64,mid,507,0.20959519395940052,0.0020149062664408524
B,lq_emp_62,Health Care & Social Assistance LQ,uniform_pca64,rich,569,0.17884446626523431,-0.0006930280005118528
B,lq_emp_62,Health Care & Social Assistance LQ,uniform_l2,thin,718,0.21853665616585893,0.00039437948932719014
B,lq_emp_62,Health Care & Social Assistance LQ,uniform_l2,mid,507,0.20959519395940052,0.00020153087980068207
B,lq_emp_62,Health Care & Social Assistance LQ,uniform_l2,rich,569,0.17884446626523431,0.002358715633337116
B,lq_emp_62,Health Care & Social Assistance LQ,uniform_ccr,thin,718,0.21853665616585893,0.0008204653637765569
B,lq_emp_62,Health Care & Social Assistance LQ,uniform_ccr,mid,507,0.20959519395940052,0.001998026127343122
B,lq_emp_62,Health Care & Social Assistance LQ,uniform_ccr,rich,569,0.17884446626523431,-0.0038516978737684893
B,lq_emp_62,Health Care & Social Assistance LQ,tier_conditional,thin,718,0.21853665616585893,0.002509567038729843
B,lq_emp_62,Health Care & Social Assistance LQ,tier_conditional,mid,507,0.20959519395940052,-0.001365499212612864
B,lq_emp_62,Health Care & Social Assistance LQ,tier_conditional,rich,569,0.17884446626523431,-0.0040052474972124275
B,lq_emp_62,Health Care & Social Assistance LQ,tier_conditional_pca64,thin,718,0.21853665616585893,0.0011549706458451325
B,lq_emp_62,Health Care & Social Assistance LQ,tier_conditional_pca64,mid,507,0.20959519395940052,-0.0024859354247015464
B,lq_emp_62,Health Care & Social Assistance LQ,tier_conditional_pca64,rich,569,0.17884446626523431,-0.0014558719354280658
B,lq_emp_62,Health Care & Social Assistance LQ,tier_conditional_l2,thin,718,0.21853665616585893,0.0016881771843874072
B,lq_emp_62,Health Care & Social Assistance LQ,tier_conditional_l2,mid,507,0.20959519395940052,-0.0017266530038813066
B,lq_emp_62,Health Care & Social Assistance LQ,tier_conditional_l2,rich,569,0.17884446626523431,0.0005361231912293096
B,lq_emp_62,Health Care & Social Assistance LQ,tier_conditional_ccr,thin,718,0.21853665616585893,0.0014621467979103464
B,lq_emp_62,Health Care & Social Assistance LQ,tier_conditional_ccr,mid,507,0.20959519395940052,0.000843757839420145
B,lq_emp_62,Health Care & Social Assistance LQ,tier_conditional_ccr,rich,569,0.17884446626523431,-2.6023613943881863e-05
B,lq_emp_62,Health Care & Social Assistance LQ,tier_conditional_inverse,thin,718,0.21853665616585893,-0.0006530862603797427
B,lq_emp_62,Health Care & Social Assistance LQ,tier_conditional_inverse,mid,507,0.20959519395940052,-0.000943602465038551
B,lq_emp_62,Health Care & Social Assistance LQ,tier_conditional_inverse,rich,569,0.17884446626523431,6.339503143493186e-05
B,lq_emp_62,Health Care & Social Assistance LQ,tier_conditional_inverse_pca64,thin,718,0.21853665616585893,-0.0005531488450621902
B,lq_emp_62,Health Care & Social Assistance LQ,tier_conditional_inverse_pca64,mid,507,0.20959519395940052,-0.0009032848377564795
B,lq_emp_62,Health Care & Social Assistance LQ,tier_conditional_inverse_pca64,rich,569,0.17884446626523431,0.0002013328094334632
B,lq_emp_62,Health Care & Social Assistance LQ,tier_conditional_inverse_l2,thin,718,0.21853665616585893,-0.000720565787704186
B,lq_emp_62,Health Care & Social Assistance LQ,tier_conditional_inverse_l2,mid,507,0.20959519395940052,-0.0006915853810477435
B,lq_emp_62,Health Care & Social Assistance LQ,tier_conditional_inverse_l2,rich,569,0.17884446626523431,-0.00016393980147377807
B,lq_emp_62,Health Care & Social Assistance LQ,tier_conditional_inverse_ccr,thin,718,0.21853665616585893,-0.00043179533774706513
B,lq_emp_62,Health Care & Social Assistance LQ,tier_conditional_inverse_ccr,mid,507,0.20959519395940052,-0.0008938422026958381
B,lq_emp_62,Health Care & Social Assistance LQ,tier_conditional_inverse_ccr,rich,569,0.17884446626523431,-0.0001749965264442599
B,lq_emp_62,Health Care & Social Assistance LQ,prose_only,thin,718,0.21853665616585893,0.000834118174834253
B,lq_emp_62,Health Care & Social Assistance LQ,prose_only,mid,507,0.20959519395940052,0.0011032497943168629
B,lq_emp_62,Health Care & Social Assistance LQ,prose_only,rich,569,0.17884446626523431,-0.0038201532592673226
B,lq_emp_62,Health Care & Social Assistance LQ,prose_only_pca64,thin,718,0.21853665616585893,0.0027391003811712
B,lq_emp_62,Health Care & Social Assistance LQ,prose_only_pca64,mid,507,0.20959519395940052,0.0013957486035178768
B,lq_emp_62,Health Care & Social Assistance LQ,prose_only_pca64,rich,569,0.17884446626523431,-0.0037212555294101612
B,lq_emp_62,Health Care & Social Assistance LQ,prose_only_l2,thin,718,0.21853665616585893,0.004067205283700193
B,lq_emp_62,Health Care & Social Assistance LQ,prose_only_l2,mid,507,0.20959519395940052,0.0019145955504205059
B,lq_emp_62,Health Care & Social Assistance LQ,prose_only_l2,rich,569,0.17884446626523431,0.00034118475437239226
B,lq_emp_62,Health Care & Social Assistance LQ,prose_only_ccr,thin,718,0.21853665616585893,0.0007005110809259474
B,lq_emp_62,Health Care & Social Assistance LQ,prose_only_ccr,mid,507,0.20959519395940052,6.348901087238623e-05
B,lq_emp_62,Health Care & Social Assistance LQ,prose_only_ccr,rich,569,0.17884446626523431,-0.0032341514782338043
B,lq_emp_62,Health Care & Social Assistance LQ,prose_plus_history,thin,718,0.21853665616585893,0.00034932788955066574
B,lq_emp_62,Health Care & Social Assistance LQ,prose_plus_history,mid,507,0.20959519395940052,0.0004148692923063857
B,lq_emp_62,Health Care & Social Assistance LQ,prose_plus_history,rich,569,0.17884446626523431,-0.0013031247900056053
B,lq_emp_62,Health Care & Social Assistance LQ,prose_plus_history_pca64,thin,718,0.21853665616585893,0.0014868244872083825
B,lq_emp_62,Health Care & Social Assistance LQ,prose_plus_history_pca64,mid,507,0.20959519395940052,0.001576373237652029
B,lq_emp_62,Health Care & Social Assistance LQ,prose_plus_history_pca64,rich,569,0.17884446626523431,-0.0025270066492709686
B,lq_emp_62,Health Care & Social Assistance LQ,prose_plus_history_l2,thin,718,0.21853665616585893,0.0015494591533471436
B,lq_emp_62,Health Care & Social Assistance LQ,prose_plus_history_l2,mid,507,0.20959519395940052,7.587217880133945e-05
B,lq_emp_62,Health Care & Social Assistance LQ,prose_plus_history_l2,rich,569,0.17884446626523431,-0.0008173974525711447
B,lq_emp_62,Health Care & Social Assistance LQ,prose_plus_history_ccr,thin,718,0.21853665616585893,0.0016192343198492276
B,lq_emp_62,Health Care & Social Assistance LQ,prose_plus_history_ccr,mid,507,0.20959519395940052,-0.0020282085385285864
B,lq_emp_62,Health Care & Social Assistance LQ,prose_plus_history_ccr,rich,569,0.17884446626523431,0.00048498170776478666
B,lq_emp_62,Health Care & Social Assistance LQ,economy_all_tiers,thin,718,0.21853665616585893,-0.00048144042217479477
B,lq_emp_62,Health Care & Social Assistance LQ,economy_all_tiers,mid,507,0.20959519395940052,-0.00036301712856723345
B,lq_emp_62,Health Care & Social Assistance LQ,economy_all_tiers,rich,569,0.17884446626523431,-0.00014246461584710435
B,lq_emp_62,Health Care & Social Assistance LQ,economy_all_tiers_pca64,thin,718,0.21853665616585893,-0.00035852195108942997
B,lq_emp_62,Health Care & Social Assistance LQ,economy_all_tiers_pca64,mid,507,0.20959519395940052,-0.00027641555194657386
B,lq_emp_62,Health Care & Social Assistance LQ,economy_all_tiers_pca64,rich,569,0.17884446626523431,-0.00030600229477917296
B,lq_emp_62,Health Care & Social Assistance LQ,economy_all_tiers_l2,thin,718,0.21853665616585893,-0.0004097026845482077
B,lq_emp_62,Health Care & Social Assistance LQ,economy_all_tiers_l2,mid,507,0.20959519395940052,-0.0003197710198531434
B,lq_emp_62,Health Care & Social Assistance LQ,economy_all_tiers_l2,rich,569,0.17884446626523431,3.056619419450346e-05
B,lq_emp_62,Health Care & Social Assistance LQ,economy_all_tiers_ccr,thin,718,0.21853665616585893,-0.0004014802648302229
B,lq_emp_62,Health Care & Social Assistance LQ,economy_all_tiers_ccr,mid,507,0.20959519395940052,-0.0002847770432763408
B,lq_emp_62,Health Care & Social Assistance LQ,economy_all_tiers_ccr,rich,569,0.17884446626523431,-8.585982016651172e-05
B,lq_emp_62,Health Care & Social Assistance LQ,prose_by_tier,thin,718,0.21853665616585893,-0.0005899823300273832
B,lq_emp_62,Health Care & Social Assistance LQ,prose_by_tier,mid,507,0.20959519395940052,0.00012167199762036507
B,lq_emp_62,Health Care & Social Assistance LQ,prose_by_tier,rich,569,0.17884446626523431,0.0010478353780752903
B,lq_emp_62,Health Care & Social Assistance LQ,prose_by_tier_pca64,thin,718,0.21853665616585893,-0.00024173138652583415
B,lq_emp_62,Health Care & Social Assistance LQ,prose_by_tier_pca64,mid,507,0.20959519395940052,-0.0009538355310588775
B,lq_emp_62,Health Care & Social Assistance LQ,prose_by_tier_pca64,rich,569,0.17884446626523431,0.0015290952227067223
B,lq_emp_62,Health Care & Social Assistance LQ,prose_by_tier_l2,thin,718,0.21853665616585893,-0.0007123024074215945
B,lq_emp_62,Health Care & Social Assistance LQ,prose_by_tier_l2,mid,507,0.20959519395940052,0.00014405098049830034
B,lq_emp_62,Health Care & Social Assistance LQ,prose_by_tier_l2,rich,569,0.17884446626523431,0.0012118205617819289
B,lq_emp_62,Health Care & Social Assistance LQ,prose_by_tier_ccr,thin,718,0.21853665616585893,0.0017039664304214774
B,lq_emp_62,Health Care & Social Assistance LQ,prose_by_tier_ccr,mid,507,0.20959519395940052,0.0009455798001247739
B,lq_emp_62,Health Care & Social Assistance LQ,prose_by_tier_ccr,rich,569,0.17884446626523431,0.0015386376392438894
B,lq_emp_62,Health Care & Social Assistance LQ,drop_stub,thin,718,0.21853665616585893,0.0012178748672748707
B,lq_emp_62,Health Care & Social Assistance LQ,drop_stub,mid,507,0.20959519395940052,-3.185953223427962e-05
B,lq_emp_62,Health Care & Social Assistance LQ,drop_stub,rich,569,0.17884446626523431,0.0015377511323562132
B,lq_emp_62,Health Care & Social Assistance LQ,drop_stub_l2,thin,718,0.21853665616585893,0.000491516835718464
B,lq_emp_62,Health Care & Social Assistance LQ,drop_stub_l2,mid,507,0.20959519395940052,0.000349131913430778
B,lq_emp_62,Health Care & Social Assistance LQ,drop_stub_l2,rich,569,0.17884446626523431,0.002216453201417168
B,lq_emp_62,Health Care & Social Assistance LQ,drop_thin,thin,718,0.21853665616585893,0.0015746497353625877
B,lq_emp_62,Health Care & Social Assistance LQ,drop_thin,mid,507,0.20959519395940052,0.0010503111908419793
B,lq_emp_62,Health Care & Social Assistance LQ,drop_thin,rich,569,0.17884446626523431,0.0016074174642296546
B,lq_emp_62,Health Care & Social Assistance LQ,drop_thin_l2,thin,718,0.21853665616585893,-0.00020448364809100283
B,lq_emp_62,Health Care & Social Assistance LQ,drop_thin_l2,mid,507,0.20959519395940052,-4.9164404781421034e-05
B,lq_emp_62,Health Care & Social Assistance LQ,drop_thin_l2,rich,569,0.17884446626523431,0.001146252305522344
B,lq_emp_62,Health Care & Social Assistance LQ,drop_mid,thin,718,0.21853665616585893,0.0021605291569751772
B,lq_emp_62,Health Care & Social Assistance LQ,drop_mid,mid,507,0.20959519395940052,0.0024375508442830984
B,lq_emp_62,Health Care & Social Assistance LQ,drop_mid,rich,569,0.17884446626523431,0.001280989502290386
B,lq_emp_62,Health Care & Social Assistance LQ,drop_mid_l2,thin,718,0.21853665616585893,0.0020994217137433324
B,lq_emp_62,Health Care & Social Assistance LQ,drop_mid_l2,mid,507,0.20959519395940052,0.002755896911210365
B,lq_emp_62,Health Care & Social Assistance LQ,drop_mid_l2,rich,569,0.17884446626523431,0.0017342418379040492
B,lq_emp_62,Health Care & Social Assistance LQ,drop_rich,thin,718,0.21853665616585893,0.003283224955722641
B,lq_emp_62,Health Care & Social Assistance LQ,drop_rich,mid,507,0.20959519395940052,-2.5281993348946763e-05
B,lq_emp_62,Health Care & Social Assistance LQ,drop_rich,rich,569,0.17884446626523431,-0.0063954138500437185
B,lq_emp_62,Health Care & Social Assistance LQ,drop_rich_l2,thin,718,0.21853665616585893,-0.00041816548596107506
B,lq_emp_62,Health Care & Social Assistance LQ,drop_rich_l2,mid,507,0.20959519395940052,0.0005101596057578428
B,lq_emp_62,Health Care & Social Assistance LQ,drop_rich_l2,rich,569,0.17884446626523431,-0.003090885265689125
B,lq_emp_62,Health Care & Social Assistance LQ,typed_sections,thin,718,0.21853665616585893,-9.02287902879717e-05
B,lq_emp_62,Health Care & Social Assistance LQ,typed_sections,mid,507,0.20959519395940052,-0.00046337022070763734
B,lq_emp_62,Health Care & Social Assistance LQ,typed_sections,rich,569,0.17884446626523431,0.0001938232419342878
B,lq_emp_71,"Arts, Entertainment & Recreation LQ",lead_only,stub,190,0.34102248303389016,0.0008220881415816894
B,lq_emp_71,"Arts, Entertainment & Recreation LQ",lead_only,thin,842,0.19277302614055136,0.0011578067784451251
B,lq_emp_71,"Arts, Entertainment & Recreation LQ",lead_only,mid,578,0.16439004363179266,0.00029930261657640234
B,lq_emp_71,"Arts, Entertainment & Recreation LQ",lead_only,rich,633,0.06045521016322786,0.0003239063420417132
B,lq_emp_71,"Arts, Entertainment & Recreation LQ",lead_only_pca64,stub,190,0.34102248303389016,0.0008412371105991356
B,lq_emp_71,"Arts, Entertainment & Recreation LQ",lead_only_pca64,thin,842,0.19277302614055136,0.0011850395099838318
B,lq_emp_71,"Arts, Entertainment & Recreation LQ",lead_only_pca64,mid,578,0.16439004363179266,0.000726652234543157
B,lq_emp_71,"Arts, Entertainment & Recreation LQ",lead_only_pca64,rich,633,0.06045521016322786,0.00021165192619410078
B,lq_emp_71,"Arts, Entertainment & Recreation LQ",lead_only_l2,stub,190,0.34102248303389016,0.0008819471291721115
B,lq_emp_71,"Arts, Entertainment & Recreation LQ",lead_only_l2,thin,842,0.19277302614055136,0.0011134840365424337
B,lq_emp_71,"Arts, Entertainment & Recreation LQ",lead_only_l2,mid,578,0.16439004363179266,0.0002846663345221767
B,lq_emp_71,"Arts, Entertainment & Recreation LQ",lead_only_l2,rich,633,0.06045521016322786,0.00030147451219575405
B,lq_emp_71,"Arts, Entertainment & Recreation LQ",lead_only_ccr,stub,190,0.34102248303389016,0.0009624584348507659
B,lq_emp_71,"Arts, Entertainment & Recreation LQ",lead_only_ccr,thin,842,0.19277302614055136,0.0012432545505148829
B,lq_emp_71,"Arts, Entertainment & Recreation LQ",lead_only_ccr,mid,578,0.16439004363179266,0.000291929514496414
B,lq_emp_71,"Arts, Entertainment & Recreation LQ",lead_only_ccr,rich,633,0.06045521016322786,0.00033117323053521996
B,lq_emp_71,"Arts, Entertainment & Recreation LQ",uniform,stub,190,0.34102248303389016,-0.00048628875045320097
B,lq_emp_71,"Arts, Entertainment & Recreation LQ",uniform,thin,842,0.19277302614055136,0.0014686859246729744
B,lq_emp_71,"Arts, Entertainment & Recreation LQ",uniform,mid,578,0.16439004363179266,0.0010168113272599477
B,lq_emp_71,"Arts, Entertainment & Recreation LQ",uniform,rich,633,0.06045521016322786,0.000201998731884645
B,lq_emp_71,"Arts, Entertainment & Recreation LQ",uniform_pca64,stub,190,0.34102248303389016,-0.0008097169807156357
B,lq_emp_71,"Arts, Entertainment & Recreation LQ",uniform_pca64,thin,842,0.19277302614055136,0.0013366740717520864
B,lq_emp_71,"Arts, Entertainment & Recreation LQ",uniform_pca64,mid,578,0.16439004363179266,0.0006438910898490802
B,lq_emp_71,"Arts, Entertainment & Recreation LQ",uniform_pca64,rich,633,0.06045521016322786,0.0011545490010909099
B,lq_emp_71,"Arts, Entertainment & Recreation LQ",uniform_l2,stub,190,0.34102248303389016,-0.00040879031549112543
B,lq_emp_71,"Arts, Entertainment & Recreation LQ",uniform_l2,thin,842,0.19277302614055136,0.0012373636307259073
B,lq_emp_71,"Arts, Entertainment & Recreation LQ",uniform_l2,mid,578,0.16439004363179266,0.0010864756124435715
B,lq_emp_71,"Arts, Entertainment & Recreation LQ",uniform_l2,rich,633,0.06045521016322786,0.00030578306537210054
B,lq_emp_71,"Arts, Entertainment & Recreation LQ",uniform_ccr,stub,190,0.34102248303389016,-0.0006797256526140938
B,lq_emp_71,"Arts, Entertainment & Recreation LQ",uniform_ccr,thin,842,0.19277302614055136,0.0004459307168054316
B,lq_emp_71,"Arts, Entertainment & Recreation LQ",uniform_ccr,mid,578,0.16439004363179266,0.0005581723720542442
B,lq_emp_71,"Arts, Entertainment & Recreation LQ",uniform_ccr,rich,633,0.06045521016322786,0.0011263202750471102
B,lq_emp_71,"Arts, Entertainment & Recreation LQ",tier_conditional,stub,190,0.34102248303389016,0.0011409013442470473
B,lq_emp_71,"Arts, Entertainment & Recreation LQ",tier_conditional,thin,842,0.19277302614055136,0.0011423365831914056
B,lq_emp_71,"Arts, Entertainment & Recreation LQ",tier_conditional,mid,578,0.16439004363179266,0.00015086357763294256
B,lq_emp_71,"Arts, Entertainment & Recreation LQ",tier_conditional,rich,633,0.06045521016322786,-0.000771816243705481
B,lq_emp_71,"Arts, Entertainment & Recreation LQ",tier_conditional_pca64,stub,190,0.34102248303389016,0.0010797641662226853
B,lq_emp_71,"Arts, Entertainment & Recreation LQ",tier_conditional_pca64,thin,842,0.19277302614055136,0.0011403722787333148
B,lq_emp_71,"Arts, Entertainment & Recreation LQ",tier_conditional_pca64,mid,578,0.16439004363179266,0.00039399679167917423
B,lq_emp_71,"Arts, Entertainment & Recreation LQ",tier_conditional_pca64,rich,633,0.06045521016322786,-0.0006288369057531051
B,lq_emp_71,"Arts, Entertainment & Recreation LQ",tier_conditional_l2,stub,190,0.34102248303389016,0.0013409562711064194
B,lq_emp_71,"Arts, Entertainment & Recreation LQ",tier_conditional_l2,thin,842,0.19277302614055136,0.0012742945536498018
B,lq_emp_71,"Arts, Entertainment & Recreation LQ",tier_conditional_l2,mid,578,0.16439004363179266,0.00013880487098061334
B,lq_emp_71,"Arts, Entertainment & Recreation LQ",tier_conditional_l2,rich,633,0.06045521016322786,-0.0008059549657004617
B,lq_emp_71,"Arts, Entertainment & Recreation LQ",tier_conditional_ccr,stub,190,0.34102248303389016,0.0011528810411203239
B,lq_emp_71,"Arts, Entertainment & Recreation LQ",tier_conditional_ccr,thin,842,0.19277302614055136,0.0011377297841260736
B,lq_emp_71,"Arts, Entertainment & Recreation LQ",tier_conditional_ccr,mid,578,0.16439004363179266,-0.00029254431525194136
B,lq_emp_71,"Arts, Entertainment & Recreation LQ",tier_conditional_ccr,rich,633,0.06045521016322786,-0.0005623658862179415
B,lq_emp_71,"Arts, Entertainment & Recreation LQ",tier_conditional_inverse,stub,190,0.34102248303389016,-0.0005162734114999568
B,lq_emp_71,"Arts, Entertainment & Recreation LQ",tier_conditional_inverse,thin,842,0.19277302614055136,7.754482518618211e-05
B,lq_emp_71,"Arts, Entertainment & Recreation LQ",tier_conditional_inverse,mid,578,0.16439004363179266,0.00019135329244091004
B,lq_emp_71,"Arts, Entertainment & Recreation LQ",tier_conditional_inverse,rich,633,0.06045521016322786,-0.000579938520925527
B,lq_emp_71,"Arts, Entertainment & Recreation LQ",tier_conditional_inverse_pca64,stub,190,0.34102248303389016,-0.00041420398622504795
B,lq_emp_71,"Arts, Entertainment & Recreation LQ",tier_conditional_inverse_pca64,thin,842,0.19277302614055136,0.0001626874828931646
B,lq_emp_71,"Arts, Entertainment & Recreation LQ",tier_conditional_inverse_pca64,mid,578,0.16439004363179266,0.00023346588849182393
B,lq_emp_71,"Arts, Entertainment & Recreation LQ",tier_conditional_inverse_pca64,rich,633,0.06045521016322786,-0.0005558764418691631
B,lq_emp_71,"Arts, Entertainment & Recreation LQ",tier_conditional_inverse_l2,stub,190,0.34102248303389016,-0.0002658047205938985
B,lq_emp_71,"Arts, Entertainment & Recreation LQ",tier_conditional_inverse_l2,thin,842,0.19277302614055136,7.913119301139471e-05
B,lq_emp_71,"Arts, Entertainment & Recreation LQ",tier_conditional_inverse_l2,mid,578,0.16439004363179266,0.0003350489695406189
B,lq_emp_71,"Arts, Entertainment & Recreation LQ",tier_conditional_inverse_l2,rich,633,0.06045521016322786,-0.0005348035209605806
B,lq_emp_71,"Arts, Entertainment & Recreation LQ",tier_conditional_inverse_ccr,stub,190,0.34102248303389016,-0.0003760231260078184
B,lq_emp_71,"Arts, Entertainment & Recreation LQ",tier_conditional_inverse_ccr,thin,842,0.19277302614055136,0.00012679514576707795
B,lq_emp_71,"Arts, Entertainment & Recreation LQ",tier_conditional_inverse_ccr,mid,578,0.16439004363179266,0.000372757843851268
B,lq_emp_71,"Arts, Entertainment & Recreation LQ",tier_conditional_inverse_ccr,rich,633,0.06045521016322786,-0.0006779529623464065
B,lq_emp_71,"Arts, Entertainment & Recreation LQ",prose_only,stub,190,0.34102248303389016,0.0021166795703387864
B,lq_emp_71,"Arts, Entertainment & Recreation LQ",prose_only,thin,842,0.19277302614055136,0.0013957309460786993
B,lq_emp_71,"Arts, Entertainment & Recreation LQ",prose_only,mid,578,0.16439004363179266,-2.8564310547540828e-05
B,lq_emp_71,"Arts, Entertainment & Recreation LQ",prose_only,rich,633,0.06045521016322786,-0.004914694427632926
B,lq_emp_71,"Arts, Entertainment & Recreation LQ",prose_only_pca64,stub,190,0.34102248303389016,-0.0008701399795549847
B,lq_emp_71,"Arts, Entertainment & Recreation LQ",prose_only_pca64,thin,842,0.19277302614055136,0.0019762938956641163
B,lq_emp_71,"Arts, Entertainment & Recreation LQ",prose_only_pca64,mid,578,0.16439004363179266,0.00056016047414853
B,lq_emp_71,"Arts, Entertainment & Recreation LQ",prose_only_pca64,rich,633,0.06045521016322786,0.00044030023438090815
B,lq_emp_71,"Arts, Entertainment & Recreation LQ",prose_only_l2,stub,190,0.34102248303389016,0.0019124609513200275
B,lq_emp_71,"Arts, Entertainment & Recreation LQ",prose_only_l2,thin,842,0.19277302614055136,0.001828922000169153
B,lq_emp_71,"Arts, Entertainment & Recreation LQ",prose_only_l2,mid,578,0.16439004363179266,-4.186389639759813e-05
B,lq_emp_71,"Arts, Entertainment & Recreation LQ",prose_only_l2,rich,633,0.06045521016322786,-0.003404918894542308
B,lq_emp_71,"Arts, Entertainment & Recreation LQ",prose_only_ccr,stub,190,0.34102248303389016,0.0024034373753503147
B,lq_emp_71,"Arts, Entertainment & Recreation LQ",prose_only_ccr,thin,842,0.19277302614055136,0.0018710823829345413
B,lq_emp_71,"Arts, Entertainment & Recreation LQ",prose_only_ccr,mid,578,0.16439004363179266,-0.0001661502970332629
B,lq_emp_71,"Arts, Entertainment & Recreation LQ",prose_only_ccr,rich,633,0.06045521016322786,-0.0025398438451162964
B,lq_emp_71,"Arts, Entertainment & Recreation LQ",prose_plus_history,stub,190,0.34102248303389016,0.0018895564395938758
B,lq_emp_71,"Arts, Entertainment & Recreation LQ",prose_plus_history,thin,842,0.19277302614055136,0.0028332062486330356
B,lq_emp_71,"Arts, Entertainment & Recreation LQ",prose_plus_history,mid,578,0.16439004363179266,0.00340603860294153
B,lq_emp_71,"Arts, Entertainment & Recreation LQ",prose_plus_history,rich,633,0.06045521016322786,0.0033978337100825096
B,lq_emp_71,"Arts, Entertainment & Recreation LQ",prose_plus_history_pca64,stub,190,0.34102248303389016,0.0011703580188721086
B,lq_emp_71,"Arts, Entertainment & Recreation LQ",prose_plus_history_pca64,thin,842,0.19277302614055136,0.002449137887031605
B,lq_emp_71,"Arts, Entertainment & Recreation LQ",prose_plus_history_pca64,mid,578,0.16439004363179266,0.003151996626241993
B,lq_emp_71,"Arts, Entertainment & Recreation LQ",prose_plus_history_pca64,rich,633,0.06045521016322786,0.0034462260873547867
B,lq_emp_71,"Arts, Entertainment & Recreation LQ",prose_plus_history_l2,stub,190,0.34102248303389016,0.0015065953922375197
B,lq_emp_71,"Arts, Entertainment & Recreation LQ",prose_plus_history_l2,thin,842,0.19277302614055136,0.0030549953011860254
B,lq_emp_71,"Arts, Entertainment & Recreation LQ",prose_plus_history_l2,mid,578,0.16439004363179266,0.0031497468199521705
B,lq_emp_71,"Arts, Entertainment & Recreation LQ",prose_plus_history_l2,rich,633,0.06045521016322786,0.003282433938585516
B,lq_emp_71,"Arts, Entertainment & Recreation LQ",prose_plus_history_ccr,stub,190,0.34102248303389016,0.001923468673100115
B,lq_emp_71,"Arts, Entertainment & Recreation LQ",prose_plus_history_ccr,thin,842,0.19277302614055136,0.0031398739391084174
B,lq_emp_71,"Arts, Entertainment & Recreation LQ",prose_plus_history_ccr,mid,578,0.16439004363179266,0.0033324345500351793
B,lq_emp_71,"Arts, Entertainment & Recreation LQ",prose_plus_history_ccr,rich,633,0.06045521016322786,0.003269434693662032
B,lq_emp_71,"Arts, Entertainment & Recreation LQ",economy_all_tiers,stub,190,0.34102248303389016,2.3389456274780507e-05
B,lq_emp_71,"Arts, Entertainment & Recreation LQ",economy_all_tiers,thin,842,0.19277302614055136,0.0021939450120905812
B,lq_emp_71,"Arts, Entertainment & Recreation LQ",economy_all_tiers,mid,578,0.16439004363179266,0.000509461400759359
B,lq_emp_71,"Arts, Entertainment & Recreation LQ",economy_all_tiers,rich,633,0.06045521016322786,0.0027782848254557235
B,lq_emp_71,"Arts, Entertainment & Recreation LQ",economy_all_tiers_pca64,stub,190,0.34102248303389016,0.00015911307929161733
B,lq_emp_71,"Arts, Entertainment & Recreation LQ",economy_all_tiers_pca64,thin,842,0.19277302614055136,0.0021267690663605565
B,lq_emp_71,"Arts, Entertainment & Recreation LQ",economy_all_tiers_pca64,mid,578,0.16439004363179266,0.0008831196700425092
B,lq_emp_71,"Arts, Entertainment & Recreation LQ",economy_all_tiers_pca64,rich,633,0.06045521016322786,0.0023194487201677605
B,lq_emp_71,"Arts, Entertainment & Recreation LQ",economy_all_tiers_l2,stub,190,0.34102248303389016,0.0025602867275976715
B,lq_emp_71,"Arts, Entertainment & Recreation LQ",economy_all_tiers_l2,thin,842,0.19277302614055136,0.009335887664419174
B,lq_emp_71,"Arts, Entertainment & Recreation LQ",economy_all_tiers_l2,mid,578,0.16439004363179266,0.00027139267296250047
B,lq_emp_71,"Arts, Entertainment & Recreation LQ",economy_all_tiers_l2,rich,633,0.06045521016322786,0.008338479729410042
B,lq_emp_71,"Arts, Entertainment & Recreation LQ",economy_all_tiers_ccr,stub,190,0.34102248303389016,-0.0014204912355083588
B,lq_emp_71,"Arts, Entertainment & Recreation LQ",economy_all_tiers_ccr,thin,842,0.19277302614055136,0.004237084889695875
B,lq_emp_71,"Arts, Entertainment & Recreation LQ",economy_all_tiers_ccr,mid,578,0.16439004363179266,0.0011582727390196945
B,lq_emp_71,"Arts, Entertainment & Recreation LQ",economy_all_tiers_ccr,rich,633,0.06045521016322786,0.0054738083466728815
B,lq_emp_71,"Arts, Entertainment & Recreation LQ",prose_by_tier,stub,190,0.34102248303389016,0.0014386072313419263
B,lq_emp_71,"Arts, Entertainment & Recreation LQ",prose_by_tier,thin,842,0.19277302614055136,0.000723433126145312
B,lq_emp_71,"Arts, Entertainment & Recreation LQ",prose_by_tier,mid,578,0.16439004363179266,-0.0008615203155595275
B,lq_emp_71,"Arts, Entertainment & Recreation LQ",prose_by_tier,rich,633,0.06045521016322786,0.000380397682376854
B,lq_emp_71,"Arts, Entertainment & Recreation LQ",prose_by_tier_pca64,stub,190,0.34102248303389016,0.00028873867196488323
B,lq_emp_71,"Arts, Entertainment & Recreation LQ",prose_by_tier_pca64,thin,842,0.19277302614055136,0.0007320859813356728
B,lq_emp_71,"Arts, Entertainment & Recreation LQ",prose_by_tier_pca64,mid,578,0.16439004363179266,-0.0009533572244908584
B,lq_emp_71,"Arts, Entertainment & Recreation LQ",prose_by_tier_pca64,rich,633,0.06045521016322786,-0.00021350593092495096
B,lq_emp_71,"Arts, Entertainment & Recreation LQ",prose_by_tier_l2,stub,190,0.34102248303389016,0.0019601446718779947
B,lq_emp_71,"Arts, Entertainment & Recreation LQ",prose_by_tier_l2,thin,842,0.19277302614055136,0.0011412274926154709
B,lq_emp_71,"Arts, Entertainment & Recreation LQ",prose_by_tier_l2,mid,578,0.16439004363179266,0.00013726596366436805
B,lq_emp_71,"Arts, Entertainment & Recreation LQ",prose_by_tier_l2,rich,633,0.06045521016322786,0.0010624569876680479
B,lq_emp_71,"Arts, Entertainment & Recreation LQ",prose_by_tier_ccr,stub,190,0.34102248303389016,0.0019979250644222013
B,lq_emp_71,"Arts, Entertainment & Recreation LQ",prose_by_tier_ccr,thin,842,0.19277302614055136,0.0011339497652580466
B,lq_emp_71,"Arts, Entertainment & Recreation LQ",prose_by_tier_ccr,mid,578,0.16439004363179266,0.00013491017969946562
B,lq_emp_71,"Arts, Entertainment & Recreation LQ",prose_by_tier_ccr,rich,633,0.06045521016322786,0.0010425990087850057
B,lq_emp_71,"Arts, Entertainment & Recreation LQ",drop_stub,stub,190,0.34102248303389016,-6.861999001472885e-05
B,lq_emp_71,"Arts, Entertainment & Recreation LQ",drop_stub,thin,842,0.19277302614055136,0.00019987477838390166
B,lq_emp_71,"Arts, Entertainment & Recreation LQ",drop_stub,mid,578,0.16439004363179266,0.00012519846728875628
B,lq_emp_71,"Arts, Entertainment & Recreation LQ",drop_stub,rich,633,0.06045521016322786,0.00013023623226404712
B,lq_emp_71,"Arts, Entertainment & Recreation LQ",drop_stub_l2,stub,190,0.34102248303389016,9.914646667830151e-05
B,lq_emp_71,"Arts, Entertainment & Recreation LQ",drop_stub_l2,thin,842,0.19277302614055136,0.00021369542988369794
B,lq_emp_71,"Arts, Entertainment & Recreation LQ",drop_stub_l2,mid,578,0.16439004363179266,0.00014607408081035445
B,lq_emp_71,"Arts, Entertainment & Recreation LQ",drop_stub_l2,rich,633,0.06045521016322786,0.00023642232074627678
B,lq_emp_71,"Arts, Entertainment & Recreation LQ",drop_thin,stub,190,0.34102248303389016,-0.0007501879569232761
B,lq_emp_71,"Arts, Entertainment & Recreation LQ",drop_thin,thin,842,0.19277302614055136,0.0003074603672450493
B,lq_emp_71,"Arts, Entertainment & Recreation LQ",drop_thin,mid,578,0.16439004363179266,-3.380962208987537e-05
B,lq_emp_71,"Arts, Entertainment & Recreation LQ",drop_thin,rich,633,0.06045521016322786,-0.0004981661067151588
B,lq_emp_71,"Arts, Entertainment & Recreation LQ",drop_thin_l2,stub,190,0.34102248303389016,-0.0008153379600890354
B,lq_emp_71,"Arts, Entertainment & Recreation LQ",drop_thin_l2,thin,842,0.19277302614055136,0.00037693002860816893
B,lq_emp_71,"Arts, Entertainment & Recreation LQ",drop_thin_l2,mid,578,0.16439004363179266,0.0004910214846617356
B,lq_emp_71,"Arts, Entertainment & Recreation LQ",drop_thin_l2,rich,633,0.06045521016322786,-0.00034894297985488265
B,lq_emp_71,"Arts, Entertainment & Recreation LQ",drop_mid,stub,190,0.34102248303389016,7.304741424296601e-06
B,lq_emp_71,"Arts, Entertainment & Recreation LQ",drop_mid,thin,842,0.19277302614055136,0.0008566685419840736
B,lq_emp_71,"Arts, Entertainment & Recreation LQ",drop_mid,mid,578,0.16439004363179266,0.0006455150909108198
B,lq_emp_71,"Arts, Entertainment & Recreation LQ",drop_mid,rich,633,0.06045521016322786,-0.0007534002039809584
B,lq_emp_71,"Arts, Entertainment & Recreation LQ",drop_mid_l2,stub,190,0.34102248303389016,-0.0003574283691160085
B,lq_emp_71,"Arts, Entertainment & Recreation LQ",drop_mid_l2,thin,842,0.19277302614055136,0.0009338612920930522
B,lq_emp_71,"Arts, Entertainment & Recreation LQ",drop_mid_l2,mid,578,0.16439004363179266,0.0004006186233441733
B,lq_emp_71,"Arts, Entertainment & Recreation LQ",drop_mid_l2,rich,633,0.06045521016322786,-0.0006630499030819692
B,lq_emp_71,"Arts, Entertainment & Recreation LQ",drop_rich,stub,190,0.34102248303389016,0.0005802503663242531
B,lq_emp_71,"Arts, Entertainment & Recreation LQ",drop_rich,thin,842,0.19277302614055136,0.0012003132323096244
B,lq_emp_71,"Arts, Entertainment & Recreation LQ",drop_rich,mid,578,0.16439004363179266,0.0005948412566763039
B,lq_emp_71,"Arts, Entertainment & Recreation LQ",drop_rich,rich,633,0.06045521016322786,0.0019346147089186472
B,lq_emp_71,"Arts, Entertainment & Recreation LQ",drop_rich_l2,stub,190,0.34102248303389016,0.0009600255966933924
B,lq_emp_71,"Arts, Entertainment & Recreation LQ",drop_rich_l2,thin,842,0.19277302614055136,0.0011940707889714908
B,lq_emp_71,"Arts, Entertainment & Recreation LQ",drop_rich_l2,mid,578,0.16439004363179266,0.0008106753802108457
B,lq_emp_71,"Arts, Entertainment & Recreation LQ",drop_rich_l2,rich,633,0.06045521016322786,0.001448374089771609
B,lq_emp_71,"Arts, Entertainment & Recreation LQ",typed_sections,stub,190,0.34102248303389016,3.188283608879239e-05
B,lq_emp_71,"Arts, Entertainment & Recreation LQ",typed_sections,thin,842,0.19277302614055136,0.001140754446347314
B,lq_emp_71,"Arts, Entertainment & Recreation LQ",typed_sections,mid,578,0.16439004363179266,-0.0023774068957761463
B,lq_emp_71,"Arts, Entertainment & Recreation LQ",typed_sections,rich,633,0.06045521016322786,0.00890536524449248
B,lq_emp_72,Accommodation & Food Services LQ,lead_only,stub,203,0.06075128175846811,0.02497882080541436
B,lq_emp_72,Accommodation & Food Services LQ,lead_only,thin,895,0.1749785673422919,0.006418344619869676
B,lq_emp_72,Accommodation & Food Services LQ,lead_only,mid,614,0.14777128179023802,0.003697435335448751
B,lq_emp_72,Accommodation & Food Services LQ,lead_only,rich,657,-0.0028366218853976832,0.005388796799712381
B,lq_emp_72,Accommodation & Food Services LQ,lead_only_pca64,stub,203,0.06075128175846811,0.015182671786147739
B,lq_emp_72,Accommodation & Food Services LQ,lead_only_pca64,thin,895,0.1749785673422919,0.007357010710568601
B,lq_emp_72,Accommodation & Food Services LQ,lead_only_pca64,mid,614,0.14777128179023802,0.0026012952585360294
B,lq_emp_72,Accommodation & Food Services LQ,lead_only_pca64,rich,657,-0.0028366218853976832,0.0029181036099770186
B,lq_emp_72,Accommodation & Food Services LQ,lead_only_l2,stub,203,0.06075128175846811,0.02369355183286015
B,lq_emp_72,Accommodation & Food Services LQ,lead_only_l2,thin,895,0.1749785673422919,0.0061712656625712015
B,lq_emp_72,Accommodation & Food Services LQ,lead_only_l2,mid,614,0.14777128179023802,0.0036603825607375295
B,lq_emp_72,Accommodation & Food Services LQ,lead_only_l2,rich,657,-0.0028366218853976832,0.00560136414713408
B,lq_emp_72,Accommodation & Food Services LQ,lead_only_ccr,stub,203,0.06075128175846811,0.024385529270257167
B,lq_emp_72,Accommodation & Food Services LQ,lead_only_ccr,thin,895,0.1749785673422919,0.006192022171473188
B,lq_emp_72,Accommodation & Food Services LQ,lead_only_ccr,mid,614,0.14777128179023802,0.003625417749559934
B,lq_emp_72,Accommodation & Food Services LQ,lead_only_ccr,rich,657,-0.0028366218853976832,0.005402482903866135
B,lq_emp_72,Accommodation & Food Services LQ,uniform,stub,203,0.06075128175846811,-0.019009219831820467
B,lq_emp_72,Accommodation & Food Services LQ,uniform,thin,895,0.1749785673422919,0.021503276754663236
B,lq_emp_72,Accommodation & Food Services LQ,uniform,mid,614,0.14777128179023802,0.015759970826610403
B,lq_emp_72,Accommodation & Food Services LQ,uniform,rich,657,-0.0028366218853976832,0.024105980271933003
B,lq_emp_72,Accommodation & Food Services LQ,uniform_pca64,stub,203,0.06075128175846811,-0.030587778649478814
B,lq_emp_72,Accommodation & Food Services LQ,uniform_pca64,thin,895,0.1749785673422919,0.02054619963316784
B,lq_emp_72,Accommodation & Food Services LQ,uniform_pca64,mid,614,0.14777128179023802,0.015110477463995409
B,lq_emp_72,Accommodation & Food Services LQ,uniform_pca64,rich,657,-0.0028366218853976832,0.017175505930071444
B,lq_emp_72,Accommodation & Food Services LQ,uniform_l2,stub,203,0.06075128175846811,-0.01891539227440009
B,lq_emp_72,Accommodation & Food Services LQ,uniform_l2,thin,895,0.1749785673422919,0.020954415354128675
B,lq_emp_72,Accommodation & Food Services LQ,uniform_l2,mid,614,0.14777128179023802,0.016573859594356977
B,lq_emp_72,Accommodation & Food Services LQ,uniform_l2,rich,657,-0.0028366218853976832,0.02865426023908413
B,lq_emp_72,Accommodation & Food Services LQ,uniform_ccr,stub,203,0.06075128175846811,-0.02711917303946776
B,lq_emp_72,Accommodation & Food Services LQ,uniform_ccr,thin,895,0.1749785673422919,0.0212259376081817
B,lq_emp_72,Accommodation & Food Services LQ,uniform_ccr,mid,614,0.14777128179023802,0.021693816934572063
B,lq_emp_72,Accommodation & Food Services LQ,uniform_ccr,rich,657,-0.0028366218853976832,0.030596390015019792
B,lq_emp_72,Accommodation & Food Services LQ,tier_conditional,stub,203,0.06075128175846811,0.00799321180268231
B,lq_emp_72,Accommodation & Food Services LQ,tier_conditional,thin,895,0.1749785673422919,0.009850142197983636
B,lq_emp_72,Accommodation & Food Services LQ,tier_conditional,mid,614,0.14777128179023802,0.0014390080187987042
B,lq_emp_72,Accommodation & Food Services LQ,tier_conditional,rich,657,-0.0028366218853976832,0.0026782910701788065
B,lq_emp_72,Accommodation & Food Services LQ,tier_conditional_pca64,stub,203,0.06075128175846811,0.0012623790636129284
B,lq_emp_72,Accommodation & Food Services LQ,tier_conditional_pca64,thin,895,0.1749785673422919,0.006573083926652568
B,lq_emp_72,Accommodation & Food Services LQ,tier_conditional_pca64,mid,614,0.14777128179023802,0.00021655959119770696
B,lq_emp_72,Accommodation & Food Services LQ,tier_conditional_pca64,rich,657,-0.0028366218853976832,0.006208125843440437
B,lq_emp_72,Accommodation & Food Services LQ,tier_conditional_l2,stub,203,0.06075128175846811,-0.0006625387759168211
B,lq_emp_72,Accommodation & Food Services LQ,tier_conditional_l2,thin,895,0.1749785673422919,0.010504695347119397
B,lq_emp_72,Accommodation & Food Services LQ,tier_conditional_l2,mid,614,0.14777128179023802,0.0038351694252704016
B,lq_emp_72,Accommodation & Food Services LQ,tier_conditional_l2,rich,657,-0.0028366218853976832,0.005174271714715295
B,lq_emp_72,Accommodation & Food Services LQ,tier_conditional_ccr,stub,203,0.06075128175846811,-0.00783975142542137
B,lq_emp_72,Accommodation & Food Services LQ,tier_conditional_ccr,thin,895,0.1749785673422919,0.010729975216018928
B,lq_emp_72,Accommodation & Food Services LQ,tier_conditional_ccr,mid,614,0.14777128179023802,0.005177789543276856
B,lq_emp_72,Accommodation & Food Services LQ,tier_conditional_ccr,rich,657,-0.0028366218853976832,0.004942323796693793
B,lq_emp_72,Accommodation & Food Services LQ,tier_conditional_inverse,stub,203,0.06075128175846811,0.01304194938590586
B,lq_emp_72,Accommodation & Food Services LQ,tier_conditional_inverse,thin,895,0.1749785673422919,0.002258408372364462
B,lq_emp_72,Accommodation & Food Services LQ,tier_conditional_inverse,mid,614,0.14777128179023802,0.0010885293654842032
B,lq_emp_72,Accommodation & Food Services LQ,tier_conditional_inverse,rich,657,-0.0028366218853976832,0.004730343957514149
B,lq_emp_72,Accommodation & Food Services LQ,tier_conditional_inverse_pca64,stub,203,0.06075128175846811,0.004518924462873941
B,lq_emp_72,Accommodation & Food Services LQ,tier_conditional_inverse_pca64,thin,895,0.1749785673422919,0.0027375830300716553
B,lq_emp_72,Accommodation & Food Services LQ,tier_conditional_inverse_pca64,mid,614,0.14777128179023802,-9.456787367079222e-06
B,lq_emp_72,Accommodation & Food Services LQ,tier_conditional_inverse_pca64,rich,657,-0.0028366218853976832,0.001709050849397764
B,lq_emp_72,Accommodation & Food Services LQ,tier_conditional_inverse_l2,stub,203,0.06075128175846811,0.00650807302631784
B,lq_emp_72,Accommodation & Food Services LQ,tier_conditional_inverse_l2,thin,895,0.1749785673422919,0.008279780213642507
B,lq_emp_72,Accommodation & Food Services LQ,tier_conditional_inverse_l2,mid,614,0.14777128179023802,0.0032130934897277585
B,lq_emp_72,Accommodation & Food Services LQ,tier_conditional_inverse_l2,rich,657,-0.0028366218853976832,0.018013842976439487
B,lq_emp_72,Accommodation & Food Services LQ,tier_conditional_inverse_ccr,stub,203,0.06075128175846811,0.004283569137247256
B,lq_emp_72,Accommodation & Food Services LQ,tier_conditional_inverse_ccr,thin,895,0.1749785673422919,0.008201931917233729
B,lq_emp_72,Accommodation & Food Services LQ,tier_conditional_inverse_ccr,mid,614,0.14777128179023802,0.0017796255547369855
B,lq_emp_72,Accommodation & Food Services LQ,tier_conditional_inverse_ccr,rich,657,-0.0028366218853976832,0.020487741466941767
B,lq_emp_72,Accommodation & Food Services LQ,prose_only,stub,203,0.06075128175846811,-0.031094078204407793
B,lq_emp_72,Accommodation & Food Services LQ,prose_only,thin,895,0.1749785673422919,0.020885790036863416
B,lq_emp_72,Accommodation & Food Services LQ,prose_only,mid,614,0.14777128179023802,0.02059857720537539
B,lq_emp_72,Accommodation & Food Services LQ,prose_only,rich,657,-0.0028366218853976832,0.02144244563413833
B,lq_emp_72,Accommodation & Food Services LQ,prose_only_pca64,stub,203,0.06075128175846811,-0.03260388648537438
B,lq_emp_72,Accommodation & Food Services LQ,prose_only_pca64,thin,895,0.1749785673422919,0.023485100145400395
B,lq_emp_72,Accommodation & Food Services LQ,prose_only_pca64,mid,614,0.14777128179023802,0.019407329153251496
B,lq_emp_72,Accommodation & Food Services LQ,prose_only_pca64,rich,657,-0.0028366218853976832,0.018104201462813108
B,lq_emp_72,Accommodation & Food Services LQ,prose_only_l2,stub,203,0.06075128175846811,-0.035089471361209545
B,lq_emp_72,Accommodation & Food Services LQ,prose_only_l2,thin,895,0.1749785673422919,0.020195082477571402
B,lq_emp_72,Accommodation & Food Services LQ,prose_only_l2,mid,614,0.14777128179023802,0.021230318536379356
B,lq_emp_72,Accommodation & Food Services LQ,prose_only_l2,rich,657,-0.0028366218853976832,0.02552560596152753
B,lq_emp_72,Accommodation & Food Services LQ,prose_only_ccr,stub,203,0.06075128175846811,-0.03698400174804839
B,lq_emp_72,Accommodation & Food Services LQ,prose_only_ccr,thin,895,0.1749785673422919,0.02018674829672551
B,lq_emp_72,Accommodation & Food Services LQ,prose_only_ccr,mid,614,0.14777128179023802,0.022056700067338952
B,lq_emp_72,Accommodation & Food Services LQ,prose_only_ccr,rich,657,-0.0028366218853976832,0.02765341154117673
B,lq_emp_72,Accommodation & Food Services LQ,prose_plus_history,stub,203,0.06075128175846811,-0.013471730165247386
B,lq_emp_72,Accommodation & Food Services LQ,prose_plus_history,thin,895,0.1749785673422919,0.021069086093865597
B,lq_emp_72,Accommodation & Food Services LQ,prose_plus_history,mid,614,0.14777128179023802,0.027697458441364953
B,lq_emp_72,Accommodation & Food Services LQ,prose_plus_history,rich,657,-0.0028366218853976832,0.030412228996213764
B,lq_emp_72,Accommodation & Food Services LQ,prose_plus_history_pca64,stub,203,0.06075128175846811,-0.01705638235850815
B,lq_emp_72,Accommodation & Food Services LQ,prose_plus_history_pca64,thin,895,0.1749785673422919,0.022796858898982086
B,lq_emp_72,Accommodation & Food Services LQ,prose_plus_history_pca64,mid,614,0.14777128179023802,0.024982248865605627
B,lq_emp_72,Accommodation & Food Services LQ,prose_plus_history_pca64,rich,657,-0.0028366218853976832,0.027461774416741358
B,lq_emp_72,Accommodation & Food Services LQ,prose_plus_history_l2,stub,203,0.06075128175846811,-0.013842925356270075
B,lq_emp_72,Accommodation & Food Services LQ,prose_plus_history_l2,thin,895,0.1749785673422919,0.022808769548356533
B,lq_emp_72,Accommodation & Food Services LQ,prose_plus_history_l2,mid,614,0.14777128179023802,0.02832002019978197
B,lq_emp_72,Accommodation & Food Services LQ,prose_plus_history_l2,rich,657,-0.0028366218853976832,0.03493036766210733
B,lq_emp_72,Accommodation & Food Services LQ,prose_plus_history_ccr,stub,203,0.06075128175846811,-0.016384734560357384
B,lq_emp_72,Accommodation & Food Services LQ,prose_plus_history_ccr,thin,895,0.1749785673422919,0.02425184548607362
B,lq_emp_72,Accommodation & Food Services LQ,prose_plus_history_ccr,mid,614,0.14777128179023802,0.02799074356116371
B,lq_emp_72,Accommodation & Food Services LQ,prose_plus_history_ccr,rich,657,-0.0028366218853976832,0.036000227254203376
B,lq_emp_72,Accommodation & Food Services LQ,economy_all_tiers,stub,203,0.06075128175846811,0.012226921225821585
B,lq_emp_72,Accommodation & Food Services LQ,economy_all_tiers,thin,895,0.1749785673422919,0.0037317045583323827
B,lq_emp_72,Accommodation & Food Services LQ,economy_all_tiers,mid,614,0.14777128179023802,0.004981073192190766
B,lq_emp_72,Accommodation & Food Services LQ,economy_all_tiers,rich,657,-0.0028366218853976832,0.002379212719312962
B,lq_emp_72,Accommodation & Food Services LQ,economy_all_tiers_pca64,stub,203,0.06075128175846811,0.006871065236444651
B,lq_emp_72,Accommodation & Food Services LQ,economy_all_tiers_pca64,thin,895,0.1749785673422919,0.010394587374314868
B,lq_emp_72,Accommodation & Food Services LQ,economy_all_tiers_pca64,mid,614,0.14777128179023802,-0.002385258243514099
B,lq_emp_72,Accommodation & Food Services LQ,economy_all_tiers_pca64,rich,657,-0.0028366218853976832,0.0036632536335255983
B,lq_emp_72,Accommodation & Food Services LQ,economy_all_tiers_l2,stub,203,0.06075128175846811,0.0028985712652733753
B,lq_emp_72,Accommodation & Food Services LQ,economy_all_tiers_l2,thin,895,0.1749785673422919,0.004210442404075976
B,lq_emp_72,Accommodation & Food Services LQ,economy_all_tiers_l2,mid,614,0.14777128179023802,0.002480237615087977
B,lq_emp_72,Accommodation & Food Services LQ,economy_all_tiers_l2,rich,657,-0.0028366218853976832,0.006414298781953209
B,lq_emp_72,Accommodation & Food Services LQ,economy_all_tiers_ccr,stub,203,0.06075128175846811,0.003585789486058033
B,lq_emp_72,Accommodation & Food Services LQ,economy_all_tiers_ccr,thin,895,0.1749785673422919,0.004188907873593384
B,lq_emp_72,Accommodation & Food Services LQ,economy_all_tiers_ccr,mid,614,0.14777128179023802,0.002581298767107554
B,lq_emp_72,Accommodation & Food Services LQ,economy_all_tiers_ccr,rich,657,-0.0028366218853976832,0.005105787772261228
B,lq_emp_72,Accommodation & Food Services LQ,prose_by_tier,stub,203,0.06075128175846811,0.010383504962343193
B,lq_emp_72,Accommodation & Food Services LQ,prose_by_tier,thin,895,0.1749785673422919,0.0041152804500935725
B,lq_emp_72,Accommodation & Food Services LQ,prose_by_tier,mid,614,0.14777128179023802,0.01679057483503188
B,lq_emp_72,Accommodation & Food Services LQ,prose_by_tier,rich,657,-0.0028366218853976832,0.017935598489566273
B,lq_emp_72,Accommodation & Food Services LQ,prose_by_tier_pca64,stub,203,0.06075128175846811,0.005893396693464448
B,lq_emp_72,Accommodation & Food Services LQ,prose_by_tier_pca64,thin,895,0.1749785673422919,0.008330488796766455
B,lq_emp_72,Accommodation & Food Services LQ,prose_by_tier_pca64,mid,614,0.14777128179023802,0.01328140215045015
B,lq_emp_72,Accommodation & Food Services LQ,prose_by_tier_pca64,rich,657,-0.0028366218853976832,0.012898540069788966
B,lq_emp_72,Accommodation & Food Services LQ,prose_by_tier_l2,stub,203,0.06075128175846811,0.010251230691819768
B,lq_emp_72,Accommodation & Food Services LQ,prose_by_tier_l2,thin,895,0.1749785673422919,0.005053466305983467
B,lq_emp_72,Accommodation & Food Services LQ,prose_by_tier_l2,mid,614,0.14777128179023802,0.02056179504901734
B,lq_emp_72,Accommodation & Food Services LQ,prose_by_tier_l2,rich,657,-0.0028366218853976832,0.0257515775881908
B,lq_emp_72,Accommodation & Food Services LQ,prose_by_tier_ccr,stub,203,0.06075128175846811,0.007635288506844251
B,lq_emp_72,Accommodation & Food Services LQ,prose_by_tier_ccr,thin,895,0.1749785673422919,0.005098411127863356
B,lq_emp_72,Accommodation & Food Services LQ,prose_by_tier_ccr,mid,614,0.14777128179023802,0.02240885147494598
B,lq_emp_72,Accommodation & Food Services LQ,prose_by_tier_ccr,rich,657,-0.0028366218853976832,0.02785157472506583
B,lq_emp_72,Accommodation & Food Services LQ,drop_stub,stub,203,0.06075128175846811,0.039380570241231094
B,lq_emp_72,Accommodation & Food Services LQ,drop_stub,thin,895,0.1749785673422919,0.019349454097451813
B,lq_emp_72,Accommodation & Food Services LQ,drop_stub,mid,614,0.14777128179023802,0.014467045323550254
B,lq_emp_72,Accommodation & Food Services LQ,drop_stub,rich,657,-0.0028366218853976832,0.02285399746183847
B,lq_emp_72,Accommodation & Food Services LQ,drop_stub_l2,stub,203,0.06075128175846811,0.050496708518785405
B,lq_emp_72,Accommodation & Food Services LQ,drop_stub_l2,thin,895,0.1749785673422919,0.020778989278381954
B,lq_emp_72,Accommodation & Food Services LQ,drop_stub_l2,mid,614,0.14777128179023802,0.015774103265224437
B,lq_emp_72,Accommodation & Food Services LQ,drop_stub_l2,rich,657,-0.0028366218853976832,0.027753255985780823
B,lq_emp_72,Accommodation & Food Services LQ,drop_thin,stub,203,0.06075128175846811,-0.011385287635048869
B,lq_emp_72,Accommodation & Food Services LQ,drop_thin,thin,895,0.1749785673422919,0.00301725982718426
B,lq_emp_72,Accommodation & Food Services LQ,drop_thin,mid,614,0.14777128179023802,0.006928147977750099
B,lq_emp_72,Accommodation & Food Services LQ,drop_thin,rich,657,-0.0028366218853976832,0.013761958403362695
B,lq_emp_72,Accommodation & Food Services LQ,drop_thin_l2,stub,203,0.06075128175846811,-0.030508130867221706
B,lq_emp_72,Accommodation & Food Services LQ,drop_thin_l2,thin,895,0.1749785673422919,0.004415474982951584
B,lq_emp_72,Accommodation & Food Services LQ,drop_thin_l2,mid,614,0.14777128179023802,0.014827861862808933
B,lq_emp_72,Accommodation & Food Services LQ,drop_thin_l2,rich,657,-0.0028366218853976832,0.02532473602712315
B,lq_emp_72,Accommodation & Food Services LQ,drop_mid,stub,203,0.06075128175846811,-0.010911023178383883
B,lq_emp_72,Accommodation & Food Services LQ,drop_mid,thin,895,0.1749785673422919,0.01862464193043567
B,lq_emp_72,Accommodation & Food Services LQ,drop_mid,mid,614,0.14777128179023802,0.00614654170695339
B,lq_emp_72,Accommodation & Food Services LQ,drop_mid,rich,657,-0.0028366218853976832,0.009725961061390676
B,lq_emp_72,Accommodation & Food Services LQ,drop_mid_l2,stub,203,0.06075128175846811,-0.019950063022140085
B,lq_emp_72,Accommodation & Food Services LQ,drop_mid_l2,thin,895,0.1749785673422919,0.019969126189750885
B,lq_emp_72,Accommodation & Food Services LQ,drop_mid_l2,mid,614,0.14777128179023802,0.00968989861091396
B,lq_emp_72,Accommodation & Food Services LQ,drop_mid_l2,rich,657,-0.0028366218853976832,0.017507093385923156
B,lq_emp_72,Accommodation & Food Services LQ,drop_rich,stub,203,0.06075128175846811,0.007208619124062787
B,lq_emp_72,Accommodation & Food Services LQ,drop_rich,thin,895,0.1749785673422919,0.01868875850501539
B,lq_emp_72,Accommodation & Food Services LQ,drop_rich,mid,614,0.14777128179023802,0.006883028991591433
B,lq_emp_72,Accommodation & Food Services LQ,drop_rich,rich,657,-0.0028366218853976832,0.0040136843064784156
B,lq_emp_72,Accommodation & Food Services LQ,drop_rich_l2,stub,203,0.06075128175846811,-0.0005277225673058217
B,lq_emp_72,Accommodation & Food Services LQ,drop_rich_l2,thin,895,0.1749785673422919,0.02107795926085687
B,lq_emp_72,Accommodation & Food Services LQ,drop_rich_l2,mid,614,0.14777128179023802,0.00986085825378713
B,lq_emp_72,Accommodation & Food Services LQ,drop_rich_l2,rich,657,-0.0028366218853976832,0.006834649734326348
B,lq_emp_72,Accommodation & Food Services LQ,typed_sections,stub,203,0.06075128175846811,0.01160757369190546
B,lq_emp_72,Accommodation & Food Services LQ,typed_sections,thin,895,0.1749785673422919,0.020438586141451998
B,lq_emp_72,Accommodation & Food Services LQ,typed_sections,mid,614,0.14777128179023802,0.023494817814935565
B,lq_emp_72,Accommodation & Food Services LQ,typed_sections,rich,657,-0.0028366218853976832,0.03791753407294829
B,lq_emp_81,Other Services (except Public Administration) LQ,lead_only,stub,234,0.07942712108640237,-3.798075278549362e-05
B,lq_emp_81,Other Services (except Public Administration) LQ,lead_only,thin,1012,0.1910955746056483,9.142315491650344e-06
B,lq_emp_81,Other Services (except Public Administration) LQ,lead_only,mid,641,0.10974217373371631,-0.00016494877049721968
B,lq_emp_81,Other Services (except Public Administration) LQ,lead_only,rich,692,0.3026704444317322,2.902962693462907e-05
B,lq_emp_81,Other Services (except Public Administration) LQ,lead_only_pca64,stub,234,0.07942712108640237,-2.5376555349287955e-05
B,lq_emp_81,Other Services (except Public Administration) LQ,lead_only_pca64,thin,1012,0.1910955746056483,5.538470186960964e-05
B,lq_emp_81,Other Services (except Public Administration) LQ,lead_only_pca64,mid,641,0.10974217373371631,-0.00010083804878446845
B,lq_emp_81,Other Services (except Public Administration) LQ,lead_only_pca64,rich,692,0.3026704444317322,6.412565729330133e-05
B,lq_emp_81,Other Services (except Public Administration) LQ,lead_only_l2,stub,234,0.07942712108640237,-4.0222907325304647e-05
B,lq_emp_81,Other Services (except Public Administration) LQ,lead_only_l2,thin,1012,0.1910955746056483,1.0101857445210527e-05
B,lq_emp_81,Other Services (except Public Administration) LQ,lead_only_l2,mid,641,0.10974217373371631,-0.00016154273637702943
B,lq_emp_81,Other Services (except Public Administration) LQ,lead_only_l2,rich,692,0.3026704444317322,3.9701710350836805e-05
B,lq_emp_81,Other Services (except Public Administration) LQ,lead_only_ccr,stub,234,0.07942712108640237,-3.9586564433813365e-05
B,lq_emp_81,Other Services (except Public Administration) LQ,lead_only_ccr,thin,1012,0.1910955746056483,1.6857419758653513e-05
B,lq_emp_81,Other Services (except Public Administration) LQ,lead_only_ccr,mid,641,0.10974217373371631,-0.00017791264986388722
B,lq_emp_81,Other Services (except Public Administration) LQ,lead_only_ccr,rich,692,0.3026704444317322,3.5283286613729814e-05
B,lq_emp_81,Other Services (except Public Administration) LQ,uniform,stub,234,0.07942712108640237,-6.381258457599515e-05
B,lq_emp_81,Other Services (except Public Administration) LQ,uniform,thin,1012,0.1910955746056483,-6.236417962235397e-05
B,lq_emp_81,Other Services (except Public Administration) LQ,uniform,mid,641,0.10974217373371631,3.903657300552421e-05
B,lq_emp_81,Other Services (except Public Administration) LQ,uniform,rich,692,0.3026704444317322,-6.700008373139443e-05
B,lq_emp_81,Other Services (except Public Administration) LQ,uniform_pca64,stub,234,0.07942712108640237,-0.00028243358581103717
B,lq_emp_81,Other Services (except Public Administration) LQ,uniform_pca64,thin,1012,0.1910955746056483,-0.0003934550374988799
B,lq_emp_81,Other Services (except Public Administration) LQ,uniform_pca64,mid,641,0.10974217373371631,-7.724737622727407e-05
B,lq_emp_81,Other Services (except Public Administration) LQ,uniform_pca64,rich,692,0.3026704444317322,0.0010244098601972507
B,lq_emp_81,Other Services (except Public Administration) LQ,uniform_l2,stub,234,0.07942712108640237,-0.00016719009268006957
B,lq_emp_81,Other Services (except Public Administration) LQ,uniform_l2,thin,1012,0.1910955746056483,4.678128375912305e-05
B,lq_emp_81,Other Services (except Public Administration) LQ,uniform_l2,mid,641,0.10974217373371631,-8.979676408782389e-06
B,lq_emp_81,Other Services (except Public Administration) LQ,uniform_l2,rich,692,0.3026704444317322,-0.00017785887397236966
B,lq_emp_81,Other Services (except Public Administration) LQ,uniform_ccr,stub,234,0.07942712108640237,-0.0004827924092062341
B,lq_emp_81,Other Services (except Public Administration) LQ,uniform_ccr,thin,1012,0.1910955746056483,-4.362803935786808e-06
B,lq_emp_81,Other Services (except Public Administration) LQ,uniform_ccr,mid,641,0.10974217373371631,-7.218532187092119e-05
B,lq_emp_81,Other Services (except Public Administration) LQ,uniform_ccr,rich,692,0.3026704444317322,0.0004870335972929629
B,lq_emp_81,Other Services (except Public Administration) LQ,tier_conditional,stub,234,0.07942712108640237,-0.0008649461894795207
B,lq_emp_81,Other Services (except Public Administration) LQ,tier_conditional,thin,1012,0.1910955746056483,-0.000560916702455061
B,lq_emp_81,Other Services (except Public Administration) LQ,tier_conditional,mid,641,0.10974217373371631,0.0004171055022357262
B,lq_emp_81,Other Services (except Public Administration) LQ,tier_conditional,rich,692,0.3026704444317322,0.0007584915844859319
B,lq_emp_81,Other Services (except Public Administration) LQ,tier_conditional_pca64,stub,234,0.07942712108640237,-0.0007402140319426875
B,lq_emp_81,Other Services (except Public Administration) LQ,tier_conditional_pca64,thin,1012,0.1910955746056483,-0.000741084623072652
B,lq_emp_81,Other Services (except Public Administration) LQ,tier_conditional_pca64,mid,641,0.10974217373371631,0.0006073406069265763
B,lq_emp_81,Other Services (except Public Administration) LQ,tier_conditional_pca64,rich,692,0.3026704444317322,0.000842736617618578
B,lq_emp_81,Other Services (except Public Administration) LQ,tier_conditional_l2,stub,234,0.07942712108640237,0.0014504134945344527
B,lq_emp_81,Other Services (except Public Administration) LQ,tier_conditional_l2,thin,1012,0.1910955746056483,-2.920802651085186e-05
B,lq_emp_81,Other Services (except Public Administration) LQ,tier_conditional_l2,mid,641,0.10974217373371631,0.0013326293936627431
B,lq_emp_81,Other Services (except Public Administration) LQ,tier_conditional_l2,rich,692,0.3026704444317322,0.0023126328627035564
B,lq_emp_81,Other Services (except Public Administration) LQ,tier_conditional_ccr,stub,234,0.07942712108640237,0.0010437360034171173
B,lq_emp_81,Other Services (except Public Administration) LQ,tier_conditional_ccr,thin,1012,0.1910955746056483,0.00014352229325165222
B,lq_emp_81,Other Services (except Public Administration) LQ,tier_conditional_ccr,mid,641,0.10974217373371631,0.0011502503024599653
B,lq_emp_81,Other Services (except Public Administration) LQ,tier_conditional_ccr,rich,692,0.3026704444317322,0.0017994091071777962
B,lq_emp_81,Other Services (except Public Administration) LQ,tier_conditional_inverse,stub,234,0.07942712108640237,4.2717418996862655e-05
B,lq_emp_81,Other Services (except Public Administration) LQ,tier_conditional_inverse,thin,1012,0.1910955746056483,2.0456922606548744e-05
B,lq_emp_81,Other Services (except Public Administration) LQ,tier_conditional_inverse,mid,641,0.10974217373371631,-0.00020849353223906242
B,lq_emp_81,Other Services (except Public Administration) LQ,tier_conditional_inverse,rich,692,0.3026704444317322,8.840801408926957e-05
B,lq_emp_81,Other Services (except Public Administration) LQ,tier_conditional_inverse_pca64,stub,234,0.07942712108640237,7.999309150708012e-05
B,lq_emp_81,Other Services (except Public Administration) LQ,tier_conditional_inverse_pca64,thin,1012,0.1910955746056483,5.8430172038437256e-05
B,lq_emp_81,Other Services (except Public Administration) LQ,tier_conditional_inverse_pca64,mid,641,0.10974217373371631,-0.00013772032858117012
B,lq_emp_81,Other Services (except Public Administration) LQ,tier_conditional_inverse_pca64,rich,692,0.3026704444317322,0.00010355549278351361
B,lq_emp_81,Other Services (except Public Administration) LQ,tier_conditional_inverse_l2,stub,234,0.07942712108640237,1.0723358751074663e-05
B,lq_emp_81,Other Services (except Public Administration) LQ,tier_conditional_inverse_l2,thin,1012,0.1910955746056483,8.037866705223884e-06
B,lq_emp_81,Other Services (except Public Administration) LQ,tier_conditional_inverse_l2,mid,641,0.10974217373371631,-0.0001720549715804598
B,lq_emp_81,Other Services (except Public Administration) LQ,tier_conditional_inverse_l2,rich,692,0.3026704444317322,0.00010238606301249398
B,lq_emp_81,Other Services (except Public Administration) LQ,tier_conditional_inverse_ccr,stub,234,0.07942712108640237,8.671150378281034e-06
B,lq_emp_81,Other Services (except Public Administration) LQ,tier_conditional_inverse_ccr,thin,1012,0.1910955746056483,3.412981102490775e-05
B,lq_emp_81,Other Services (except Public Administration) LQ,tier_conditional_inverse_ccr,mid,641,0.10974217373371631,-0.0002045545536780713
B,lq_emp_81,Other Services (except Public Administration) LQ,tier_conditional_inverse_ccr,rich,692,0.3026704444317322,0.00010616447406686103
B,lq_emp_81,Other Services (except Public Administration) LQ,prose_only,stub,234,0.07942712108640237,-0.0001575657760629623
B,lq_emp_81,Other Services (except Public Administration) LQ,prose_only,thin,1012,0.1910955746056483,-9.13186471402927e-05
B,lq_emp_81,Other Services (except Public Administration) LQ,prose_only,mid,641,0.10974217373371631,-7.78741059936916e-05
B,lq_emp_81,Other Services (except Public Administration) LQ,prose_only,rich,692,0.3026704444317322,9.480088746616211e-05
B,lq_emp_81,Other Services (except Public Administration) LQ,prose_only_pca64,stub,234,0.07942712108640237,-7.784021221246551e-05
B,lq_emp_81,Other Services (except Public Administration) LQ,prose_only_pca64,thin,1012,0.1910955746056483,-4.5609177245942156e-05
B,lq_emp_81,Other Services (except Public Administration) LQ,prose_only_pca64,mid,641,0.10974217373371631,-2.8648048849277963e-05
B,lq_emp_81,Other Services (except Public Administration) LQ,prose_only_pca64,rich,692,0.3026704444317322,8.315507565881397e-05
B,lq_emp_81,Other Services (except Public Administration) LQ,prose_only_l2,stub,234,0.07942712108640237,-0.00019231186557544522
B,lq_emp_81,Other Services (except Public Administration) LQ,prose_only_l2,thin,1012,0.1910955746056483,-5.599890044349909e-05
B,lq_emp_81,Other Services (except Public Administration) LQ,prose_only_l2,mid,641,0.10974217373371631,-7.770137173002123e-05
B,lq_emp_81,Other Services (except Public Administration) LQ,prose_only_l2,rich,692,0.3026704444317322,0.00012652026602277822
B,lq_emp_81,Other Services (except Public Administration) LQ,prose_only_ccr,stub,234,0.07942712108640237,-0.00018214795908499948
B,lq_emp_81,Other Services (except Public Administration) LQ,prose_only_ccr,thin,1012,0.1910955746056483,-6.868400501214289e-05
B,lq_emp_81,Other Services (except Public Administration) LQ,prose_only_ccr,mid,641,0.10974217373371631,-7.894086969861824e-05
B,lq_emp_81,Other Services (except Public Administration) LQ,prose_only_ccr,rich,692,0.3026704444317322,0.0001025346742089539
B,lq_emp_81,Other Services (except Public Administration) LQ,prose_plus_history,stub,234,0.07942712108640237,-0.0007915716635163994
B,lq_emp_81,Other Services (except Public Administration) LQ,prose_plus_history,thin,1012,0.1910955746056483,-0.0002797374401357633
B,lq_emp_81,Other Services (except Public Administration) LQ,prose_plus_history,mid,641,0.10974217373371631,-0.0002554412806060613
B,lq_emp_81,Other Services (except Public Administration) LQ,prose_plus_history,rich,692,0.3026704444317322,0.0005546036646763008
B,lq_emp_81,Other Services (except Public Administration) LQ,prose_plus_history_pca64,stub,234,0.07942712108640237,-0.0007871767005854791
B,lq_emp_81,Other Services (except Public Administration) LQ,prose_plus_history_pca64,thin,1012,0.1910955746056483,-0.00027252103233221803
B,lq_emp_81,Other Services (except Public Administration) LQ,prose_plus_history_pca64,mid,641,0.10974217373371631,-0.00019822925646728606
B,lq_emp_81,Other Services (except Public Administration) LQ,prose_plus_history_pca64,rich,692,0.3026704444317322,0.0005644143572722804
B,lq_emp_81,Other Services (except Public Administration) LQ,prose_plus_history_l2,stub,234,0.07942712108640237,-0.0006348963404396724
B,lq_emp_81,Other Services (except Public Administration) LQ,prose_plus_history_l2,thin,1012,0.1910955746056483,-0.00017396324700802435
B,lq_emp_81,Other Services (except Public Administration) LQ,prose_plus_history_l2,mid,641,0.10974217373371631,-0.0003428236567384335
B,lq_emp_81,Other Services (except Public Administration) LQ,prose_plus_history_l2,rich,692,0.3026704444317322,0.0004152478424482853
B,lq_emp_81,Other Services (except Public Administration) LQ,prose_plus_history_ccr,stub,234,0.07942712108640237,-0.000715627529199514
B,lq_emp_81,Other Services (except Public Administration) LQ,prose_plus_history_ccr,thin,1012,0.1910955746056483,-0.00023466893897094998
B,lq_emp_81,Other Services (except Public Administration) LQ,prose_plus_history_ccr,mid,641,0.10974217373371631,-0.00024657214041323705
B,lq_emp_81,Other Services (except Public Administration) LQ,prose_plus_history_ccr,rich,692,0.3026704444317322,0.0004283122577803944
B,lq_emp_81,Other Services (except Public Administration) LQ,economy_all_tiers,stub,234,0.07942712108640237,3.592092660120727e-05
B,lq_emp_81,Other Services (except Public Administration) LQ,economy_all_tiers,thin,1012,0.1910955746056483,2.1394744793568066e-06
B,lq_emp_81,Other Services (except Public Administration) LQ,economy_all_tiers,mid,641,0.10974217373371631,-0.0001875907043465963
B,lq_emp_81,Other Services (except Public Administration) LQ,economy_all_tiers,rich,692,0.3026704444317322,-1.4257631012259964e-05
B,lq_emp_81,Other Services (except Public Administration) LQ,economy_all_tiers_pca64,stub,234,0.07942712108640237,3.236726874289442e-05
B,lq_emp_81,Other Services (except Public Administration) LQ,economy_all_tiers_pca64,thin,1012,0.1910955746056483,3.307122120377315e-05
B,lq_emp_81,Other Services (except Public Administration) LQ,economy_all_tiers_pca64,mid,641,0.10974217373371631,-0.0001308240291076901
B,lq_emp_81,Other Services (except Public Administration) LQ,economy_all_tiers_pca64,rich,692,0.3026704444317322,1.1943167179451208e-05
B,lq_emp_81,Other Services (except Public Administration) LQ,economy_all_tiers_l2,stub,234,0.07942712108640237,5.067117677248767e-05
B,lq_emp_81,Other Services (except Public Administration) LQ,economy_all_tiers_l2,thin,1012,0.1910955746056483,2.3872677793468355e-06
B,lq_emp_81,Other Services (except Public Administration) LQ,economy_all_tiers_l2,mid,641,0.10974217373371631,-0.00017384506520146115
B,lq_emp_81,Other Services (except Public Administration) LQ,economy_all_tiers_l2,rich,692,0.3026704444317322,-5.762113343688036e-06
B,lq_emp_81,Other Services (except Public Administration) LQ,economy_all_tiers_ccr,stub,234,0.07942712108640237,4.8692227967661594e-05
B,lq_emp_81,Other Services (except Public Administration) LQ,economy_all_tiers_ccr,thin,1012,0.1910955746056483,1.0773186605916862e-05
B,lq_emp_81,Other Services (except Public Administration) LQ,economy_all_tiers_ccr,mid,641,0.10974217373371631,-0.00018943335196586197
B,lq_emp_81,Other Services (except Public Administration) LQ,economy_all_tiers_ccr,rich,692,0.3026704444317322,-5.157321095405898e-06
B,lq_emp_81,Other Services (except Public Administration) LQ,prose_by_tier,stub,234,0.07942712108640237,0.0001876796611764986
B,lq_emp_81,Other Services (except Public Administration) LQ,prose_by_tier,thin,1012,0.1910955746056483,0.00019642721520696238
B,lq_emp_81,Other Services (except Public Administration) LQ,prose_by_tier,mid,641,0.10974217373371631,7.980264747964316e-05
B,lq_emp_81,Other Services (except Public Administration) LQ,prose_by_tier,rich,692,0.3026704444317322,0.00019409040588269644
B,lq_emp_81,Other Services (except Public Administration) LQ,prose_by_tier_pca64,stub,234,0.07942712108640237,0.0005268177372997895
B,lq_emp_81,Other Services (except Public Administration) LQ,prose_by_tier_pca64,thin,1012,0.1910955746056483,0.0003631230312951539
B,lq_emp_81,Other Services (except Public Administration) LQ,prose_by_tier_pca64,mid,641,0.10974217373371631,-0.00029036548886629543
B,lq_emp_81,Other Services (except Public Administration) LQ,prose_by_tier_pca64,rich,692,0.3026704444317322,0.0006807354347956318
B,lq_emp_81,Other Services (except Public Administration) LQ,prose_by_tier_l2,stub,234,0.07942712108640237,0.000610955603160046
B,lq_emp_81,Other Services (except Public Administration) LQ,prose_by_tier_l2,thin,1012,0.1910955746056483,-9.404148812297564e-05
B,lq_emp_81,Other Services (except Public Administration) LQ,prose_by_tier_l2,mid,641,0.10974217373371631,-3.0055518737914788e-05
B,lq_emp_81,Other Services (except Public Administration) LQ,prose_by_tier_l2,rich,692,0.3026704444317322,0.0005635442877445218
B,lq_emp_81,Other Services (except Public Administration) LQ,prose_by_tier_ccr,stub,234,0.07942712108640237,0.0009403250305694
B,lq_emp_81,Other Services (except Public Administration) LQ,prose_by_tier_ccr,thin,1012,0.1910955746056483,0.00023665746004553068
B,lq_emp_81,Other Services (except Public Administration) LQ,prose_by_tier_ccr,mid,641,0.10974217373371631,0.0005709335084248535
B,lq_emp_81,Other Services (except Public Administration) LQ,prose_by_tier_ccr,rich,692,0.3026704444317322,0.0006639792666002231
B,lq_emp_81,Other Services (except Public Administration) LQ,drop_stub,stub,234,0.07942712108640237,-5.7476695185298965e-05
B,lq_emp_81,Other Services (except Public Administration) LQ,drop_stub,thin,1012,0.1910955746056483,9.876225650629067e-06
B,lq_emp_81,Other Services (except Public Administration) LQ,drop_stub,mid,641,0.10974217373371631,-0.0001112481381924102
B,lq_emp_81,Other Services (except Public Administration) LQ,drop_stub,rich,692,0.3026704444317322,0.0002424993009794152
B,lq_emp_81,Other Services (except Public Administration) LQ,drop_stub_l2,stub,234,0.07942712108640237,-3.390266151936938e-05
B,lq_emp_81,Other Services (except Public Administration) LQ,drop_stub_l2,thin,1012,0.1910955746056483,3.414982307636816e-05
B,lq_emp_81,Other Services (except Public Administration) LQ,drop_stub_l2,mid,641,0.10974217373371631,-2.1563769943777622e-05
B,lq_emp_81,Other Services (except Public Administration) LQ,drop_stub_l2,rich,692,0.3026704444317322,0.0002760304609684683
B,lq_emp_81,Other Services (except Public Administration) LQ,drop_thin,stub,234,0.07942712108640237,-0.0002905087103316495
B,lq_emp_81,Other Services (except Public Administration) LQ,drop_thin,thin,1012,0.1910955746056483,0.00025845890662345994
B,lq_emp_81,Other Services (except Public Administration) LQ,drop_thin,mid,641,0.10974217373371631,1.0285419828059972e-06
B,lq_emp_81,Other Services (except Public Administration) LQ,drop_thin,rich,692,0.3026704444317322,0.0001837401238204972
B,lq_emp_81,Other Services (except Public Administration) LQ,drop_thin_l2,stub,234,0.07942712108640237,-0.0003740584788797241
B,lq_emp_81,Other Services (except Public Administration) LQ,drop_thin_l2,thin,1012,0.1910955746056483,0.0001991211563717732
B,lq_emp_81,Other Services (except Public Administration) LQ,drop_thin_l2,mid,641,0.10974217373371631,2.4598480906190545e-05
B,lq_emp_81,Other Services (except Public Administration) LQ,drop_thin_l2,rich,692,0.3026704444317322,0.00020644937084823844
B,lq_emp_81,Other Services (except Public Administration) LQ,drop_mid,stub,234,0.07942712108640237,-0.000599252214266488
B,lq_emp_81,Other Services (except Public Administration) LQ,drop_mid,thin,1012,0.1910955746056483,-0.0007902409577370539
B,lq_emp_81,Other Services (except Public Administration) LQ,drop_mid,mid,641,0.10974217373371631,-7.655672426509774e-05
B,lq_emp_81,Other Services (except Public Administration) LQ,drop_mid,rich,692,0.3026704444317322,-0.0005812693334507069
B,lq_emp_81,Other Services (except Public Administration) LQ,drop_mid_l2,stub,234,0.07942712108640237,-0.0005006231300183073
B,lq_emp_81,Other Services (except Public Administration) LQ,drop_mid_l2,thin,1012,0.1910955746056483,-0.0007472965404716758
B,lq_emp_81,Other Services (except Public Administration) LQ,drop_mid_l2,mid,641,0.10974217373371631,0.000275924351190282
B,lq_emp_81,Other Services (except Public Administration) LQ,drop_mid_l2,rich,692,0.3026704444317322,-0.00014779474600112863
B,lq_emp_81,Other Services (except Public Administration) LQ,drop_rich,stub,234,0.07942712108640237,4.969704953672327e-06
B,lq_emp_81,Other Services (except Public Administration) LQ,drop_rich,thin,1012,0.1910955746056483,8.042278297537564e-06
B,lq_emp_81,Other Services (except Public Administration) LQ,drop_rich,mid,641,0.10974217373371631,-8.02655766469762e-05
B,lq_emp_81,Other Services (except Public Administration) LQ,drop_rich,rich,692,0.3026704444317322,0.0004328366448150822
B,lq_emp_81,Other Services (except Public Administration) LQ,drop_rich_l2,stub,234,0.07942712108640237,5.889768680278351e-05
B,lq_emp_81,Other Services (except Public Administration) LQ,drop_rich_l2,thin,1012,0.1910955746056483,0.00010190495676620781
B,lq_emp_81,Other Services (except Public Administration) LQ,drop_rich_l2,mid,641,0.10974217373371631,-0.00023248191333946622
B,lq_emp_81,Other Services (except Public Administration) LQ,drop_rich_l2,rich,692,0.3026704444317322,0.0005148908294303478
B,lq_emp_81,Other Services (except Public Administration) LQ,typed_sections,stub,234,0.07942712108640237,1.6719600009595936e-05
B,lq_emp_81,Other Services (except Public Administration) LQ,typed_sections,thin,1012,0.1910955746056483,8.8804354461125e-06
B,lq_emp_81,Other Services (except Public Administration) LQ,typed_sections,mid,641,0.10974217373371631,-5.404513230500285e-06
B,lq_emp_81,Other Services (except Public Administration) LQ,typed_sections,rich,692,0.3026704444317322,9.282634004459389e-06
B,lq_emp_99,Unclassified LQ,lead_only,thin,383,0.3666263176314212,-4.659470334578142e-05
B,lq_emp_99,Unclassified LQ,lead_only,mid,262,0.5195351958336328,4.8197440125408164e-05
B,lq_emp_99,Unclassified LQ,lead_only,rich,346,0.5708515329550672,5.9752481027630644e-05
B,lq_emp_99,Unclassified LQ,lead_only_pca64,thin,383,0.3666263176314212,-4.4022241976193754e-06
B,lq_emp_99,Unclassified LQ,lead_only_pca64,mid,262,0.5195351958336328,8.211114400114017e-05
B,lq_emp_99,Unclassified LQ,lead_only_pca64,rich,346,0.5708515329550672,8.147874915764852e-05
B,lq_emp_99,Unclassified LQ,lead_only_l2,thin,383,0.3666263176314212,-4.469355767899863e-05
B,lq_emp_99,Unclassified LQ,lead_only_l2,mid,262,0.5195351958336328,5.0691313905892876e-05
B,lq_emp_99,Unclassified LQ,lead_only_l2,rich,346,0.5708515329550672,9.69225852072153e-05
B,lq_emp_99,Unclassified LQ,lead_only_ccr,thin,383,0.3666263176314212,-4.412473966175501e-05
B,lq_emp_99,Unclassified LQ,lead_only_ccr,mid,262,0.5195351958336328,4.6041094389326354e-05
B,lq_emp_99,Unclassified LQ,lead_only_ccr,rich,346,0.5708515329550672,8.666068552087847e-05
B,lq_emp_99,Unclassified LQ,uniform,thin,383,0.3666263176314212,-0.0016506409499412733
B,lq_emp_99,Unclassified LQ,uniform,mid,262,0.5195351958336328,0.002369294480303874
B,lq_emp_99,Unclassified LQ,uniform,rich,346,0.5708515329550672,0.0072651261800023015
B,lq_emp_99,Unclassified LQ,uniform_pca64,thin,383,0.3666263176314212,-0.0010723520971188671
B,lq_emp_99,Unclassified LQ,uniform_pca64,mid,262,0.5195351958336328,0.0032522217110406704
B,lq_emp_99,Unclassified LQ,uniform_pca64,rich,346,0.5708515329550672,0.0044487014715617335
B,lq_emp_99,Unclassified LQ,uniform_l2,thin,383,0.3666263176314212,0.000927796674282555
B,lq_emp_99,Unclassified LQ,uniform_l2,mid,262,0.5195351958336328,0.0007078531960699186
B,lq_emp_99,Unclassified LQ,uniform_l2,rich,346,0.5708515329550672,0.009122779046509821
B,lq_emp_99,Unclassified LQ,uniform_ccr,thin,383,0.3666263176314212,0.0025644018651749256
B,lq_emp_99,Unclassified LQ,uniform_ccr,mid,262,0.5195351958336328,0.005376940985010736
B,lq_emp_99,Unclassified LQ,uniform_ccr,rich,346,0.5708515329550672,0.005460983808521114
B,lq_emp_99,Unclassified LQ,tier_conditional,thin,383,0.3666263176314212,0.0004111458231148557
B,lq_emp_99,Unclassified LQ,tier_conditional,mid,262,0.5195351958336328,-0.0009966154327032406
B,lq_emp_99,Unclassified LQ,tier_conditional,rich,346,0.5708515329550672,0.0008527023730211525
B,lq_emp_99,Unclassified LQ,tier_conditional_pca64,thin,383,0.3666263176314212,0.0004621531128594647
B,lq_emp_99,Unclassified LQ,tier_conditional_pca64,mid,262,0.5195351958336328,-0.0008974042606547661
B,lq_emp_99,Unclassified LQ,tier_conditional_pca64,rich,346,0.5708515329550672,0.0008129278142343654
B,lq_emp_99,Unclassified LQ,tier_conditional_l2,thin,383,0.3666263176314212,0.00037212664408825535
B,lq_emp_99,Unclassified LQ,tier_conditional_l2,mid,262,0.5195351958336328,-0.0010065570776262023
B,lq_emp_99,Unclassified LQ,tier_conditional_l2,rich,346,0.5708515329550672,0.0008687859765721395
B,lq_emp_99,Unclassified LQ,tier_conditional_ccr,thin,383,0.3666263176314212,0.00011731190880848175
B,lq_emp_99,Unclassified LQ,tier_conditional_ccr,mid,262,0.5195351958336328,-0.0006313243406260716
B,lq_emp_99,Unclassified LQ,tier_conditional_ccr,rich,346,0.5708515329550672,0.0005924864368751503
B,lq_emp_99,Unclassified LQ,tier_conditional_inverse,thin,383,0.3666263176314212,-2.322213141503493e-05
B,lq_emp_99,Unclassified LQ,tier_conditional_inverse,mid,262,0.5195351958336328,9.800988660069176e-05
B,lq_emp_99,Unclassified LQ,tier_conditional_inverse,rich,346,0.5708515329550672,8.947697994154957e-05
B,lq_emp_99,Unclassified LQ,tier_conditional_inverse_pca64,thin,383,0.3666263176314212,-9.866476815556524e-07
B,lq_emp_99,Unclassified LQ,tier_conditional_inverse_pca64,mid,262,0.5195351958336328,0.00010732324819928696
B,lq_emp_99,Unclassified LQ,tier_conditional_inverse_pca64,rich,346,0.5708515329550672,8.900582470949825e-05
B,lq_emp_99,Unclassified LQ,tier_conditional_inverse_l2,thin,383,0.3666263176314212,8.514469315712425e-06
B,lq_emp_99,Unclassified LQ,tier_conditional_inverse_l2,mid,262,0.5195351958336328,0.00011411375711134486
B,lq_emp_99,Unclassified LQ,tier_conditional_inverse_l2,rich,346,0.5708515329550672,0.0001423552390916738
B,lq_emp_99,Unclassified LQ,tier_conditional_inverse_ccr,thin,383,0.3666263176314212,0.0002405679138712813
B,lq_emp_99,Unclassified LQ,tier_conditional_inverse_ccr,mid,262,0.5195351958336328,0.0006910665945797367
B,lq_emp_99,Unclassified LQ,tier_conditional_inverse_ccr,rich,346,0.5708515329550672,0.0007606333259257969
B,lq_emp_99,Unclassified LQ,prose_only,thin,383,0.3666263176314212,0.00025614890466896245
B,lq_emp_99,Unclassified LQ,prose_only,mid,262,0.5195351958336328,0.0015957271564016606
B,lq_emp_99,Unclassified LQ,prose_only,rich,346,0.5708515329550672,0.0009439004000375562
B,lq_emp_99,Unclassified LQ,prose_only_pca64,thin,383,0.3666263176314212,0.0003431532663720205
B,lq_emp_99,Unclassified LQ,prose_only_pca64,mid,262,0.5195351958336328,0.0016077003498201625
B,lq_emp_99,Unclassified LQ,prose_only_pca64,rich,346,0.5708515329550672,0.0009892194102520957
B,lq_emp_99,Unclassified LQ,prose_only_l2,thin,383,0.3666263176314212,0.0007763795567293785
B,lq_emp_99,Unclassified LQ,prose_only_l2,mid,262,0.5195351958336328,0.0009568935293667868
B,lq_emp_99,Unclassified LQ,prose_only_l2,rich,346,0.5708515329550672,0.0025513525892570943
B,lq_emp_99,Unclassified LQ,prose_only_ccr,thin,383,0.3666263176314212,0.002805426386166543
B,lq_emp_99,Unclassified LQ,prose_only_ccr,mid,262,0.5195351958336328,0.0030533130701925204
B,lq_emp_99,Unclassified LQ,prose_only_ccr,rich,346,0.5708515329550672,0.005768508788418059
B,lq_emp_99,Unclassified LQ,prose_plus_history,thin,383,0.3666263176314212,0.000327835989933134
B,lq_emp_99,Unclassified LQ,prose_plus_history,mid,262,0.5195351958336328,0.0005336518032942328
B,lq_emp_99,Unclassified LQ,prose_plus_history,rich,346,0.5708515329550672,0.0012387765676775686
B,lq_emp_99,Unclassified LQ,prose_plus_history_pca64,thin,383,0.3666263176314212,8.784449029830554e-05
B,lq_emp_99,Unclassified LQ,prose_plus_history_pca64,mid,262,0.5195351958336328,0.003027108435164405
B,lq_emp_99,Unclassified LQ,prose_plus_history_pca64,rich,346,0.5708515329550672,0.004311383467462626
B,lq_emp_99,Unclassified LQ,prose_plus_history_l2,thin,383,0.3666263176314212,0.00016563236064792708
B,lq_emp_99,Unclassified LQ,prose_plus_history_l2,mid,262,0.5195351958336328,0.0012935592489095038
B,lq_emp_99,Unclassified LQ,prose_plus_history_l2,rich,346,0.5708515329550672,0.0016850499933294127
B,lq_emp_99,Unclassified LQ,prose_plus_history_ccr,thin,383,0.3666263176314212,0.00020727112101814882
B,lq_emp_99,Unclassified LQ,prose_plus_history_ccr,mid,262,0.5195351958336328,0.0015695292655318882
B,lq_emp_99,Unclassified LQ,prose_plus_history_ccr,rich,346,0.5708515329550672,0.001849409289424786
B,lq_emp_99,Unclassified LQ,economy_all_tiers,thin,383,0.3666263176314212,6.967940942126383e-06
B,lq_emp_99,Unclassified LQ,economy_all_tiers,mid,262,0.5195351958336328,8.36146346766542e-05
B,lq_emp_99,Unclassified LQ,economy_all_tiers,rich,346,0.5708515329550672,4.175546714935141e-05
B,lq_emp_99,Unclassified LQ,economy_all_tiers_pca64,thin,383,0.3666263176314212,3.703764901308304e-05
B,lq_emp_99,Unclassified LQ,economy_all_tiers_pca64,mid,262,0.5195351958336328,7.385066669696183e-05
B,lq_emp_99,Unclassified LQ,economy_all_tiers_pca64,rich,346,0.5708515329550672,5.913322105088881e-05
B,lq_emp_99,Unclassified LQ,economy_all_tiers_l2,thin,383,0.3666263176314212,1.8651689237314528e-05
B,lq_emp_99,Unclassified LQ,economy_all_tiers_l2,mid,262,0.5195351958336328,9.465470649894225e-05
B,lq_emp_99,Unclassified LQ,economy_all_tiers_l2,rich,346,0.5708515329550672,7.644334786638396e-05
B,lq_emp_99,Unclassified LQ,economy_all_tiers_ccr,thin,383,0.3666263176314212,2.0509655795919457e-05
B,lq_emp_99,Unclassified LQ,economy_all_tiers_ccr,mid,262,0.5195351958336328,0.000104819877841833
B,lq_emp_99,Unclassified LQ,economy_all_tiers_ccr,rich,346,0.5708515329550672,7.345428170291157e-05
B,lq_emp_99,Unclassified LQ,prose_by_tier,thin,383,0.3666263176314212,-9.536696152112611e-06
B,lq_emp_99,Unclassified LQ,prose_by_tier,mid,262,0.5195351958336328,0.00014682807579502466
B,lq_emp_99,Unclassified LQ,prose_by_tier,rich,346,0.5708515329550672,8.454147425041025e-05
B,lq_emp_99,Unclassified LQ,prose_by_tier_pca64,thin,383,0.3666263176314212,-0.0002498944157247607
B,lq_emp_99,Unclassified LQ,prose_by_tier_pca64,mid,262,0.5195351958336328,0.000474663242811979
B,lq_emp_99,Unclassified LQ,prose_by_tier_pca64,rich,346,0.5708515329550672,0.00020457983291399806
B,lq_emp_99,Unclassified LQ,prose_by_tier_l2,thin,383,0.3666263176314212,0.0005343556384763692
B,lq_emp_99,Unclassified LQ,prose_by_tier_l2,mid,262,0.5195351958336328,-0.00015875734641446204
B,lq_emp_99,Unclassified LQ,prose_by_tier_l2,rich,346,0.5708515329550672,0.0008062865610185543
B,lq_emp_99,Unclassified LQ,prose_by_tier_ccr,thin,383,0.3666263176314212,0.00058571430491694
B,lq_emp_99,Unclassified LQ,prose_by_tier_ccr,mid,262,0.5195351958336328,0.0010059132203085186
B,lq_emp_99,Unclassified LQ,prose_by_tier_ccr,rich,346,0.5708515329550672,0.00157615867500982
B,lq_emp_99,Unclassified LQ,drop_stub,thin,383,0.3666263176314212,0.000539943009071675
B,lq_emp_99,Unclassified LQ,drop_stub,mid,262,0.5195351958336328,0.0023373551026371064
B,lq_emp_99,Unclassified LQ,drop_stub,rich,346,0.5708515329550672,0.0013373459744416838
B,lq_emp_99,Unclassified LQ,drop_stub_l2,thin,383,0.3666263176314212,0.0006293509123325158
B,lq_emp_99,Unclassified LQ,drop_stub_l2,mid,262,0.5195351958336328,0.0023568240199484114
B,lq_emp_99,Unclassified LQ,drop_stub_l2,rich,346,0.5708515329550672,0.001703778770036135
B,lq_emp_99,Unclassified LQ,drop_thin,thin,383,0.3666263176314212,-0.00014644455814671886
B,lq_emp_99,Unclassified LQ,drop_thin,mid,262,0.5195351958336328,4.893185008592038e-05
B,lq_emp_99,Unclassified LQ,drop_thin,rich,346,0.5708515329550672,0.0001203075977215251
B,lq_emp_99,Unclassified LQ,drop_thin_l2,thin,383,0.3666263176314212,1.80819400926735e-05
B,lq_emp_99,Unclassified LQ,drop_thin_l2,mid,262,0.5195351958336328,-0.00011912864294028047
B,lq_emp_99,Unclassified LQ,drop_thin_l2,rich,346,0.5708515329550672,0.0007787385821853565
B,lq_emp_99,Unclassified LQ,drop_mid,thin,383,0.3666263176314212,0.000152959770852501
B,lq_emp_99,Unclassified LQ,drop_mid,mid,262,0.5195351958336328,-0.0010780522556500527
B,lq_emp_99,Unclassified LQ,drop_mid,rich,346,0.5708515329550672,0.0005903767631847412
B,lq_emp_99,Unclassified LQ,drop_mid_l2,thin,383,0.3666263176314212,0.0017485557058746215
B,lq_emp_99,Unclassified LQ,drop_mid_l2,mid,262,0.5195351958336328,-0.006733679607980103
B,lq_emp_99,Unclassified LQ,drop_mid_l2,rich,346,0.5708515329550672,0.0038142845034412343
B,lq_emp_99,Unclassified LQ,drop_rich,thin,383,0.3666263176314212,0.00017134184290179544
B,lq_emp_99,Unclassified LQ,drop_rich,mid,262,0.5195351958336328,0.0008811592024117187
B,lq_emp_99,Unclassified LQ,drop_rich,rich,346,0.5708515329550672,0.0009680419756588066
B,lq_emp_99,Unclassified LQ,drop_rich_l2,thin,383,0.3666263176314212,4.493602934341201e-05
B,lq_emp_99,Unclassified LQ,drop_rich_l2,mid,262,0.5195351958336328,0.0013275100533349793
B,lq_emp_99,Unclassified LQ,drop_rich_l2,rich,346,0.5708515329550672,0.0010240976842572636
B,lq_emp_99,Unclassified LQ,typed_sections,thin,383,0.3666263176314212,0.0005237082537780102
B,lq_emp_99,Unclassified LQ,typed_sections,mid,262,0.5195351958336328,0.001888806559758316
B,lq_emp_99,Unclassified LQ,typed_sections,rich,346,0.5708515329550672,0.001464389630539964
C,unemployment_velocity,unemployment velocity,lead_only,stub,294,0.5603884752096708,0.00107268167145802
C,unemployment_velocity,unemployment velocity,lead_only,thin,1274,0.5777406767136347,-0.00043768290764323314
C,unemployment_velocity,unemployment velocity,lead_only,mid,788,0.5367838123073316,7.819261979435943e-05
C,unemployment_velocity,unemployment velocity,lead_only,rich,787,0.5022831360424971,-0.00038941066922582035
C,unemployment_velocity,unemployment velocity,lead_only_pca64,stub,294,0.5603884752096708,0.001315077906395512
C,unemployment_velocity,unemployment velocity,lead_only_pca64,thin,1274,0.5777406767136347,-0.0004530217587562779
C,unemployment_velocity,unemployment velocity,lead_only_pca64,mid,788,0.5367838123073316,-0.00011058052662304974
C,unemployment_velocity,unemployment velocity,lead_only_pca64,rich,787,0.5022831360424971,-0.000633085459297078
C,unemployment_velocity,unemployment velocity,lead_only_l2,stub,294,0.5603884752096708,0.0010573519514083252
C,unemployment_velocity,unemployment velocity,lead_only_l2,thin,1274,0.5777406767136347,-0.00045907663635857965
C,unemployment_velocity,unemployment velocity,lead_only_l2,mid,788,0.5367838123073316,0.00010289683621866885
C,unemployment_velocity,unemployment velocity,lead_only_l2,rich,787,0.5022831360424971,-0.00038063644468666613
C,unemployment_velocity,unemployment velocity,lead_only_ccr,stub,294,0.5603884752096708,0.0009418871507305138
C,unemployment_velocity,unemployment velocity,lead_only_ccr,thin,1274,0.5777406767136347,-0.0004686574718715253
C,unemployment_velocity,unemployment velocity,lead_only_ccr,mid,788,0.5367838123073316,-1.780770259474096e-06
C,unemployment_velocity,unemployment velocity,lead_only_ccr,rich,787,0.5022831360424971,-0.00036992638186972293
C,unemployment_velocity,unemployment velocity,uniform,stub,294,0.5603884752096708,0.00011365104583949126
C,unemployment_velocity,unemployment velocity,uniform,thin,1274,0.5777406767136347,-0.00014600156099353612
C,unemployment_velocity,unemployment velocity,uniform,mid,788,0.5367838123073316,0.00018983260349436648
C,unemployment_velocity,unemployment velocity,uniform,rich,787,0.5022831360424971,5.729421988154293e-05
C,unemployment_velocity,unemployment velocity,uniform_pca64,stub,294,0.5603884752096708,0.00014729984375616567
C,unemployment_velocity,unemployment velocity,uniform_pca64,thin,1274,0.5777406767136347,-0.00015182238149724636
C,unemployment_velocity,unemployment velocity,uniform_pca64,mid,788,0.5367838123073316,0.00020082423210698863
C,unemployment_velocity,unemployment velocity,uniform_pca64,rich,787,0.5022831360424971,4.133086093105476e-05
C,unemployment_velocity,unemployment velocity,uniform_l2,stub,294,0.5603884752096708,0.00011776426444831678
C,unemployment_velocity,unemployment velocity,uniform_l2,thin,1274,0.5777406767136347,-0.0005848550071124725
C,unemployment_velocity,unemployment velocity,uniform_l2,mid,788,0.5367838123073316,0.0009138807854425224
C,unemployment_velocity,unemployment velocity,uniform_l2,rich,787,0.5022831360424971,-2.6843844705970454e-05
C,unemployment_velocity,unemployment velocity,uniform_ccr,stub,294,0.5603884752096708,9.965031672487523e-05
C,unemployment_velocity,unemployment velocity,uniform_ccr,thin,1274,0.5777406767136347,-0.0005157413744510952
C,unemployment_velocity,unemployment velocity,uniform_ccr,mid,788,0.5367838123073316,0.0005442829174131525
C,unemployment_velocity,unemployment velocity,uniform_ccr,rich,787,0.5022831360424971,-0.00033242240536579537
C,unemployment_velocity,unemployment velocity,tier_conditional,stub,294,0.5603884752096708,0.00015027426490776818
C,unemployment_velocity,unemployment velocity,tier_conditional,thin,1274,0.5777406767136347,-0.00021516266555299257
C,unemployment_velocity,unemployment velocity,tier_conditional,mid,788,0.5367838123073316,6.633016014623294e-05
C,unemployment_velocity,unemployment velocity,tier_conditional,rich,787,0.5022831360424971,-0.0005508324550576038
C,unemployment_velocity,unemployment velocity,tier_conditional_pca64,stub,294,0.5603884752096708,-1.77300199146746e-05
C,unemployment_velocity,unemployment velocity,tier_conditional_pca64,thin,1274,0.5777406767136347,-4.7275343171615525e-05
C,unemployment_velocity,unemployment velocity,tier_conditional_pca64,mid,788,0.5367838123073316,-3.1394023505604274e-05
C,unemployment_velocity,unemployment velocity,tier_conditional_pca64,rich,787,0.5022831360424971,-0.00019336698733907198
C,unemployment_velocity,unemployment velocity,tier_conditional_l2,stub,294,0.5603884752096708,0.000192917381985791
C,unemployment_velocity,unemployment velocity,tier_conditional_l2,thin,1274,0.5777406767136347,-0.00025551361164566355
C,unemployment_velocity,unemployment velocity,tier_conditional_l2,mid,788,0.5367838123073316,4.217959309493757e-05
C,unemployment_velocity,unemployment velocity,tier_conditional_l2,rich,787,0.5022831360424971,-0.0005100449843000732
C,unemployment_velocity,unemployment velocity,tier_conditional_ccr,stub,294,0.5603884752096708,5.554620274705879e-05
C,unemployment_velocity,unemployment velocity,tier_conditional_ccr,thin,1274,0.5777406767136347,-0.00040398828460130876
C,unemployment_velocity,unemployment velocity,tier_conditional_ccr,mid,788,0.5367838123073316,2.5196469629951146e-05
C,unemployment_velocity,unemployment velocity,tier_conditional_ccr,rich,787,0.5022831360424971,-0.0007063523795745041
C,unemployment_velocity,unemployment velocity,tier_conditional_inverse,stub,294,0.5603884752096708,0.0011275322835996304
C,unemployment_velocity,unemployment velocity,tier_conditional_inverse,thin,1274,0.5777406767136347,-0.0002448954680386306
C,unemployment_velocity,unemployment velocity,tier_conditional_inverse,mid,788,0.5367838123073316,-4.9157941095723245e-05
C,unemployment_velocity,unemployment velocity,tier_conditional_inverse,rich,787,0.5022831360424971,-0.00023630969621546427
C,unemployment_velocity,unemployment velocity,tier_conditional_inverse_pca64,stub,294,0.5603884752096708,0.0015176006925279317
C,unemployment_velocity,unemployment velocity,tier_conditional_inverse_pca64,thin,1274,0.5777406767136347,-0.00020950198325553337
C,unemployment_velocity,unemployment velocity,tier_conditional_inverse_pca64,mid,788,0.5367838123073316,-0.00019285908394595097
C,unemployment_velocity,unemployment velocity,tier_conditional_inverse_pca64,rich,787,0.5022831360424971,-0.00030910066091571764
C,unemployment_velocity,unemployment velocity,tier_conditional_inverse_l2,stub,294,0.5603884752096708,0.000683108183638037
C,unemployment_velocity,unemployment velocity,tier_conditional_inverse_l2,thin,1274,0.5777406767136347,-0.0005187329307222432
C,unemployment_velocity,unemployment velocity,tier_conditional_inverse_l2,mid,788,0.5367838123073316,-0.0005431786582810183
C,unemployment_velocity,unemployment velocity,tier_conditional_inverse_l2,rich,787,0.5022831360424971,-0.000576271879149659
C,unemployment_velocity,unemployment velocity,tier_conditional_inverse_ccr,stub,294,0.5603884752096708,0.0002648239179434686
C,unemployment_velocity,unemployment velocity,tier_conditional_inverse_ccr,thin,1274,0.5777406767136347,-0.0003604860898508422
C,unemployment_velocity,unemployment velocity,tier_conditional_inverse_ccr,mid,788,0.5367838123073316,-0.0003553835497495106
C,unemployment_velocity,unemployment velocity,tier_conditional_inverse_ccr,rich,787,0.5022831360424971,-0.0009017388294744189
C,unemployment_velocity,unemployment velocity,prose_only,stub,294,0.5603884752096708,0.0007563661921425879
C,unemployment_velocity,unemployment velocity,prose_only,thin,1274,0.5777406767136347,-0.00023116440697401597
C,unemployment_velocity,unemployment velocity,prose_only,mid,788,0.5367838123073316,9.007695105922586e-05
C,unemployment_velocity,unemployment velocity,prose_only,rich,787,0.5022831360424971,0.0003274370903363355
C,unemployment_velocity,unemployment velocity,prose_only_pca64,stub,294,0.5603884752096708,0.0008948370250543292
C,unemployment_velocity,unemployment velocity,prose_only_pca64,thin,1274,0.5777406767136347,-0.0002952165207995572
C,unemployment_velocity,unemployment velocity,prose_only_pca64,mid,788,0.5367838123073316,0.0003698070470679049
C,unemployment_velocity,unemployment velocity,prose_only_pca64,rich,787,0.5022831360424971,0.0002910674403753255
C,unemployment_velocity,unemployment velocity,prose_only_l2,stub,294,0.5603884752096708,0.0018688443898426943
C,unemployment_velocity,unemployment velocity,prose_only_l2,thin,1274,0.5777406767136347,-7.953941670679754e-05
C,unemployment_velocity,unemployment velocity,prose_only_l2,mid,788,0.5367838123073316,0.0004184858015903181
C,unemployment_velocity,unemployment velocity,prose_only_l2,rich,787,0.5022831360424971,0.0005874229753493054
C,unemployment_velocity,unemployment velocity,prose_only_ccr,stub,294,0.5603884752096708,0.001209600135124722
C,unemployment_velocity,unemployment velocity,prose_only_ccr,thin,1274,0.5777406767136347,-0.0003341350118304387
C,unemployment_velocity,unemployment velocity,prose_only_ccr,mid,788,0.5367838123073316,0.000352307371156213
C,unemployment_velocity,unemployment velocity,prose_only_ccr,rich,787,0.5022831360424971,0.00031431254983771417
C,unemployment_velocity,unemployment velocity,prose_plus_history,stub,294,0.5603884752096708,0.002367676923289208
C,unemployment_velocity,unemployment velocity,prose_plus_history,thin,1274,0.5777406767136347,-3.2401061268449993e-06
C,unemployment_velocity,unemployment velocity,prose_plus_history,mid,788,0.5367838123073316,0.0008161791940870522
C,unemployment_velocity,unemployment velocity,prose_plus_history,rich,787,0.5022831360424971,0.0008474968877552058
C,unemployment_velocity,unemployment velocity,prose_plus_history_pca64,stub,294,0.5603884752096708,0.0023959788249112712
C,unemployment_velocity,unemployment velocity,prose_plus_history_pca64,thin,1274,0.5777406767136347,-0.00031339887050640947
C,unemployment_velocity,unemployment velocity,prose_plus_history_pca64,mid,788,0.5367838123073316,0.0007437732558006616
C,unemployment_velocity,unemployment velocity,prose_plus_history_pca64,rich,787,0.5022831360424971,0.0005933682397636364
C,unemployment_velocity,unemployment velocity,prose_plus_history_l2,stub,294,0.5603884752096708,0.0023028336100203717
C,unemployment_velocity,unemployment velocity,prose_plus_history_l2,thin,1274,0.5777406767136347,0.00012216738075954137
C,unemployment_velocity,unemployment velocity,prose_plus_history_l2,mid,788,0.5367838123073316,0.00097669489981822
C,unemployment_velocity,unemployment velocity,prose_plus_history_l2,rich,787,0.5022831360424971,0.0013521464352028723
C,unemployment_velocity,unemployment velocity,prose_plus_history_ccr,stub,294,0.5603884752096708,0.001953992224955625
C,unemployment_velocity,unemployment velocity,prose_plus_history_ccr,thin,1274,0.5777406767136347,5.2589001136693625e-05
C,unemployment_velocity,unemployment velocity,prose_plus_history_ccr,mid,788,0.5367838123073316,0.0007155515394746681
C,unemployment_velocity,unemployment velocity,prose_plus_history_ccr,rich,787,0.5022831360424971,0.0010096098741274595
C,unemployment_velocity,unemployment velocity,economy_all_tiers,stub,294,0.5603884752096708,0.0005832389720915598
C,unemployment_velocity,unemployment velocity,economy_all_tiers,thin,1274,0.5777406767136347,-0.0004732975775690873
C,unemployment_velocity,unemployment velocity,economy_all_tiers,mid,788,0.5367838123073316,-0.00030889700307223933
C,unemployment_velocity,unemployment velocity,economy_all_tiers,rich,787,0.5022831360424971,-0.00034371251677534076
C,unemployment_velocity,unemployment velocity,economy_all_tiers_pca64,stub,294,0.5603884752096708,0.0008617750409558589
C,unemployment_velocity,unemployment velocity,economy_all_tiers_pca64,thin,1274,0.5777406767136347,-0.0004358734052470892
C,unemployment_velocity,unemployment velocity,economy_all_tiers_pca64,mid,788,0.5367838123073316,-0.0003414372004648669
C,unemployment_velocity,unemployment velocity,economy_all_tiers_pca64,rich,787,0.5022831360424971,-0.0007579582975557608
C,unemployment_velocity,unemployment velocity,economy_all_tiers_l2,stub,294,0.5603884752096708,0.0006441193270934065
C,unemployment_velocity,unemployment velocity,economy_all_tiers_l2,thin,1274,0.5777406767136347,-0.0004732662401315535
C,unemployment_velocity,unemployment velocity,economy_all_tiers_l2,mid,788,0.5367838123073316,-0.00030112611022670155
C,unemployment_velocity,unemployment velocity,economy_all_tiers_l2,rich,787,0.5022831360424971,-0.0002385724100872899
C,unemployment_velocity,unemployment velocity,economy_all_tiers_ccr,stub,294,0.5603884752096708,0.000508467153816694
C,unemployment_velocity,unemployment velocity,economy_all_tiers_ccr,thin,1274,0.5777406767136347,-0.0004978277725434799
C,unemployment_velocity,unemployment velocity,economy_all_tiers_ccr,mid,788,0.5367838123073316,-0.00034659974862361054
C,unemployment_velocity,unemployment velocity,economy_all_tiers_ccr,rich,787,0.5022831360424971,-0.0002961904189242581
C,unemployment_velocity,unemployment velocity,prose_by_tier,stub,294,0.5603884752096708,0.0011067245356264355
C,unemployment_velocity,unemployment velocity,prose_by_tier,thin,1274,0.5777406767136347,-0.00047759992542506513
C,unemployment_velocity,unemployment velocity,prose_by_tier,mid,788,0.5367838123073316,6.179434142539186e-05
C,unemployment_velocity,unemployment velocity,prose_by_tier,rich,787,0.5022831360424971,-0.0003036438268719799
C,unemployment_velocity,unemployment velocity,prose_by_tier_pca64,stub,294,0.5603884752096708,0.0011700684780878712
C,unemployment_velocity,unemployment velocity,prose_by_tier_pca64,thin,1274,0.5777406767136347,-0.00019710791835314545
C,unemployment_velocity,unemployment velocity,prose_by_tier_pca64,mid,788,0.5367838123073316,3.544433422175697e-05
C,unemployment_velocity,unemployment velocity,prose_by_tier_pca64,rich,787,0.5022831360424971,-0.0005808750918501193
C,unemployment_velocity,unemployment velocity,prose_by_tier_l2,stub,294,0.5603884752096708,0.0008326967756373538
C,unemployment_velocity,unemployment velocity,prose_by_tier_l2,thin,1274,0.5777406767136347,-0.00037128202207870054
C,unemployment_velocity,unemployment velocity,prose_by_tier_l2,mid,788,0.5367838123073316,0.0001277308507965369
C,unemployment_velocity,unemployment velocity,prose_by_tier_l2,rich,787,0.5022831360424971,-0.00023050499655130618
C,unemployment_velocity,unemployment velocity,prose_by_tier_ccr,stub,294,0.5603884752096708,0.0006121756207655427
C,unemployment_velocity,unemployment velocity,prose_by_tier_ccr,thin,1274,0.5777406767136347,-0.0005448831550424194
C,unemployment_velocity,unemployment velocity,prose_by_tier_ccr,mid,788,0.5367838123073316,6.956964467608184e-05
C,unemployment_velocity,unemployment velocity,prose_by_tier_ccr,rich,787,0.5022831360424971,-0.00023429312696854332
C,unemployment_velocity,unemployment velocity,drop_stub,stub,294,0.5603884752096708,0.00156042705924464
C,unemployment_velocity,unemployment velocity,drop_stub,thin,1274,0.5777406767136347,-0.0032305671894637955
C,unemployment_velocity,unemployment velocity,drop_stub,mid,788,0.5367838123073316,-0.0006384659927560765
C,unemployment_velocity,unemployment velocity,drop_stub,rich,787,0.5022831360424971,0.0019441321950740553
C,unemployment_velocity,unemployment velocity,drop_stub_l2,stub,294,0.5603884752096708,0.001795144764205947
C,unemployment_velocity,unemployment velocity,drop_stub_l2,thin,1274,0.5777406767136347,-0.002894099369032732
C,unemployment_velocity,unemployment velocity,drop_stub_l2,mid,788,0.5367838123073316,-0.0003456288808256769
C,unemployment_velocity,unemployment velocity,drop_stub_l2,rich,787,0.5022831360424971,-0.00012390594140176958
C,unemployment_velocity,unemployment velocity,drop_thin,stub,294,0.5603884752096708,-4.4377289779795603e-05
C,unemployment_velocity,unemployment velocity,drop_thin,thin,1274,0.5777406767136347,-0.00039534329446522243
C,unemployment_velocity,unemployment velocity,drop_thin,mid,788,0.5367838123073316,7.162065082533253e-05
C,unemployment_velocity,unemployment velocity,drop_thin,rich,787,0.5022831360424971,-0.0002654230344810715
C,unemployment_velocity,unemployment velocity,drop_thin_l2,stub,294,0.5603884752096708,0.0004049381466257884
C,unemployment_velocity,unemployment velocity,drop_thin_l2,thin,1274,0.5777406767136347,-0.0003188261188525887
C,unemployment_velocity,unemployment velocity,drop_thin_l2,mid,788,0.5367838123073316,0.0008439829247670616
C,unemployment_velocity,unemployment velocity,drop_thin_l2,rich,787,0.5022831360424971,0.00013864613627168065
C,unemployment_velocity,unemployment velocity,drop_mid,stub,294,0.5603884752096708,5.697954430794461e-05
C,unemployment_velocity,unemployment velocity,drop_mid,thin,1274,0.5777406767136347,-5.0148401078975446e-05
C,unemployment_velocity,unemployment velocity,drop_mid,mid,788,0.5367838123073316,1.9694055200636384e-05
C,unemployment_velocity,unemployment velocity,drop_mid,rich,787,0.5022831360424971,-5.294022616730842e-06
C,unemployment_velocity,unemployment velocity,drop_mid_l2,stub,294,0.5603884752096708,7.36897565747352e-05
C,unemployment_velocity,unemployment velocity,drop_mid_l2,thin,1274,0.5777406767136347,-5.1459268780251755e-05
C,unemployment_velocity,unemployment velocity,drop_mid_l2,mid,788,0.5367838123073316,2.4143592407099845e-05
C,unemployment_velocity,unemployment velocity,drop_mid_l2,rich,787,0.5022831360424971,3.8895976880892746e-05
C,unemployment_velocity,unemployment velocity,drop_rich,stub,294,0.5603884752096708,0.00018471294214195133
C,unemployment_velocity,unemployment velocity,drop_rich,thin,1274,0.5777406767136347,-0.0003095201216437582
C,unemployment_velocity,unemployment velocity,drop_rich,mid,788,0.5367838123073316,0.00027296199608839444
C,unemployment_velocity,unemployment velocity,drop_rich,rich,787,0.5022831360424971,-0.0007194563119727881
C,unemployment_velocity,unemployment velocity,drop_rich_l2,stub,294,0.5603884752096708,0.00045115004051821117
C,unemployment_velocity,unemployment velocity,drop_rich_l2,thin,1274,0.5777406767136347,-0.00048516215830740617
C,unemployment_velocity,unemployment velocity,drop_rich_l2,mid,788,0.5367838123073316,0.0005134486975373331
C,unemployment_velocity,unemployment velocity,drop_rich_l2,rich,787,0.5022831360424971,-0.00041683698735084374
C,unemployment_velocity,unemployment velocity,typed_sections,stub,294,0.5603884752096708,-0.00042120130097544894
C,unemployment_velocity,unemployment velocity,typed_sections,thin,1274,0.5777406767136347,3.0295393888990496e-05
C,unemployment_velocity,unemployment velocity,typed_sections,mid,788,0.5367838123073316,1.3180108815902258e-05
C,unemployment_velocity,unemployment velocity,typed_sections,rich,787,0.5022831360424971,-0.00014314854569019708
C,unemployment_rate_latest,unemployment rate (level),lead_only,stub,294,0.4944767559900195,0.0074830477550829055
C,unemployment_rate_latest,unemployment rate (level),lead_only,thin,1274,0.5533811408268019,0.003514937031420251
C,unemployment_rate_latest,unemployment rate (level),lead_only,mid,788,0.4584200441632329,0.0013818066717393718
C,unemployment_rate_latest,unemployment rate (level),lead_only,rich,787,0.46731080812877723,0.01572907727679862
C,unemployment_rate_latest,unemployment rate (level),lead_only_pca64,stub,294,0.4944767559900195,0.0027939938917701523
C,unemployment_rate_latest,unemployment rate (level),lead_only_pca64,thin,1274,0.5533811408268019,0.0019026852943476724
C,unemployment_rate_latest,unemployment rate (level),lead_only_pca64,mid,788,0.4584200441632329,0.0015457618511786064
C,unemployment_rate_latest,unemployment rate (level),lead_only_pca64,rich,787,0.46731080812877723,0.005806253748037227
C,unemployment_rate_latest,unemployment rate (level),lead_only_l2,stub,294,0.4944767559900195,0.0077199849835337675
C,unemployment_rate_latest,unemployment rate (level),lead_only_l2,thin,1274,0.5533811408268019,0.0032807006412503004
C,unemployment_rate_latest,unemployment rate (level),lead_only_l2,mid,788,0.4584200441632329,0.0013485639272834415
C,unemployment_rate_latest,unemployment rate (level),lead_only_l2,rich,787,0.46731080812877723,0.017413078926417747
C,unemployment_rate_latest,unemployment rate (level),lead_only_ccr,stub,294,0.4944767559900195,0.007588645440423369
C,unemployment_rate_latest,unemployment rate (level),lead_only_ccr,thin,1274,0.5533811408268019,0.003593568212539644
C,unemployment_rate_latest,unemployment rate (level),lead_only_ccr,mid,788,0.4584200441632329,0.0011074044621096624
C,unemployment_rate_latest,unemployment rate (level),lead_only_ccr,rich,787,0.46731080812877723,0.017118208381996736
C,unemployment_rate_latest,unemployment rate (level),uniform,stub,294,0.4944767559900195,0.004493404759565722
C,unemployment_rate_latest,unemployment rate (level),uniform,thin,1274,0.5533811408268019,0.006731103316738096
C,unemployment_rate_latest,unemployment rate (level),uniform,mid,788,0.4584200441632329,0.005575866198812562
C,unemployment_rate_latest,unemployment rate (level),uniform,rich,787,0.46731080812877723,0.0038344630061755147
C,unemployment_rate_latest,unemployment rate (level),uniform_pca64,stub,294,0.4944767559900195,-0.0004444640529515098
C,unemployment_rate_latest,unemployment rate (level),uniform_pca64,thin,1274,0.5533811408268019,0.005101397800841179
C,unemployment_rate_latest,unemployment rate (level),uniform_pca64,mid,788,0.4584200441632329,0.002714701041723
C,unemployment_rate_latest,unemployment rate (level),uniform_pca64,rich,787,0.46731080812877723,0.001219523859085303
C,unemployment_rate_latest,unemployment rate (level),uniform_l2,stub,294,0.4944767559900195,0.0006548114402966654
C,unemployment_rate_latest,unemployment rate (level),uniform_l2,thin,1274,0.5533811408268019,0.006065853816518807
C,unemployment_rate_latest,unemployment rate (level),uniform_l2,mid,788,0.4584200441632329,0.008111654184976391
C,unemployment_rate_latest,unemployment rate (level),uniform_l2,rich,787,0.46731080812877723,0.0075045193969763835
C,unemployment_rate_latest,unemployment rate (level),uniform_ccr,stub,294,0.4944767559900195,0.00010175080910723722
C,unemployment_rate_latest,unemployment rate (level),uniform_ccr,thin,1274,0.5533811408268019,0.012328532607067788
C,unemployment_rate_latest,unemployment rate (level),uniform_ccr,mid,788,0.4584200441632329,0.013623842605753
C,unemployment_rate_latest,unemployment rate (level),uniform_ccr,rich,787,0.46731080812877723,0.010489877654811686
C,unemployment_rate_latest,unemployment rate (level),tier_conditional,stub,294,0.4944767559900195,0.0043185017010649585
C,unemployment_rate_latest,unemployment rate (level),tier_conditional,thin,1274,0.5533811408268019,0.0058490319426345305
C,unemployment_rate_latest,unemployment rate (level),tier_conditional,mid,788,0.4584200441632329,-0.0012803554378774118
C,unemployment_rate_latest,unemployment rate (level),tier_conditional,rich,787,0.46731080812877723,0.01850650648401686
C,unemployment_rate_latest,unemployment rate (level),tier_conditional_pca64,stub,294,0.4944767559900195,0.00239598374683736
C,unemployment_rate_latest,unemployment rate (level),tier_conditional_pca64,thin,1274,0.5533811408268019,0.00191515402913911
C,unemployment_rate_latest,unemployment rate (level),tier_conditional_pca64,mid,788,0.4584200441632329,-0.0010647811445202437
C,unemployment_rate_latest,unemployment rate (level),tier_conditional_pca64,rich,787,0.46731080812877723,0.004247798792049506
C,unemployment_rate_latest,unemployment rate (level),tier_conditional_l2,stub,294,0.4944767559900195,0.0037443240803473055
C,unemployment_rate_latest,unemployment rate (level),tier_conditional_l2,thin,1274,0.5533811408268019,0.007371719813408006
C,unemployment_rate_latest,unemployment rate (level),tier_conditional_l2,mid,788,0.4584200441632329,0.00021670140071983202
C,unemployment_rate_latest,unemployment rate (level),tier_conditional_l2,rich,787,0.46731080812877723,0.018690959608272384
C,unemployment_rate_latest,unemployment rate (level),tier_conditional_ccr,stub,294,0.4944767559900195,0.003986645652596543
C,unemployment_rate_latest,unemployment rate (level),tier_conditional_ccr,thin,1274,0.5533811408268019,0.009933132136372036
C,unemployment_rate_latest,unemployment rate (level),tier_conditional_ccr,mid,788,0.4584200441632329,0.0013959359094087853
C,unemployment_rate_latest,unemployment rate (level),tier_conditional_ccr,rich,787,0.46731080812877723,0.01742613948541316
C,unemployment_rate_latest,unemployment rate (level),tier_conditional_inverse,stub,294,0.4944767559900195,0.0023203837225697077
C,unemployment_rate_latest,unemployment rate (level),tier_conditional_inverse,thin,1274,0.5533811408268019,0.0015564721252658842
C,unemployment_rate_latest,unemployment rate (level),tier_conditional_inverse,mid,788,0.4584200441632329,0.0011656661210036612
C,unemployment_rate_latest,unemployment rate (level),tier_conditional_inverse,rich,787,0.46731080812877723,0.0012238159303723517
C,unemployment_rate_latest,unemployment rate (level),tier_conditional_inverse_pca64,stub,294,0.4944767559900195,0.0021354897695409214
C,unemployment_rate_latest,unemployment rate (level),tier_conditional_inverse_pca64,thin,1274,0.5533811408268019,0.0012233174377689338
C,unemployment_rate_latest,unemployment rate (level),tier_conditional_inverse_pca64,mid,788,0.4584200441632329,0.0009612354265132739
C,unemployment_rate_latest,unemployment rate (level),tier_conditional_inverse_pca64,rich,787,0.46731080812877723,0.0011169737750829078
C,unemployment_rate_latest,unemployment rate (level),tier_conditional_inverse_l2,stub,294,0.4944767559900195,0.0022552081089151077
C,unemployment_rate_latest,unemployment rate (level),tier_conditional_inverse_l2,thin,1274,0.5533811408268019,0.0012506048047338236
C,unemployment_rate_latest,unemployment rate (level),tier_conditional_inverse_l2,mid,788,0.4584200441632329,0.0012471684608846845
C,unemployment_rate_latest,unemployment rate (level),tier_conditional_inverse_l2,rich,787,0.46731080812877723,0.0016663110090748834
C,unemployment_rate_latest,unemployment rate (level),tier_conditional_inverse_ccr,stub,294,0.4944767559900195,0.0022689293883966233
C,unemployment_rate_latest,unemployment rate (level),tier_conditional_inverse_ccr,thin,1274,0.5533811408268019,0.0014775028607173502
C,unemployment_rate_latest,unemployment rate (level),tier_conditional_inverse_ccr,mid,788,0.4584200441632329,0.0012347514490397282
C,unemployment_rate_latest,unemployment rate (level),tier_conditional_inverse_ccr,rich,787,0.46731080812877723,0.0020471078302116696
C,unemployment_rate_latest,unemployment rate (level),prose_only,stub,294,0.4944767559900195,0.009396820819340346
C,unemployment_rate_latest,unemployment rate (level),prose_only,thin,1274,0.5533811408268019,0.008697889218972854
C,unemployment_rate_latest,unemployment rate (level),prose_only,mid,788,0.4584200441632329,0.012057167925127454
C,unemployment_rate_latest,unemployment rate (level),prose_only,rich,787,0.46731080812877723,0.013055760171085784
C,unemployment_rate_latest,unemployment rate (level),prose_only_pca64,stub,294,0.4944767559900195,0.004645400559348256
C,unemployment_rate_latest,unemployment rate (level),prose_only_pca64,thin,1274,0.5533811408268019,0.008446413182513934
C,unemployment_rate_latest,unemployment rate (level),prose_only_pca64,mid,788,0.4584200441632329,0.010766527512867774
C,unemployment_rate_latest,unemployment rate (level),prose_only_pca64,rich,787,0.46731080812877723,0.009790772268409631
C,unemployment_rate_latest,unemployment rate (level),prose_only_l2,stub,294,0.4944767559900195,0.00698960023688644
C,unemployment_rate_latest,unemployment rate (level),prose_only_l2,thin,1274,0.5533811408268019,0.009244496085081932
C,unemployment_rate_latest,unemployment rate (level),prose_only_l2,mid,788,0.4584200441632329,0.013803480108894317
C,unemployment_rate_latest,unemployment rate (level),prose_only_l2,rich,787,0.46731080812877723,0.014842191696418539
C,unemployment_rate_latest,unemployment rate (level),prose_only_ccr,stub,294,0.4944767559900195,0.004487585320152698
C,unemployment_rate_latest,unemployment rate (level),prose_only_ccr,thin,1274,0.5533811408268019,0.009487252524251533
C,unemployment_rate_latest,unemployment rate (level),prose_only_ccr,mid,788,0.4584200441632329,0.01281528125529019
C,unemployment_rate_latest,unemployment rate (level),prose_only_ccr,rich,787,0.46731080812877723,0.015076751866358151
C,unemployment_rate_latest,unemployment rate (level),prose_plus_history,stub,294,0.4944767559900195,0.007165846549289312
C,unemployment_rate_latest,unemployment rate (level),prose_plus_history,thin,1274,0.5533811408268019,0.013454102911040322
C,unemployment_rate_latest,unemployment rate (level),prose_plus_history,mid,788,0.4584200441632329,0.016900332096489
C,unemployment_rate_latest,unemployment rate (level),prose_plus_history,rich,787,0.46731080812877723,0.015839156404168886
C,unemployment_rate_latest,unemployment rate (level),prose_plus_history_pca64,stub,294,0.4944767559900195,0.004348634872245127
C,unemployment_rate_latest,unemployment rate (level),prose_plus_history_pca64,thin,1274,0.5533811408268019,0.01152428155754559
C,unemployment_rate_latest,unemployment rate (level),prose_plus_history_pca64,mid,788,0.4584200441632329,0.01407948518619051
C,unemployment_rate_latest,unemployment rate (level),prose_plus_history_pca64,rich,787,0.46731080812877723,0.012785807212396416
C,unemployment_rate_latest,unemployment rate (level),prose_plus_history_l2,stub,294,0.4944767559900195,0.0063376813301855295
C,unemployment_rate_latest,unemployment rate (level),prose_plus_history_l2,thin,1274,0.5533811408268019,0.01312413667286938
C,unemployment_rate_latest,unemployment rate (level),prose_plus_history_l2,mid,788,0.4584200441632329,0.016872061831790797
C,unemployment_rate_latest,unemployment rate (level),prose_plus_history_l2,rich,787,0.46731080812877723,0.01687042539871575
C,unemployment_rate_latest,unemployment rate (level),prose_plus_history_ccr,stub,294,0.4944767559900195,0.004985788078061493
C,unemployment_rate_latest,unemployment rate (level),prose_plus_history_ccr,thin,1274,0.5533811408268019,0.01361088123378007
C,unemployment_rate_latest,unemployment rate (level),prose_plus_history_ccr,mid,788,0.4584200441632329,0.015617824637676025
C,unemployment_rate_latest,unemployment rate (level),prose_plus_history_ccr,rich,787,0.46731080812877723,0.016380308003804966
C,unemployment_rate_latest,unemployment rate (level),economy_all_tiers,stub,294,0.4944767559900195,0.0019663897558428456
C,unemployment_rate_latest,unemployment rate (level),economy_all_tiers,thin,1274,0.5533811408268019,0.005101503977383071
C,unemployment_rate_latest,unemployment rate (level),economy_all_tiers,mid,788,0.4584200441632329,0.0013199363239412287
C,unemployment_rate_latest,unemployment rate (level),economy_all_tiers,rich,787,0.46731080812877723,0.017853207634178858
C,unemployment_rate_latest,unemployment rate (level),economy_all_tiers_pca64,stub,294,0.4944767559900195,-0.00024583912607101244
C,unemployment_rate_latest,unemployment rate (level),economy_all_tiers_pca64,thin,1274,0.5533811408268019,0.0024565220230030604
C,unemployment_rate_latest,unemployment rate (level),economy_all_tiers_pca64,mid,788,0.4584200441632329,0.0018925544764052393
C,unemployment_rate_latest,unemployment rate (level),economy_all_tiers_pca64,rich,787,0.46731080812877723,0.008357437275984148
C,unemployment_rate_latest,unemployment rate (level),economy_all_tiers_l2,stub,294,0.4944767559900195,0.0020705645325346245
C,unemployment_rate_latest,unemployment rate (level),economy_all_tiers_l2,thin,1274,0.5533811408268019,0.004613243407903367
C,unemployment_rate_latest,unemployment rate (level),economy_all_tiers_l2,mid,788,0.4584200441632329,0.0009038989666672048
C,unemployment_rate_latest,unemployment rate (level),economy_all_tiers_l2,rich,787,0.46731080812877723,0.019631578625255552
C,unemployment_rate_latest,unemployment rate (level),economy_all_tiers_ccr,stub,294,0.4944767559900195,0.0024225722864915644
C,unemployment_rate_latest,unemployment rate (level),economy_all_tiers_ccr,thin,1274,0.5533811408268019,0.004902039192016705
C,unemployment_rate_latest,unemployment rate (level),economy_all_tiers_ccr,mid,788,0.4584200441632329,0.0009658558432831255
C,unemployment_rate_latest,unemployment rate (level),economy_all_tiers_ccr,rich,787,0.46731080812877723,0.019280335561518647
C,unemployment_rate_latest,unemployment rate (level),prose_by_tier,stub,294,0.4944767559900195,0.011413838801751841
C,unemployment_rate_latest,unemployment rate (level),prose_by_tier,thin,1274,0.5533811408268019,0.0024690634261675948
C,unemployment_rate_latest,unemployment rate (level),prose_by_tier,mid,788,0.4584200441632329,0.012777434133591226
C,unemployment_rate_latest,unemployment rate (level),prose_by_tier,rich,787,0.46731080812877723,0.011039149865302966
C,unemployment_rate_latest,unemployment rate (level),prose_by_tier_pca64,stub,294,0.4944767559900195,0.008204116166675712
C,unemployment_rate_latest,unemployment rate (level),prose_by_tier_pca64,thin,1274,0.5533811408268019,0.0036305151117744794
C,unemployment_rate_latest,unemployment rate (level),prose_by_tier_pca64,mid,788,0.4584200441632329,0.009918887576541469
C,unemployment_rate_latest,unemployment rate (level),prose_by_tier_pca64,rich,787,0.46731080812877723,0.009423000517153168
C,unemployment_rate_latest,unemployment rate (level),prose_by_tier_l2,stub,294,0.4944767559900195,0.010191710403633425
C,unemployment_rate_latest,unemployment rate (level),prose_by_tier_l2,thin,1274,0.5533811408268019,0.002145105082613563
C,unemployment_rate_latest,unemployment rate (level),prose_by_tier_l2,mid,788,0.4584200441632329,0.014913842975518676
C,unemployment_rate_latest,unemployment rate (level),prose_by_tier_l2,rich,787,0.46731080812877723,0.013618947621561905
C,unemployment_rate_latest,unemployment rate (level),prose_by_tier_ccr,stub,294,0.4944767559900195,0.009245051941616844
C,unemployment_rate_latest,unemployment rate (level),prose_by_tier_ccr,thin,1274,0.5533811408268019,0.0024591017525417147
C,unemployment_rate_latest,unemployment rate (level),prose_by_tier_ccr,mid,788,0.4584200441632329,0.014422785104415525
C,unemployment_rate_latest,unemployment rate (level),prose_by_tier_ccr,rich,787,0.46731080812877723,0.01474643268846454
C,unemployment_rate_latest,unemployment rate (level),drop_stub,stub,294,0.4944767559900195,0.0167488474697447
C,unemployment_rate_latest,unemployment rate (level),drop_stub,thin,1274,0.5533811408268019,0.006360316207240091
C,unemployment_rate_latest,unemployment rate (level),drop_stub,mid,788,0.4584200441632329,0.006682224056426933
C,unemployment_rate_latest,unemployment rate (level),drop_stub,rich,787,0.46731080812877723,0.0026863867133468666
C,unemployment_rate_latest,unemployment rate (level),drop_stub_l2,stub,294,0.4944767559900195,0.013268152042512082
C,unemployment_rate_latest,unemployment rate (level),drop_stub_l2,thin,1274,0.5533811408268019,0.008465902818679538
C,unemployment_rate_latest,unemployment rate (level),drop_stub_l2,mid,788,0.4584200441632329,0.010166167464120135
C,unemployment_rate_latest,unemployment rate (level),drop_stub_l2,rich,787,0.46731080812877723,0.006856205598020804
C,unemployment_rate_latest,unemployment rate (level),drop_thin,stub,294,0.4944767559900195,-0.0025814130228061227
C,unemployment_rate_latest,unemployment rate (level),drop_thin,thin,1274,0.5533811408268019,0.0018985946040610546
C,unemployment_rate_latest,unemployment rate (level),drop_thin,mid,788,0.4584200441632329,0.001963148004265114
C,unemployment_rate_latest,unemployment rate (level),drop_thin,rich,787,0.46731080812877723,0.0009572443299666888
C,unemployment_rate_latest,unemployment rate (level),drop_thin_l2,stub,294,0.4944767559900195,-0.003569855920561027
C,unemployment_rate_latest,unemployment rate (level),drop_thin_l2,thin,1274,0.5533811408268019,0.0013798238773711224
C,unemployment_rate_latest,unemployment rate (level),drop_thin_l2,mid,788,0.4584200441632329,0.0024414822977170125
C,unemployment_rate_latest,unemployment rate (level),drop_thin_l2,rich,787,0.46731080812877723,0.0011705862593547334
C,unemployment_rate_latest,unemployment rate (level),drop_mid,stub,294,0.4944767559900195,0.0012336650023906381
C,unemployment_rate_latest,unemployment rate (level),drop_mid,thin,1274,0.5533811408268019,0.0014916097728525646
C,unemployment_rate_latest,unemployment rate (level),drop_mid,mid,788,0.4584200441632329,0.0005462792368897684
C,unemployment_rate_latest,unemployment rate (level),drop_mid,rich,787,0.46731080812877723,0.0005209908060118673
C,unemployment_rate_latest,unemployment rate (level),drop_mid_l2,stub,294,0.4944767559900195,0.0009126089319011488
C,unemployment_rate_latest,unemployment rate (level),drop_mid_l2,thin,1274,0.5533811408268019,0.0026604673696138947
C,unemployment_rate_latest,unemployment rate (level),drop_mid_l2,mid,788,0.4584200441632329,0.001058558860565606
C,unemployment_rate_latest,unemployment rate (level),drop_mid_l2,rich,787,0.46731080812877723,0.0021992624546414152
C,unemployment_rate_latest,unemployment rate (level),drop_rich,stub,294,0.4944767559900195,0.005496370123919014
C,unemployment_rate_latest,unemployment rate (level),drop_rich,thin,1274,0.5533811408268019,0.007469035302315574
C,unemployment_rate_latest,unemployment rate (level),drop_rich,mid,788,0.4584200441632329,0.005938533802250623
C,unemployment_rate_latest,unemployment rate (level),drop_rich,rich,787,0.46731080812877723,0.02166830095662975
C,unemployment_rate_latest,unemployment rate (level),drop_rich_l2,stub,294,0.4944767559900195,0.003996759143263917
C,unemployment_rate_latest,unemployment rate (level),drop_rich_l2,thin,1274,0.5533811408268019,0.008680405098597577
C,unemployment_rate_latest,unemployment rate (level),drop_rich_l2,mid,788,0.4584200441632329,0.007936791977438684
C,unemployment_rate_latest,unemployment rate (level),drop_rich_l2,rich,787,0.46731080812877723,0.020704863549823593
C,unemployment_rate_latest,unemployment rate (level),typed_sections,stub,294,0.4944767559900195,0.0006923720506745168
C,unemployment_rate_latest,unemployment rate (level),typed_sections,thin,1274,0.5533811408268019,0.0013724020551898475
C,unemployment_rate_latest,unemployment rate (level),typed_sections,mid,788,0.4584200441632329,0.0032767696091429155
C,unemployment_rate_latest,unemployment rate (level),typed_sections,rich,787,0.46731080812877723,0.0073995414072005605
C,gdp_velocity_pct,GDP velocity (normalized),lead_only,stub,293,0.0782307343115426,0.00197329271273472
C,gdp_velocity_pct,GDP velocity (normalized),lead_only,thin,1260,0.14924446094547228,6.711073251075561e-05
C,gdp_velocity_pct,GDP velocity (normalized),lead_only,mid,773,0.15805739965538812,0.0012849253807092342
C,gdp_velocity_pct,GDP velocity (normalized),lead_only,rich,754,0.023131700344105388,0.0011607138709006648
C,gdp_velocity_pct,GDP velocity (normalized),lead_only_pca64,stub,293,0.0782307343115426,0.001659216672156183
C,gdp_velocity_pct,GDP velocity (normalized),lead_only_pca64,thin,1260,0.14924446094547228,-0.00019733226484630606
C,gdp_velocity_pct,GDP velocity (normalized),lead_only_pca64,mid,773,0.15805739965538812,0.0009075777385867401
C,gdp_velocity_pct,GDP velocity (normalized),lead_only_pca64,rich,754,0.023131700344105388,0.001398176103639237
C,gdp_velocity_pct,GDP velocity (normalized),lead_only_l2,stub,293,0.0782307343115426,0.0019559035572861427
C,gdp_velocity_pct,GDP velocity (normalized),lead_only_l2,thin,1260,0.14924446094547228,5.786678234620535e-05
C,gdp_velocity_pct,GDP velocity (normalized),lead_only_l2,mid,773,0.15805739965538812,0.0012917184870000487
C,gdp_velocity_pct,GDP velocity (normalized),lead_only_l2,rich,754,0.023131700344105388,0.001399494905345966
C,gdp_velocity_pct,GDP velocity (normalized),lead_only_ccr,stub,293,0.0782307343115426,0.001967601244793893
C,gdp_velocity_pct,GDP velocity (normalized),lead_only_ccr,thin,1260,0.14924446094547228,2.657899906011174e-05
C,gdp_velocity_pct,GDP velocity (normalized),lead_only_ccr,mid,773,0.15805739965538812,0.0013007242748543923
C,gdp_velocity_pct,GDP velocity (normalized),lead_only_ccr,rich,754,0.023131700344105388,0.0012577377912118548
C,gdp_velocity_pct,GDP velocity (normalized),uniform,stub,293,0.0782307343115426,-0.0013983557988562767
C,gdp_velocity_pct,GDP velocity (normalized),uniform,thin,1260,0.14924446094547228,-0.0029503509427301067
C,gdp_velocity_pct,GDP velocity (normalized),uniform,mid,773,0.15805739965538812,0.0031995519690976026
C,gdp_velocity_pct,GDP velocity (normalized),uniform,rich,754,0.023131700344105388,0.005007261834035215
C,gdp_velocity_pct,GDP velocity (normalized),uniform_pca64,stub,293,0.0782307343115426,0.003981693663875019
C,gdp_velocity_pct,GDP velocity (normalized),uniform_pca64,thin,1260,0.14924446094547228,-0.001685381984891432
C,gdp_velocity_pct,GDP velocity (normalized),uniform_pca64,mid,773,0.15805739965538812,-0.0011369393454350174
C,gdp_velocity_pct,GDP velocity (normalized),uniform_pca64,rich,754,0.023131700344105388,0.007450199790428047
C,gdp_velocity_pct,GDP velocity (normalized),uniform_l2,stub,293,0.0782307343115426,0.00422579186684513
C,gdp_velocity_pct,GDP velocity (normalized),uniform_l2,thin,1260,0.14924446094547228,-0.0010319501172416645
C,gdp_velocity_pct,GDP velocity (normalized),uniform_l2,mid,773,0.15805739965538812,-0.003029094873925886
C,gdp_velocity_pct,GDP velocity (normalized),uniform_l2,rich,754,0.023131700344105388,0.006414588239529562
C,gdp_velocity_pct,GDP velocity (normalized),uniform_ccr,stub,293,0.0782307343115426,0.005561073442138298
C,gdp_velocity_pct,GDP velocity (normalized),uniform_ccr,thin,1260,0.14924446094547228,0.002553162605687831
C,gdp_velocity_pct,GDP velocity (normalized),uniform_ccr,mid,773,0.15805739965538812,-0.000147338630308802
C,gdp_velocity_pct,GDP velocity (normalized),uniform_ccr,rich,754,0.023131700344105388,0.008568111278254076
C,gdp_velocity_pct,GDP velocity (normalized),tier_conditional,stub,293,0.0782307343115426,3.3849276583897137e-05
C,gdp_velocity_pct,GDP velocity (normalized),tier_conditional,thin,1260,0.14924446094547228,0.0008715987488316923
C,gdp_velocity_pct,GDP velocity (normalized),tier_conditional,mid,773,0.15805739965538812,0.0012433382150307537
C,gdp_velocity_pct,GDP velocity (normalized),tier_conditional,rich,754,0.023131700344105388,0.0036658968629500466
C,gdp_velocity_pct,GDP velocity (normalized),tier_conditional_pca64,stub,293,0.0782307343115426,0.0004168819945138402
C,gdp_velocity_pct,GDP velocity (normalized),tier_conditional_pca64,thin,1260,0.14924446094547228,-0.00020688654853295851
C,gdp_velocity_pct,GDP velocity (normalized),tier_conditional_pca64,mid,773,0.15805739965538812,-0.00038401654532627116
C,gdp_velocity_pct,GDP velocity (normalized),tier_conditional_pca64,rich,754,0.023131700344105388,0.00412259660999359
C,gdp_velocity_pct,GDP velocity (normalized),tier_conditional_l2,stub,293,0.0782307343115426,0.00010997092611741976
C,gdp_velocity_pct,GDP velocity (normalized),tier_conditional_l2,thin,1260,0.14924446094547228,0.0012971351923670715
C,gdp_velocity_pct,GDP velocity (normalized),tier_conditional_l2,mid,773,0.15805739965538812,0.0009421833169599436
C,gdp_velocity_pct,GDP velocity (normalized),tier_conditional_l2,rich,754,0.023131700344105388,0.004004791215160619
C,gdp_velocity_pct,GDP velocity (normalized),tier_conditional_ccr,stub,293,0.0782307343115426,0.0006228505780185856
C,gdp_velocity_pct,GDP velocity (normalized),tier_conditional_ccr,thin,1260,0.14924446094547228,0.0015578065878477654
C,gdp_velocity_pct,GDP velocity (normalized),tier_conditional_ccr,mid,773,0.15805739965538812,0.0009651361333491426
C,gdp_velocity_pct,GDP velocity (normalized),tier_conditional_ccr,rich,754,0.023131700344105388,0.0034653740190629945
C,gdp_velocity_pct,GDP velocity (normalized),tier_conditional_inverse,stub,293,0.0782307343115426,-0.0007655786308671253
C,gdp_velocity_pct,GDP velocity (normalized),tier_conditional_inverse,thin,1260,0.14924446094547228,0.00010602208143506431
C,gdp_velocity_pct,GDP velocity (normalized),tier_conditional_inverse,mid,773,0.15805739965538812,0.0005360248657526601
C,gdp_velocity_pct,GDP velocity (normalized),tier_conditional_inverse,rich,754,0.023131700344105388,0.0009115363274623256
C,gdp_velocity_pct,GDP velocity (normalized),tier_conditional_inverse_pca64,stub,293,0.0782307343115426,-0.0007157555476935418
C,gdp_velocity_pct,GDP velocity (normalized),tier_conditional_inverse_pca64,thin,1260,0.14924446094547228,-0.00015407988534688055
C,gdp_velocity_pct,GDP velocity (normalized),tier_conditional_inverse_pca64,mid,773,0.15805739965538812,0.0005388364585765526
C,gdp_velocity_pct,GDP velocity (normalized),tier_conditional_inverse_pca64,rich,754,0.023131700344105388,0.0010018323163331067
C,gdp_velocity_pct,GDP velocity (normalized),tier_conditional_inverse_l2,stub,293,0.0782307343115426,0.000474607001280436
C,gdp_velocity_pct,GDP velocity (normalized),tier_conditional_inverse_l2,thin,1260,0.14924446094547228,0.0002442777603761659
C,gdp_velocity_pct,GDP velocity (normalized),tier_conditional_inverse_l2,mid,773,0.15805739965538812,0.0006242343026859887
C,gdp_velocity_pct,GDP velocity (normalized),tier_conditional_inverse_l2,rich,754,0.023131700344105388,0.002006833206334213
C,gdp_velocity_pct,GDP velocity (normalized),tier_conditional_inverse_ccr,stub,293,0.0782307343115426,0.0007085240388544634
C,gdp_velocity_pct,GDP velocity (normalized),tier_conditional_inverse_ccr,thin,1260,0.14924446094547228,0.0004915464228599786
C,gdp_velocity_pct,GDP velocity (normalized),tier_conditional_inverse_ccr,mid,773,0.15805739965538812,0.0009768512368599769
C,gdp_velocity_pct,GDP velocity (normalized),tier_conditional_inverse_ccr,rich,754,0.023131700344105388,0.0024976723360913278
C,gdp_velocity_pct,GDP velocity (normalized),prose_only,stub,293,0.0782307343115426,0.001856023313330346
C,gdp_velocity_pct,GDP velocity (normalized),prose_only,thin,1260,0.14924446094547228,0.000545183782784453
C,gdp_velocity_pct,GDP velocity (normalized),prose_only,mid,773,0.15805739965538812,0.0018322521154061633
C,gdp_velocity_pct,GDP velocity (normalized),prose_only,rich,754,0.023131700344105388,-6.96634151706732e-05
C,gdp_velocity_pct,GDP velocity (normalized),prose_only_pca64,stub,293,0.0782307343115426,0.0012777742941467718
C,gdp_velocity_pct,GDP velocity (normalized),prose_only_pca64,thin,1260,0.14924446094547228,1.41127155256493e-05
C,gdp_velocity_pct,GDP velocity (normalized),prose_only_pca64,mid,773,0.15805739965538812,0.0014239072308497303
C,gdp_velocity_pct,GDP velocity (normalized),prose_only_pca64,rich,754,0.023131700344105388,0.00022145677131713004
C,gdp_velocity_pct,GDP velocity (normalized),prose_only_l2,stub,293,0.0782307343115426,0.0014953288760574113
C,gdp_velocity_pct,GDP velocity (normalized),prose_only_l2,thin,1260,0.14924446094547228,0.0006337002470874209
C,gdp_velocity_pct,GDP velocity (normalized),prose_only_l2,mid,773,0.15805739965538812,0.0017844035394646296
C,gdp_velocity_pct,GDP velocity (normalized),prose_only_l2,rich,754,0.023131700344105388,0.00035621525758244843
C,gdp_velocity_pct,GDP velocity (normalized),prose_only_ccr,stub,293,0.0782307343115426,0.0015277583468075173
C,gdp_velocity_pct,GDP velocity (normalized),prose_only_ccr,thin,1260,0.14924446094547228,0.0006898930543197679
C,gdp_velocity_pct,GDP velocity (normalized),prose_only_ccr,mid,773,0.15805739965538812,0.00199582576762547
C,gdp_velocity_pct,GDP velocity (normalized),prose_only_ccr,rich,754,0.023131700344105388,0.0004938935892579988
C,gdp_velocity_pct,GDP velocity (normalized),prose_plus_history,stub,293,0.0782307343115426,0.0032342296018855743
C,gdp_velocity_pct,GDP velocity (normalized),prose_plus_history,thin,1260,0.14924446094547228,0.002056488979503057
C,gdp_velocity_pct,GDP velocity (normalized),prose_plus_history,mid,773,0.15805739965538812,0.003020126327795025
C,gdp_velocity_pct,GDP velocity (normalized),prose_plus_history,rich,754,0.023131700344105388,0.0012177342329732221
C,gdp_velocity_pct,GDP velocity (normalized),prose_plus_history_pca64,stub,293,0.0782307343115426,0.006514244911213551
C,gdp_velocity_pct,GDP velocity (normalized),prose_plus_history_pca64,thin,1260,0.14924446094547228,-0.0018969498098154736
C,gdp_velocity_pct,GDP velocity (normalized),prose_plus_history_pca64,mid,773,0.15805739965538812,-0.001314201580872365
C,gdp_velocity_pct,GDP velocity (normalized),prose_plus_history_pca64,rich,754,0.023131700344105388,-0.005598825767989202
C,gdp_velocity_pct,GDP velocity (normalized),prose_plus_history_l2,stub,293,0.0782307343115426,0.002983372062932421
C,gdp_velocity_pct,GDP velocity (normalized),prose_plus_history_l2,thin,1260,0.14924446094547228,0.0017877646881041542
C,gdp_velocity_pct,GDP velocity (normalized),prose_plus_history_l2,mid,773,0.15805739965538812,0.0026986444340392213
C,gdp_velocity_pct,GDP velocity (normalized),prose_plus_history_l2,rich,754,0.023131700344105388,0.0019735776502607383
C,gdp_velocity_pct,GDP velocity (normalized),prose_plus_history_ccr,stub,293,0.0782307343115426,0.0029017249524716515
C,gdp_velocity_pct,GDP velocity (normalized),prose_plus_history_ccr,thin,1260,0.14924446094547228,0.001879070800308913
C,gdp_velocity_pct,GDP velocity (normalized),prose_plus_history_ccr,mid,773,0.15805739965538812,0.0028612874550046907
C,gdp_velocity_pct,GDP velocity (normalized),prose_plus_history_ccr,rich,754,0.023131700344105388,0.0019144748327347694
C,gdp_velocity_pct,GDP velocity (normalized),economy_all_tiers,stub,293,0.0782307343115426,0.0020925428028640836
C,gdp_velocity_pct,GDP velocity (normalized),economy_all_tiers,thin,1260,0.14924446094547228,2.1954670691215483e-05
C,gdp_velocity_pct,GDP velocity (normalized),economy_all_tiers,mid,773,0.15805739965538812,0.0013433583774870028
C,gdp_velocity_pct,GDP velocity (normalized),economy_all_tiers,rich,754,0.023131700344105388,0.0012610921504343509
C,gdp_velocity_pct,GDP velocity (normalized),economy_all_tiers_pca64,stub,293,0.0782307343115426,0.0020294169467995893
C,gdp_velocity_pct,GDP velocity (normalized),economy_all_tiers_pca64,thin,1260,0.14924446094547228,-0.0001686833736015414
C,gdp_velocity_pct,GDP velocity (normalized),economy_all_tiers_pca64,mid,773,0.15805739965538812,0.0011878185729943258
C,gdp_velocity_pct,GDP velocity (normalized),economy_all_tiers_pca64,rich,754,0.023131700344105388,0.0016398681138698468
C,gdp_velocity_pct,GDP velocity (normalized),economy_all_tiers_l2,stub,293,0.0782307343115426,0.002046633500459971
C,gdp_velocity_pct,GDP velocity (normalized),economy_all_tiers_l2,thin,1260,0.14924446094547228,3.8225250480250494e-05
C,gdp_velocity_pct,GDP velocity (normalized),economy_all_tiers_l2,mid,773,0.15805739965538812,0.0013187666868641479
C,gdp_velocity_pct,GDP velocity (normalized),economy_all_tiers_l2,rich,754,0.023131700344105388,0.0015674802498184537
C,gdp_velocity_pct,GDP velocity (normalized),economy_all_tiers_ccr,stub,293,0.0782307343115426,0.002021460982246426
C,gdp_velocity_pct,GDP velocity (normalized),economy_all_tiers_ccr,thin,1260,0.14924446094547228,1.0393306261291535e-05
C,gdp_velocity_pct,GDP velocity (normalized),economy_all_tiers_ccr,mid,773,0.15805739965538812,0.0013247753474234791
C,gdp_velocity_pct,GDP velocity (normalized),economy_all_tiers_ccr,rich,754,0.023131700344105388,0.0013865646434590984
C,gdp_velocity_pct,GDP velocity (normalized),prose_by_tier,stub,293,0.0782307343115426,0.0004054268249726878
C,gdp_velocity_pct,GDP velocity (normalized),prose_by_tier,thin,1260,0.14924446094547228,0.0003753457331375776
C,gdp_velocity_pct,GDP velocity (normalized),prose_by_tier,mid,773,0.15805739965538812,0.0014965261644245276
C,gdp_velocity_pct,GDP velocity (normalized),prose_by_tier,rich,754,0.023131700344105388,0.0014245885027247551
C,gdp_velocity_pct,GDP velocity (normalized),prose_by_tier_pca64,stub,293,0.0782307343115426,-0.003683437710024995
C,gdp_velocity_pct,GDP velocity (normalized),prose_by_tier_pca64,thin,1260,0.14924446094547228,-0.002289872910727242
C,gdp_velocity_pct,GDP velocity (normalized),prose_by_tier_pca64,mid,773,0.15805739965538812,-0.00021980307794966514
C,gdp_velocity_pct,GDP velocity (normalized),prose_by_tier_pca64,rich,754,0.023131700344105388,-6.326540534562497e-06
C,gdp_velocity_pct,GDP velocity (normalized),prose_by_tier_l2,stub,293,0.0782307343115426,0.00039328354801582144
C,gdp_velocity_pct,GDP velocity (normalized),prose_by_tier_l2,thin,1260,0.14924446094547228,0.00016241290917817786
C,gdp_velocity_pct,GDP velocity (normalized),prose_by_tier_l2,mid,773,0.15805739965538812,0.0016270657302523972
C,gdp_velocity_pct,GDP velocity (normalized),prose_by_tier_l2,rich,754,0.023131700344105388,0.002232717610428314
C,gdp_velocity_pct,GDP velocity (normalized),prose_by_tier_ccr,stub,293,0.0782307343115426,0.00011444956007644613
C,gdp_velocity_pct,GDP velocity (normalized),prose_by_tier_ccr,thin,1260,0.14924446094547228,0.0005111897818980138
C,gdp_velocity_pct,GDP velocity (normalized),prose_by_tier_ccr,mid,773,0.15805739965538812,0.0020692684200372957
C,gdp_velocity_pct,GDP velocity (normalized),prose_by_tier_ccr,rich,754,0.023131700344105388,0.002703808599008095
C,gdp_velocity_pct,GDP velocity (normalized),drop_stub,stub,293,0.0782307343115426,-0.0006675590810020227
C,gdp_velocity_pct,GDP velocity (normalized),drop_stub,thin,1260,0.14924446094547228,-0.0009515823021966074
C,gdp_velocity_pct,GDP velocity (normalized),drop_stub,mid,773,0.15805739965538812,0.00041028569354950584
C,gdp_velocity_pct,GDP velocity (normalized),drop_stub,rich,754,0.023131700344105388,0.0033894948096259148
C,gdp_velocity_pct,GDP velocity (normalized),drop_stub_l2,stub,293,0.0782307343115426,0.00034194846248891686
C,gdp_velocity_pct,GDP velocity (normalized),drop_stub_l2,thin,1260,0.14924446094547228,-0.0008588821076970232
C,gdp_velocity_pct,GDP velocity (normalized),drop_stub_l2,mid,773,0.15805739965538812,7.393420267975959e-05
C,gdp_velocity_pct,GDP velocity (normalized),drop_stub_l2,rich,754,0.023131700344105388,0.0036567706553253254
C,gdp_velocity_pct,GDP velocity (normalized),drop_thin,stub,293,0.0782307343115426,0.00025252095690131426
C,gdp_velocity_pct,GDP velocity (normalized),drop_thin,thin,1260,0.14924446094547228,0.0010696194785031476
C,gdp_velocity_pct,GDP velocity (normalized),drop_thin,mid,773,0.15805739965538812,0.0010575121184533964
C,gdp_velocity_pct,GDP velocity (normalized),drop_thin,rich,754,0.023131700344105388,0.002718315034244023
C,gdp_velocity_pct,GDP velocity (normalized),drop_thin_l2,stub,293,0.0782307343115426,-0.00018399412458169895
C,gdp_velocity_pct,GDP velocity (normalized),drop_thin_l2,thin,1260,0.14924446094547228,0.0006420843059513626
C,gdp_velocity_pct,GDP velocity (normalized),drop_thin_l2,mid,773,0.15805739965538812,0.0006739968821743991
C,gdp_velocity_pct,GDP velocity (normalized),drop_thin_l2,rich,754,0.023131700344105388,0.0028562340940226916
C,gdp_velocity_pct,GDP velocity (normalized),drop_mid,stub,293,0.0782307343115426,0.0005707012246610743
C,gdp_velocity_pct,GDP velocity (normalized),drop_mid,thin,1260,0.14924446094547228,0.0001674529657481605
C,gdp_velocity_pct,GDP velocity (normalized),drop_mid,mid,773,0.15805739965538812,0.0016573968353443824
C,gdp_velocity_pct,GDP velocity (normalized),drop_mid,rich,754,0.023131700344105388,0.0019195186170199996
C,gdp_velocity_pct,GDP velocity (normalized),drop_mid_l2,stub,293,0.0782307343115426,0.000635002582590416
C,gdp_velocity_pct,GDP velocity (normalized),drop_mid_l2,thin,1260,0.14924446094547228,0.00032860194953820976
C,gdp_velocity_pct,GDP velocity (normalized),drop_mid_l2,mid,773,0.15805739965538812,0.0011712501132383757
C,gdp_velocity_pct,GDP velocity (normalized),drop_mid_l2,rich,754,0.023131700344105388,0.002450690740079642
C,gdp_velocity_pct,GDP velocity (normalized),drop_rich,stub,293,0.0782307343115426,4.1322886547123794e-05
C,gdp_velocity_pct,GDP velocity (normalized),drop_rich,thin,1260,0.14924446094547228,0.0008455853204022423
C,gdp_velocity_pct,GDP velocity (normalized),drop_rich,mid,773,0.15805739965538812,0.0009427092189675523
C,gdp_velocity_pct,GDP velocity (normalized),drop_rich,rich,754,0.023131700344105388,0.004310791286191495
C,gdp_velocity_pct,GDP velocity (normalized),drop_rich_l2,stub,293,0.0782307343115426,0.0022365675650226624
C,gdp_velocity_pct,GDP velocity (normalized),drop_rich_l2,thin,1260,0.14924446094547228,0.00023831502427418272
C,gdp_velocity_pct,GDP velocity (normalized),drop_rich_l2,mid,773,0.15805739965538812,-0.0027228965733738786
C,gdp_velocity_pct,GDP velocity (normalized),drop_rich_l2,rich,754,0.023131700344105388,0.001626801121060728
C,gdp_velocity_pct,GDP velocity (normalized),typed_sections,stub,293,0.0782307343115426,-0.00029774509883240263
C,gdp_velocity_pct,GDP velocity (normalized),typed_sections,thin,1260,0.14924446094547228,0.00025043551503545203
C,gdp_velocity_pct,GDP velocity (normalized),typed_sections,mid,773,0.15805739965538812,0.0008899302730370762
C,gdp_velocity_pct,GDP velocity (normalized),typed_sections,rich,754,0.023131700344105388,0.009108461726685002
D,log_total_tons,freight tonnage (log10),lead_only,stub,294,0.8394657743568323,0.00021752495605487088
D,log_total_tons,freight tonnage (log10),lead_only,thin,1274,0.8495468886319878,0.0007914869750599296
D,log_total_tons,freight tonnage (log10),lead_only,mid,788,0.8745039104831237,0.0005194542719441086
D,log_total_tons,freight tonnage (log10),lead_only,rich,788,0.9036080239168489,-0.0005062341069155263
D,log_total_tons,freight tonnage (log10),lead_only_pca64,stub,294,0.8394657743568323,-0.00018065592161142785
D,log_total_tons,freight tonnage (log10),lead_only_pca64,thin,1274,0.8495468886319878,0.0005187380179945134
D,log_total_tons,freight tonnage (log10),lead_only_pca64,mid,788,0.8745039104831237,0.00035397690822580596
D,log_total_tons,freight tonnage (log10),lead_only_pca64,rich,788,0.9036080239168489,-0.00030648604840766147
D,log_total_tons,freight tonnage (log10),lead_only_l2,stub,294,0.8394657743568323,0.00023002022064710914
D,log_total_tons,freight tonnage (log10),lead_only_l2,thin,1274,0.8495468886319878,0.000815816992893903
D,log_total_tons,freight tonnage (log10),lead_only_l2,mid,788,0.8745039104831237,0.0005119095509655835
D,log_total_tons,freight tonnage (log10),lead_only_l2,rich,788,0.9036080239168489,-0.0005074300066902904
D,log_total_tons,freight tonnage (log10),lead_only_ccr,stub,294,0.8394657743568323,0.00026939899357913966
D,log_total_tons,freight tonnage (log10),lead_only_ccr,thin,1274,0.8495468886319878,0.0008168352621747976
D,log_total_tons,freight tonnage (log10),lead_only_ccr,mid,788,0.8745039104831237,0.0005496303662371194
D,log_total_tons,freight tonnage (log10),lead_only_ccr,rich,788,0.9036080239168489,-0.0004977896765897549
D,log_total_tons,freight tonnage (log10),uniform,stub,294,0.8394657743568323,-0.000315849204145624
D,log_total_tons,freight tonnage (log10),uniform,thin,1274,0.8495468886319878,0.00023274066894563017
D,log_total_tons,freight tonnage (log10),uniform,mid,788,0.8745039104831237,-0.000108467088882791
D,log_total_tons,freight tonnage (log10),uniform,rich,788,0.9036080239168489,6.791433344099929e-05
D,log_total_tons,freight tonnage (log10),uniform_pca64,stub,294,0.8394657743568323,-0.0002979941592774482
D,log_total_tons,freight tonnage (log10),uniform_pca64,thin,1274,0.8495468886319878,0.00022085451530318156
D,log_total_tons,freight tonnage (log10),uniform_pca64,mid,788,0.8745039104831237,-0.00011453851210629917
D,log_total_tons,freight tonnage (log10),uniform_pca64,rich,788,0.9036080239168489,6.140187971159783e-05
D,log_total_tons,freight tonnage (log10),uniform_l2,stub,294,0.8394657743568323,-0.00032641294990298775
D,log_total_tons,freight tonnage (log10),uniform_l2,thin,1274,0.8495468886319878,0.00032438345791496737
D,log_total_tons,freight tonnage (log10),uniform_l2,mid,788,0.8745039104831237,1.7623197745564312e-07
D,log_total_tons,freight tonnage (log10),uniform_l2,rich,788,0.9036080239168489,0.00020050527536263907
D,log_total_tons,freight tonnage (log10),uniform_ccr,stub,294,0.8394657743568323,-7.84263407933583e-05
D,log_total_tons,freight tonnage (log10),uniform_ccr,thin,1274,0.8495468886319878,0.00021583310526118726
D,log_total_tons,freight tonnage (log10),uniform_ccr,mid,788,0.8745039104831237,-3.808076591560461e-05
D,log_total_tons,freight tonnage (log10),uniform_ccr,rich,788,0.9036080239168489,1.4843573980627411e-05
D,log_total_tons,freight tonnage (log10),tier_conditional,stub,294,0.8394657743568323,-2.7901972534882802e-05
D,log_total_tons,freight tonnage (log10),tier_conditional,thin,1274,0.8495468886319878,2.5595297571179287e-05
D,log_total_tons,freight tonnage (log10),tier_conditional,mid,788,0.8745039104831237,-6.894279080960075e-06
D,log_total_tons,freight tonnage (log10),tier_conditional,rich,788,0.9036080239168489,-2.1848284573189325e-05
D,log_total_tons,freight tonnage (log10),tier_conditional_pca64,stub,294,0.8394657743568323,-4.945613083451317e-05
D,log_total_tons,freight tonnage (log10),tier_conditional_pca64,thin,1274,0.8495468886319878,1.3096554373981384e-05
D,log_total_tons,freight tonnage (log10),tier_conditional_pca64,mid,788,0.8745039104831237,-2.0002593664081303e-05
D,log_total_tons,freight tonnage (log10),tier_conditional_pca64,rich,788,0.9036080239168489,-2.8014524868558155e-05
D,log_total_tons,freight tonnage (log10),tier_conditional_l2,stub,294,0.8394657743568323,-2.602456443689949e-05
D,log_total_tons,freight tonnage (log10),tier_conditional_l2,thin,1274,0.8495468886319878,4.125759617612523e-05
D,log_total_tons,freight tonnage (log10),tier_conditional_l2,mid,788,0.8745039104831237,-7.897520764355015e-06
D,log_total_tons,freight tonnage (log10),tier_conditional_l2,rich,788,0.9036080239168489,-1.914516588619186e-05
D,log_total_tons,freight tonnage (log10),tier_conditional_ccr,stub,294,0.8394657743568323,-4.700751462927144e-05
D,log_total_tons,freight tonnage (log10),tier_conditional_ccr,thin,1274,0.8495468886319878,5.008781052739941e-05
D,log_total_tons,freight tonnage (log10),tier_conditional_ccr,mid,788,0.8745039104831237,-1.186533333741302e-05
D,log_total_tons,freight tonnage (log10),tier_conditional_ccr,rich,788,0.9036080239168489,-2.2514905263615326e-05
D,log_total_tons,freight tonnage (log10),tier_conditional_inverse,stub,294,0.8394657743568323,0.0036210367461932957
D,log_total_tons,freight tonnage (log10),tier_conditional_inverse,thin,1274,0.8495468886319878,0.0012985624952122077
D,log_total_tons,freight tonnage (log10),tier_conditional_inverse,mid,788,0.8745039104831237,0.0010800631284714202
D,log_total_tons,freight tonnage (log10),tier_conditional_inverse,rich,788,0.9036080239168489,0.0003550295236571799
D,log_total_tons,freight tonnage (log10),tier_conditional_inverse_pca64,stub,294,0.8394657743568323,0.0004763212516110116
D,log_total_tons,freight tonnage (log10),tier_conditional_inverse_pca64,thin,1274,0.8495468886319878,0.0001439633213038416
D,log_total_tons,freight tonnage (log10),tier_conditional_inverse_pca64,mid,788,0.8745039104831237,0.00024124822823667902
D,log_total_tons,freight tonnage (log10),tier_conditional_inverse_pca64,rich,788,0.9036080239168489,0.0001826811771523662
D,log_total_tons,freight tonnage (log10),tier_conditional_inverse_l2,stub,294,0.8394657743568323,0.0035139398711873104
D,log_total_tons,freight tonnage (log10),tier_conditional_inverse_l2,thin,1274,0.8495468886319878,0.0010837398374260454
D,log_total_tons,freight tonnage (log10),tier_conditional_inverse_l2,mid,788,0.8745039104831237,0.00102574596365268
D,log_total_tons,freight tonnage (log10),tier_conditional_inverse_l2,rich,788,0.9036080239168489,0.0003953354548157373
D,log_total_tons,freight tonnage (log10),tier_conditional_inverse_ccr,stub,294,0.8394657743568323,0.0037688775640258854
D,log_total_tons,freight tonnage (log10),tier_conditional_inverse_ccr,thin,1274,0.8495468886319878,0.0011008173323091563
D,log_total_tons,freight tonnage (log10),tier_conditional_inverse_ccr,mid,788,0.8745039104831237,0.0008411304630024929
D,log_total_tons,freight tonnage (log10),tier_conditional_inverse_ccr,rich,788,0.9036080239168489,2.282582709933756e-05
D,log_total_tons,freight tonnage (log10),prose_only,stub,294,0.8394657743568323,3.7809360452278895e-05
D,log_total_tons,freight tonnage (log10),prose_only,thin,1274,0.8495468886319878,3.838292769386964e-05
D,log_total_tons,freight tonnage (log10),prose_only,mid,788,0.8745039104831237,7.999211092402092e-06
D,log_total_tons,freight tonnage (log10),prose_only,rich,788,0.9036080239168489,1.8373540062954774e-05
D,log_total_tons,freight tonnage (log10),prose_only_pca64,stub,294,0.8394657743568323,2.09795703738358e-05
D,log_total_tons,freight tonnage (log10),prose_only_pca64,thin,1274,0.8495468886319878,2.4453849080230405e-05
D,log_total_tons,freight tonnage (log10),prose_only_pca64,mid,788,0.8745039104831237,-9.160387369644418e-06
D,log_total_tons,freight tonnage (log10),prose_only_pca64,rich,788,0.9036080239168489,8.161835466480305e-06
D,log_total_tons,freight tonnage (log10),prose_only_l2,stub,294,0.8394657743568323,2.7798684178126365e-05
D,log_total_tons,freight tonnage (log10),prose_only_l2,thin,1274,0.8495468886319878,3.760927471452291e-05
D,log_total_tons,freight tonnage (log10),prose_only_l2,mid,788,0.8745039104831237,4.242834269807538e-06
D,log_total_tons,freight tonnage (log10),prose_only_l2,rich,788,0.9036080239168489,3.243536280195247e-05
D,log_total_tons,freight tonnage (log10),prose_only_ccr,stub,294,0.8394657743568323,2.4605509957642546e-05
D,log_total_tons,freight tonnage (log10),prose_only_ccr,thin,1274,0.8495468886319878,3.830002950633293e-05
D,log_total_tons,freight tonnage (log10),prose_only_ccr,mid,788,0.8745039104831237,8.601310674594131e-06
D,log_total_tons,freight tonnage (log10),prose_only_ccr,rich,788,0.9036080239168489,2.0797415900219995e-05
D,log_total_tons,freight tonnage (log10),prose_plus_history,stub,294,0.8394657743568323,3.9366025982312536e-05
D,log_total_tons,freight tonnage (log10),prose_plus_history,thin,1274,0.8495468886319878,2.6613916360829215e-05
D,log_total_tons,freight tonnage (log10),prose_plus_history,mid,788,0.8745039104831237,2.110813887534757e-05
D,log_total_tons,freight tonnage (log10),prose_plus_history,rich,788,0.9036080239168489,1.3367617128667852e-05
D,log_total_tons,freight tonnage (log10),prose_plus_history_pca64,stub,294,0.8394657743568323,3.5035838285013554e-05
D,log_total_tons,freight tonnage (log10),prose_plus_history_pca64,thin,1274,0.8495468886319878,1.5429213814255327e-05
D,log_total_tons,freight tonnage (log10),prose_plus_history_pca64,mid,788,0.8745039104831237,9.164363856672963e-08
D,log_total_tons,freight tonnage (log10),prose_plus_history_pca64,rich,788,0.9036080239168489,4.695139128152448e-06
D,log_total_tons,freight tonnage (log10),prose_plus_history_l2,stub,294,0.8394657743568323,4.12244082941271e-05
D,log_total_tons,freight tonnage (log10),prose_plus_history_l2,thin,1274,0.8495468886319878,2.9221038706617186e-05
D,log_total_tons,freight tonnage (log10),prose_plus_history_l2,mid,788,0.8745039104831237,2.5949819304149635e-05
D,log_total_tons,freight tonnage (log10),prose_plus_history_l2,rich,788,0.9036080239168489,2.341753188983553e-05
D,log_total_tons,freight tonnage (log10),prose_plus_history_ccr,stub,294,0.8394657743568323,1.9453111954614855e-05
D,log_total_tons,freight tonnage (log10),prose_plus_history_ccr,thin,1274,0.8495468886319878,5.878137856951682e-05
D,log_total_tons,freight tonnage (log10),prose_plus_history_ccr,mid,788,0.8745039104831237,0.0001859852454555444
D,log_total_tons,freight tonnage (log10),prose_plus_history_ccr,rich,788,0.9036080239168489,-2.263862636042724e-05
D,log_total_tons,freight tonnage (log10),economy_all_tiers,stub,294,0.8394657743568323,-0.0008632795986747155
D,log_total_tons,freight tonnage (log10),economy_all_tiers,thin,1274,0.8495468886319878,0.001032195538797187
D,log_total_tons,freight tonnage (log10),economy_all_tiers,mid,788,0.8745039104831237,0.0005503573513663262
D,log_total_tons,freight tonnage (log10),economy_all_tiers,rich,788,0.9036080239168489,-0.00037263396880793387
D,log_total_tons,freight tonnage (log10),economy_all_tiers_pca64,stub,294,0.8394657743568323,-0.0004035206953392212
D,log_total_tons,freight tonnage (log10),economy_all_tiers_pca64,thin,1274,0.8495468886319878,0.0004127991806653908
D,log_total_tons,freight tonnage (log10),economy_all_tiers_pca64,mid,788,0.8745039104831237,0.0001599175349175086
D,log_total_tons,freight tonnage (log10),economy_all_tiers_pca64,rich,788,0.9036080239168489,-0.0005449153595932232
D,log_total_tons,freight tonnage (log10),economy_all_tiers_l2,stub,294,0.8394657743568323,0.0012483148942812328
D,log_total_tons,freight tonnage (log10),economy_all_tiers_l2,thin,1274,0.8495468886319878,0.0006215055363348876
D,log_total_tons,freight tonnage (log10),economy_all_tiers_l2,mid,788,0.8745039104831237,0.0009303170086286672
D,log_total_tons,freight tonnage (log10),economy_all_tiers_l2,rich,788,0.9036080239168489,-0.000607582880436941
D,log_total_tons,freight tonnage (log10),economy_all_tiers_ccr,stub,294,0.8394657743568323,0.0007571128678425243
D,log_total_tons,freight tonnage (log10),economy_all_tiers_ccr,thin,1274,0.8495468886319878,0.0011509808691415602
D,log_total_tons,freight tonnage (log10),economy_all_tiers_ccr,mid,788,0.8745039104831237,0.0008964825985122715
D,log_total_tons,freight tonnage (log10),economy_all_tiers_ccr,rich,788,0.9036080239168489,-0.0006600530995999332
D,log_total_tons,freight tonnage (log10),prose_by_tier,stub,294,0.8394657743568323,0.00041957247543900067
D,log_total_tons,freight tonnage (log10),prose_by_tier,thin,1274,0.8495468886319878,0.0010206269831474213
D,log_total_tons,freight tonnage (log10),prose_by_tier,mid,788,0.8745039104831237,0.0002657364454216049
D,log_total_tons,freight tonnage (log10),prose_by_tier,rich,788,0.9036080239168489,-0.00017728938019756502
D,log_total_tons,freight tonnage (log10),prose_by_tier_pca64,stub,294,0.8394657743568323,0.000472949330815875
D,log_total_tons,freight tonnage (log10),prose_by_tier_pca64,thin,1274,0.8495468886319878,0.00035642905453125984
D,log_total_tons,freight tonnage (log10),prose_by_tier_pca64,mid,788,0.8745039104831237,-7.462284810144659e-05
D,log_total_tons,freight tonnage (log10),prose_by_tier_pca64,rich,788,0.9036080239168489,3.877251065387277e-05
D,log_total_tons,freight tonnage (log10),prose_by_tier_l2,stub,294,0.8394657743568323,0.0004932505555640398
D,log_total_tons,freight tonnage (log10),prose_by_tier_l2,thin,1274,0.8495468886319878,0.00040909138876565887
D,log_total_tons,freight tonnage (log10),prose_by_tier_l2,mid,788,0.8745039104831237,5.956527310002624e-05
D,log_total_tons,freight tonnage (log10),prose_by_tier_l2,rich,788,0.9036080239168489,0.00014957704532259086
D,log_total_tons,freight tonnage (log10),prose_by_tier_ccr,stub,294,0.8394657743568323,0.0005774767743079723
D,log_total_tons,freight tonnage (log10),prose_by_tier_ccr,thin,1274,0.8495468886319878,0.00038490071934715875
D,log_total_tons,freight tonnage (log10),prose_by_tier_ccr,mid,788,0.8745039104831237,6.67582627289498e-05
D,log_total_tons,freight tonnage (log10),prose_by_tier_ccr,rich,788,0.9036080239168489,0.00010317544121751787
D,log_total_tons,freight tonnage (log10),drop_stub,stub,294,0.8394657743568323,-0.001772388075000797
D,log_total_tons,freight tonnage (log10),drop_stub,thin,1274,0.8495468886319878,0.0010155641595775977
D,log_total_tons,freight tonnage (log10),drop_stub,mid,788,0.8745039104831237,-0.0004360707324471136
D,log_total_tons,freight tonnage (log10),drop_stub,rich,788,0.9036080239168489,0.00011022839062058143
D,log_total_tons,freight tonnage (log10),drop_stub_l2,stub,294,0.8394657743568323,-0.0011314158219729586
D,log_total_tons,freight tonnage (log10),drop_stub_l2,thin,1274,0.8495468886319878,0.0009354798280440946
D,log_total_tons,freight tonnage (log10),drop_stub_l2,mid,788,0.8745039104831237,-0.0001895078768704428
D,log_total_tons,freight tonnage (log10),drop_stub_l2,rich,788,0.9036080239168489,8.582270146595405e-05
D,log_total_tons,freight tonnage (log10),drop_thin,stub,294,0.8394657743568323,0.0006831925254856541
D,log_total_tons,freight tonnage (log10),drop_thin,thin,1274,0.8495468886319878,0.000722586429013794
D,log_total_tons,freight tonnage (log10),drop_thin,mid,788,0.8745039104831237,-7.693008649323207e-05
D,log_total_tons,freight tonnage (log10),drop_thin,rich,788,0.9036080239168489,0.00027091699027748106
D,log_total_tons,freight tonnage (log10),drop_thin_l2,stub,294,0.8394657743568323,4.724660282262594e-05
D,log_total_tons,freight tonnage (log10),drop_thin_l2,thin,1274,0.8495468886319878,0.001195492317955682
D,log_total_tons,freight tonnage (log10),drop_thin_l2,mid,788,0.8745039104831237,-0.0003104442317810596
D,log_total_tons,freight tonnage (log10),drop_thin_l2,rich,788,0.9036080239168489,0.0001250339419285318
D,log_total_tons,freight tonnage (log10),drop_mid,stub,294,0.8394657743568323,0.000156570897730135
D,log_total_tons,freight tonnage (log10),drop_mid,thin,1274,0.8495468886319878,1.623767243708052e-05
D,log_total_tons,freight tonnage (log10),drop_mid,mid,788,0.8745039104831237,2.6607759523455954e-05
D,log_total_tons,freight tonnage (log10),drop_mid,rich,788,0.9036080239168489,5.8531185719412626e-05
D,log_total_tons,freight tonnage (log10),drop_mid_l2,stub,294,0.8394657743568323,2.5317038982786144e-05
D,log_total_tons,freight tonnage (log10),drop_mid_l2,thin,1274,0.8495468886319878,4.9347534490706835e-05
D,log_total_tons,freight tonnage (log10),drop_mid_l2,mid,788,0.8745039104831237,2.9253753829339146e-06
D,log_total_tons,freight tonnage (log10),drop_mid_l2,rich,788,0.9036080239168489,2.598671046838419e-05
D,log_total_tons,freight tonnage (log10),drop_rich,stub,294,0.8394657743568323,-6.727518042626279e-05
D,log_total_tons,freight tonnage (log10),drop_rich,thin,1274,0.8495468886319878,3.8123232278697294e-05
D,log_total_tons,freight tonnage (log10),drop_rich,mid,788,0.8745039104831237,-2.7289695123555724e-05
D,log_total_tons,freight tonnage (log10),drop_rich,rich,788,0.9036080239168489,-3.0691133550697636e-05
D,log_total_tons,freight tonnage (log10),drop_rich_l2,stub,294,0.8394657743568323,-6.16715172691018e-05
D,log_total_tons,freight tonnage (log10),drop_rich_l2,thin,1274,0.8495468886319878,4.8841120524723e-05
D,log_total_tons,freight tonnage (log10),drop_rich_l2,mid,788,0.8745039104831237,-1.6513517177796366e-05
D,log_total_tons,freight tonnage (log10),drop_rich_l2,rich,788,0.9036080239168489,-2.5203973846310568e-05
D,log_total_tons,freight tonnage (log10),typed_sections,stub,294,0.8394657743568323,0.0008916169877808411
D,log_total_tons,freight tonnage (log10),typed_sections,thin,1274,0.8495468886319878,0.0006734725473510617
D,log_total_tons,freight tonnage (log10),typed_sections,mid,788,0.8745039104831237,0.00048612228725908313
D,log_total_tons,freight tonnage (log10),typed_sections,rich,788,0.9036080239168489,0.0014624918094418016
D,out_partner_hhi,outbound partner concentration,lead_only,stub,294,0.45092731745539627,0.003023670300618675
D,out_partner_hhi,outbound partner concentration,lead_only,thin,1274,0.2918442472677072,-0.0005588514765909602
D,out_partner_hhi,outbound partner concentration,lead_only,mid,788,0.2944782860136208,0.0017411484033098557
D,out_partner_hhi,outbound partner concentration,lead_only,rich,788,0.3891927609487066,0.003014466418635453
D,out_partner_hhi,outbound partner concentration,lead_only_pca64,stub,294,0.45092731745539627,0.0032388873964018794
D,out_partner_hhi,outbound partner concentration,lead_only_pca64,thin,1274,0.2918442472677072,-0.0007980088713965827
D,out_partner_hhi,outbound partner concentration,lead_only_pca64,mid,788,0.2944782860136208,0.0014437438159581317
D,out_partner_hhi,outbound partner concentration,lead_only_pca64,rich,788,0.3891927609487066,0.002749649042665059
D,out_partner_hhi,outbound partner concentration,lead_only_l2,stub,294,0.45092731745539627,0.002942706328584177
D,out_partner_hhi,outbound partner concentration,lead_only_l2,thin,1274,0.2918442472677072,-0.0006312879788937797
D,out_partner_hhi,outbound partner concentration,lead_only_l2,mid,788,0.2944782860136208,0.0016403053609427287
D,out_partner_hhi,outbound partner concentration,lead_only_l2,rich,788,0.3891927609487066,0.0031076517304876594
D,out_partner_hhi,outbound partner concentration,lead_only_ccr,stub,294,0.45092731745539627,0.0030219510408031613
D,out_partner_hhi,outbound partner concentration,lead_only_ccr,thin,1274,0.2918442472677072,-0.0005942785826116292
D,out_partner_hhi,outbound partner concentration,lead_only_ccr,mid,788,0.2944782860136208,0.001606251945950321
D,out_partner_hhi,outbound partner concentration,lead_only_ccr,rich,788,0.3891927609487066,0.003077717273058944
D,out_partner_hhi,outbound partner concentration,uniform,stub,294,0.45092731745539627,0.0004315398927342562
D,out_partner_hhi,outbound partner concentration,uniform,thin,1274,0.2918442472677072,0.0021125823860399517
D,out_partner_hhi,outbound partner concentration,uniform,mid,788,0.2944782860136208,0.0014776851261726343
D,out_partner_hhi,outbound partner concentration,uniform,rich,788,0.3891927609487066,0.004550124386098475
D,out_partner_hhi,outbound partner concentration,uniform_pca64,stub,294,0.45092731745539627,0.0010077178782209595
D,out_partner_hhi,outbound partner concentration,uniform_pca64,thin,1274,0.2918442472677072,0.0014413817003759988
D,out_partner_hhi,outbound partner concentration,uniform_pca64,mid,788,0.2944782860136208,-3.577134157373152e-05
D,out_partner_hhi,outbound partner concentration,uniform_pca64,rich,788,0.3891927609487066,0.003286784470156512
D,out_partner_hhi,outbound partner concentration,uniform_l2,stub,294,0.45092731745539627,0.0017109560260006873
D,out_partner_hhi,outbound partner concentration,uniform_l2,thin,1274,0.2918442472677072,0.001332338700670399
D,out_partner_hhi,outbound partner concentration,uniform_l2,mid,788,0.2944782860136208,0.0011689352247034046
D,out_partner_hhi,outbound partner concentration,uniform_l2,rich,788,0.3891927609487066,0.00488620404179807
D,out_partner_hhi,outbound partner concentration,uniform_ccr,stub,294,0.45092731745539627,0.002033022127623907
D,out_partner_hhi,outbound partner concentration,uniform_ccr,thin,1274,0.2918442472677072,0.0010532240668645887
D,out_partner_hhi,outbound partner concentration,uniform_ccr,mid,788,0.2944782860136208,0.0013879082334466997
D,out_partner_hhi,outbound partner concentration,uniform_ccr,rich,788,0.3891927609487066,0.004342959576317584
D,out_partner_hhi,outbound partner concentration,tier_conditional,stub,294,0.45092731745539627,0.003786024939736121
D,out_partner_hhi,outbound partner concentration,tier_conditional,thin,1274,0.2918442472677072,0.0024453408655402686
D,out_partner_hhi,outbound partner concentration,tier_conditional,mid,788,0.2944782860136208,-0.00020391064661695602
D,out_partner_hhi,outbound partner concentration,tier_conditional,rich,788,0.3891927609487066,0.006271061631399899
D,out_partner_hhi,outbound partner concentration,tier_conditional_pca64,stub,294,0.45092731745539627,0.002960699710232717
D,out_partner_hhi,outbound partner concentration,tier_conditional_pca64,thin,1274,0.2918442472677072,0.0015831108518905568
D,out_partner_hhi,outbound partner concentration,tier_conditional_pca64,mid,788,0.2944782860136208,-0.001263632845943774
D,out_partner_hhi,outbound partner concentration,tier_conditional_pca64,rich,788,0.3891927609487066,0.004285478223880146
D,out_partner_hhi,outbound partner concentration,tier_conditional_l2,stub,294,0.45092731745539627,0.004319409197494406
D,out_partner_hhi,outbound partner concentration,tier_conditional_l2,thin,1274,0.2918442472677072,0.001623487032847537
D,out_partner_hhi,outbound partner concentration,tier_conditional_l2,mid,788,0.2944782860136208,-0.0009755079292848023
D,out_partner_hhi,outbound partner concentration,tier_conditional_l2,rich,788,0.3891927609487066,0.004524707203867995
D,out_partner_hhi,outbound partner concentration,tier_conditional_ccr,stub,294,0.45092731745539627,0.0047506241910164615
D,out_partner_hhi,outbound partner concentration,tier_conditional_ccr,thin,1274,0.2918442472677072,0.0014703337007945239
D,out_partner_hhi,outbound partner concentration,tier_conditional_ccr,mid,788,0.2944782860136208,-0.0010510081285237671
D,out_partner_hhi,outbound partner concentration,tier_conditional_ccr,rich,788,0.3891927609487066,0.003910831857737218
D,out_partner_hhi,outbound partner concentration,tier_conditional_inverse,stub,294,0.45092731745539627,0.0021499196169619816
D,out_partner_hhi,outbound partner concentration,tier_conditional_inverse,thin,1274,0.2918442472677072,0.002631904608553226
D,out_partner_hhi,outbound partner concentration,tier_conditional_inverse,mid,788,0.2944782860136208,0.0013696760885286707
D,out_partner_hhi,outbound partner concentration,tier_conditional_inverse,rich,788,0.3891927609487066,0.0034731261691838267
D,out_partner_hhi,outbound partner concentration,tier_conditional_inverse_pca64,stub,294,0.45092731745539627,0.0021304227414610244
D,out_partner_hhi,outbound partner concentration,tier_conditional_inverse_pca64,thin,1274,0.2918442472677072,0.002264240107004434
D,out_partner_hhi,outbound partner concentration,tier_conditional_inverse_pca64,mid,788,0.2944782860136208,0.0011197533095217427
D,out_partner_hhi,outbound partner concentration,tier_conditional_inverse_pca64,rich,788,0.3891927609487066,0.003450527537738002
D,out_partner_hhi,outbound partner concentration,tier_conditional_inverse_l2,stub,294,0.45092731745539627,0.003071782247732413
D,out_partner_hhi,outbound partner concentration,tier_conditional_inverse_l2,thin,1274,0.2918442472677072,0.0021722077588303135
D,out_partner_hhi,outbound partner concentration,tier_conditional_inverse_l2,mid,788,0.2944782860136208,0.0018293203206576347
D,out_partner_hhi,outbound partner concentration,tier_conditional_inverse_l2,rich,788,0.3891927609487066,0.005048694153572786
D,out_partner_hhi,outbound partner concentration,tier_conditional_inverse_ccr,stub,294,0.45092731745539627,0.0032178958733380947
D,out_partner_hhi,outbound partner concentration,tier_conditional_inverse_ccr,thin,1274,0.2918442472677072,0.0026731174507971245
D,out_partner_hhi,outbound partner concentration,tier_conditional_inverse_ccr,mid,788,0.2944782860136208,0.0019408457345052588
D,out_partner_hhi,outbound partner concentration,tier_conditional_inverse_ccr,rich,788,0.3891927609487066,0.005549622365036977
D,out_partner_hhi,outbound partner concentration,prose_only,stub,294,0.45092731745539627,0.0014242698842569235
D,out_partner_hhi,outbound partner concentration,prose_only,thin,1274,0.2918442472677072,0.00042661100493213144
D,out_partner_hhi,outbound partner concentration,prose_only,mid,788,0.2944782860136208,0.00037382940469998793
D,out_partner_hhi,outbound partner concentration,prose_only,rich,788,0.3891927609487066,0.002385140081007764
D,out_partner_hhi,outbound partner concentration,prose_only_pca64,stub,294,0.45092731745539627,0.00025034782657751276
D,out_partner_hhi,outbound partner concentration,prose_only_pca64,thin,1274,0.2918442472677072,0.00029879190646320275
D,out_partner_hhi,outbound partner concentration,prose_only_pca64,mid,788,0.2944782860136208,0.0004300813667246217
D,out_partner_hhi,outbound partner concentration,prose_only_pca64,rich,788,0.3891927609487066,0.002382655360537389
D,out_partner_hhi,outbound partner concentration,prose_only_l2,stub,294,0.45092731745539627,0.0022302569011333206
D,out_partner_hhi,outbound partner concentration,prose_only_l2,thin,1274,0.2918442472677072,-0.0003401861238743198
D,out_partner_hhi,outbound partner concentration,prose_only_l2,mid,788,0.2944782860136208,6.512541535763638e-05
D,out_partner_hhi,outbound partner concentration,prose_only_l2,rich,788,0.3891927609487066,0.0029501351182998903
D,out_partner_hhi,outbound partner concentration,prose_only_ccr,stub,294,0.45092731745539627,0.002355518149515734
D,out_partner_hhi,outbound partner concentration,prose_only_ccr,thin,1274,0.2918442472677072,-0.00013555711342838617
D,out_partner_hhi,outbound partner concentration,prose_only_ccr,mid,788,0.2944782860136208,0.00015665553073263006
D,out_partner_hhi,outbound partner concentration,prose_only_ccr,rich,788,0.3891927609487066,0.0032054652661672733
D,out_partner_hhi,outbound partner concentration,prose_plus_history,stub,294,0.45092731745539627,-0.001331515253441884
D,out_partner_hhi,outbound partner concentration,prose_plus_history,thin,1274,0.2918442472677072,0.0006650495136728551
D,out_partner_hhi,outbound partner concentration,prose_plus_history,mid,788,0.2944782860136208,0.0009105517113703332
D,out_partner_hhi,outbound partner concentration,prose_plus_history,rich,788,0.3891927609487066,0.004597912700889162
D,out_partner_hhi,outbound partner concentration,prose_plus_history_pca64,stub,294,0.45092731745539627,-0.002759208208343744
D,out_partner_hhi,outbound partner concentration,prose_plus_history_pca64,thin,1274,0.2918442472677072,0.00031888807339608416
D,out_partner_hhi,outbound partner concentration,prose_plus_history_pca64,mid,788,0.2944782860136208,0.0007336271982459897
D,out_partner_hhi,outbound partner concentration,prose_plus_history_pca64,rich,788,0.3891927609487066,0.004467566307844062
D,out_partner_hhi,outbound partner concentration,prose_plus_history_l2,stub,294,0.45092731745539627,0.00010681295692671622
D,out_partner_hhi,outbound partner concentration,prose_plus_history_l2,thin,1274,0.2918442472677072,0.00016975108842209874
D,out_partner_hhi,outbound partner concentration,prose_plus_history_l2,mid,788,0.2944782860136208,0.0004470625639912962
D,out_partner_hhi,outbound partner concentration,prose_plus_history_l2,rich,788,0.3891927609487066,0.004846328891294549
D,out_partner_hhi,outbound partner concentration,prose_plus_history_ccr,stub,294,0.45092731745539627,-0.001179612366437599
D,out_partner_hhi,outbound partner concentration,prose_plus_history_ccr,thin,1274,0.2918442472677072,0.00046304975236421964
D,out_partner_hhi,outbound partner concentration,prose_plus_history_ccr,mid,788,0.2944782860136208,0.0009290097994278934
D,out_partner_hhi,outbound partner concentration,prose_plus_history_ccr,rich,788,0.3891927609487066,0.0048653740407130774
D,out_partner_hhi,outbound partner concentration,economy_all_tiers,stub,294,0.45092731745539627,0.0031946146184150814
D,out_partner_hhi,outbound partner concentration,economy_all_tiers,thin,1274,0.2918442472677072,3.9402197106408465e-05
D,out_partner_hhi,outbound partner concentration,economy_all_tiers,mid,788,0.2944782860136208,0.0009127484912629935
D,out_partner_hhi,outbound partner concentration,economy_all_tiers,rich,788,0.3891927609487066,0.0027376609642368877
D,out_partner_hhi,outbound partner concentration,economy_all_tiers_pca64,stub,294,0.45092731745539627,-0.00012112542132025617
D,out_partner_hhi,outbound partner concentration,economy_all_tiers_pca64,thin,1274,0.2918442472677072,-0.0003735953851388141
D,out_partner_hhi,outbound partner concentration,economy_all_tiers_pca64,mid,788,0.2944782860136208,0.00057751918565907
D,out_partner_hhi,outbound partner concentration,economy_all_tiers_pca64,rich,788,0.3891927609487066,0.000924907264057917
D,out_partner_hhi,outbound partner concentration,economy_all_tiers_l2,stub,294,0.45092731745539627,0.003084442998788073
D,out_partner_hhi,outbound partner concentration,economy_all_tiers_l2,thin,1274,0.2918442472677072,-5.6014202355680887e-05
D,out_partner_hhi,outbound partner concentration,economy_all_tiers_l2,mid,788,0.2944782860136208,0.0008541178781175107
D,out_partner_hhi,outbound partner concentration,economy_all_tiers_l2,rich,788,0.3891927609487066,0.003170227125344871
D,out_partner_hhi,outbound partner concentration,economy_all_tiers_ccr,stub,294,0.45092731745539627,0.0031909392951963156
D,out_partner_hhi,outbound partner concentration,economy_all_tiers_ccr,thin,1274,0.2918442472677072,7.543552675759457e-05
D,out_partner_hhi,outbound partner concentration,economy_all_tiers_ccr,mid,788,0.2944782860136208,0.0008639472646901902
D,out_partner_hhi,outbound partner concentration,economy_all_tiers_ccr,rich,788,0.3891927609487066,0.003137559203751028
D,out_partner_hhi,outbound partner concentration,prose_by_tier,stub,294,0.45092731745539627,0.002813833471812077
D,out_partner_hhi,outbound partner concentration,prose_by_tier,thin,1274,0.2918442472677072,0.0013011161727074505
D,out_partner_hhi,outbound partner concentration,prose_by_tier,mid,788,0.2944782860136208,-0.0001587603085341227
D,out_partner_hhi,outbound partner concentration,prose_by_tier,rich,788,0.3891927609487066,0.0020228076968707986
D,out_partner_hhi,outbound partner concentration,prose_by_tier_pca64,stub,294,0.45092731745539627,0.0036437967774501923
D,out_partner_hhi,outbound partner concentration,prose_by_tier_pca64,thin,1274,0.2918442472677072,0.0009922495930728692
D,out_partner_hhi,outbound partner concentration,prose_by_tier_pca64,mid,788,0.2944782860136208,-0.0003257875805949828
D,out_partner_hhi,outbound partner concentration,prose_by_tier_pca64,rich,788,0.3891927609487066,0.002024922068314061
D,out_partner_hhi,outbound partner concentration,prose_by_tier_l2,stub,294,0.45092731745539627,0.0038995664785180795
D,out_partner_hhi,outbound partner concentration,prose_by_tier_l2,thin,1274,0.2918442472677072,0.0016751532032196481
D,out_partner_hhi,outbound partner concentration,prose_by_tier_l2,mid,788,0.2944782860136208,-0.0012536028924419185
D,out_partner_hhi,outbound partner concentration,prose_by_tier_l2,rich,788,0.3891927609487066,0.0038189504228566262
D,out_partner_hhi,outbound partner concentration,prose_by_tier_ccr,stub,294,0.45092731745539627,0.0031451757252299872
D,out_partner_hhi,outbound partner concentration,prose_by_tier_ccr,thin,1274,0.2918442472677072,0.002499425007743472
D,out_partner_hhi,outbound partner concentration,prose_by_tier_ccr,mid,788,0.2944782860136208,-0.00024691288117484333
D,out_partner_hhi,outbound partner concentration,prose_by_tier_ccr,rich,788,0.3891927609487066,0.004813900665776472
D,out_partner_hhi,outbound partner concentration,drop_stub,stub,294,0.45092731745539627,-0.0005281135254178171
D,out_partner_hhi,outbound partner concentration,drop_stub,thin,1274,0.2918442472677072,0.0017557302480589732
D,out_partner_hhi,outbound partner concentration,drop_stub,mid,788,0.2944782860136208,0.0002449439757296057
D,out_partner_hhi,outbound partner concentration,drop_stub,rich,788,0.3891927609487066,0.0026305663341286145
D,out_partner_hhi,outbound partner concentration,drop_stub_l2,stub,294,0.45092731745539627,0.00020664607019338366
D,out_partner_hhi,outbound partner concentration,drop_stub_l2,thin,1274,0.2918442472677072,0.0011457640610862407
D,out_partner_hhi,outbound partner concentration,drop_stub_l2,mid,788,0.2944782860136208,0.0010596670404163788
D,out_partner_hhi,outbound partner concentration,drop_stub_l2,rich,788,0.3891927609487066,0.004172284194211673
D,out_partner_hhi,outbound partner concentration,drop_thin,stub,294,0.45092731745539627,-0.0011393510303577825
D,out_partner_hhi,outbound partner concentration,drop_thin,thin,1274,0.2918442472677072,0.0013814217236686188
D,out_partner_hhi,outbound partner concentration,drop_thin,mid,788,0.2944782860136208,-0.00046406526041986584
D,out_partner_hhi,outbound partner concentration,drop_thin,rich,788,0.3891927609487066,0.0003268282382951071
D,out_partner_hhi,outbound partner concentration,drop_thin_l2,stub,294,0.45092731745539627,-0.0011701616156811756
D,out_partner_hhi,outbound partner concentration,drop_thin_l2,thin,1274,0.2918442472677072,0.0014137265050587766
D,out_partner_hhi,outbound partner concentration,drop_thin_l2,mid,788,0.2944782860136208,-0.00010005561722759015
D,out_partner_hhi,outbound partner concentration,drop_thin_l2,rich,788,0.3891927609487066,0.0014289318056023292
D,out_partner_hhi,outbound partner concentration,drop_mid,stub,294,0.45092731745539627,-2.8550120289128067e-05
D,out_partner_hhi,outbound partner concentration,drop_mid,thin,1274,0.2918442472677072,0.001034665223863418
D,out_partner_hhi,outbound partner concentration,drop_mid,mid,788,0.2944782860136208,-0.000145555721886792
D,out_partner_hhi,outbound partner concentration,drop_mid,rich,788,0.3891927609487066,0.0023137206904015883
D,out_partner_hhi,outbound partner concentration,drop_mid_l2,stub,294,0.45092731745539627,0.00033164897401471993
D,out_partner_hhi,outbound partner concentration,drop_mid_l2,thin,1274,0.2918442472677072,0.0004261849376508975
D,out_partner_hhi,outbound partner concentration,drop_mid_l2,mid,788,0.2944782860136208,0.001069498893291887
D,out_partner_hhi,outbound partner concentration,drop_mid_l2,rich,788,0.3891927609487066,0.004099839352632917
D,out_partner_hhi,outbound partner concentration,drop_rich,stub,294,0.45092731745539627,0.003895745915115101
D,out_partner_hhi,outbound partner concentration,drop_rich,thin,1274,0.2918442472677072,0.0027297835339739063
D,out_partner_hhi,outbound partner concentration,drop_rich,mid,788,0.2944782860136208,0.0011023723503964522
D,out_partner_hhi,outbound partner concentration,drop_rich,rich,788,0.3891927609487066,0.008645524743654764
D,out_partner_hhi,outbound partner concentration,drop_rich_l2,stub,294,0.45092731745539627,0.005272905731882105
D,out_partner_hhi,outbound partner concentration,drop_rich_l2,thin,1274,0.2918442472677072,0.0020790020144972887
D,out_partner_hhi,outbound partner concentration,drop_rich_l2,mid,788,0.2944782860136208,0.000877946223964976
D,out_partner_hhi,outbound partner concentration,drop_rich_l2,rich,788,0.3891927609487066,0.007799758839521886
D,out_partner_hhi,outbound partner concentration,typed_sections,stub,294,0.45092731745539627,0.003713436667704517
D,out_partner_hhi,outbound partner concentration,typed_sections,thin,1274,0.2918442472677072,0.001154968607767537
D,out_partner_hhi,outbound partner concentration,typed_sections,mid,788,0.2944782860136208,0.0007995939471532321
D,out_partner_hhi,outbound partner concentration,typed_sections,rich,788,0.3891927609487066,0.005908695170743328
D,in_partner_hhi,inbound partner concentration,lead_only,stub,294,0.5232852887281058,-0.0028495623684964277
D,in_partner_hhi,inbound partner concentration,lead_only,thin,1274,0.28005874333660474,-0.0002037062541747625
D,in_partner_hhi,inbound partner concentration,lead_only,mid,788,0.2834979705878856,0.0019738986541688597
D,in_partner_hhi,inbound partner concentration,lead_only,rich,788,0.3629014652603755,0.003724886601964572
D,in_partner_hhi,inbound partner concentration,lead_only_pca64,stub,294,0.5232852887281058,-0.00025379576394446435
D,in_partner_hhi,inbound partner concentration,lead_only_pca64,thin,1274,0.28005874333660474,-2.7525255943516846e-05
D,in_partner_hhi,inbound partner concentration,lead_only_pca64,mid,788,0.2834979705878856,0.0009061011588790135
D,in_partner_hhi,inbound partner concentration,lead_only_pca64,rich,788,0.3629014652603755,0.0008446526332529514
D,in_partner_hhi,inbound partner concentration,lead_only_l2,stub,294,0.5232852887281058,-0.0028239024687749525
D,in_partner_hhi,inbound partner concentration,lead_only_l2,thin,1274,0.28005874333660474,-0.0002678943379860188
D,in_partner_hhi,inbound partner concentration,lead_only_l2,mid,788,0.2834979705878856,0.0019592657712949046
D,in_partner_hhi,inbound partner concentration,lead_only_l2,rich,788,0.3629014652603755,0.0037561026637944472
D,in_partner_hhi,inbound partner concentration,lead_only_ccr,stub,294,0.5232852887281058,-0.002631375514033363
D,in_partner_hhi,inbound partner concentration,lead_only_ccr,thin,1274,0.28005874333660474,-0.000304101390048217
D,in_partner_hhi,inbound partner concentration,lead_only_ccr,mid,788,0.2834979705878856,0.001886476394475034
D,in_partner_hhi,inbound partner concentration,lead_only_ccr,rich,788,0.3629014652603755,0.0038047127019164018
D,in_partner_hhi,inbound partner concentration,uniform,stub,294,0.5232852887281058,0.0003353686226077457
D,in_partner_hhi,inbound partner concentration,uniform,thin,1274,0.28005874333660474,0.0001686845078987531
D,in_partner_hhi,inbound partner concentration,uniform,mid,788,0.2834979705878856,0.0020745007287394923
D,in_partner_hhi,inbound partner concentration,uniform,rich,788,0.3629014652603755,0.002030413046793078
D,in_partner_hhi,inbound partner concentration,uniform_pca64,stub,294,0.5232852887281058,-0.0013854058621951548
D,in_partner_hhi,inbound partner concentration,uniform_pca64,thin,1274,0.28005874333660474,0.0002826788997190022
D,in_partner_hhi,inbound partner concentration,uniform_pca64,mid,788,0.2834979705878856,0.0015556541803740664
D,in_partner_hhi,inbound partner concentration,uniform_pca64,rich,788,0.3629014652603755,0.0019332809187252442
D,in_partner_hhi,inbound partner concentration,uniform_l2,stub,294,0.5232852887281058,-0.004379762046961666
D,in_partner_hhi,inbound partner concentration,uniform_l2,thin,1274,0.28005874333660474,-0.0057898208504358895
D,in_partner_hhi,inbound partner concentration,uniform_l2,mid,788,0.2834979705878856,0.004978421711318459
D,in_partner_hhi,inbound partner concentration,uniform_l2,rich,788,0.3629014652603755,0.006878779718714201
D,in_partner_hhi,inbound partner concentration,uniform_ccr,stub,294,0.5232852887281058,-0.005826239746283934
D,in_partner_hhi,inbound partner concentration,uniform_ccr,thin,1274,0.28005874333660474,-0.0041184080579698135
D,in_partner_hhi,inbound partner concentration,uniform_ccr,mid,788,0.2834979705878856,0.00508857341335911
D,in_partner_hhi,inbound partner concentration,uniform_ccr,rich,788,0.3629014652603755,0.005389228926516942
D,in_partner_hhi,inbound partner concentration,tier_conditional,stub,294,0.5232852887281058,-0.0037701327132709794
D,in_partner_hhi,inbound partner concentration,tier_conditional,thin,1274,0.28005874333660474,-0.0018437264729288527
D,in_partner_hhi,inbound partner concentration,tier_conditional,mid,788,0.2834979705878856,0.004478912902005527
D,in_partner_hhi,inbound partner concentration,tier_conditional,rich,788,0.3629014652603755,0.009066309296450248
D,in_partner_hhi,inbound partner concentration,tier_conditional_pca64,stub,294,0.5232852887281058,0.0009560469540778049
D,in_partner_hhi,inbound partner concentration,tier_conditional_pca64,thin,1274,0.28005874333660474,0.0014147782685598465
D,in_partner_hhi,inbound partner concentration,tier_conditional_pca64,mid,788,0.2834979705878856,-0.0006407673391669588
D,in_partner_hhi,inbound partner concentration,tier_conditional_pca64,rich,788,0.3629014652603755,0.005187457746320345
D,in_partner_hhi,inbound partner concentration,tier_conditional_l2,stub,294,0.5232852887281058,-0.0037318661498791927
D,in_partner_hhi,inbound partner concentration,tier_conditional_l2,thin,1274,0.28005874333660474,-0.0024728098960865585
D,in_partner_hhi,inbound partner concentration,tier_conditional_l2,mid,788,0.2834979705878856,0.0033525516957855217
D,in_partner_hhi,inbound partner concentration,tier_conditional_l2,rich,788,0.3629014652603755,0.008181745741376423
D,in_partner_hhi,inbound partner concentration,tier_conditional_ccr,stub,294,0.5232852887281058,-0.005114248231346985
D,in_partner_hhi,inbound partner concentration,tier_conditional_ccr,thin,1274,0.28005874333660474,-0.0035584707125621007
D,in_partner_hhi,inbound partner concentration,tier_conditional_ccr,mid,788,0.2834979705878856,0.002835390364415491
D,in_partner_hhi,inbound partner concentration,tier_conditional_ccr,rich,788,0.3629014652603755,0.007605376994036628
D,in_partner_hhi,inbound partner concentration,tier_conditional_inverse,stub,294,0.5232852887281058,-0.0011844287345220694
D,in_partner_hhi,inbound partner concentration,tier_conditional_inverse,thin,1274,0.28005874333660474,0.0006192048350472934
D,in_partner_hhi,inbound partner concentration,tier_conditional_inverse,mid,788,0.2834979705878856,0.0017679808383621598
D,in_partner_hhi,inbound partner concentration,tier_conditional_inverse,rich,788,0.3629014652603755,0.003116107078990793
D,in_partner_hhi,inbound partner concentration,tier_conditional_inverse_pca64,stub,294,0.5232852887281058,-0.0019243438094710408
D,in_partner_hhi,inbound partner concentration,tier_conditional_inverse_pca64,thin,1274,0.28005874333660474,0.0003419109664890563
D,in_partner_hhi,inbound partner concentration,tier_conditional_inverse_pca64,mid,788,0.2834979705878856,0.0015992497023815666
D,in_partner_hhi,inbound partner concentration,tier_conditional_inverse_pca64,rich,788,0.3629014652603755,0.0030900678887657573
D,in_partner_hhi,inbound partner concentration,tier_conditional_inverse_l2,stub,294,0.5232852887281058,0.00013125002228042693
D,in_partner_hhi,inbound partner concentration,tier_conditional_inverse_l2,thin,1274,0.28005874333660474,0.0004686952314666426
D,in_partner_hhi,inbound partner concentration,tier_conditional_inverse_l2,mid,788,0.2834979705878856,0.0025834137612097408
D,in_partner_hhi,inbound partner concentration,tier_conditional_inverse_l2,rich,788,0.3629014652603755,0.005025148182028927
D,in_partner_hhi,inbound partner concentration,tier_conditional_inverse_ccr,stub,294,0.5232852887281058,-0.0005203281772927504
D,in_partner_hhi,inbound partner concentration,tier_conditional_inverse_ccr,thin,1274,0.28005874333660474,0.0009709092654698326
D,in_partner_hhi,inbound partner concentration,tier_conditional_inverse_ccr,mid,788,0.2834979705878856,0.0026185557777462787
D,in_partner_hhi,inbound partner concentration,tier_conditional_inverse_ccr,rich,788,0.3629014652603755,0.005733623827540502
D,in_partner_hhi,inbound partner concentration,prose_only,stub,294,0.5232852887281058,0.0008797381483779398
D,in_partner_hhi,inbound partner concentration,prose_only,thin,1274,0.28005874333660474,0.0002999291711093255
D,in_partner_hhi,inbound partner concentration,prose_only,mid,788,0.2834979705878856,0.000939297607976397
D,in_partner_hhi,inbound partner concentration,prose_only,rich,788,0.3629014652603755,0.0017793450423897461
D,in_partner_hhi,inbound partner concentration,prose_only_pca64,stub,294,0.5232852887281058,0.000508122603778971
D,in_partner_hhi,inbound partner concentration,prose_only_pca64,thin,1274,0.28005874333660474,0.00040249037086292905
D,in_partner_hhi,inbound partner concentration,prose_only_pca64,mid,788,0.2834979705878856,0.0007808238266900913
D,in_partner_hhi,inbound partner concentration,prose_only_pca64,rich,788,0.3629014652603755,0.0017280964573911373
D,in_partner_hhi,inbound partner concentration,prose_only_l2,stub,294,0.5232852887281058,0.0008308432309372948
D,in_partner_hhi,inbound partner concentration,prose_only_l2,thin,1274,0.28005874333660474,-7.702542199616857e-07
D,in_partner_hhi,inbound partner concentration,prose_only_l2,mid,788,0.2834979705878856,0.001412595801341121
D,in_partner_hhi,inbound partner concentration,prose_only_l2,rich,788,0.3629014652603755,0.0036943665380338997
D,in_partner_hhi,inbound partner concentration,prose_only_ccr,stub,294,0.5232852887281058,0.00021216394565726215
D,in_partner_hhi,inbound partner concentration,prose_only_ccr,thin,1274,0.28005874333660474,0.00018979543340469363
D,in_partner_hhi,inbound partner concentration,prose_only_ccr,mid,788,0.2834979705878856,0.0017063089527800113
D,in_partner_hhi,inbound partner concentration,prose_only_ccr,rich,788,0.3629014652603755,0.004024155456385681
D,in_partner_hhi,inbound partner concentration,prose_plus_history,stub,294,0.5232852887281058,-0.0027589332210885553
D,in_partner_hhi,inbound partner concentration,prose_plus_history,thin,1274,0.28005874333660474,0.00028708514205666447
D,in_partner_hhi,inbound partner concentration,prose_plus_history,mid,788,0.2834979705878856,0.0008594532346553052
D,in_partner_hhi,inbound partner concentration,prose_plus_history,rich,788,0.3629014652603755,0.001633641654175566
D,in_partner_hhi,inbound partner concentration,prose_plus_history_pca64,stub,294,0.5232852887281058,-0.002988663088149046
D,in_partner_hhi,inbound partner concentration,prose_plus_history_pca64,thin,1274,0.28005874333660474,0.0002859013478775374
D,in_partner_hhi,inbound partner concentration,prose_plus_history_pca64,mid,788,0.2834979705878856,0.0007076916753716578
D,in_partner_hhi,inbound partner concentration,prose_plus_history_pca64,rich,788,0.3629014652603755,0.003144849256856652
D,in_partner_hhi,inbound partner concentration,prose_plus_history_l2,stub,294,0.5232852887281058,-0.0012219790142352638
D,in_partner_hhi,inbound partner concentration,prose_plus_history_l2,thin,1274,0.28005874333660474,0.00011598013165703414
D,in_partner_hhi,inbound partner concentration,prose_plus_history_l2,mid,788,0.2834979705878856,0.0008014053005961363
D,in_partner_hhi,inbound partner concentration,prose_plus_history_l2,rich,788,0.3629014652603755,0.003834548271239968
D,in_partner_hhi,inbound partner concentration,prose_plus_history_ccr,stub,294,0.5232852887281058,-0.0011838898538477638
D,in_partner_hhi,inbound partner concentration,prose_plus_history_ccr,thin,1274,0.28005874333660474,0.0003706636375858663
D,in_partner_hhi,inbound partner concentration,prose_plus_history_ccr,mid,788,0.2834979705878856,0.001078241122365986
D,in_partner_hhi,inbound partner concentration,prose_plus_history_ccr,rich,788,0.3629014652603755,0.002497147474168071
D,in_partner_hhi,inbound partner concentration,economy_all_tiers,stub,294,0.5232852887281058,-0.00034197143179948153
D,in_partner_hhi,inbound partner concentration,economy_all_tiers,thin,1274,0.28005874333660474,-0.00025293855778574237
D,in_partner_hhi,inbound partner concentration,economy_all_tiers,mid,788,0.2834979705878856,0.001068391771267052
D,in_partner_hhi,inbound partner concentration,economy_all_tiers,rich,788,0.3629014652603755,0.0012807291213638994
D,in_partner_hhi,inbound partner concentration,economy_all_tiers_pca64,stub,294,0.5232852887281058,-0.00011151673611287105
D,in_partner_hhi,inbound partner concentration,economy_all_tiers_pca64,thin,1274,0.28005874333660474,4.305643666346892e-05
D,in_partner_hhi,inbound partner concentration,economy_all_tiers_pca64,mid,788,0.2834979705878856,0.00014035442694149136
D,in_partner_hhi,inbound partner concentration,economy_all_tiers_pca64,rich,788,0.3629014652603755,0.0002987191402409328
D,in_partner_hhi,inbound partner concentration,economy_all_tiers_l2,stub,294,0.5232852887281058,-0.0003137110633634199
D,in_partner_hhi,inbound partner concentration,economy_all_tiers_l2,thin,1274,0.28005874333660474,-0.00031940521521478527
D,in_partner_hhi,inbound partner concentration,economy_all_tiers_l2,mid,788,0.2834979705878856,0.0010538627921428123
D,in_partner_hhi,inbound partner concentration,economy_all_tiers_l2,rich,788,0.3629014652603755,0.0015295341226321257
D,in_partner_hhi,inbound partner concentration,economy_all_tiers_ccr,stub,294,0.5232852887281058,-0.00030485454930950784
D,in_partner_hhi,inbound partner concentration,economy_all_tiers_ccr,thin,1274,0.28005874333660474,-0.0002409818030278954
D,in_partner_hhi,inbound partner concentration,economy_all_tiers_ccr,mid,788,0.2834979705878856,0.0010301119214125576
D,in_partner_hhi,inbound partner concentration,economy_all_tiers_ccr,rich,788,0.3629014652603755,0.001484232547639741
D,in_partner_hhi,inbound partner concentration,prose_by_tier,stub,294,0.5232852887281058,9.690438049869687e-05
D,in_partner_hhi,inbound partner concentration,prose_by_tier,thin,1274,0.28005874333660474,0.0001926829667870944
D,in_partner_hhi,inbound partner concentration,prose_by_tier,mid,788,0.2834979705878856,-3.786336818034641e-05
D,in_partner_hhi,inbound partner concentration,prose_by_tier,rich,788,0.3629014652603755,0.00033451685731533676
D,in_partner_hhi,inbound partner concentration,prose_by_tier_pca64,stub,294,0.5232852887281058,-0.0002252121077108704
D,in_partner_hhi,inbound partner concentration,prose_by_tier_pca64,thin,1274,0.28005874333660474,0.0001887845121296694
D,in_partner_hhi,inbound partner concentration,prose_by_tier_pca64,mid,788,0.2834979705878856,0.0002783871309297581
D,in_partner_hhi,inbound partner concentration,prose_by_tier_pca64,rich,788,0.3629014652603755,0.0008653929845157116
D,in_partner_hhi,inbound partner concentration,prose_by_tier_l2,stub,294,0.5232852887281058,0.0007040773929617439
D,in_partner_hhi,inbound partner concentration,prose_by_tier_l2,thin,1274,0.28005874333660474,0.0006186503548648581
D,in_partner_hhi,inbound partner concentration,prose_by_tier_l2,mid,788,0.2834979705878856,-0.0002661809304616014
D,in_partner_hhi,inbound partner concentration,prose_by_tier_l2,rich,788,0.3629014652603755,0.0030730940166672216
D,in_partner_hhi,inbound partner concentration,prose_by_tier_ccr,stub,294,0.5232852887281058,0.0006179542756002965
D,in_partner_hhi,inbound partner concentration,prose_by_tier_ccr,thin,1274,0.28005874333660474,0.0006505326321096794
D,in_partner_hhi,inbound partner concentration,prose_by_tier_ccr,mid,788,0.2834979705878856,5.5884121519134133e-05
D,in_partner_hhi,inbound partner concentration,prose_by_tier_ccr,rich,788,0.3629014652603755,0.0033972469160811203
D,in_partner_hhi,inbound partner concentration,drop_stub,stub,294,0.5232852887281058,-0.0016195940730413527
D,in_partner_hhi,inbound partner concentration,drop_stub,thin,1274,0.28005874333660474,2.201449666450195e-06
D,in_partner_hhi,inbound partner concentration,drop_stub,mid,788,0.2834979705878856,0.0013453414557524912
D,in_partner_hhi,inbound partner concentration,drop_stub,rich,788,0.3629014652603755,0.0009718331096898458
D,in_partner_hhi,inbound partner concentration,drop_stub_l2,stub,294,0.5232852887281058,-0.0002678010468714076
D,in_partner_hhi,inbound partner concentration,drop_stub_l2,thin,1274,0.28005874333660474,-5.5255126521713827e-05
D,in_partner_hhi,inbound partner concentration,drop_stub_l2,mid,788,0.2834979705878856,0.001252639660871413
D,in_partner_hhi,inbound partner concentration,drop_stub_l2,rich,788,0.3629014652603755,0.0024612957927926393
D,in_partner_hhi,inbound partner concentration,drop_thin,stub,294,0.5232852887281058,-0.00034419384703310296
D,in_partner_hhi,inbound partner concentration,drop_thin,thin,1274,0.28005874333660474,0.0001595317864138135
D,in_partner_hhi,inbound partner concentration,drop_thin,mid,788,0.2834979705878856,-1.0738447967395537e-05
D,in_partner_hhi,inbound partner concentration,drop_thin,rich,788,0.3629014652603755,0.0002556464678695747
D,in_partner_hhi,inbound partner concentration,drop_thin_l2,stub,294,0.5232852887281058,-0.00037391176205103793
D,in_partner_hhi,inbound partner concentration,drop_thin_l2,thin,1274,0.28005874333660474,0.00018327691053343642
D,in_partner_hhi,inbound partner concentration,drop_thin_l2,mid,788,0.2834979705878856,-5.359615646860494e-05
D,in_partner_hhi,inbound partner concentration,drop_thin_l2,rich,788,0.3629014652603755,0.00043009387350967376
D,in_partner_hhi,inbound partner concentration,drop_mid,stub,294,0.5232852887281058,-0.0013642121995190992
D,in_partner_hhi,inbound partner concentration,drop_mid,thin,1274,0.28005874333660474,-0.0003280106629635071
D,in_partner_hhi,inbound partner concentration,drop_mid,mid,788,0.2834979705878856,0.0010182284261642804
D,in_partner_hhi,inbound partner concentration,drop_mid,rich,788,0.3629014652603755,0.002064715478291901
D,in_partner_hhi,inbound partner concentration,drop_mid_l2,stub,294,0.5232852887281058,-0.0017048835883913815
D,in_partner_hhi,inbound partner concentration,drop_mid_l2,thin,1274,0.28005874333660474,-0.0011506877389733106
D,in_partner_hhi,inbound partner concentration,drop_mid_l2,mid,788,0.2834979705878856,0.002673964365386472
D,in_partner_hhi,inbound partner concentration,drop_mid_l2,rich,788,0.3629014652603755,0.0038341769406529114
D,in_partner_hhi,inbound partner concentration,drop_rich,stub,294,0.5232852887281058,-0.004831074801949109
D,in_partner_hhi,inbound partner concentration,drop_rich,thin,1274,0.28005874333660474,-0.0016338385623346774
D,in_partner_hhi,inbound partner concentration,drop_rich,mid,788,0.2834979705878856,0.0025923087463400885
D,in_partner_hhi,inbound partner concentration,drop_rich,rich,788,0.3629014652603755,0.011300791966604384
D,in_partner_hhi,inbound partner concentration,drop_rich_l2,stub,294,0.5232852887281058,-0.008429065578330674
D,in_partner_hhi,inbound partner concentration,drop_rich_l2,thin,1274,0.28005874333660474,0.0006099331071188763
D,in_partner_hhi,inbound partner concentration,drop_rich_l2,mid,788,0.2834979705878856,0.0031594596189797874
D,in_partner_hhi,inbound partner concentration,drop_rich_l2,rich,788,0.3629014652603755,0.014565621052350153
D,in_partner_hhi,inbound partner concentration,typed_sections,stub,294,0.5232852887281058,6.835681359718127e-05
D,in_partner_hhi,inbound partner concentration,typed_sections,thin,1274,0.28005874333660474,9.672970369756229e-05
D,in_partner_hhi,inbound partner concentration,typed_sections,mid,788,0.2834979705878856,1.752203352545223e-05
D,in_partner_hhi,inbound partner concentration,typed_sections,rich,788,0.3629014652603755,-3.502504501740056e-05
E,capital_to_wage_ratio,capital-to-wage ratio,lead_only,stub,294,0.337579822400079,-0.01235022887838444
E,capital_to_wage_ratio,capital-to-wage ratio,lead_only,thin,1274,0.44172849758346533,0.007537648457940915
E,capital_to_wage_ratio,capital-to-wage ratio,lead_only,mid,788,0.24375462974381423,0.008208294189650411
E,capital_to_wage_ratio,capital-to-wage ratio,lead_only,rich,787,0.4539252512793154,0.0021766555292279666
E,capital_to_wage_ratio,capital-to-wage ratio,lead_only_pca64,stub,294,0.337579822400079,-0.007819786544399965
E,capital_to_wage_ratio,capital-to-wage ratio,lead_only_pca64,thin,1274,0.44172849758346533,0.0028162658063608514
E,capital_to_wage_ratio,capital-to-wage ratio,lead_only_pca64,mid,788,0.24375462974381423,0.0036324856237557324
E,capital_to_wage_ratio,capital-to-wage ratio,lead_only_pca64,rich,787,0.4539252512793154,0.00032295866627207737
E,capital_to_wage_ratio,capital-to-wage ratio,lead_only_l2,stub,294,0.337579822400079,-0.012464338310781198
E,capital_to_wage_ratio,capital-to-wage ratio,lead_only_l2,thin,1274,0.44172849758346533,0.007270009896355845
E,capital_to_wage_ratio,capital-to-wage ratio,lead_only_l2,mid,788,0.24375462974381423,0.008093464515241622
E,capital_to_wage_ratio,capital-to-wage ratio,lead_only_l2,rich,787,0.4539252512793154,0.0022562080314332267
E,capital_to_wage_ratio,capital-to-wage ratio,lead_only_ccr,stub,294,0.337579822400079,-0.011889716872768963
E,capital_to_wage_ratio,capital-to-wage ratio,lead_only_ccr,thin,1274,0.44172849758346533,0.007470671351938907
E,capital_to_wage_ratio,capital-to-wage ratio,lead_only_ccr,mid,788,0.24375462974381423,0.008425486588237385
E,capital_to_wage_ratio,capital-to-wage ratio,lead_only_ccr,rich,787,0.4539252512793154,0.0018496388519204654
E,capital_to_wage_ratio,capital-to-wage ratio,uniform,stub,294,0.337579822400079,0.00781892360769676
E,capital_to_wage_ratio,capital-to-wage ratio,uniform,thin,1274,0.44172849758346533,0.0012957845005253654
E,capital_to_wage_ratio,capital-to-wage ratio,uniform,mid,788,0.24375462974381423,0.0014437983238964058
E,capital_to_wage_ratio,capital-to-wage ratio,uniform,rich,787,0.4539252512793154,0.006517544129169051
E,capital_to_wage_ratio,capital-to-wage ratio,uniform_pca64,stub,294,0.337579822400079,0.010624969844724164
E,capital_to_wage_ratio,capital-to-wage ratio,uniform_pca64,thin,1274,0.44172849758346533,0.0025289818205835868
E,capital_to_wage_ratio,capital-to-wage ratio,uniform_pca64,mid,788,0.24375462974381423,-0.00012101687419729945
E,capital_to_wage_ratio,capital-to-wage ratio,uniform_pca64,rich,787,0.4539252512793154,0.006230084524118551
E,capital_to_wage_ratio,capital-to-wage ratio,uniform_l2,stub,294,0.337579822400079,0.007989103693983202
E,capital_to_wage_ratio,capital-to-wage ratio,uniform_l2,thin,1274,0.44172849758346533,0.001594184369362317
E,capital_to_wage_ratio,capital-to-wage ratio,uniform_l2,mid,788,0.24375462974381423,0.001874832050255848
E,capital_to_wage_ratio,capital-to-wage ratio,uniform_l2,rich,787,0.4539252512793154,0.007023952790666477
E,capital_to_wage_ratio,capital-to-wage ratio,uniform_ccr,stub,294,0.337579822400079,0.008006661287613404
E,capital_to_wage_ratio,capital-to-wage ratio,uniform_ccr,thin,1274,0.44172849758346533,0.008821178558777287
E,capital_to_wage_ratio,capital-to-wage ratio,uniform_ccr,mid,788,0.24375462974381423,0.006721218858750766
E,capital_to_wage_ratio,capital-to-wage ratio,uniform_ccr,rich,787,0.4539252512793154,0.009187489659176262
E,capital_to_wage_ratio,capital-to-wage ratio,tier_conditional,stub,294,0.337579822400079,-0.0002626780318988331
E,capital_to_wage_ratio,capital-to-wage ratio,tier_conditional,thin,1274,0.44172849758346533,0.0012837702054373512
E,capital_to_wage_ratio,capital-to-wage ratio,tier_conditional,mid,788,0.24375462974381423,0.0015168798466795863
E,capital_to_wage_ratio,capital-to-wage ratio,tier_conditional,rich,787,0.4539252512793154,-0.0026840005981283444
E,capital_to_wage_ratio,capital-to-wage ratio,tier_conditional_pca64,stub,294,0.337579822400079,0.00016993945699894653
E,capital_to_wage_ratio,capital-to-wage ratio,tier_conditional_pca64,thin,1274,0.44172849758346533,0.0008736774912569967
E,capital_to_wage_ratio,capital-to-wage ratio,tier_conditional_pca64,mid,788,0.24375462974381423,0.0012094260811604807
E,capital_to_wage_ratio,capital-to-wage ratio,tier_conditional_pca64,rich,787,0.4539252512793154,0.0008810321545171806
E,capital_to_wage_ratio,capital-to-wage ratio,tier_conditional_l2,stub,294,0.337579822400079,0.0019386046048790462
E,capital_to_wage_ratio,capital-to-wage ratio,tier_conditional_l2,thin,1274,0.44172849758346533,0.0044890746916408375
E,capital_to_wage_ratio,capital-to-wage ratio,tier_conditional_l2,mid,788,0.24375462974381423,0.0011795484271781564
E,capital_to_wage_ratio,capital-to-wage ratio,tier_conditional_l2,rich,787,0.4539252512793154,-0.0011592083859394142
E,capital_to_wage_ratio,capital-to-wage ratio,tier_conditional_ccr,stub,294,0.337579822400079,0.002819579983558418
E,capital_to_wage_ratio,capital-to-wage ratio,tier_conditional_ccr,thin,1274,0.44172849758346533,0.006862581836300619
E,capital_to_wage_ratio,capital-to-wage ratio,tier_conditional_ccr,mid,788,0.24375462974381423,0.002593662329637203
E,capital_to_wage_ratio,capital-to-wage ratio,tier_conditional_ccr,rich,787,0.4539252512793154,0.0024353034510645744
E,capital_to_wage_ratio,capital-to-wage ratio,tier_conditional_inverse,stub,294,0.337579822400079,-1.937263071494222e-05
E,capital_to_wage_ratio,capital-to-wage ratio,tier_conditional_inverse,thin,1274,0.44172849758346533,0.008489956680556077
E,capital_to_wage_ratio,capital-to-wage ratio,tier_conditional_inverse,mid,788,0.24375462974381423,0.012310516322864617
E,capital_to_wage_ratio,capital-to-wage ratio,tier_conditional_inverse,rich,787,0.4539252512793154,0.0058480352382676015
E,capital_to_wage_ratio,capital-to-wage ratio,tier_conditional_inverse_pca64,stub,294,0.337579822400079,0.0017787588940281207
E,capital_to_wage_ratio,capital-to-wage ratio,tier_conditional_inverse_pca64,thin,1274,0.44172849758346533,0.0052360287474748635
E,capital_to_wage_ratio,capital-to-wage ratio,tier_conditional_inverse_pca64,mid,788,0.24375462974381423,0.010225678832136431
E,capital_to_wage_ratio,capital-to-wage ratio,tier_conditional_inverse_pca64,rich,787,0.4539252512793154,0.0013879810959975813
E,capital_to_wage_ratio,capital-to-wage ratio,tier_conditional_inverse_l2,stub,294,0.337579822400079,-0.0006505414008226573
E,capital_to_wage_ratio,capital-to-wage ratio,tier_conditional_inverse_l2,thin,1274,0.44172849758346533,0.008430244679947685
E,capital_to_wage_ratio,capital-to-wage ratio,tier_conditional_inverse_l2,mid,788,0.24375462974381423,0.011684272832075404
E,capital_to_wage_ratio,capital-to-wage ratio,tier_conditional_inverse_l2,rich,787,0.4539252512793154,0.005631195991643745
E,capital_to_wage_ratio,capital-to-wage ratio,tier_conditional_inverse_ccr,stub,294,0.337579822400079,0.00049561085712857
E,capital_to_wage_ratio,capital-to-wage ratio,tier_conditional_inverse_ccr,thin,1274,0.44172849758346533,0.00879254955533737
E,capital_to_wage_ratio,capital-to-wage ratio,tier_conditional_inverse_ccr,mid,788,0.24375462974381423,0.011969566593022063
E,capital_to_wage_ratio,capital-to-wage ratio,tier_conditional_inverse_ccr,rich,787,0.4539252512793154,0.00694366240350075
E,capital_to_wage_ratio,capital-to-wage ratio,prose_only,stub,294,0.337579822400079,9.996316182936393e-05
E,capital_to_wage_ratio,capital-to-wage ratio,prose_only,thin,1274,0.44172849758346533,0.007034001441425519
E,capital_to_wage_ratio,capital-to-wage ratio,prose_only,mid,788,0.24375462974381423,0.004857914113481687
E,capital_to_wage_ratio,capital-to-wage ratio,prose_only,rich,787,0.4539252512793154,0.007560634306774006
E,capital_to_wage_ratio,capital-to-wage ratio,prose_only_pca64,stub,294,0.337579822400079,0.002513722662371265
E,capital_to_wage_ratio,capital-to-wage ratio,prose_only_pca64,thin,1274,0.44172849758346533,0.004362225692167154
E,capital_to_wage_ratio,capital-to-wage ratio,prose_only_pca64,mid,788,0.24375462974381423,0.0017522345299411102
E,capital_to_wage_ratio,capital-to-wage ratio,prose_only_pca64,rich,787,0.4539252512793154,0.0019561632011566576
E,capital_to_wage_ratio,capital-to-wage ratio,prose_only_l2,stub,294,0.337579822400079,-0.002042287512857177
E,capital_to_wage_ratio,capital-to-wage ratio,prose_only_l2,thin,1274,0.44172849758346533,0.007630440234632885
E,capital_to_wage_ratio,capital-to-wage ratio,prose_only_l2,mid,788,0.24375462974381423,0.004971185543523937
E,capital_to_wage_ratio,capital-to-wage ratio,prose_only_l2,rich,787,0.4539252512793154,0.008438743415063454
E,capital_to_wage_ratio,capital-to-wage ratio,prose_only_ccr,stub,294,0.337579822400079,-0.004132296920195899
E,capital_to_wage_ratio,capital-to-wage ratio,prose_only_ccr,thin,1274,0.44172849758346533,0.008272396504176216
E,capital_to_wage_ratio,capital-to-wage ratio,prose_only_ccr,mid,788,0.24375462974381423,0.004907124231970816
E,capital_to_wage_ratio,capital-to-wage ratio,prose_only_ccr,rich,787,0.4539252512793154,0.010384111392148676
E,capital_to_wage_ratio,capital-to-wage ratio,prose_plus_history,stub,294,0.337579822400079,-0.0016416897346189785
E,capital_to_wage_ratio,capital-to-wage ratio,prose_plus_history,thin,1274,0.44172849758346533,0.004898403229843806
E,capital_to_wage_ratio,capital-to-wage ratio,prose_plus_history,mid,788,0.24375462974381423,0.0012971383404172254
E,capital_to_wage_ratio,capital-to-wage ratio,prose_plus_history,rich,787,0.4539252512793154,0.00913596576160558
E,capital_to_wage_ratio,capital-to-wage ratio,prose_plus_history_pca64,stub,294,0.337579822400079,-0.004367094072631139
E,capital_to_wage_ratio,capital-to-wage ratio,prose_plus_history_pca64,thin,1274,0.44172849758346533,0.0032880963647109462
E,capital_to_wage_ratio,capital-to-wage ratio,prose_plus_history_pca64,mid,788,0.24375462974381423,0.0002426140626985429
E,capital_to_wage_ratio,capital-to-wage ratio,prose_plus_history_pca64,rich,787,0.4539252512793154,0.005897928310066414
E,capital_to_wage_ratio,capital-to-wage ratio,prose_plus_history_l2,stub,294,0.337579822400079,0.005078672744917689
E,capital_to_wage_ratio,capital-to-wage ratio,prose_plus_history_l2,thin,1274,0.44172849758346533,0.00881103387509996
E,capital_to_wage_ratio,capital-to-wage ratio,prose_plus_history_l2,mid,788,0.24375462974381423,0.0017581079743672623
E,capital_to_wage_ratio,capital-to-wage ratio,prose_plus_history_l2,rich,787,0.4539252512793154,0.010776343383259723
E,capital_to_wage_ratio,capital-to-wage ratio,prose_plus_history_ccr,stub,294,0.337579822400079,0.0026259544753063357
E,capital_to_wage_ratio,capital-to-wage ratio,prose_plus_history_ccr,thin,1274,0.44172849758346533,0.009006100352161761
E,capital_to_wage_ratio,capital-to-wage ratio,prose_plus_history_ccr,mid,788,0.24375462974381423,0.0014805191500729675
E,capital_to_wage_ratio,capital-to-wage ratio,prose_plus_history_ccr,rich,787,0.4539252512793154,0.011056488490579275
E,capital_to_wage_ratio,capital-to-wage ratio,economy_all_tiers,stub,294,0.337579822400079,-0.009871199792434782
E,capital_to_wage_ratio,capital-to-wage ratio,economy_all_tiers,thin,1274,0.44172849758346533,0.007804788861789258
E,capital_to_wage_ratio,capital-to-wage ratio,economy_all_tiers,mid,788,0.24375462974381423,0.011425306705118654
E,capital_to_wage_ratio,capital-to-wage ratio,economy_all_tiers,rich,787,0.4539252512793154,0.0038093822897747875
E,capital_to_wage_ratio,capital-to-wage ratio,economy_all_tiers_pca64,stub,294,0.337579822400079,-0.00842540608217246
E,capital_to_wage_ratio,capital-to-wage ratio,economy_all_tiers_pca64,thin,1274,0.44172849758346533,0.002528278050657584
E,capital_to_wage_ratio,capital-to-wage ratio,economy_all_tiers_pca64,mid,788,0.24375462974381423,0.008791114353881802
E,capital_to_wage_ratio,capital-to-wage ratio,economy_all_tiers_pca64,rich,787,0.4539252512793154,0.0019019480786859333
E,capital_to_wage_ratio,capital-to-wage ratio,economy_all_tiers_l2,stub,294,0.337579822400079,-0.009939205080903402
E,capital_to_wage_ratio,capital-to-wage ratio,economy_all_tiers_l2,thin,1274,0.44172849758346533,0.0073528921591460294
E,capital_to_wage_ratio,capital-to-wage ratio,economy_all_tiers_l2,mid,788,0.24375462974381423,0.011815109194211915
E,capital_to_wage_ratio,capital-to-wage ratio,economy_all_tiers_l2,rich,787,0.4539252512793154,0.003565588843398082
E,capital_to_wage_ratio,capital-to-wage ratio,economy_all_tiers_ccr,stub,294,0.337579822400079,-0.009591617188284607
E,capital_to_wage_ratio,capital-to-wage ratio,economy_all_tiers_ccr,thin,1274,0.44172849758346533,0.007626846975832047
E,capital_to_wage_ratio,capital-to-wage ratio,economy_all_tiers_ccr,mid,788,0.24375462974381423,0.012077463082140083
E,capital_to_wage_ratio,capital-to-wage ratio,economy_all_tiers_ccr,rich,787,0.4539252512793154,0.003617675813629595
E,capital_to_wage_ratio,capital-to-wage ratio,prose_by_tier,stub,294,0.337579822400079,0.0013811217035231138
E,capital_to_wage_ratio,capital-to-wage ratio,prose_by_tier,thin,1274,0.44172849758346533,0.006565128137979159
E,capital_to_wage_ratio,capital-to-wage ratio,prose_by_tier,mid,788,0.24375462974381423,0.006955023154410989
E,capital_to_wage_ratio,capital-to-wage ratio,prose_by_tier,rich,787,0.4539252512793154,0.005277078107147504
E,capital_to_wage_ratio,capital-to-wage ratio,prose_by_tier_pca64,stub,294,0.337579822400079,0.0040793148067813645
E,capital_to_wage_ratio,capital-to-wage ratio,prose_by_tier_pca64,thin,1274,0.44172849758346533,0.004561333638714582
E,capital_to_wage_ratio,capital-to-wage ratio,prose_by_tier_pca64,mid,788,0.24375462974381423,0.0040310648511056035
E,capital_to_wage_ratio,capital-to-wage ratio,prose_by_tier_pca64,rich,787,0.4539252512793154,0.0035541157651298727
E,capital_to_wage_ratio,capital-to-wage ratio,prose_by_tier_l2,stub,294,0.337579822400079,-0.000356558273289842
E,capital_to_wage_ratio,capital-to-wage ratio,prose_by_tier_l2,thin,1274,0.44172849758346533,0.006113010030948662
E,capital_to_wage_ratio,capital-to-wage ratio,prose_by_tier_l2,mid,788,0.24375462974381423,0.009108573274116738
E,capital_to_wage_ratio,capital-to-wage ratio,prose_by_tier_l2,rich,787,0.4539252512793154,0.006319767640723506
E,capital_to_wage_ratio,capital-to-wage ratio,prose_by_tier_ccr,stub,294,0.337579822400079,0.00010016443585902923
E,capital_to_wage_ratio,capital-to-wage ratio,prose_by_tier_ccr,thin,1274,0.44172849758346533,0.006318135377769152
E,capital_to_wage_ratio,capital-to-wage ratio,prose_by_tier_ccr,mid,788,0.24375462974381423,0.010227743879076101
E,capital_to_wage_ratio,capital-to-wage ratio,prose_by_tier_ccr,rich,787,0.4539252512793154,0.007680406032146925
E,capital_to_wage_ratio,capital-to-wage ratio,drop_stub,stub,294,0.337579822400079,-0.004927556800940369
E,capital_to_wage_ratio,capital-to-wage ratio,drop_stub,thin,1274,0.44172849758346533,0.00187381135294451
E,capital_to_wage_ratio,capital-to-wage ratio,drop_stub,mid,788,0.24375462974381423,0.000670497491554789
E,capital_to_wage_ratio,capital-to-wage ratio,drop_stub,rich,787,0.4539252512793154,0.002873032726456781
E,capital_to_wage_ratio,capital-to-wage ratio,drop_stub_l2,stub,294,0.337579822400079,-0.007463144740886718
E,capital_to_wage_ratio,capital-to-wage ratio,drop_stub_l2,thin,1274,0.44172849758346533,0.001468616576208004
E,capital_to_wage_ratio,capital-to-wage ratio,drop_stub_l2,mid,788,0.24375462974381423,0.0016456165101672582
E,capital_to_wage_ratio,capital-to-wage ratio,drop_stub_l2,rich,787,0.4539252512793154,0.006113341483331869
E,capital_to_wage_ratio,capital-to-wage ratio,drop_thin,stub,294,0.337579822400079,-0.0032701086698357917
E,capital_to_wage_ratio,capital-to-wage ratio,drop_thin,thin,1274,0.44172849758346533,0.003794208356592943
E,capital_to_wage_ratio,capital-to-wage ratio,drop_thin,mid,788,0.24375462974381423,0.0020871459346167853
E,capital_to_wage_ratio,capital-to-wage ratio,drop_thin,rich,787,0.4539252512793154,0.002832148718001415
E,capital_to_wage_ratio,capital-to-wage ratio,drop_thin_l2,stub,294,0.337579822400079,-0.00040064832943342843
E,capital_to_wage_ratio,capital-to-wage ratio,drop_thin_l2,thin,1274,0.44172849758346533,0.0037575404076934937
E,capital_to_wage_ratio,capital-to-wage ratio,drop_thin_l2,mid,788,0.24375462974381423,0.0030954864275773986
E,capital_to_wage_ratio,capital-to-wage ratio,drop_thin_l2,rich,787,0.4539252512793154,0.00483597154616866
E,capital_to_wage_ratio,capital-to-wage ratio,drop_mid,stub,294,0.337579822400079,-0.006786436503659066
E,capital_to_wage_ratio,capital-to-wage ratio,drop_mid,thin,1274,0.44172849758346533,0.0029663178717860283
E,capital_to_wage_ratio,capital-to-wage ratio,drop_mid,mid,788,0.24375462974381423,0.0039007341219091662
E,capital_to_wage_ratio,capital-to-wage ratio,drop_mid,rich,787,0.4539252512793154,0.003785635405750498
E,capital_to_wage_ratio,capital-to-wage ratio,drop_mid_l2,stub,294,0.337579822400079,-0.000939749971694992
E,capital_to_wage_ratio,capital-to-wage ratio,drop_mid_l2,thin,1274,0.44172849758346533,0.0036087474551811383
E,capital_to_wage_ratio,capital-to-wage ratio,drop_mid_l2,mid,788,0.24375462974381423,0.00509307842550788
E,capital_to_wage_ratio,capital-to-wage ratio,drop_mid_l2,rich,787,0.4539252512793154,0.006107748781049249
E,capital_to_wage_ratio,capital-to-wage ratio,drop_rich,stub,294,0.337579822400079,0.00020338317882850898
E,capital_to_wage_ratio,capital-to-wage ratio,drop_rich,thin,1274,0.44172849758346533,0.00046938892438574964
E,capital_to_wage_ratio,capital-to-wage ratio,drop_rich,mid,788,0.24375462974381423,-0.00011863036837711505
E,capital_to_wage_ratio,capital-to-wage ratio,drop_rich,rich,787,0.4539252512793154,0.00017514065249302213
E,capital_to_wage_ratio,capital-to-wage ratio,drop_rich_l2,stub,294,0.337579822400079,-0.00010836754651077918
E,capital_to_wage_ratio,capital-to-wage ratio,drop_rich_l2,thin,1274,0.44172849758346533,0.0019366383047791924
E,capital_to_wage_ratio,capital-to-wage ratio,drop_rich_l2,mid,788,0.24375462974381423,9.955754128343486e-05
E,capital_to_wage_ratio,capital-to-wage ratio,drop_rich_l2,rich,787,0.4539252512793154,-0.001321185006215031
E,capital_to_wage_ratio,capital-to-wage ratio,typed_sections,stub,294,0.337579822400079,0.0005502561926717942
E,capital_to_wage_ratio,capital-to-wage ratio,typed_sections,thin,1274,0.44172849758346533,0.0032033998868249425
E,capital_to_wage_ratio,capital-to-wage ratio,typed_sections,mid,788,0.24375462974381423,0.0068760170870704185
E,capital_to_wage_ratio,capital-to-wage ratio,typed_sections,rich,787,0.4539252512793154,0.006369084127928248
F,distress_count,demographic distress count,lead_only,stub,294,0.2562688462877878,-0.0018081768216664518
F,distress_count,demographic distress count,lead_only,thin,1274,0.20957845038732792,0.006408482780193014
F,distress_count,demographic distress count,lead_only,mid,788,0.1674810263237544,0.0010983543932424622
F,distress_count,demographic distress count,lead_only,rich,788,0.1873698287308999,0.03373057597659124
F,distress_count,demographic distress count,lead_only_pca64,stub,294,0.2562688462877878,-0.0075890756882935895
F,distress_count,demographic distress count,lead_only_pca64,thin,1274,0.20957845038732792,0.00483420673344126
F,distress_count,demographic distress count,lead_only_pca64,mid,788,0.1674810263237544,-0.001244050414644815
F,distress_count,demographic distress count,lead_only_pca64,rich,788,0.1873698287308999,0.02198895593825967
F,distress_count,demographic distress count,lead_only_l2,stub,294,0.2562688462877878,-0.0018346031933573759
F,distress_count,demographic distress count,lead_only_l2,thin,1274,0.20957845038732792,0.006338472721702959
F,distress_count,demographic distress count,lead_only_l2,mid,788,0.1674810263237544,0.0015031633548399093
F,distress_count,demographic distress count,lead_only_l2,rich,788,0.1873698287308999,0.035395063506494906
F,distress_count,demographic distress count,lead_only_ccr,stub,294,0.2562688462877878,-0.0017606108328257486
F,distress_count,demographic distress count,lead_only_ccr,thin,1274,0.20957845038732792,0.007185330837539694
F,distress_count,demographic distress count,lead_only_ccr,mid,788,0.1674810263237544,0.0013607638107030473
F,distress_count,demographic distress count,lead_only_ccr,rich,788,0.1873698287308999,0.033983378553947396
F,distress_count,demographic distress count,uniform,stub,294,0.2562688462877878,0.0035342993651928944
F,distress_count,demographic distress count,uniform,thin,1274,0.20957845038732792,0.019048534334604295
F,distress_count,demographic distress count,uniform,mid,788,0.1674810263237544,0.014895037195540417
F,distress_count,demographic distress count,uniform,rich,788,0.1873698287308999,0.03694097608093916
F,distress_count,demographic distress count,uniform_pca64,stub,294,0.2562688462877878,-0.0010685189714161325
F,distress_count,demographic distress count,uniform_pca64,thin,1274,0.20957845038732792,0.014772539818952102
F,distress_count,demographic distress count,uniform_pca64,mid,788,0.1674810263237544,0.010937916592855812
F,distress_count,demographic distress count,uniform_pca64,rich,788,0.1873698287308999,0.03044349902202048
F,distress_count,demographic distress count,uniform_l2,stub,294,0.2562688462877878,-0.00024276658511945826
F,distress_count,demographic distress count,uniform_l2,thin,1274,0.20957845038732792,0.021488308973687587
F,distress_count,demographic distress count,uniform_l2,mid,788,0.1674810263237544,0.01753213275171983
F,distress_count,demographic distress count,uniform_l2,rich,788,0.1873698287308999,0.040277602706786486
F,distress_count,demographic distress count,uniform_ccr,stub,294,0.2562688462877878,-0.004754482501416857
F,distress_count,demographic distress count,uniform_ccr,thin,1274,0.20957845038732792,0.026494490880564547
F,distress_count,demographic distress count,uniform_ccr,mid,788,0.1674810263237544,0.02352573424087312
F,distress_count,demographic distress count,uniform_ccr,rich,788,0.1873698287308999,0.03608805190868847
F,distress_count,demographic distress count,tier_conditional,stub,294,0.2562688462877878,-0.0007318186299394291
F,distress_count,demographic distress count,tier_conditional,thin,1274,0.20957845038732792,0.012022968023042147
F,distress_count,demographic distress count,tier_conditional,mid,788,0.1674810263237544,0.002638444010276575
F,distress_count,demographic distress count,tier_conditional,rich,788,0.1873698287308999,0.04045383758361398
F,distress_count,demographic distress count,tier_conditional_pca64,stub,294,0.2562688462877878,-0.0024115574884954194
F,distress_count,demographic distress count,tier_conditional_pca64,thin,1274,0.20957845038732792,0.009117435284396014
F,distress_count,demographic distress count,tier_conditional_pca64,mid,788,0.1674810263237544,3.222475129482927e-05
F,distress_count,demographic distress count,tier_conditional_pca64,rich,788,0.1873698287308999,0.03282672214210591
F,distress_count,demographic distress count,tier_conditional_l2,stub,294,0.2562688462877878,-0.0019198677269621767
F,distress_count,demographic distress count,tier_conditional_l2,thin,1274,0.20957845038732792,0.015676127089942482
F,distress_count,demographic distress count,tier_conditional_l2,mid,788,0.1674810263237544,0.001464703091457742
F,distress_count,demographic distress count,tier_conditional_l2,rich,788,0.1873698287308999,0.041065411168151766
F,distress_count,demographic distress count,tier_conditional_ccr,stub,294,0.2562688462877878,-0.0032782987500982186
F,distress_count,demographic distress count,tier_conditional_ccr,thin,1274,0.20957845038732792,0.020293870006238723
F,distress_count,demographic distress count,tier_conditional_ccr,mid,788,0.1674810263237544,0.004551726575458548
F,distress_count,demographic distress count,tier_conditional_ccr,rich,788,0.1873698287308999,0.03665504255869312
F,distress_count,demographic distress count,tier_conditional_inverse,stub,294,0.2562688462877878,-0.005060707774328765
F,distress_count,demographic distress count,tier_conditional_inverse,thin,1274,0.20957845038732792,0.004761043290099298
F,distress_count,demographic distress count,tier_conditional_inverse,mid,788,0.1674810263237544,-0.005035609843265454
F,distress_count,demographic distress count,tier_conditional_inverse,rich,788,0.1873698287308999,0.014988470102170082
F,distress_count,demographic distress count,tier_conditional_inverse_pca64,stub,294,0.2562688462877878,-0.00377084971848185
F,distress_count,demographic distress count,tier_conditional_inverse_pca64,thin,1274,0.20957845038732792,0.004349399233610107
F,distress_count,demographic distress count,tier_conditional_inverse_pca64,mid,788,0.1674810263237544,-0.0024802317633103588
F,distress_count,demographic distress count,tier_conditional_inverse_pca64,rich,788,0.1873698287308999,0.013737292142206092
F,distress_count,demographic distress count,tier_conditional_inverse_l2,stub,294,0.2562688462877878,-0.0033349018532864427
F,distress_count,demographic distress count,tier_conditional_inverse_l2,thin,1274,0.20957845038732792,0.004603572498439346
F,distress_count,demographic distress count,tier_conditional_inverse_l2,mid,788,0.1674810263237544,-0.0025800490348482086
F,distress_count,demographic distress count,tier_conditional_inverse_l2,rich,788,0.1873698287308999,0.019688258031039352
F,distress_count,demographic distress count,tier_conditional_inverse_ccr,stub,294,0.2562688462877878,-0.003620570708711468
F,distress_count,demographic distress count,tier_conditional_inverse_ccr,thin,1274,0.20957845038732792,0.005709053701231537
F,distress_count,demographic distress count,tier_conditional_inverse_ccr,mid,788,0.1674810263237544,-0.002427812841861554
F,distress_count,demographic distress count,tier_conditional_inverse_ccr,rich,788,0.1873698287308999,0.01909572017865868
F,distress_count,demographic distress count,prose_only,stub,294,0.2562688462877878,-0.015873251314601156
F,distress_count,demographic distress count,prose_only,thin,1274,0.20957845038732792,0.026276152544666753
F,distress_count,demographic distress count,prose_only,mid,788,0.1674810263237544,0.02282261256734175
F,distress_count,demographic distress count,prose_only,rich,788,0.1873698287308999,0.04236303505493311
F,distress_count,demographic distress count,prose_only_pca64,stub,294,0.2562688462877878,-0.015061392067368229
F,distress_count,demographic distress count,prose_only_pca64,thin,1274,0.20957845038732792,0.026632784206620186
F,distress_count,demographic distress count,prose_only_pca64,mid,788,0.1674810263237544,0.021620293602830798
F,distress_count,demographic distress count,prose_only_pca64,rich,788,0.1873698287308999,0.03678504498315338
F,distress_count,demographic distress count,prose_only_l2,stub,294,0.2562688462877878,-0.016791770411193285
F,distress_count,demographic distress count,prose_only_l2,thin,1274,0.20957845038732792,0.027526646845684732
F,distress_count,demographic distress count,prose_only_l2,mid,788,0.1674810263237544,0.02617756037179675
F,distress_count,demographic distress count,prose_only_l2,rich,788,0.1873698287308999,0.048206131434095356
F,distress_count,demographic distress count,prose_only_ccr,stub,294,0.2562688462877878,-0.018913741156287633
F,distress_count,demographic distress count,prose_only_ccr,thin,1274,0.20957845038732792,0.02866356647582735
F,distress_count,demographic distress count,prose_only_ccr,mid,788,0.1674810263237544,0.025462330981073977
F,distress_count,demographic distress count,prose_only_ccr,rich,788,0.1873698287308999,0.04675491964043377
F,distress_count,demographic distress count,prose_plus_history,stub,294,0.2562688462877878,-0.0003037348566991005
F,distress_count,demographic distress count,prose_plus_history,thin,1274,0.20957845038732792,0.022699202846762634
F,distress_count,demographic distress count,prose_plus_history,mid,788,0.1674810263237544,0.022987871682054517
F,distress_count,demographic distress count,prose_plus_history,rich,788,0.1873698287308999,0.045911661086042055
F,distress_count,demographic distress count,prose_plus_history_pca64,stub,294,0.2562688462877878,-0.007591630196219223
F,distress_count,demographic distress count,prose_plus_history_pca64,thin,1274,0.20957845038732792,0.020832586768705363
F,distress_count,demographic distress count,prose_plus_history_pca64,mid,788,0.1674810263237544,0.01828900676509826
F,distress_count,demographic distress count,prose_plus_history_pca64,rich,788,0.1873698287308999,0.04087762579146503
F,distress_count,demographic distress count,prose_plus_history_l2,stub,294,0.2562688462877878,4.865361574413196e-05
F,distress_count,demographic distress count,prose_plus_history_l2,thin,1274,0.20957845038732792,0.02505220582754253
F,distress_count,demographic distress count,prose_plus_history_l2,mid,788,0.1674810263237544,0.026290573957994945
F,distress_count,demographic distress count,prose_plus_history_l2,rich,788,0.1873698287308999,0.047952319267151045
F,distress_count,demographic distress count,prose_plus_history_ccr,stub,294,0.2562688462877878,-0.0015209370211773932
F,distress_count,demographic distress count,prose_plus_history_ccr,thin,1274,0.20957845038732792,0.024605882197899276
F,distress_count,demographic distress count,prose_plus_history_ccr,mid,788,0.1674810263237544,0.02491810518976656
F,distress_count,demographic distress count,prose_plus_history_ccr,rich,788,0.1873698287308999,0.04583188604775601
F,distress_count,demographic distress count,economy_all_tiers,stub,294,0.2562688462877878,-0.002382217453308688
F,distress_count,demographic distress count,economy_all_tiers,thin,1274,0.20957845038732792,0.005417475422205165
F,distress_count,demographic distress count,economy_all_tiers,mid,788,0.1674810263237544,0.0008225377318201721
F,distress_count,demographic distress count,economy_all_tiers,rich,788,0.1873698287308999,0.024432041584077746
F,distress_count,demographic distress count,economy_all_tiers_pca64,stub,294,0.2562688462877878,-0.004765055462120582
F,distress_count,demographic distress count,economy_all_tiers_pca64,thin,1274,0.20957845038732792,0.004895993961960943
F,distress_count,demographic distress count,economy_all_tiers_pca64,mid,788,0.1674810263237544,-0.001648925833434678
F,distress_count,demographic distress count,economy_all_tiers_pca64,rich,788,0.1873698287308999,0.01670073137379613
F,distress_count,demographic distress count,economy_all_tiers_l2,stub,294,0.2562688462877878,-0.0009684546253848625
F,distress_count,demographic distress count,economy_all_tiers_l2,thin,1274,0.20957845038732792,0.005388014296998089
F,distress_count,demographic distress count,economy_all_tiers_l2,mid,788,0.1674810263237544,0.0013918573119888755
F,distress_count,demographic distress count,economy_all_tiers_l2,rich,788,0.1873698287308999,0.02562442434731993
F,distress_count,demographic distress count,economy_all_tiers_ccr,stub,294,0.2562688462877878,-0.001258225747221453
F,distress_count,demographic distress count,economy_all_tiers_ccr,thin,1274,0.20957845038732792,0.007028185562775291
F,distress_count,demographic distress count,economy_all_tiers_ccr,mid,788,0.1674810263237544,0.0006476308881995241
F,distress_count,demographic distress count,economy_all_tiers_ccr,rich,788,0.1873698287308999,0.03238359994985485
F,distress_count,demographic distress count,prose_by_tier,stub,294,0.2562688462877878,-0.0008268488447789046
F,distress_count,demographic distress count,prose_by_tier,thin,1274,0.20957845038732792,0.008777544427756911
F,distress_count,demographic distress count,prose_by_tier,mid,788,0.1674810263237544,0.009941054057222787
F,distress_count,demographic distress count,prose_by_tier,rich,788,0.1873698287308999,0.03392665518655591
F,distress_count,demographic distress count,prose_by_tier_pca64,stub,294,0.2562688462877878,-0.0021043425037227115
F,distress_count,demographic distress count,prose_by_tier_pca64,thin,1274,0.20957845038732792,0.010587377783941365
F,distress_count,demographic distress count,prose_by_tier_pca64,mid,788,0.1674810263237544,0.007232648655105756
F,distress_count,demographic distress count,prose_by_tier_pca64,rich,788,0.1873698287308999,0.028881285719936534
F,distress_count,demographic distress count,prose_by_tier_l2,stub,294,0.2562688462877878,-0.002628757413312699
F,distress_count,demographic distress count,prose_by_tier_l2,thin,1274,0.20957845038732792,0.009273814104174272
F,distress_count,demographic distress count,prose_by_tier_l2,mid,788,0.1674810263237544,0.01598767838159143
F,distress_count,demographic distress count,prose_by_tier_l2,rich,788,0.1873698287308999,0.04306002483613236
F,distress_count,demographic distress count,prose_by_tier_ccr,stub,294,0.2562688462877878,-0.003170401265248035
F,distress_count,demographic distress count,prose_by_tier_ccr,thin,1274,0.20957845038732792,0.01001823362867349
F,distress_count,demographic distress count,prose_by_tier_ccr,mid,788,0.1674810263237544,0.015559396894034738
F,distress_count,demographic distress count,prose_by_tier_ccr,rich,788,0.1873698287308999,0.04396299730130582
F,distress_count,demographic distress count,drop_stub,stub,294,0.2562688462877878,-0.006886796373934523
F,distress_count,demographic distress count,drop_stub,thin,1274,0.20957845038732792,0.014781069181031614
F,distress_count,demographic distress count,drop_stub,mid,788,0.1674810263237544,0.012791321602099281
F,distress_count,demographic distress count,drop_stub,rich,788,0.1873698287308999,0.03316106855930134
F,distress_count,demographic distress count,drop_stub_l2,stub,294,0.2562688462877878,-0.005136628936044829
F,distress_count,demographic distress count,drop_stub_l2,thin,1274,0.20957845038732792,0.018046054242057075
F,distress_count,demographic distress count,drop_stub_l2,mid,788,0.1674810263237544,0.01524910962443704
F,distress_count,demographic distress count,drop_stub_l2,rich,788,0.1873698287308999,0.03839999617639678
F,distress_count,demographic distress count,drop_thin,stub,294,0.2562688462877878,0.004449283113958091
F,distress_count,demographic distress count,drop_thin,thin,1274,0.20957845038732792,0.007209870532027929
F,distress_count,demographic distress count,drop_thin,mid,788,0.1674810263237544,0.003012220289239753
F,distress_count,demographic distress count,drop_thin,rich,788,0.1873698287308999,0.024569994115396065
F,distress_count,demographic distress count,drop_thin_l2,stub,294,0.2562688462877878,0.002528720191540379
F,distress_count,demographic distress count,drop_thin_l2,thin,1274,0.20957845038732792,0.008224918570946538
F,distress_count,demographic distress count,drop_thin_l2,mid,788,0.1674810263237544,0.005839916105196297
F,distress_count,demographic distress count,drop_thin_l2,rich,788,0.1873698287308999,0.03094618596542753
F,distress_count,demographic distress count,drop_mid,stub,294,0.2562688462877878,0.001696505415548888
F,distress_count,demographic distress count,drop_mid,thin,1274,0.20957845038732792,0.0051017248008170535
F,distress_count,demographic distress count,drop_mid,mid,788,0.1674810263237544,-0.004782493445978031
F,distress_count,demographic distress count,drop_mid,rich,788,0.1873698287308999,0.015310487849860444
F,distress_count,demographic distress count,drop_mid_l2,stub,294,0.2562688462877878,-6.323478849035169e-05
F,distress_count,demographic distress count,drop_mid_l2,thin,1274,0.20957845038732792,0.014807382286560866
F,distress_count,demographic distress count,drop_mid_l2,mid,788,0.1674810263237544,-0.00322177298429005
F,distress_count,demographic distress count,drop_mid_l2,rich,788,0.1873698287308999,0.034343465868862055
F,distress_count,demographic distress count,drop_rich,stub,294,0.2562688462877878,-0.0008898435088837697
F,distress_count,demographic distress count,drop_rich,thin,1274,0.20957845038732792,0.015712241611968047
F,distress_count,demographic distress count,drop_rich,mid,788,0.1674810263237544,0.015379283416964484
F,distress_count,demographic distress count,drop_rich,rich,788,0.1873698287308999,0.04541661212836734
F,distress_count,demographic distress count,drop_rich_l2,stub,294,0.2562688462877878,-0.0030648893481012296
F,distress_count,demographic distress count,drop_rich_l2,thin,1274,0.20957845038732792,0.019474683260581327
F,distress_count,demographic distress count,drop_rich_l2,mid,788,0.1674810263237544,0.01706005934351673
F,distress_count,demographic distress count,drop_rich_l2,rich,788,0.1873698287308999,0.04623412874331356
F,distress_count,demographic distress count,typed_sections,stub,294,0.2562688462877878,0.0009187564169080842
F,distress_count,demographic distress count,typed_sections,thin,1274,0.20957845038732792,0.01676449283673198
F,distress_count,demographic distress count,typed_sections,mid,788,0.1674810263237544,0.009366823542829805
F,distress_count,demographic distress count,typed_sections,rich,788,0.1873698287308999,0.04817962392733377
