county_name,fips_code,dominant_naics2,dominant_industry,dominant_lq
"Autauga County, Alabama",01001,31-33,Manufacturing,1.86
"Baldwin County, Alabama",01003,72,Accommodation & Food Services,1.81
"Barbour County, Alabama",01005,11,"Agriculture, Forestry, Fishing & Hunting",4.12
"Bibb County, Alabama",01007,23,Construction,3.42
"Blount County, Alabama",01009,31-33,Manufacturing,1.84
"Bullock County, Alabama",01011,22,Utilities,5.47
"Butler County, Alabama",01013,11,"Agriculture, Forestry, Fishing & Hunting",3.53
"Calhoun County, Alabama",01015,31-33,Manufacturing,1.85
"Chambers County, Alabama",01017,31-33,Manufacturing,3.63
"Cherokee County, Alabama",01019,11,"Agriculture, Forestry, Fishing & Hunting",4.89
"Chilton County, Alabama",01021,31-33,Manufacturing,2.14
"Choctaw County, Alabama",01023,11,"Agriculture, Forestry, Fishing & Hunting",8.14
"Clarke County, Alabama",01025,31-33,Manufacturing,2.39
"Clay County, Alabama",01027,31-33,Manufacturing,6.27
"Cleburne County, Alabama",01029,23,Construction,2.95
"Coffee County, Alabama",01031,11,"Agriculture, Forestry, Fishing & Hunting",2.81
"Colbert County, Alabama",01033,31-33,Manufacturing,3.0
"Conecuh County, Alabama",01035,48-49,Transportation & Warehousing,2.59
"Coosa County, Alabama",01037,44-45,Retail Trade,0.79
"Covington County, Alabama",01039,22,Utilities,12.73
"Crenshaw County, Alabama",01041,31-33,Manufacturing,2.67
"Cullman County, Alabama",01043,31-33,Manufacturing,2.49
"Dale County, Alabama",01045,31-33,Manufacturing,2.71
"Dallas County, Alabama",01047,31-33,Manufacturing,2.74
"DeKalb County, Alabama",01049,31-33,Manufacturing,3.52
"Elmore County, Alabama",01051,44-45,Retail Trade,1.86
"Escambia County, Alabama",01053,21,"Mining, Quarrying, Oil & Gas",3.0
"Etowah County, Alabama",01055,31-33,Manufacturing,1.59
"Fayette County, Alabama",01057,31-33,Manufacturing,2.03
"Franklin County, Alabama",01059,31-33,Manufacturing,5.4
"Geneva County, Alabama",01061,31-33,Manufacturing,2.02
"Greene County, Alabama",01063,31-33,Manufacturing,3.33
"Hale County, Alabama",01065,22,Utilities,2.21
"Henry County, Alabama",01067,11,"Agriculture, Forestry, Fishing & Hunting",10.42
"Houston County, Alabama",01069,44-45,Retail Trade,1.57
"Jackson County, Alabama",01071,31-33,Manufacturing,3.49
"Jefferson County, Alabama",01073,22,Utilities,3.59
"Lamar County, Alabama",01075,31-33,Manufacturing,4.14
"Lauderdale County, Alabama",01077,44-45,Retail Trade,1.64
"Lawrence County, Alabama",01079,22,Utilities,5.98
"Lee County, Alabama",01081,72,Accommodation & Food Services,1.47
"Limestone County, Alabama",01083,31-33,Manufacturing,2.89
"Lowndes County, Alabama",01085,31-33,Manufacturing,5.12
"Macon County, Alabama",01087,53,Real Estate & Rental & Leasing,1.34
"Madison County, Alabama",01089,54,"Professional, Scientific & Technical Services",2.75
"Marengo County, Alabama",01091,11,"Agriculture, Forestry, Fishing & Hunting",9.15
"Marion County, Alabama",01093,31-33,Manufacturing,4.71
"Marshall County, Alabama",01095,31-33,Manufacturing,3.86
"Mobile County, Alabama",01097,23,Construction,1.44
"Monroe County, Alabama",01099,31-33,Manufacturing,2.78
"Montgomery County, Alabama",01101,31-33,Manufacturing,1.39
"Morgan County, Alabama",01103,31-33,Manufacturing,3.4
"Perry County, Alabama",01105,61,Educational Services,5.08
"Pickens County, Alabama",01107,31-33,Manufacturing,2.25
"Pike County, Alabama",01109,48-49,Transportation & Warehousing,2.89
"Randolph County, Alabama",01111,31-33,Manufacturing,2.53
"Russell County, Alabama",01113,31-33,Manufacturing,1.86
"St. Clair County, Alabama",01115,31-33,Manufacturing,2.06
"Shelby County, Alabama",01117,22,Utilities,3.06
"Sumter County, Alabama",01119,31-33,Manufacturing,1.42
"Talladega County, Alabama",01121,31-33,Manufacturing,4.02
"Tallapoosa County, Alabama",01123,31-33,Manufacturing,2.34
"Tuscaloosa County, Alabama",01125,21,"Mining, Quarrying, Oil & Gas",3.31
"Walker County, Alabama",01127,21,"Mining, Quarrying, Oil & Gas",8.15
"Washington County, Alabama",01129,31-33,Manufacturing,6.18
"Wilcox County, Alabama",01131,11,"Agriculture, Forestry, Fishing & Hunting",4.85
"Winston County, Alabama",01133,31-33,Manufacturing,5.4
"Aleutians East Borough, Alaska",02013,31-33,Manufacturing,5.75
"Aleutians West Census Area, Alaska",02016,31-33,Manufacturing,4.91
"Anchorage Municipality, Alaska",02020,21,"Mining, Quarrying, Oil & Gas",3.29
"Bethel Census Area, Alaska",02050,22,Utilities,3.9
"Bristol Bay Borough, Alaska",02060,31-33,Manufacturing,2.61
"Chugach Census Area, Alaska",02063,48-49,Transportation & Warehousing,3.61
"Copper River Census Area, Alaska",02066,22,Utilities,14.27
"Denali Borough, Alaska",02068,71,"Arts, Entertainment & Recreation",1.7
"Dillingham Census Area, Alaska",02070,62,Health Care & Social Assistance,2.2
"Fairbanks North Star Borough, Alaska",02090,21,"Mining, Quarrying, Oil & Gas",6.93
"Haines Borough, Alaska",02100,23,Construction,3.34
"Hoonah-Angoon Census Area, Alaska",02105,44-45,Retail Trade,0.93
"Juneau City and Borough, Alaska",02110,21,"Mining, Quarrying, Oil & Gas",17.28
"Kenai Peninsula Borough, Alaska",02122,21,"Mining, Quarrying, Oil & Gas",14.79
"Ketchikan Gateway Borough, Alaska",02130,48-49,Transportation & Warehousing,1.85
"Kodiak Island Borough, Alaska",02150,31-33,Manufacturing,2.02
"Kusilvak Census Area, Alaska",02158,44-45,Retail Trade,1.7
"Lake and Peninsula Borough, Alaska",02164,48-49,Transportation & Warehousing,3.44
"Matanuska-Susitna Borough, Alaska",02170,22,Utilities,3.12
"Nome Census Area, Alaska",02180,81,Other Services (except Public Administration),3.35
"North Slope Borough, Alaska",02185,21,"Mining, Quarrying, Oil & Gas",136.08
"Northwest Arctic Borough, Alaska",02188,51,Information,0.56
"Petersburg Borough, Alaska",02195,31-33,Manufacturing,2.21
"Prince of Wales-Hyder Census Area, Alaska",02198,53,Real Estate & Rental & Leasing,1.65
"Sitka City and Borough, Alaska",02220,11,"Agriculture, Forestry, Fishing & Hunting",2.64
"Skagway Municipality, Alaska",02230,71,"Arts, Entertainment & Recreation",3.54
"Southeast Fairbanks Census Area, Alaska",02240,21,"Mining, Quarrying, Oil & Gas",85.28
"Wrangell City and Borough, Alaska",02275,44-45,Retail Trade,1.53
"Yakutat City and Borough, Alaska",02282,44-45,Retail Trade,1.5
"Yukon-Koyukuk Census Area, Alaska",02290,11,"Agriculture, Forestry, Fishing & Hunting",7.43
"Apache County, Arizona",04001,62,Health Care & Social Assistance,1.05
"Cochise County, Arizona",04003,11,"Agriculture, Forestry, Fishing & Hunting",4.62
"Coconino County, Arizona",04005,72,Accommodation & Food Services,2.48
"Gila County, Arizona",04007,72,Accommodation & Food Services,1.29
"Graham County, Arizona",04009,44-45,Retail Trade,1.41
"Greenlee County, Arizona",04011,44-45,Retail Trade,0.39
"La Paz County, Arizona",04012,44-45,Retail Trade,2.62
"Maricopa County, Arizona",04013,52,Finance & Insurance,1.53
"Mohave County, Arizona",04015,21,"Mining, Quarrying, Oil & Gas",2.31
"Navajo County, Arizona",04017,11,"Agriculture, Forestry, Fishing & Hunting",1.84
"Pima County, Arizona",04019,21,"Mining, Quarrying, Oil & Gas",1.92
"Pinal County, Arizona",04021,21,"Mining, Quarrying, Oil & Gas",5.21
"Santa Cruz County, Arizona",04023,11,"Agriculture, Forestry, Fishing & Hunting",4.83
"Yavapai County, Arizona",04025,21,"Mining, Quarrying, Oil & Gas",5.28
"Yuma County, Arizona",04027,44-45,Retail Trade,1.08
"Arkansas County, Arkansas",05001,31-33,Manufacturing,4.89
"Ashley County, Arkansas",05003,31-33,Manufacturing,2.24
"Baxter County, Arkansas",05005,62,Health Care & Social Assistance,1.87
"Benton County, Arkansas",05007,48-49,Transportation & Warehousing,1.63
"Boone County, Arkansas",05009,48-49,Transportation & Warehousing,2.32
"Bradley County, Arkansas",05011,31-33,Manufacturing,2.84
"Calhoun County, Arkansas",05013,31-33,Manufacturing,10.37
"Carroll County, Arkansas",05015,22,Utilities,4.73
"Chicot County, Arkansas",05017,11,"Agriculture, Forestry, Fishing & Hunting",9.01
"Clark County, Arkansas",05019,61,Educational Services,2.91
"Clay County, Arkansas",05021,11,"Agriculture, Forestry, Fishing & Hunting",8.54
"Cleburne County, Arkansas",05023,22,Utilities,4.33
"Cleveland County, Arkansas",05025,22,Utilities,4.15
"Columbia County, Arkansas",05027,21,"Mining, Quarrying, Oil & Gas",10.21
"Conway County, Arkansas",05029,11,"Agriculture, Forestry, Fishing & Hunting",3.16
"Craighead County, Arkansas",05031,31-33,Manufacturing,1.7
"Crawford County, Arkansas",05033,31-33,Manufacturing,3.29
"Crittenden County, Arkansas",05035,48-49,Transportation & Warehousing,4.7
"Cross County, Arkansas",05037,44-45,Retail Trade,1.53
"Dallas County, Arkansas",05039,11,"Agriculture, Forestry, Fishing & Hunting",4.44
"Desha County, Arkansas",05041,11,"Agriculture, Forestry, Fishing & Hunting",8.8
"Drew County, Arkansas",05043,11,"Agriculture, Forestry, Fishing & Hunting",4.91
"Faulkner County, Arkansas",05045,23,Construction,1.57
"Franklin County, Arkansas",05047,22,Utilities,12.34
"Fulton County, Arkansas",05049,52,Finance & Insurance,0.98
"Garland County, Arkansas",05051,71,"Arts, Entertainment & Recreation",2.75
"Grant County, Arkansas",05053,31-33,Manufacturing,4.17
"Greene County, Arkansas",05055,31-33,Manufacturing,3.18
"Hempstead County, Arkansas",05057,22,Utilities,4.19
"Hot Spring County, Arkansas",05059,22,Utilities,5.13
"Howard County, Arkansas",05061,31-33,Manufacturing,4.55
"Independence County, Arkansas",05063,31-33,Manufacturing,2.84
"Izard County, Arkansas",05065,53,Real Estate & Rental & Leasing,2.04
"Jackson County, Arkansas",05067,31-33,Manufacturing,2.4
"Jefferson County, Arkansas",05069,22,Utilities,2.87
"Johnson County, Arkansas",05071,31-33,Manufacturing,2.65
"Lafayette County, Arkansas",05073,11,"Agriculture, Forestry, Fishing & Hunting",8.82
"Lawrence County, Arkansas",05075,11,"Agriculture, Forestry, Fishing & Hunting",4.48
"Lee County, Arkansas",05077,11,"Agriculture, Forestry, Fishing & Hunting",14.61
"Lincoln County, Arkansas",05079,22,Utilities,11.73
"Little River County, Arkansas",05081,31-33,Manufacturing,3.51
"Logan County, Arkansas",05083,21,"Mining, Quarrying, Oil & Gas",3.53
"Lonoke County, Arkansas",05085,72,Accommodation & Food Services,1.52
"Madison County, Arkansas",05087,31-33,Manufacturing,3.83
"Marion County, Arkansas",05089,31-33,Manufacturing,4.33
"Miller County, Arkansas",05091,31-33,Manufacturing,2.39
"Mississippi County, Arkansas",05093,31-33,Manufacturing,4.19
"Monroe County, Arkansas",05095,11,"Agriculture, Forestry, Fishing & Hunting",7.26
"Montgomery County, Arkansas",05097,44-45,Retail Trade,1.33
"Nevada County, Arkansas",05099,11,"Agriculture, Forestry, Fishing & Hunting",2.47
"Newton County, Arkansas",05101,62,Health Care & Social Assistance,1.25
"Ouachita County, Arkansas",05103,21,"Mining, Quarrying, Oil & Gas",3.81
"Perry County, Arkansas",05105,23,Construction,1.46
"Phillips County, Arkansas",05107,61,Educational Services,2.72
"Pike County, Arkansas",05109,53,Real Estate & Rental & Leasing,2.17
"Poinsett County, Arkansas",05111,42,Wholesale Trade,2.21
"Polk County, Arkansas",05113,31-33,Manufacturing,2.52
"Pope County, Arkansas",05115,31-33,Manufacturing,2.3
"Prairie County, Arkansas",05117,11,"Agriculture, Forestry, Fishing & Hunting",12.65
"Pulaski County, Arkansas",05119,22,Utilities,2.14
"Randolph County, Arkansas",05121,11,"Agriculture, Forestry, Fishing & Hunting",5.45
"St. Francis County, Arkansas",05123,11,"Agriculture, Forestry, Fishing & Hunting",3.16
"Saline County, Arkansas",05125,23,Construction,1.75
"Scott County, Arkansas",05127,31-33,Manufacturing,4.94
"Searcy County, Arkansas",05129,44-45,Retail Trade,1.61
"Sebastian County, Arkansas",05131,22,Utilities,2.62
"Sevier County, Arkansas",05133,22,Utilities,1.46
"Sharp County, Arkansas",05135,44-45,Retail Trade,1.93
"Stone County, Arkansas",05137,22,Utilities,2.17
"Union County, Arkansas",05139,21,"Mining, Quarrying, Oil & Gas",4.85
"Van Buren County, Arkansas",05141,48-49,Transportation & Warehousing,2.24
"Washington County, Arkansas",05143,55,Management of Companies & Enterprises,2.33
"White County, Arkansas",05145,21,"Mining, Quarrying, Oil & Gas",2.3
"Woodruff County, Arkansas",05147,42,Wholesale Trade,1.61
"Yell County, Arkansas",05149,31-33,Manufacturing,4.56
"Alameda County, California",06001,31-33,Manufacturing,1.34
"Alpine County, California",06003,44-45,Retail Trade,0.2
"Amador County, California",06005,22,Utilities,2.41
"Butte County, California",06007,11,"Agriculture, Forestry, Fishing & Hunting",4.29
"Calaveras County, California",06009,22,Utilities,3.41
"Colusa County, California",06011,11,"Agriculture, Forestry, Fishing & Hunting",28.56
"Contra Costa County, California",06013,62,Health Care & Social Assistance,1.46
"Del Norte County, California",06015,44-45,Retail Trade,1.14
"El Dorado County, California",06017,71,"Arts, Entertainment & Recreation",2.31
"Fresno County, California",06019,11,"Agriculture, Forestry, Fishing & Hunting",12.24
"Glenn County, California",06021,11,"Agriculture, Forestry, Fishing & Hunting",31.79
"Humboldt County, California",06023,62,Health Care & Social Assistance,1.52
"Imperial County, California",06025,11,"Agriculture, Forestry, Fishing & Hunting",17.89
"Inyo County, California",06027,22,Utilities,4.85
"Kern County, California",06029,11,"Agriculture, Forestry, Fishing & Hunting",17.63
"Kings County, California",06031,62,Health Care & Social Assistance,1.01
"Lake County, California",06033,22,Utilities,6.01
"Lassen County, California",06035,11,"Agriculture, Forestry, Fishing & Hunting",3.93
"Los Angeles County, California",06037,51,Information,2.06
"Madera County, California",06039,62,Health Care & Social Assistance,1.25
"Marin County, California",06041,71,"Arts, Entertainment & Recreation",1.88
"Mariposa County, California",06043,72,Accommodation & Food Services,3.48
"Mendocino County, California",06045,22,Utilities,2.03
"Merced County, California",06047,31-33,Manufacturing,1.17
"Modoc County, California",06049,11,"Agriculture, Forestry, Fishing & Hunting",12.5
"Mono County, California",06051,72,Accommodation & Food Services,5.32
"Monterey County, California",06053,11,"Agriculture, Forestry, Fishing & Hunting",23.91
"Napa County, California",06055,11,"Agriculture, Forestry, Fishing & Hunting",5.71
"Nevada County, California",06057,71,"Arts, Entertainment & Recreation",2.53
"Orange County, California",06059,71,"Arts, Entertainment & Recreation",2.14
"Placer County, California",06061,22,Utilities,2.23
"Plumas County, California",06063,22,Utilities,6.92
"Riverside County, California",06065,11,"Agriculture, Forestry, Fishing & Hunting",1.89
"Sacramento County, California",06067,62,Health Care & Social Assistance,1.22
"San Benito County, California",06069,11,"Agriculture, Forestry, Fishing & Hunting",10.97
"San Bernardino County, California",06071,48-49,Transportation & Warehousing,3.09
"San Diego County, California",06073,54,"Professional, Scientific & Technical Services",1.39
"San Francisco County, California",06075,51,Information,4.71
"San Joaquin County, California",06077,11,"Agriculture, Forestry, Fishing & Hunting",5.02
"San Luis Obispo County, California",06079,11,"Agriculture, Forestry, Fishing & Hunting",4.66
"San Mateo County, California",06081,51,Information,5.62
"Santa Barbara County, California",06083,11,"Agriculture, Forestry, Fishing & Hunting",14.17
"Santa Clara County, California",06085,51,Information,4.34
"Santa Cruz County, California",06087,11,"Agriculture, Forestry, Fishing & Hunting",6.89
"Shasta County, California",06089,22,Utilities,2.07
"Sierra County, California",06091,44-45,Retail Trade,0.37
"Siskiyou County, California",06093,11,"Agriculture, Forestry, Fishing & Hunting",8.19
"Solano County, California",06095,23,Construction,1.42
"Sonoma County, California",06097,11,"Agriculture, Forestry, Fishing & Hunting",3.0
"Stanislaus County, California",06099,31-33,Manufacturing,1.38
"Sutter County, California",06101,11,"Agriculture, Forestry, Fishing & Hunting",11.94
"Tehama County, California",06103,48-49,Transportation & Warehousing,2.26
"Trinity County, California",06105,81,Other Services (except Public Administration),1.57
"Tulare County, California",06107,11,"Agriculture, Forestry, Fishing & Hunting",24.51
"Tuolumne County, California",06109,71,"Arts, Entertainment & Recreation",1.61
"Ventura County, California",06111,11,"Agriculture, Forestry, Fishing & Hunting",8.85
"Yolo County, California",06113,11,"Agriculture, Forestry, Fishing & Hunting",4.45
"Yuba County, California",06115,55,Management of Companies & Enterprises,1.06
"Adams County, Colorado",08001,48-49,Transportation & Warehousing,2.61
"Alamosa County, Colorado",08003,22,Utilities,2.51
"Arapahoe County, Colorado",08005,51,Information,2.35
"Archuleta County, Colorado",08007,53,Real Estate & Rental & Leasing,2.53
"Baca County, Colorado",08009,44-45,Retail Trade,1.24
"Bent County, Colorado",08011,52,Finance & Insurance,1.15
"Boulder County, Colorado",08013,54,"Professional, Scientific & Technical Services",2.6
"Broomfield County, Colorado",08014,55,Management of Companies & Enterprises,4.58
"Chaffee County, Colorado",08015,71,"Arts, Entertainment & Recreation",3.76
"Cheyenne County, Colorado",08017,21,"Mining, Quarrying, Oil & Gas",27.14
"Clear Creek County, Colorado",08019,71,"Arts, Entertainment & Recreation",11.26
"Conejos County, Colorado",08021,11,"Agriculture, Forestry, Fishing & Hunting",9.17
"Costilla County, Colorado",08023,11,"Agriculture, Forestry, Fishing & Hunting",16.62
"Crowley County, Colorado",08025,44-45,Retail Trade,0.66
"Custer County, Colorado",08027,71,"Arts, Entertainment & Recreation",2.48
"Delta County, Colorado",08029,11,"Agriculture, Forestry, Fishing & Hunting",6.03
"Denver County, Colorado",08031,21,"Mining, Quarrying, Oil & Gas",2.35
"Dolores County, Colorado",08033,44-45,Retail Trade,1.3
"Douglas County, Colorado",08035,52,Finance & Insurance,2.0
"Eagle County, Colorado",08037,71,"Arts, Entertainment & Recreation",6.87
"Elbert County, Colorado",08039,23,Construction,4.67
"El Paso County, Colorado",08041,54,"Professional, Scientific & Technical Services",1.6
"Fremont County, Colorado",08043,21,"Mining, Quarrying, Oil & Gas",1.37
"Garfield County, Colorado",08045,21,"Mining, Quarrying, Oil & Gas",8.88
"Gilpin County, Colorado",08047,71,"Arts, Entertainment & Recreation",25.46
"Grand County, Colorado",08049,71,"Arts, Entertainment & Recreation",11.9
"Gunnison County, Colorado",08051,71,"Arts, Entertainment & Recreation",6.76
"Hinsdale County, Colorado",08053,99,Unclassified,2.08
"Huerfano County, Colorado",08055,99,Unclassified,2.97
"Jackson County, Colorado",08057,44-45,Retail Trade,1.66
"Jefferson County, Colorado",08059,54,"Professional, Scientific & Technical Services",1.74
"Kiowa County, Colorado",08061,44-45,Retail Trade,1.6
"Kit Carson County, Colorado",08063,22,Utilities,3.74
"Lake County, Colorado",08065,71,"Arts, Entertainment & Recreation",4.67
"La Plata County, Colorado",08067,21,"Mining, Quarrying, Oil & Gas",3.44
"Larimer County, Colorado",08069,23,Construction,1.2
"Las Animas County, Colorado",08071,21,"Mining, Quarrying, Oil & Gas",13.74
"Lincoln County, Colorado",08073,22,Utilities,7.6
"Logan County, Colorado",08075,22,Utilities,6.05
"Mesa County, Colorado",08077,21,"Mining, Quarrying, Oil & Gas",6.12
"Mineral County, Colorado",08079,,Not classified,
"Moffat County, Colorado",08081,21,"Mining, Quarrying, Oil & Gas",14.42
"Montezuma County, Colorado",08083,22,Utilities,2.42
"Montrose County, Colorado",08085,22,Utilities,2.93
"Morgan County, Colorado",08087,11,"Agriculture, Forestry, Fishing & Hunting",9.11
"Otero County, Colorado",08089,11,"Agriculture, Forestry, Fishing & Hunting",4.38
"Ouray County, Colorado",08091,72,Accommodation & Food Services,2.62
"Park County, Colorado",08093,21,"Mining, Quarrying, Oil & Gas",2.05
"Phillips County, Colorado",08095,11,"Agriculture, Forestry, Fishing & Hunting",32.55
"Pitkin County, Colorado",08097,71,"Arts, Entertainment & Recreation",11.07
"Prowers County, Colorado",08099,22,Utilities,6.16
"Pueblo County, Colorado",08101,22,Utilities,1.6
"Rio Blanco County, Colorado",08103,21,"Mining, Quarrying, Oil & Gas",48.73
"Rio Grande County, Colorado",08105,11,"Agriculture, Forestry, Fishing & Hunting",23.47
"Routt County, Colorado",08107,71,"Arts, Entertainment & Recreation",7.85
"Saguache County, Colorado",08109,11,"Agriculture, Forestry, Fishing & Hunting",24.65
"San Juan County, Colorado",08111,71,"Arts, Entertainment & Recreation",5.71
"San Miguel County, Colorado",08113,71,"Arts, Entertainment & Recreation",11.58
"Sedgwick County, Colorado",08115,11,"Agriculture, Forestry, Fishing & Hunting",13.04
"Summit County, Colorado",08117,71,"Arts, Entertainment & Recreation",6.66
"Teller County, Colorado",08119,71,"Arts, Entertainment & Recreation",5.3
"Washington County, Colorado",08121,44-45,Retail Trade,1.06
"Weld County, Colorado",08123,21,"Mining, Quarrying, Oil & Gas",14.09
"Yuma County, Colorado",08125,71,"Arts, Entertainment & Recreation",2.27
"Capitol Planning Region, Connecticut",09110,52,Finance & Insurance,1.97
"Greater Bridgeport Planning Region, Connecticut",09120,61,Educational Services,2.78
"Lower Connecticut River Valley Planning Region, Connecticut",09130,61,Educational Services,2.02
"Naugatuck Valley Planning Region, Connecticut",09140,51,Information,1.6
"Northeastern Connecticut Planning Region, Connecticut",09150,61,Educational Services,1.28
"Northwest Hills Planning Region, Connecticut",09160,61,Educational Services,3.26
"South Central Connecticut Planning Region, Connecticut",09170,61,Educational Services,5.12
"Southeastern Connecticut Planning Region, Connecticut",09180,22,Utilities,2.12
"Western Connecticut Planning Region, Connecticut",09190,52,Finance & Insurance,2.18
"Kent County, Delaware",10001,44-45,Retail Trade,1.17
"New Castle County, Delaware",10003,52,Finance & Insurance,2.95
"Sussex County, Delaware",10005,31-33,Manufacturing,1.55
District of Columbia,11001,81,Other Services (except Public Administration),3.0
"Alachua County, Florida",12001,62,Health Care & Social Assistance,1.44
"Baker County, Florida",12003,48-49,Transportation & Warehousing,3.18
"Bay County, Florida",12005,53,Real Estate & Rental & Leasing,2.21
"Bradford County, Florida",12007,44-45,Retail Trade,1.93
"Brevard County, Florida",12009,31-33,Manufacturing,1.8
"Broward County, Florida",12011,53,Real Estate & Rental & Leasing,1.82
"Calhoun County, Florida",12013,62,Health Care & Social Assistance,2.05
"Charlotte County, Florida",12015,44-45,Retail Trade,1.7
"Citrus County, Florida",12017,22,Utilities,3.45
"Clay County, Florida",12019,71,"Arts, Entertainment & Recreation",1.59
"Collier County, Florida",12021,71,"Arts, Entertainment & Recreation",3.36
"Columbia County, Florida",12023,44-45,Retail Trade,1.53
"DeSoto County, Florida",12027,48-49,Transportation & Warehousing,2.97
"Dixie County, Florida",12029,11,"Agriculture, Forestry, Fishing & Hunting",4.91
"Duval County, Florida",12031,48-49,Transportation & Warehousing,1.95
"Escambia County, Florida",12033,52,Finance & Insurance,2.01
"Flagler County, Florida",12035,71,"Arts, Entertainment & Recreation",1.81
"Franklin County, Florida",12037,53,Real Estate & Rental & Leasing,2.63
"Gadsden County, Florida",12039,11,"Agriculture, Forestry, Fishing & Hunting",31.98
"Gilchrist County, Florida",12041,11,"Agriculture, Forestry, Fishing & Hunting",13.68
"Glades County, Florida",12043,56,Administrative & Support & Waste Management,2.19
"Gulf County, Florida",12045,22,Utilities,4.25
"Hamilton County, Florida",12047,44-45,Retail Trade,1.19
"Hardee County, Florida",12049,22,Utilities,9.58
"Hendry County, Florida",12051,11,"Agriculture, Forestry, Fishing & Hunting",27.91
"Hernando County, Florida",12053,44-45,Retail Trade,1.68
"Highlands County, Florida",12055,44-45,Retail Trade,1.65
"Hillsborough County, Florida",12057,52,Finance & Insurance,2.11
"Holmes County, Florida",12059,23,Construction,1.8
"Indian River County, Florida",12061,71,"Arts, Entertainment & Recreation",2.94
"Jackson County, Florida",12063,22,Utilities,3.85
"Jefferson County, Florida",12065,11,"Agriculture, Forestry, Fishing & Hunting",17.34
"Lafayette County, Florida",12067,48-49,Transportation & Warehousing,1.02
"Lake County, Florida",12069,11,"Agriculture, Forestry, Fishing & Hunting",2.67
"Lee County, Florida",12071,23,Construction,2.42
"Leon County, Florida",12073,54,"Professional, Scientific & Technical Services",1.32
"Levy County, Florida",12075,23,Construction,1.9
"Liberty County, Florida",12077,11,"Agriculture, Forestry, Fishing & Hunting",4.22
"Madison County, Florida",12079,11,"Agriculture, Forestry, Fishing & Hunting",7.02
"Manatee County, Florida",12081,11,"Agriculture, Forestry, Fishing & Hunting",2.84
"Marion County, Florida",12083,11,"Agriculture, Forestry, Fishing & Hunting",1.8
"Martin County, Florida",12085,71,"Arts, Entertainment & Recreation",2.34
"Miami-Dade County, Florida",12086,53,Real Estate & Rental & Leasing,1.87
"Monroe County, Florida",12087,72,Accommodation & Food Services,4.02
"Nassau County, Florida",12089,72,Accommodation & Food Services,2.13
"Okaloosa County, Florida",12091,54,"Professional, Scientific & Technical Services",1.86
"Okeechobee County, Florida",12093,56,Administrative & Support & Waste Management,1.91
"Orange County, Florida",12095,71,"Arts, Entertainment & Recreation",6.05
"Osceola County, Florida",12097,72,Accommodation & Food Services,1.97
"Palm Beach County, Florida",12099,71,"Arts, Entertainment & Recreation",2.23
"Pasco County, Florida",12101,22,Utilities,1.78
"Pinellas County, Florida",12103,55,Management of Companies & Enterprises,1.95
"Polk County, Florida",12105,48-49,Transportation & Warehousing,2.73
"Putnam County, Florida",12107,22,Utilities,3.86
"St. Johns County, Florida",12109,71,"Arts, Entertainment & Recreation",2.12
"St. Lucie County, Florida",12111,22,Utilities,2.69
"Santa Rosa County, Florida",12113,22,Utilities,1.97
"Sarasota County, Florida",12115,71,"Arts, Entertainment & Recreation",1.88
"Seminole County, Florida",12117,23,Construction,2.2
"Sumter County, Florida",12119,22,Utilities,3.73
"Suwannee County, Florida",12121,22,Utilities,2.34
"Taylor County, Florida",12123,31-33,Manufacturing,2.1
"Union County, Florida",12125,48-49,Transportation & Warehousing,2.16
"Volusia County, Florida",12127,61,Educational Services,1.63
"Wakulla County, Florida",12129,22,Utilities,2.03
"Walton County, Florida",12131,53,Real Estate & Rental & Leasing,3.07
"Washington County, Florida",12133,23,Construction,1.69
"Appling County, Georgia",13001,11,"Agriculture, Forestry, Fishing & Hunting",4.86
"Atkinson County, Georgia",13003,31-33,Manufacturing,6.86
"Bacon County, Georgia",13005,31-33,Manufacturing,2.04
"Baker County, Georgia",13007,11,"Agriculture, Forestry, Fishing & Hunting",26.24
"Baldwin County, Georgia",13009,62,Health Care & Social Assistance,1.58
"Banks County, Georgia",13011,72,Accommodation & Food Services,2.02
"Barrow County, Georgia",13013,44-45,Retail Trade,2.16
"Bartow County, Georgia",13015,31-33,Manufacturing,3.12
"Ben Hill County, Georgia",13017,11,"Agriculture, Forestry, Fishing & Hunting",8.01
"Berrien County, Georgia",13019,11,"Agriculture, Forestry, Fishing & Hunting",4.27
"Bibb County, Georgia",13021,61,Educational Services,1.57
"Bleckley County, Georgia",13023,11,"Agriculture, Forestry, Fishing & Hunting",3.13
"Brantley County, Georgia",13025,99,Unclassified,2.8
"Brooks County, Georgia",13027,11,"Agriculture, Forestry, Fishing & Hunting",15.92
"Bryan County, Georgia",13029,48-49,Transportation & Warehousing,3.36
"Bulloch County, Georgia",13031,99,Unclassified,1.73
"Burke County, Georgia",13033,42,Wholesale Trade,1.71
"Butts County, Georgia",13035,48-49,Transportation & Warehousing,2.64
"Calhoun County, Georgia",13037,44-45,Retail Trade,0.76
"Camden County, Georgia",13039,99,Unclassified,1.94
"Candler County, Georgia",13043,44-45,Retail Trade,1.41
"Carroll County, Georgia",13045,31-33,Manufacturing,2.05
"Catoosa County, Georgia",13047,44-45,Retail Trade,2.26
"Charlton County, Georgia",13049,31-33,Manufacturing,1.8
"Chatham County, Georgia",13051,48-49,Transportation & Warehousing,2.58
"Chattahoochee County, Georgia",13053,54,"Professional, Scientific & Technical Services",4.59
"Chattooga County, Georgia",13055,31-33,Manufacturing,3.28
"Cherokee County, Georgia",13057,99,Unclassified,3.39
"Clarke County, Georgia",13059,72,Accommodation & Food Services,1.29
"Clay County, Georgia",13061,99,Unclassified,1.95
"Clayton County, Georgia",13063,48-49,Transportation & Warehousing,9.24
"Clinch County, Georgia",13065,11,"Agriculture, Forestry, Fishing & Hunting",11.3
"Cobb County, Georgia",13067,99,Unclassified,1.9
"Coffee County, Georgia",13069,11,"Agriculture, Forestry, Fishing & Hunting",4.23
"Colquitt County, Georgia",13071,11,"Agriculture, Forestry, Fishing & Hunting",9.6
"Columbia County, Georgia",13073,48-49,Transportation & Warehousing,1.97
"Cook County, Georgia",13075,23,Construction,1.59
"Coweta County, Georgia",13077,22,Utilities,2.19
"Crawford County, Georgia",13079,23,Construction,1.67
"Crisp County, Georgia",13081,31-33,Manufacturing,1.73
"Dade County, Georgia",13083,61,Educational Services,3.83
"Dawson County, Georgia",13085,44-45,Retail Trade,2.75
"Decatur County, Georgia",13087,99,Unclassified,1.85
"DeKalb County, Georgia",13089,61,Educational Services,3.59
"Dodge County, Georgia",13091,31-33,Manufacturing,1.49
"Dooly County, Georgia",13093,48-49,Transportation & Warehousing,1.79
"Dougherty County, Georgia",13095,42,Wholesale Trade,1.63
"Douglas County, Georgia",13097,48-49,Transportation & Warehousing,1.99
"Early County, Georgia",13099,11,"Agriculture, Forestry, Fishing & Hunting",4.91
"Echols County, Georgia",13101,11,"Agriculture, Forestry, Fishing & Hunting",51.03
"Effingham County, Georgia",13103,31-33,Manufacturing,2.42
"Elbert County, Georgia",13105,21,"Mining, Quarrying, Oil & Gas",5.49
"Emanuel County, Georgia",13107,11,"Agriculture, Forestry, Fishing & Hunting",3.12
"Evans County, Georgia",13109,31-33,Manufacturing,4.88
"Fannin County, Georgia",13111,72,Accommodation & Food Services,2.07
"Fayette County, Georgia",13113,99,Unclassified,2.58
"Floyd County, Georgia",13115,56,Administrative & Support & Waste Management,2.79
"Forsyth County, Georgia",13117,99,Unclassified,3.9
"Franklin County, Georgia",13119,11,"Agriculture, Forestry, Fishing & Hunting",4.71
"Fulton County, Georgia",13121,99,Unclassified,3.89
"Gilmer County, Georgia",13123,99,Unclassified,2.39
"Glascock County, Georgia",13125,99,Unclassified,6.85
"Glynn County, Georgia",13127,72,Accommodation & Food Services,1.92
"Gordon County, Georgia",13129,31-33,Manufacturing,4.48
"Grady County, Georgia",13131,11,"Agriculture, Forestry, Fishing & Hunting",9.1
"Greene County, Georgia",13133,23,Construction,3.33
"Gwinnett County, Georgia",13135,99,Unclassified,2.68
"Habersham County, Georgia",13137,31-33,Manufacturing,3.29
"Hall County, Georgia",13139,31-33,Manufacturing,2.89
"Hancock County, Georgia",13141,44-45,Retail Trade,0.66
"Haralson County, Georgia",13143,31-33,Manufacturing,3.21
"Harris County, Georgia",13145,31-33,Manufacturing,3.13
"Hart County, Georgia",13147,31-33,Manufacturing,4.63
"Heard County, Georgia",13149,11,"Agriculture, Forestry, Fishing & Hunting",2.67
"Henry County, Georgia",13151,48-49,Transportation & Warehousing,2.86
"Houston County, Georgia",13153,72,Accommodation & Food Services,1.38
"Irwin County, Georgia",13155,11,"Agriculture, Forestry, Fishing & Hunting",9.1
"Jackson County, Georgia",13157,48-49,Transportation & Warehousing,4.2
"Jasper County, Georgia",13159,11,"Agriculture, Forestry, Fishing & Hunting",4.83
"Jeff Davis County, Georgia",13161,31-33,Manufacturing,3.22
"Jefferson County, Georgia",13163,31-33,Manufacturing,2.78
"Jenkins County, Georgia",13165,23,Construction,2.41
"Johnson County, Georgia",13167,81,Other Services (except Public Administration),1.54
"Jones County, Georgia",13169,99,Unclassified,2.23
"Lamar County, Georgia",13171,22,Utilities,6.08
"Lanier County, Georgia",13173,11,"Agriculture, Forestry, Fishing & Hunting",5.19
"Laurens County, Georgia",13175,44-45,Retail Trade,1.43
"Lee County, Georgia",13177,23,Construction,2.42
"Liberty County, Georgia",13179,22,Utilities,2.97
"Lincoln County, Georgia",13181,11,"Agriculture, Forestry, Fishing & Hunting",11.43
"Long County, Georgia",13183,23,Construction,1.39
"Lowndes County, Georgia",13185,72,Accommodation & Food Services,1.52
"Lumpkin County, Georgia",13187,99,Unclassified,2.63
"McDuffie County, Georgia",13189,31-33,Manufacturing,2.98
"McIntosh County, Georgia",13191,23,Construction,1.85
"Macon County, Georgia",13193,99,Unclassified,1.6
"Madison County, Georgia",13195,23,Construction,2.09
"Marion County, Georgia",13197,44-45,Retail Trade,0.71
"Meriwether County, Georgia",13199,11,"Agriculture, Forestry, Fishing & Hunting",3.67
"Miller County, Georgia",13201,11,"Agriculture, Forestry, Fishing & Hunting",7.13
"Mitchell County, Georgia",13205,11,"Agriculture, Forestry, Fishing & Hunting",10.1
"Monroe County, Georgia",13207,99,Unclassified,2.57
"Montgomery County, Georgia",13209,11,"Agriculture, Forestry, Fishing & Hunting",4.98
"Morgan County, Georgia",13211,42,Wholesale Trade,2.9
"Murray County, Georgia",13213,31-33,Manufacturing,4.05
"Muscogee County, Georgia",13215,52,Finance & Insurance,1.8
"Newton County, Georgia",13217,22,Utilities,2.98
"Oconee County, Georgia",13219,99,Unclassified,2.79
"Oglethorpe County, Georgia",13221,11,"Agriculture, Forestry, Fishing & Hunting",8.11
"Paulding County, Georgia",13223,99,Unclassified,2.59
"Peach County, Georgia",13225,31-33,Manufacturing,3.05
"Pickens County, Georgia",13227,22,Utilities,3.49
"Pierce County, Georgia",13229,42,Wholesale Trade,2.42
"Pike County, Georgia",13231,23,Construction,3.87
"Polk County, Georgia",13233,31-33,Manufacturing,2.96
"Pulaski County, Georgia",13235,11,"Agriculture, Forestry, Fishing & Hunting",5.89
"Putnam County, Georgia",13237,22,Utilities,2.97
"Quitman County, Georgia",13239,81,Other Services (except Public Administration),1.87
"Rabun County, Georgia",13241,22,Utilities,3.07
"Randolph County, Georgia",13243,11,"Agriculture, Forestry, Fishing & Hunting",11.53
"Richmond County, Georgia",13245,62,Health Care & Social Assistance,1.32
"Rockdale County, Georgia",13247,23,Construction,2.01
"Schley County, Georgia",13249,31-33,Manufacturing,5.0
"Screven County, Georgia",13251,11,"Agriculture, Forestry, Fishing & Hunting",5.17
"Seminole County, Georgia",13253,11,"Agriculture, Forestry, Fishing & Hunting",22.22
"Spalding County, Georgia",13255,31-33,Manufacturing,1.49
"Stephens County, Georgia",13257,31-33,Manufacturing,2.96
"Stewart County, Georgia",13259,44-45,Retail Trade,0.35
"Sumter County, Georgia",13261,11,"Agriculture, Forestry, Fishing & Hunting",6.81
"Talbot County, Georgia",13263,23,Construction,3.6
"Taliaferro County, Georgia",13265,99,Unclassified,8.81
"Tattnall County, Georgia",13267,11,"Agriculture, Forestry, Fishing & Hunting",16.68
"Taylor County, Georgia",13269,62,Health Care & Social Assistance,1.32
"Telfair County, Georgia",13271,11,"Agriculture, Forestry, Fishing & Hunting",4.18
"Terrell County, Georgia",13273,11,"Agriculture, Forestry, Fishing & Hunting",8.42
"Thomas County, Georgia",13275,31-33,Manufacturing,1.54
"Tift County, Georgia",13277,42,Wholesale Trade,1.95
"Toombs County, Georgia",13279,11,"Agriculture, Forestry, Fishing & Hunting",7.11
"Towns County, Georgia",13281,23,Construction,1.58
"Treutlen County, Georgia",13283,11,"Agriculture, Forestry, Fishing & Hunting",5.35
"Troup County, Georgia",13285,31-33,Manufacturing,3.81
"Turner County, Georgia",13287,42,Wholesale Trade,2.76
"Twiggs County, Georgia",13289,44-45,Retail Trade,0.38
"Union County, Georgia",13291,99,Unclassified,2.3
"Upson County, Georgia",13293,22,Utilities,2.1
"Walker County, Georgia",13295,31-33,Manufacturing,4.24
"Walton County, Georgia",13297,23,Construction,2.73
"Ware County, Georgia",13299,44-45,Retail Trade,1.46
"Warren County, Georgia",13301,31-33,Manufacturing,4.0
"Washington County, Georgia",13303,21,"Mining, Quarrying, Oil & Gas",10.96
"Wayne County, Georgia",13305,31-33,Manufacturing,2.02
"Webster County, Georgia",13307,99,Unclassified,2.41
"Wheeler County, Georgia",13309,11,"Agriculture, Forestry, Fishing & Hunting",10.71
"White County, Georgia",13311,72,Accommodation & Food Services,2.03
"Whitfield County, Georgia",13313,31-33,Manufacturing,3.97
"Wilcox County, Georgia",13315,11,"Agriculture, Forestry, Fishing & Hunting",6.06
"Wilkes County, Georgia",13317,23,Construction,3.24
"Wilkinson County, Georgia",13319,21,"Mining, Quarrying, Oil & Gas",81.36
"Worth County, Georgia",13321,44-45,Retail Trade,1.62
"Hawaii County, Hawaii",15001,72,Accommodation & Food Services,2.0
"Honolulu County, Hawaii",15003,72,Accommodation & Food Services,1.57
"Kauai County, Hawaii",15007,23,Construction,1.32
"Maui County, Hawaii",15009,72,Accommodation & Food Services,2.98
"Ada County, Idaho",16001,23,Construction,1.55
"Adams County, Idaho",16003,11,"Agriculture, Forestry, Fishing & Hunting",6.51
"Bannock County, Idaho",16005,23,Construction,1.33
"Bear Lake County, Idaho",16007,56,Administrative & Support & Waste Management,2.46
"Benewah County, Idaho",16009,22,Utilities,1.91
"Bingham County, Idaho",16011,31-33,Manufacturing,1.83
"Blaine County, Idaho",16013,23,Construction,3.18
"Boise County, Idaho",16015,71,"Arts, Entertainment & Recreation",15.64
"Bonner County, Idaho",16017,21,"Mining, Quarrying, Oil & Gas",3.66
"Bonneville County, Idaho",16019,62,Health Care & Social Assistance,1.45
"Boundary County, Idaho",16021,23,Construction,2.59
"Butte County, Idaho",16023,23,Construction,0.58
"Camas County, Idaho",16025,42,Wholesale Trade,4.51
"Canyon County, Idaho",16027,11,"Agriculture, Forestry, Fishing & Hunting",4.41
"Caribou County, Idaho",16029,21,"Mining, Quarrying, Oil & Gas",39.67
"Cassia County, Idaho",16031,11,"Agriculture, Forestry, Fishing & Hunting",20.75
"Clark County, Idaho",16033,42,Wholesale Trade,3.93
"Clearwater County, Idaho",16035,31-33,Manufacturing,1.79
"Custer County, Idaho",16037,71,"Arts, Entertainment & Recreation",2.41
"Elmore County, Idaho",16039,22,Utilities,1.3
"Franklin County, Idaho",16041,11,"Agriculture, Forestry, Fishing & Hunting",7.55
"Fremont County, Idaho",16043,23,Construction,1.98
"Gem County, Idaho",16045,23,Construction,1.73
"Gooding County, Idaho",16047,22,Utilities,3.94
"Idaho County, Idaho",16049,11,"Agriculture, Forestry, Fishing & Hunting",7.13
"Jefferson County, Idaho",16051,11,"Agriculture, Forestry, Fishing & Hunting",11.36
"Jerome County, Idaho",16053,31-33,Manufacturing,2.74
"Kootenai County, Idaho",16055,23,Construction,1.91
"Latah County, Idaho",16057,44-45,Retail Trade,1.39
"Lemhi County, Idaho",16059,21,"Mining, Quarrying, Oil & Gas",5.19
"Lewis County, Idaho",16061,44-45,Retail Trade,1.44
"Lincoln County, Idaho",16063,11,"Agriculture, Forestry, Fishing & Hunting",32.59
"Madison County, Idaho",16065,61,Educational Services,6.13
"Minidoka County, Idaho",16067,42,Wholesale Trade,1.97
"Nez Perce County, Idaho",16069,31-33,Manufacturing,2.28
"Oneida County, Idaho",16071,44-45,Retail Trade,1.32
"Owyhee County, Idaho",16073,23,Construction,1.3
"Payette County, Idaho",16075,22,Utilities,4.25
"Power County, Idaho",16077,11,"Agriculture, Forestry, Fishing & Hunting",18.24
"Shoshone County, Idaho",16079,71,"Arts, Entertainment & Recreation",4.48
"Teton County, Idaho",16081,71,"Arts, Entertainment & Recreation",3.81
"Twin Falls County, Idaho",16083,11,"Agriculture, Forestry, Fishing & Hunting",8.02
"Valley County, Idaho",16085,71,"Arts, Entertainment & Recreation",8.1
"Washington County, Idaho",16087,31-33,Manufacturing,2.52
"Adams County, Illinois",17001,21,"Mining, Quarrying, Oil & Gas",1.88
"Alexander County, Illinois",17003,22,Utilities,14.07
"Bond County, Illinois",17005,31-33,Manufacturing,2.16
"Boone County, Illinois",17007,23,Construction,2.45
"Brown County, Illinois",17009,61,Educational Services,0.77
"Bureau County, Illinois",17011,48-49,Transportation & Warehousing,4.55
"Calhoun County, Illinois",17013,52,Finance & Insurance,2.21
"Carroll County, Illinois",17015,31-33,Manufacturing,2.44
"Cass County, Illinois",17017,52,Finance & Insurance,1.18
"Champaign County, Illinois",17019,72,Accommodation & Food Services,1.15
"Christian County, Illinois",17021,42,Wholesale Trade,1.71
"Clark County, Illinois",17023,21,"Mining, Quarrying, Oil & Gas",3.78
"Clay County, Illinois",17025,11,"Agriculture, Forestry, Fishing & Hunting",4.59
"Clinton County, Illinois",17027,23,Construction,1.51
"Coles County, Illinois",17029,62,Health Care & Social Assistance,1.9
"Cook County, Illinois",17031,61,Educational Services,1.61
"Crawford County, Illinois",17033,21,"Mining, Quarrying, Oil & Gas",3.77
"Cumberland County, Illinois",17035,44-45,Retail Trade,1.77
"DeKalb County, Illinois",17037,44-45,Retail Trade,1.35
"De Witt County, Illinois",17039,11,"Agriculture, Forestry, Fishing & Hunting",2.83
"Douglas County, Illinois",17041,31-33,Manufacturing,4.84
"DuPage County, Illinois",17043,42,Wholesale Trade,1.91
"Edgar County, Illinois",17045,11,"Agriculture, Forestry, Fishing & Hunting",3.81
"Edwards County, Illinois",17047,42,Wholesale Trade,2.35
"Effingham County, Illinois",17049,71,"Arts, Entertainment & Recreation",1.87
"Fayette County, Illinois",17051,21,"Mining, Quarrying, Oil & Gas",2.97
"Ford County, Illinois",17053,22,Utilities,3.92
"Franklin County, Illinois",17055,81,Other Services (except Public Administration),1.36
"Fulton County, Illinois",17057,22,Utilities,3.11
"Gallatin County, Illinois",17059,11,"Agriculture, Forestry, Fishing & Hunting",18.27
"Greene County, Illinois",17061,11,"Agriculture, Forestry, Fishing & Hunting",6.78
"Grundy County, Illinois",17063,21,"Mining, Quarrying, Oil & Gas",2.51
"Hamilton County, Illinois",17065,42,Wholesale Trade,1.69
"Hancock County, Illinois",17067,22,Utilities,1.93
"Hardin County, Illinois",17069,62,Health Care & Social Assistance,2.15
"Henderson County, Illinois",17071,42,Wholesale Trade,2.6
"Henry County, Illinois",17073,23,Construction,1.7
"Iroquois County, Illinois",17075,42,Wholesale Trade,2.73
"Jackson County, Illinois",17077,61,Educational Services,1.55
"Jasper County, Illinois",17079,21,"Mining, Quarrying, Oil & Gas",4.5
"Jefferson County, Illinois",17081,31-33,Manufacturing,2.83
"Jersey County, Illinois",17083,22,Utilities,2.75
"Jo Daviess County, Illinois",17085,72,Accommodation & Food Services,2.25
"Johnson County, Illinois",17087,52,Finance & Insurance,1.09
"Kane County, Illinois",17089,31-33,Manufacturing,1.84
"Kankakee County, Illinois",17091,31-33,Manufacturing,2.11
"Kendall County, Illinois",17093,44-45,Retail Trade,1.83
"Knox County, Illinois",17095,62,Health Care & Social Assistance,1.62
"Lake County, Illinois",17097,31-33,Manufacturing,1.88
"LaSalle County, Illinois",17099,22,Utilities,6.96
"Lawrence County, Illinois",17101,21,"Mining, Quarrying, Oil & Gas",5.26
"Lee County, Illinois",17103,31-33,Manufacturing,3.1
"Livingston County, Illinois",17105,22,Utilities,2.58
"Logan County, Illinois",17107,11,"Agriculture, Forestry, Fishing & Hunting",2.95
"McDonough County, Illinois",17109,11,"Agriculture, Forestry, Fishing & Hunting",2.87
"McHenry County, Illinois",17111,42,Wholesale Trade,1.61
"McLean County, Illinois",17113,52,Finance & Insurance,4.68
"Macon County, Illinois",17115,31-33,Manufacturing,2.96
"Macoupin County, Illinois",17117,22,Utilities,3.51
"Madison County, Illinois",17119,48-49,Transportation & Warehousing,2.52
"Marion County, Illinois",17121,21,"Mining, Quarrying, Oil & Gas",2.64
"Marshall County, Illinois",17123,31-33,Manufacturing,3.45
"Mason County, Illinois",17125,42,Wholesale Trade,1.65
"Massac County, Illinois",17127,22,Utilities,2.08
"Menard County, Illinois",17129,44-45,Retail Trade,1.29
"Mercer County, Illinois",17131,11,"Agriculture, Forestry, Fishing & Hunting",3.26
"Monroe County, Illinois",17133,81,Other Services (except Public Administration),2.16
"Montgomery County, Illinois",17135,21,"Mining, Quarrying, Oil & Gas",6.76
"Morgan County, Illinois",17137,31-33,Manufacturing,2.03
"Moultrie County, Illinois",17139,31-33,Manufacturing,4.26
"Ogle County, Illinois",17141,31-33,Manufacturing,2.2
"Peoria County, Illinois",17143,55,Management of Companies & Enterprises,1.79
"Perry County, Illinois",17145,44-45,Retail Trade,1.2
"Piatt County, Illinois",17147,11,"Agriculture, Forestry, Fishing & Hunting",5.54
"Pike County, Illinois",17149,42,Wholesale Trade,1.93
"Pope County, Illinois",17151,72,Accommodation & Food Services,1.38
"Pulaski County, Illinois",17153,81,Other Services (except Public Administration),1.81
"Putnam County, Illinois",17155,31-33,Manufacturing,2.95
"Randolph County, Illinois",17157,21,"Mining, Quarrying, Oil & Gas",5.14
"Richland County, Illinois",17159,48-49,Transportation & Warehousing,4.89
"Rock Island County, Illinois",17161,42,Wholesale Trade,2.34
"St. Clair County, Illinois",17163,22,Utilities,1.55
"Saline County, Illinois",17165,48-49,Transportation & Warehousing,1.6
"Sangamon County, Illinois",17167,81,Other Services (except Public Administration),1.12
"Schuyler County, Illinois",17169,71,"Arts, Entertainment & Recreation",1.27
"Scott County, Illinois",17171,42,Wholesale Trade,1.8
"Shelby County, Illinois",17173,31-33,Manufacturing,3.15
"Stark County, Illinois",17175,11,"Agriculture, Forestry, Fishing & Hunting",12.49
"Stephenson County, Illinois",17177,11,"Agriculture, Forestry, Fishing & Hunting",5.12
"Tazewell County, Illinois",17179,31-33,Manufacturing,1.65
"Union County, Illinois",17181,22,Utilities,2.72
"Vermilion County, Illinois",17183,42,Wholesale Trade,1.89
"Wabash County, Illinois",17185,21,"Mining, Quarrying, Oil & Gas",9.93
"Warren County, Illinois",17187,31-33,Manufacturing,3.61
"Washington County, Illinois",17189,42,Wholesale Trade,3.13
"Wayne County, Illinois",17191,21,"Mining, Quarrying, Oil & Gas",5.47
"White County, Illinois",17193,21,"Mining, Quarrying, Oil & Gas",19.21
"Whiteside County, Illinois",17195,31-33,Manufacturing,1.73
"Will County, Illinois",17197,48-49,Transportation & Warehousing,3.54
"Williamson County, Illinois",17199,22,Utilities,1.83
"Winnebago County, Illinois",17201,31-33,Manufacturing,2.19
"Woodford County, Illinois",17203,11,"Agriculture, Forestry, Fishing & Hunting",4.15
"Adams County, Indiana",18001,31-33,Manufacturing,3.84
"Allen County, Indiana",18003,31-33,Manufacturing,1.83
"Bartholomew County, Indiana",18005,31-33,Manufacturing,4.65
"Benton County, Indiana",18007,11,"Agriculture, Forestry, Fishing & Hunting",13.62
"Blackford County, Indiana",18009,31-33,Manufacturing,3.59
"Boone County, Indiana",18011,48-49,Transportation & Warehousing,7.29
"Brown County, Indiana",18013,72,Accommodation & Food Services,2.26
"Carroll County, Indiana",18015,23,Construction,1.14
"Cass County, Indiana",18017,31-33,Manufacturing,3.43
"Clark County, Indiana",18019,48-49,Transportation & Warehousing,3.94
"Clay County, Indiana",18021,31-33,Manufacturing,4.38
"Clinton County, Indiana",18023,31-33,Manufacturing,4.68
"Crawford County, Indiana",18025,48-49,Transportation & Warehousing,2.04
"Daviess County, Indiana",18027,23,Construction,2.59
"Dearborn County, Indiana",18029,71,"Arts, Entertainment & Recreation",3.9
"Decatur County, Indiana",18031,31-33,Manufacturing,4.03
"DeKalb County, Indiana",18033,31-33,Manufacturing,5.03
"Delaware County, Indiana",18035,62,Health Care & Social Assistance,1.41
"Dubois County, Indiana",18037,31-33,Manufacturing,4.81
"Elkhart County, Indiana",18039,31-33,Manufacturing,6.02
"Fayette County, Indiana",18041,31-33,Manufacturing,2.28
"Floyd County, Indiana",18043,31-33,Manufacturing,2.08
"Fountain County, Indiana",18045,31-33,Manufacturing,4.58
"Franklin County, Indiana",18047,31-33,Manufacturing,2.34
"Fulton County, Indiana",18049,31-33,Manufacturing,3.1
"Gibson County, Indiana",18051,31-33,Manufacturing,6.17
"Grant County, Indiana",18053,61,Educational Services,2.69
"Greene County, Indiana",18055,22,Utilities,4.05
"Hamilton County, Indiana",18057,52,Finance & Insurance,2.27
"Hancock County, Indiana",18059,48-49,Transportation & Warehousing,2.7
"Harrison County, Indiana",18061,22,Utilities,2.8
"Hendricks County, Indiana",18063,48-49,Transportation & Warehousing,4.92
"Henry County, Indiana",18065,31-33,Manufacturing,2.97
"Howard County, Indiana",18067,31-33,Manufacturing,3.17
"Huntington County, Indiana",18069,31-33,Manufacturing,3.17
"Jackson County, Indiana",18071,11,"Agriculture, Forestry, Fishing & Hunting",4.19
"Jasper County, Indiana",18073,31-33,Manufacturing,1.6
"Jay County, Indiana",18075,31-33,Manufacturing,4.73
"Jefferson County, Indiana",18077,22,Utilities,5.8
"Jennings County, Indiana",18079,31-33,Manufacturing,3.17
"Johnson County, Indiana",18081,48-49,Transportation & Warehousing,3.32
"Knox County, Indiana",18083,21,"Mining, Quarrying, Oil & Gas",11.61
"Kosciusko County, Indiana",18085,31-33,Manufacturing,4.2
"LaGrange County, Indiana",18087,31-33,Manufacturing,5.67
"Lake County, Indiana",18089,31-33,Manufacturing,1.44
"LaPorte County, Indiana",18091,31-33,Manufacturing,2.55
"Lawrence County, Indiana",18093,21,"Mining, Quarrying, Oil & Gas",3.16
"Madison County, Indiana",18095,31-33,Manufacturing,1.61
"Marion County, Indiana",18097,56,Administrative & Support & Waste Management,1.43
"Marshall County, Indiana",18099,31-33,Manufacturing,4.83
"Martin County, Indiana",18101,54,"Professional, Scientific & Technical Services",2.39
"Miami County, Indiana",18103,11,"Agriculture, Forestry, Fishing & Hunting",2.56
"Monroe County, Indiana",18105,31-33,Manufacturing,1.51
"Montgomery County, Indiana",18107,31-33,Manufacturing,3.72
"Morgan County, Indiana",18109,22,Utilities,3.84
"Newton County, Indiana",18111,42,Wholesale Trade,0.98
"Noble County, Indiana",18113,31-33,Manufacturing,5.18
"Ohio County, Indiana",18115,42,Wholesale Trade,1.73
"Orange County, Indiana",18117,72,Accommodation & Food Services,3.19
"Owen County, Indiana",18119,22,Utilities,5.59
"Parke County, Indiana",18121,53,Real Estate & Rental & Leasing,3.05
"Perry County, Indiana",18123,31-33,Manufacturing,3.87
"Pike County, Indiana",18125,21,"Mining, Quarrying, Oil & Gas",2.48
"Porter County, Indiana",18127,31-33,Manufacturing,2.07
"Posey County, Indiana",18129,31-33,Manufacturing,3.7
"Pulaski County, Indiana",18131,31-33,Manufacturing,3.08
"Putnam County, Indiana",18133,48-49,Transportation & Warehousing,3.54
"Randolph County, Indiana",18135,31-33,Manufacturing,2.4
"Ripley County, Indiana",18137,48-49,Transportation & Warehousing,3.14
"Rush County, Indiana",18139,31-33,Manufacturing,2.48
"St. Joseph County, Indiana",18141,61,Educational Services,3.54
"Scott County, Indiana",18143,31-33,Manufacturing,4.25
"Shelby County, Indiana",18145,31-33,Manufacturing,3.26
"Spencer County, Indiana",18147,22,Utilities,8.44
"Starke County, Indiana",18149,31-33,Manufacturing,1.81
"Steuben County, Indiana",18151,31-33,Manufacturing,3.91
"Sullivan County, Indiana",18153,22,Utilities,9.61
"Switzerland County, Indiana",18155,44-45,Retail Trade,0.85
"Tippecanoe County, Indiana",18157,31-33,Manufacturing,2.43
"Tipton County, Indiana",18159,11,"Agriculture, Forestry, Fishing & Hunting",12.46
"Union County, Indiana",18161,31-33,Manufacturing,3.41
"Vanderburgh County, Indiana",18163,55,Management of Companies & Enterprises,1.9
"Vermillion County, Indiana",18165,22,Utilities,7.26
"Vigo County, Indiana",18167,31-33,Manufacturing,1.47
"Wabash County, Indiana",18169,31-33,Manufacturing,2.64
"Warren County, Indiana",18171,31-33,Manufacturing,2.82
"Warrick County, Indiana",18173,22,Utilities,4.56
"Washington County, Indiana",18175,31-33,Manufacturing,2.57
"Wayne County, Indiana",18177,31-33,Manufacturing,2.41
"Wells County, Indiana",18179,31-33,Manufacturing,3.48
"White County, Indiana",18181,22,Utilities,5.43
"Whitley County, Indiana",18183,31-33,Manufacturing,5.31
"Adair County, Iowa",19001,23,Construction,3.19
"Adams County, Iowa",19003,31-33,Manufacturing,1.94
"Allamakee County, Iowa",19005,31-33,Manufacturing,2.76
"Appanoose County, Iowa",19007,22,Utilities,5.73
"Audubon County, Iowa",19009,11,"Agriculture, Forestry, Fishing & Hunting",22.33
"Benton County, Iowa",19011,31-33,Manufacturing,1.64
"Black Hawk County, Iowa",19013,31-33,Manufacturing,2.34
"Boone County, Iowa",19015,22,Utilities,3.49
"Bremer County, Iowa",19017,52,Finance & Insurance,2.34
"Buchanan County, Iowa",19019,31-33,Manufacturing,2.85
"Buena Vista County, Iowa",19021,11,"Agriculture, Forestry, Fishing & Hunting",6.52
"Butler County, Iowa",19023,31-33,Manufacturing,3.24
"Calhoun County, Iowa",19025,11,"Agriculture, Forestry, Fishing & Hunting",4.05
"Carroll County, Iowa",19027,42,Wholesale Trade,2.41
"Cass County, Iowa",19029,81,Other Services (except Public Administration),1.75
"Cedar County, Iowa",19031,42,Wholesale Trade,2.04
"Cerro Gordo County, Iowa",19033,44-45,Retail Trade,1.46
"Cherokee County, Iowa",19035,48-49,Transportation & Warehousing,2.12
"Chickasaw County, Iowa",19037,31-33,Manufacturing,3.58
"Clarke County, Iowa",19039,31-33,Manufacturing,4.14
"Clay County, Iowa",19041,22,Utilities,2.83
"Clayton County, Iowa",19043,31-33,Manufacturing,1.9
"Clinton County, Iowa",19045,31-33,Manufacturing,3.06
"Crawford County, Iowa",19047,31-33,Manufacturing,3.53
"Dallas County, Iowa",19049,52,Finance & Insurance,7.21
"Davis County, Iowa",19051,42,Wholesale Trade,1.74
"Decatur County, Iowa",19053,48-49,Transportation & Warehousing,1.86
"Delaware County, Iowa",19055,31-33,Manufacturing,3.27
"Des Moines County, Iowa",19057,31-33,Manufacturing,2.52
"Dickinson County, Iowa",19059,31-33,Manufacturing,1.94
"Dubuque County, Iowa",19061,31-33,Manufacturing,2.18
"Emmet County, Iowa",19063,11,"Agriculture, Forestry, Fishing & Hunting",5.13
"Fayette County, Iowa",19065,31-33,Manufacturing,1.64
"Floyd County, Iowa",19067,31-33,Manufacturing,3.02
"Franklin County, Iowa",19069,11,"Agriculture, Forestry, Fishing & Hunting",5.43
"Fremont County, Iowa",19071,11,"Agriculture, Forestry, Fishing & Hunting",6.19
"Greene County, Iowa",19073,11,"Agriculture, Forestry, Fishing & Hunting",3.85
"Grundy County, Iowa",19075,11,"Agriculture, Forestry, Fishing & Hunting",11.6
"Guthrie County, Iowa",19077,11,"Agriculture, Forestry, Fishing & Hunting",9.16
"Hamilton County, Iowa",19079,42,Wholesale Trade,2.83
"Hancock County, Iowa",19081,31-33,Manufacturing,5.54
"Hardin County, Iowa",19083,42,Wholesale Trade,1.77
"Harrison County, Iowa",19085,11,"Agriculture, Forestry, Fishing & Hunting",2.91
"Henry County, Iowa",19087,48-49,Transportation & Warehousing,2.86
"Howard County, Iowa",19089,11,"Agriculture, Forestry, Fishing & Hunting",10.55
"Humboldt County, Iowa",19091,22,Utilities,6.74
"Ida County, Iowa",19093,11,"Agriculture, Forestry, Fishing & Hunting",5.03
"Iowa County, Iowa",19095,31-33,Manufacturing,3.94
"Jackson County, Iowa",19097,31-33,Manufacturing,1.74
"Jasper County, Iowa",19099,31-33,Manufacturing,1.93
"Jefferson County, Iowa",19101,52,Finance & Insurance,3.46
"Johnson County, Iowa",19103,72,Accommodation & Food Services,1.11
"Jones County, Iowa",19105,22,Utilities,3.81
"Keokuk County, Iowa",19107,42,Wholesale Trade,3.15
"Kossuth County, Iowa",19109,11,"Agriculture, Forestry, Fishing & Hunting",6.43
"Lee County, Iowa",19111,31-33,Manufacturing,3.3
"Linn County, Iowa",19113,31-33,Manufacturing,1.8
"Louisa County, Iowa",19115,31-33,Manufacturing,5.25
"Lucas County, Iowa",19117,11,"Agriculture, Forestry, Fishing & Hunting",3.68
"Lyon County, Iowa",19119,31-33,Manufacturing,1.72
"Madison County, Iowa",19121,21,"Mining, Quarrying, Oil & Gas",5.59
"Mahaska County, Iowa",19123,31-33,Manufacturing,3.07
"Marion County, Iowa",19125,31-33,Manufacturing,5.44
"Marshall County, Iowa",19127,31-33,Manufacturing,3.29
"Mills County, Iowa",19129,23,Construction,1.56
"Mitchell County, Iowa",19131,31-33,Manufacturing,3.1
"Monona County, Iowa",19133,42,Wholesale Trade,1.85
"Monroe County, Iowa",19135,31-33,Manufacturing,4.46
"Montgomery County, Iowa",19137,51,Information,1.98
"Muscatine County, Iowa",19139,31-33,Manufacturing,4.05
"O'Brien County, Iowa",19141,11,"Agriculture, Forestry, Fishing & Hunting",5.35
"Osceola County, Iowa",19143,11,"Agriculture, Forestry, Fishing & Hunting",41.41
"Page County, Iowa",19145,31-33,Manufacturing,2.64
"Palo Alto County, Iowa",19147,11,"Agriculture, Forestry, Fishing & Hunting",11.59
"Plymouth County, Iowa",19149,31-33,Manufacturing,3.17
"Pocahontas County, Iowa",19151,48-49,Transportation & Warehousing,3.36
"Polk County, Iowa",19153,52,Finance & Insurance,2.43
"Pottawattamie County, Iowa",19155,31-33,Manufacturing,1.68
"Poweshiek County, Iowa",19157,52,Finance & Insurance,2.11
"Ringgold County, Iowa",19159,23,Construction,1.4
"Sac County, Iowa",19161,31-33,Manufacturing,2.44
"Scott County, Iowa",19163,55,Management of Companies & Enterprises,2.22
"Shelby County, Iowa",19165,11,"Agriculture, Forestry, Fishing & Hunting",3.76
"Sioux County, Iowa",19167,11,"Agriculture, Forestry, Fishing & Hunting",10.04
"Story County, Iowa",19169,31-33,Manufacturing,1.28
"Tama County, Iowa",19171,31-33,Manufacturing,2.38
"Taylor County, Iowa",19173,11,"Agriculture, Forestry, Fishing & Hunting",6.94
"Union County, Iowa",19175,22,Utilities,3.78
"Van Buren County, Iowa",19177,31-33,Manufacturing,3.17
"Wapello County, Iowa",19179,31-33,Manufacturing,3.01
"Warren County, Iowa",19181,23,Construction,1.67
"Washington County, Iowa",19183,23,Construction,1.87
"Wayne County, Iowa",19185,31-33,Manufacturing,3.72
"Webster County, Iowa",19187,31-33,Manufacturing,1.89
"Winnebago County, Iowa",19189,11,"Agriculture, Forestry, Fishing & Hunting",11.04
"Winneshiek County, Iowa",19191,61,Educational Services,2.64
"Woodbury County, Iowa",19193,31-33,Manufacturing,1.89
"Worth County, Iowa",19195,31-33,Manufacturing,3.33
"Wright County, Iowa",19197,31-33,Manufacturing,3.29
"Allen County, Kansas",20001,31-33,Manufacturing,3.22
"Anderson County, Kansas",20003,21,"Mining, Quarrying, Oil & Gas",4.7
"Atchison County, Kansas",20005,31-33,Manufacturing,1.86
"Barber County, Kansas",20007,21,"Mining, Quarrying, Oil & Gas",14.86
"Barton County, Kansas",20009,21,"Mining, Quarrying, Oil & Gas",7.39
"Bourbon County, Kansas",20011,31-33,Manufacturing,2.04
"Brown County, Kansas",20013,31-33,Manufacturing,2.54
"Butler County, Kansas",20015,21,"Mining, Quarrying, Oil & Gas",1.38
"Chase County, Kansas",20017,44-45,Retail Trade,0.5
"Chautauqua County, Kansas",20019,21,"Mining, Quarrying, Oil & Gas",19.0
"Cherokee County, Kansas",20021,31-33,Manufacturing,3.61
"Cheyenne County, Kansas",20023,42,Wholesale Trade,2.86
"Clark County, Kansas",20025,44-45,Retail Trade,0.78
"Clay County, Kansas",20027,11,"Agriculture, Forestry, Fishing & Hunting",4.79
"Cloud County, Kansas",20029,42,Wholesale Trade,2.64
"Coffey County, Kansas",20031,21,"Mining, Quarrying, Oil & Gas",3.59
"Comanche County, Kansas",20033,11,"Agriculture, Forestry, Fishing & Hunting",6.2
"Cowley County, Kansas",20035,31-33,Manufacturing,3.58
"Crawford County, Kansas",20037,31-33,Manufacturing,2.1
"Decatur County, Kansas",20039,42,Wholesale Trade,2.45
"Dickinson County, Kansas",20041,31-33,Manufacturing,2.83
"Doniphan County, Kansas",20043,31-33,Manufacturing,2.51
"Douglas County, Kansas",20045,81,Other Services (except Public Administration),1.7
"Edwards County, Kansas",20047,42,Wholesale Trade,1.62
"Elk County, Kansas",20049,21,"Mining, Quarrying, Oil & Gas",15.56
"Ellis County, Kansas",20051,21,"Mining, Quarrying, Oil & Gas",7.07
"Ellsworth County, Kansas",20053,31-33,Manufacturing,1.6
"Finney County, Kansas",20055,11,"Agriculture, Forestry, Fishing & Hunting",4.23
"Ford County, Kansas",20057,31-33,Manufacturing,4.72
"Franklin County, Kansas",20059,48-49,Transportation & Warehousing,4.78
"Geary County, Kansas",20061,48-49,Transportation & Warehousing,2.09
"Gove County, Kansas",20063,11,"Agriculture, Forestry, Fishing & Hunting",16.34
"Graham County, Kansas",20065,21,"Mining, Quarrying, Oil & Gas",15.04
"Grant County, Kansas",20067,11,"Agriculture, Forestry, Fishing & Hunting",15.51
"Gray County, Kansas",20069,11,"Agriculture, Forestry, Fishing & Hunting",28.7
"Greeley County, Kansas",20071,11,"Agriculture, Forestry, Fishing & Hunting",23.57
"Greenwood County, Kansas",20073,21,"Mining, Quarrying, Oil & Gas",12.76
"Hamilton County, Kansas",20075,52,Finance & Insurance,2.14
"Harper County, Kansas",20077,21,"Mining, Quarrying, Oil & Gas",6.33
"Harvey County, Kansas",20079,31-33,Manufacturing,2.32
"Haskell County, Kansas",20081,11,"Agriculture, Forestry, Fishing & Hunting",42.79
"Hodgeman County, Kansas",20083,48-49,Transportation & Warehousing,2.36
"Jackson County, Kansas",20085,44-45,Retail Trade,0.94
"Jefferson County, Kansas",20087,23,Construction,4.5
"Jewell County, Kansas",20089,42,Wholesale Trade,2.5
"Johnson County, Kansas",20091,55,Management of Companies & Enterprises,1.68
"Kearny County, Kansas",20093,52,Finance & Insurance,0.99
"Kingman County, Kansas",20095,23,Construction,3.73
"Kiowa County, Kansas",20097,42,Wholesale Trade,1.18
"Labette County, Kansas",20099,31-33,Manufacturing,2.75
"Lane County, Kansas",20101,42,Wholesale Trade,2.98
"Leavenworth County, Kansas",20103,23,Construction,1.3
"Lincoln County, Kansas",20105,42,Wholesale Trade,2.67
"Linn County, Kansas",20107,21,"Mining, Quarrying, Oil & Gas",5.45
"Logan County, Kansas",20109,42,Wholesale Trade,1.28
"Lyon County, Kansas",20111,31-33,Manufacturing,2.99
"McPherson County, Kansas",20113,31-33,Manufacturing,4.24
"Marion County, Kansas",20115,11,"Agriculture, Forestry, Fishing & Hunting",5.05
"Marshall County, Kansas",20117,31-33,Manufacturing,2.98
"Meade County, Kansas",20119,48-49,Transportation & Warehousing,2.27
"Miami County, Kansas",20121,53,Real Estate & Rental & Leasing,2.15
"Mitchell County, Kansas",20123,11,"Agriculture, Forestry, Fishing & Hunting",8.78
"Montgomery County, Kansas",20125,31-33,Manufacturing,2.38
"Morris County, Kansas",20127,51,Information,1.94
"Morton County, Kansas",20129,21,"Mining, Quarrying, Oil & Gas",11.04
"Nemaha County, Kansas",20131,31-33,Manufacturing,3.06
"Neosho County, Kansas",20133,31-33,Manufacturing,2.9
"Ness County, Kansas",20135,21,"Mining, Quarrying, Oil & Gas",38.72
"Norton County, Kansas",20137,31-33,Manufacturing,1.32
"Osage County, Kansas",20139,81,Other Services (except Public Administration),1.29
"Osborne County, Kansas",20141,21,"Mining, Quarrying, Oil & Gas",2.44
"Ottawa County, Kansas",20143,11,"Agriculture, Forestry, Fishing & Hunting",4.03
"Pawnee County, Kansas",20145,23,Construction,0.97
"Phillips County, Kansas",20147,21,"Mining, Quarrying, Oil & Gas",10.19
"Pottawatomie County, Kansas",20149,31-33,Manufacturing,2.16
"Pratt County, Kansas",20151,21,"Mining, Quarrying, Oil & Gas",12.73
"Rawlins County, Kansas",20153,11,"Agriculture, Forestry, Fishing & Hunting",7.54
"Reno County, Kansas",20155,55,Management of Companies & Enterprises,1.79
"Republic County, Kansas",20157,42,Wholesale Trade,2.02
"Rice County, Kansas",20159,11,"Agriculture, Forestry, Fishing & Hunting",11.83
"Riley County, Kansas",20161,81,Other Services (except Public Administration),1.75
"Rooks County, Kansas",20163,21,"Mining, Quarrying, Oil & Gas",15.28
"Rush County, Kansas",20165,31-33,Manufacturing,2.29
"Russell County, Kansas",20167,21,"Mining, Quarrying, Oil & Gas",18.57
"Saline County, Kansas",20169,31-33,Manufacturing,1.91
"Scott County, Kansas",20171,11,"Agriculture, Forestry, Fishing & Hunting",30.94
"Sedgwick County, Kansas",20173,31-33,Manufacturing,2.22
"Seward County, Kansas",20175,21,"Mining, Quarrying, Oil & Gas",5.66
"Shawnee County, Kansas",20177,52,Finance & Insurance,1.36
"Sheridan County, Kansas",20179,48-49,Transportation & Warehousing,1.55
"Sherman County, Kansas",20181,42,Wholesale Trade,2.89
"Smith County, Kansas",20183,42,Wholesale Trade,4.51
"Stafford County, Kansas",20185,11,"Agriculture, Forestry, Fishing & Hunting",11.46
"Stanton County, Kansas",20187,52,Finance & Insurance,1.31
"Stevens County, Kansas",20189,21,"Mining, Quarrying, Oil & Gas",40.4
"Sumner County, Kansas",20191,11,"Agriculture, Forestry, Fishing & Hunting",2.16
"Thomas County, Kansas",20193,22,Utilities,3.16
"Trego County, Kansas",20195,21,"Mining, Quarrying, Oil & Gas",4.41
"Wabaunsee County, Kansas",20197,21,"Mining, Quarrying, Oil & Gas",15.46
"Wallace County, Kansas",20199,11,"Agriculture, Forestry, Fishing & Hunting",17.47
"Washington County, Kansas",20201,11,"Agriculture, Forestry, Fishing & Hunting",9.97
"Wichita County, Kansas",20203,11,"Agriculture, Forestry, Fishing & Hunting",25.0
"Wilson County, Kansas",20205,31-33,Manufacturing,2.93
"Woodson County, Kansas",20207,21,"Mining, Quarrying, Oil & Gas",20.74
"Wyandotte County, Kansas",20209,48-49,Transportation & Warehousing,3.05
"Adair County, Kentucky",21001,44-45,Retail Trade,1.48
"Allen County, Kentucky",21003,31-33,Manufacturing,3.11
"Anderson County, Kentucky",21005,31-33,Manufacturing,2.84
"Ballard County, Kentucky",21007,11,"Agriculture, Forestry, Fishing & Hunting",3.72
"Barren County, Kentucky",21009,44-45,Retail Trade,1.6
"Bath County, Kentucky",21011,23,Construction,2.31
"Bell County, Kentucky",21013,22,Utilities,3.77
"Boone County, Kentucky",21015,48-49,Transportation & Warehousing,5.36
"Bourbon County, Kentucky",21017,42,Wholesale Trade,2.22
"Boyd County, Kentucky",21019,22,Utilities,1.97
"Boyle County, Kentucky",21021,22,Utilities,1.95
"Bracken County, Kentucky",21023,23,Construction,1.29
"Breathitt County, Kentucky",21025,44-45,Retail Trade,1.75
"Breckinridge County, Kentucky",21027,23,Construction,1.57
"Bullitt County, Kentucky",21029,48-49,Transportation & Warehousing,6.89
"Butler County, Kentucky",21031,31-33,Manufacturing,4.0
"Caldwell County, Kentucky",21033,31-33,Manufacturing,3.09
"Calloway County, Kentucky",21035,48-49,Transportation & Warehousing,1.93
"Campbell County, Kentucky",21037,72,Accommodation & Food Services,1.5
"Carlisle County, Kentucky",21039,23,Construction,1.25
"Carroll County, Kentucky",21041,31-33,Manufacturing,5.32
"Carter County, Kentucky",21043,81,Other Services (except Public Administration),1.68
"Casey County, Kentucky",21045,31-33,Manufacturing,3.35
"Christian County, Kentucky",21047,31-33,Manufacturing,2.46
"Clark County, Kentucky",21049,22,Utilities,2.59
"Clay County, Kentucky",21051,62,Health Care & Social Assistance,1.81
"Clinton County, Kentucky",21053,31-33,Manufacturing,5.45
"Crittenden County, Kentucky",21055,31-33,Manufacturing,2.52
"Cumberland County, Kentucky",21057,62,Health Care & Social Assistance,3.38
"Daviess County, Kentucky",21059,31-33,Manufacturing,1.94
"Edmonson County, Kentucky",21061,23,Construction,1.41
"Elliott County, Kentucky",21063,62,Health Care & Social Assistance,0.69
"Estill County, Kentucky",21065,44-45,Retail Trade,1.18
"Fayette County, Kentucky",21067,11,"Agriculture, Forestry, Fishing & Hunting",1.18
"Fleming County, Kentucky",21069,22,Utilities,5.78
"Floyd County, Kentucky",21071,51,Information,1.99
"Franklin County, Kentucky",21073,56,Administrative & Support & Waste Management,2.0
"Fulton County, Kentucky",21075,31-33,Manufacturing,3.34
"Gallatin County, Kentucky",21077,56,Administrative & Support & Waste Management,0.52
"Garrard County, Kentucky",21079,23,Construction,3.19
"Grant County, Kentucky",21081,72,Accommodation & Food Services,2.11
"Graves County, Kentucky",21083,31-33,Manufacturing,2.4
"Grayson County, Kentucky",21085,31-33,Manufacturing,2.09
"Green County, Kentucky",21087,44-45,Retail Trade,1.19
"Greenup County, Kentucky",21089,44-45,Retail Trade,1.53
"Hancock County, Kentucky",21091,31-33,Manufacturing,8.2
"Hardin County, Kentucky",21093,31-33,Manufacturing,2.28
"Harlan County, Kentucky",21095,44-45,Retail Trade,1.36
"Harrison County, Kentucky",21097,31-33,Manufacturing,2.74
"Hart County, Kentucky",21099,31-33,Manufacturing,6.1
"Henderson County, Kentucky",21101,31-33,Manufacturing,3.23
"Henry County, Kentucky",21103,31-33,Manufacturing,1.86
"Hickman County, Kentucky",21105,11,"Agriculture, Forestry, Fishing & Hunting",15.91
"Hopkins County, Kentucky",21107,48-49,Transportation & Warehousing,2.02
"Jackson County, Kentucky",21109,51,Information,1.97
"Jefferson County, Kentucky",21111,48-49,Transportation & Warehousing,2.01
"Jessamine County, Kentucky",21113,61,Educational Services,1.88
"Johnson County, Kentucky",21115,44-45,Retail Trade,2.45
"Kenton County, Kentucky",21117,55,Management of Companies & Enterprises,2.55
"Knott County, Kentucky",21119,51,Information,3.51
"Knox County, Kentucky",21121,22,Utilities,2.12
"Larue County, Kentucky",21123,31-33,Manufacturing,1.7
"Laurel County, Kentucky",21125,48-49,Transportation & Warehousing,2.17
"Lawrence County, Kentucky",21127,44-45,Retail Trade,1.78
"Lee County, Kentucky",21129,56,Administrative & Support & Waste Management,2.43
"Leslie County, Kentucky",21131,62,Health Care & Social Assistance,2.14
"Letcher County, Kentucky",21133,44-45,Retail Trade,1.65
"Lewis County, Kentucky",21135,62,Health Care & Social Assistance,1.62
"Lincoln County, Kentucky",21137,44-45,Retail Trade,1.41
"Livingston County, Kentucky",21139,21,"Mining, Quarrying, Oil & Gas",36.03
"Logan County, Kentucky",21141,31-33,Manufacturing,4.14
"Lyon County, Kentucky",21143,72,Accommodation & Food Services,1.5
"McCracken County, Kentucky",21145,48-49,Transportation & Warehousing,2.08
"McCreary County, Kentucky",21147,31-33,Manufacturing,1.38
"McLean County, Kentucky",21149,22,Utilities,1.49
"Madison County, Kentucky",21151,31-33,Manufacturing,1.57
"Magoffin County, Kentucky",21153,62,Health Care & Social Assistance,1.56
"Marion County, Kentucky",21155,31-33,Manufacturing,4.96
"Marshall County, Kentucky",21157,31-33,Manufacturing,2.54
"Martin County, Kentucky",21159,44-45,Retail Trade,1.34
"Mason County, Kentucky",21161,44-45,Retail Trade,1.64
"Meade County, Kentucky",21163,23,Construction,2.87
"Menifee County, Kentucky",21165,31-33,Manufacturing,1.42
"Mercer County, Kentucky",21167,31-33,Manufacturing,3.55
"Metcalfe County, Kentucky",21169,31-33,Manufacturing,2.79
"Monroe County, Kentucky",21171,11,"Agriculture, Forestry, Fishing & Hunting",2.78
"Montgomery County, Kentucky",21173,31-33,Manufacturing,3.24
"Morgan County, Kentucky",21175,23,Construction,2.21
"Muhlenberg County, Kentucky",21177,11,"Agriculture, Forestry, Fishing & Hunting",2.74
"Nelson County, Kentucky",21179,31-33,Manufacturing,3.57
"Nicholas County, Kentucky",21181,31-33,Manufacturing,1.91
"Ohio County, Kentucky",21183,31-33,Manufacturing,3.85
"Oldham County, Kentucky",21185,52,Finance & Insurance,2.53
"Owen County, Kentucky",21187,42,Wholesale Trade,3.51
"Owsley County, Kentucky",21189,81,Other Services (except Public Administration),0.47
"Pendleton County, Kentucky",21191,31-33,Manufacturing,1.08
"Perry County, Kentucky",21193,62,Health Care & Social Assistance,2.14
"Pike County, Kentucky",21195,22,Utilities,2.34
"Powell County, Kentucky",21197,21,"Mining, Quarrying, Oil & Gas",2.66
"Pulaski County, Kentucky",21199,22,Utilities,1.8
"Robertson County, Kentucky",21201,99,Unclassified,1.71
"Rockcastle County, Kentucky",21203,44-45,Retail Trade,0.7
"Rowan County, Kentucky",21205,31-33,Manufacturing,1.49
"Russell County, Kentucky",21207,31-33,Manufacturing,4.06
"Scott County, Kentucky",21209,31-33,Manufacturing,5.16
"Shelby County, Kentucky",21211,22,Utilities,2.7
"Simpson County, Kentucky",21213,31-33,Manufacturing,3.47
"Spencer County, Kentucky",21215,23,Construction,2.1
"Taylor County, Kentucky",21217,44-45,Retail Trade,1.3
"Todd County, Kentucky",21219,42,Wholesale Trade,2.74
"Trigg County, Kentucky",21221,44-45,Retail Trade,1.59
"Trimble County, Kentucky",21223,23,Construction,1.75
"Union County, Kentucky",21225,31-33,Manufacturing,2.21
"Warren County, Kentucky",21227,31-33,Manufacturing,1.97
"Washington County, Kentucky",21229,31-33,Manufacturing,4.16
"Wayne County, Kentucky",21231,31-33,Manufacturing,2.08
"Webster County, Kentucky",21233,23,Construction,3.49
"Whitley County, Kentucky",21235,56,Administrative & Support & Waste Management,1.3
"Wolfe County, Kentucky",21237,53,Real Estate & Rental & Leasing,3.48
"Woodford County, Kentucky",21239,61,Educational Services,2.38
"Acadia Parish, Louisiana",22001,21,"Mining, Quarrying, Oil & Gas",2.32
"Allen Parish, Louisiana",22003,21,"Mining, Quarrying, Oil & Gas",2.91
"Ascension Parish, Louisiana",22005,23,Construction,3.57
"Assumption Parish, Louisiana",22007,31-33,Manufacturing,3.06
"Avoyelles Parish, Louisiana",22009,44-45,Retail Trade,1.46
"Beauregard Parish, Louisiana",22011,11,"Agriculture, Forestry, Fishing & Hunting",5.09
"Bienville Parish, Louisiana",22013,21,"Mining, Quarrying, Oil & Gas",22.08
"Bossier Parish, Louisiana",22015,21,"Mining, Quarrying, Oil & Gas",6.6
"Caddo Parish, Louisiana",22017,62,Health Care & Social Assistance,1.52
"Calcasieu Parish, Louisiana",22019,23,Construction,1.77
"Caldwell Parish, Louisiana",22021,22,Utilities,3.36
"Cameron Parish, Louisiana",22023,23,Construction,7.7
"Catahoula Parish, Louisiana",22025,21,"Mining, Quarrying, Oil & Gas",4.29
"Claiborne Parish, Louisiana",22027,21,"Mining, Quarrying, Oil & Gas",25.33
"Concordia Parish, Louisiana",22029,21,"Mining, Quarrying, Oil & Gas",4.1
"De Soto Parish, Louisiana",22031,21,"Mining, Quarrying, Oil & Gas",37.22
"East Baton Rouge Parish, Louisiana",22033,23,Construction,1.88
"East Carroll Parish, Louisiana",22035,11,"Agriculture, Forestry, Fishing & Hunting",14.15
"East Feliciana Parish, Louisiana",22037,23,Construction,1.71
"Evangeline Parish, Louisiana",22039,22,Utilities,3.33
"Franklin Parish, Louisiana",22041,22,Utilities,3.4
"Grant Parish, Louisiana",22043,23,Construction,1.15
"Iberia Parish, Louisiana",22045,21,"Mining, Quarrying, Oil & Gas",19.95
"Iberville Parish, Louisiana",22047,31-33,Manufacturing,4.05
"Jackson Parish, Louisiana",22049,62,Health Care & Social Assistance,1.49
"Jefferson Parish, Louisiana",22051,44-45,Retail Trade,1.33
"Jefferson Davis Parish, Louisiana",22053,21,"Mining, Quarrying, Oil & Gas",4.3
"Lafayette Parish, Louisiana",22055,21,"Mining, Quarrying, Oil & Gas",12.01
"Lafourche Parish, Louisiana",22057,21,"Mining, Quarrying, Oil & Gas",10.67
"LaSalle Parish, Louisiana",22059,21,"Mining, Quarrying, Oil & Gas",13.32
"Lincoln Parish, Louisiana",22061,21,"Mining, Quarrying, Oil & Gas",2.34
"Livingston Parish, Louisiana",22063,53,Real Estate & Rental & Leasing,1.79
"Madison Parish, Louisiana",22065,44-45,Retail Trade,1.04
"Morehouse Parish, Louisiana",22067,22,Utilities,2.32
"Natchitoches Parish, Louisiana",22069,31-33,Manufacturing,2.1
"Orleans Parish, Louisiana",22071,61,Educational Services,4.28
"Ouachita Parish, Louisiana",22073,22,Utilities,1.96
"Plaquemines Parish, Louisiana",22075,21,"Mining, Quarrying, Oil & Gas",11.1
"Pointe Coupee Parish, Louisiana",22077,22,Utilities,9.41
"Rapides Parish, Louisiana",22079,62,Health Care & Social Assistance,1.45
"Red River Parish, Louisiana",22081,11,"Agriculture, Forestry, Fishing & Hunting",5.63
"Richland Parish, Louisiana",22083,23,Construction,1.56
"Sabine Parish, Louisiana",22085,11,"Agriculture, Forestry, Fishing & Hunting",5.34
"St. Bernard Parish, Louisiana",22087,31-33,Manufacturing,2.03
"St. Charles Parish, Louisiana",22089,22,Utilities,8.22
"St. Helena Parish, Louisiana",22091,44-45,Retail Trade,0.99
"St. James Parish, Louisiana",22093,31-33,Manufacturing,3.72
"St. John the Baptist Parish, Louisiana",22095,31-33,Manufacturing,2.21
"St. Landry Parish, Louisiana",22097,21,"Mining, Quarrying, Oil & Gas",4.41
"St. Martin Parish, Louisiana",22099,21,"Mining, Quarrying, Oil & Gas",3.81
"St. Mary Parish, Louisiana",22101,21,"Mining, Quarrying, Oil & Gas",20.4
"St. Tammany Parish, Louisiana",22103,21,"Mining, Quarrying, Oil & Gas",2.24
"Tangipahoa Parish, Louisiana",22105,72,Accommodation & Food Services,1.42
"Tensas Parish, Louisiana",22107,44-45,Retail Trade,0.75
"Terrebonne Parish, Louisiana",22109,21,"Mining, Quarrying, Oil & Gas",21.47
"Union Parish, Louisiana",22111,61,Educational Services,2.21
"Vermilion Parish, Louisiana",22113,21,"Mining, Quarrying, Oil & Gas",13.34
"Vernon Parish, Louisiana",22115,22,Utilities,2.2
"Washington Parish, Louisiana",22117,22,Utilities,2.51
"Webster Parish, Louisiana",22119,21,"Mining, Quarrying, Oil & Gas",5.78
"West Baton Rouge Parish, Louisiana",22121,48-49,Transportation & Warehousing,3.95
"West Carroll Parish, Louisiana",22123,22,Utilities,3.6
"West Feliciana Parish, Louisiana",22125,23,Construction,1.41
"Winn Parish, Louisiana",22127,11,"Agriculture, Forestry, Fishing & Hunting",10.97
"Androscoggin County, Maine",23001,11,"Agriculture, Forestry, Fishing & Hunting",1.68
"Aroostook County, Maine",23003,11,"Agriculture, Forestry, Fishing & Hunting",6.51
"Cumberland County, Maine",23005,55,Management of Companies & Enterprises,2.54
"Franklin County, Maine",23007,71,"Arts, Entertainment & Recreation",3.75
"Hancock County, Maine",23009,23,Construction,1.72
"Kennebec County, Maine",23011,61,Educational Services,1.7
"Knox County, Maine",23013,11,"Agriculture, Forestry, Fishing & Hunting",2.19
"Lincoln County, Maine",23015,71,"Arts, Entertainment & Recreation",1.72
"Oxford County, Maine",23017,71,"Arts, Entertainment & Recreation",3.35
"Penobscot County, Maine",23019,55,Management of Companies & Enterprises,1.71
"Piscataquis County, Maine",23021,31-33,Manufacturing,2.13
"Sagadahoc County, Maine",23023,23,Construction,1.3
"Somerset County, Maine",23025,22,Utilities,2.22
"Waldo County, Maine",23027,55,Management of Companies & Enterprises,4.94
"Washington County, Maine",23029,22,Utilities,1.73
"York County, Maine",23031,31-33,Manufacturing,1.41
"Allegany County, Maryland",24001,62,Health Care & Social Assistance,1.43
"Anne Arundel County, Maryland",24003,54,"Professional, Scientific & Technical Services",1.47
"Baltimore County, Maryland",24005,62,Health Care & Social Assistance,1.32
"Calvert County, Maryland",24009,22,Utilities,13.32
"Caroline County, Maryland",24011,11,"Agriculture, Forestry, Fishing & Hunting",4.28
"Carroll County, Maryland",24013,23,Construction,2.07
"Cecil County, Maryland",24015,71,"Arts, Entertainment & Recreation",3.0
"Charles County, Maryland",24017,44-45,Retail Trade,1.72
"Dorchester County, Maryland",24019,31-33,Manufacturing,3.21
"Frederick County, Maryland",24021,23,Construction,1.74
"Garrett County, Maryland",24023,21,"Mining, Quarrying, Oil & Gas",4.72
"Harford County, Maryland",24025,48-49,Transportation & Warehousing,1.96
"Howard County, Maryland",24027,54,"Professional, Scientific & Technical Services",2.82
"Kent County, Maryland",24029,71,"Arts, Entertainment & Recreation",2.56
"Montgomery County, Maryland",24031,54,"Professional, Scientific & Technical Services",1.95
"Prince George's County, Maryland",24033,23,Construction,1.74
"Queen Anne's County, Maryland",24035,81,Other Services (except Public Administration),1.71
"St. Mary's County, Maryland",24037,54,"Professional, Scientific & Technical Services",3.28
"Somerset County, Maryland",24039,42,Wholesale Trade,1.34
"Talbot County, Maryland",24041,71,"Arts, Entertainment & Recreation",1.92
"Washington County, Maryland",24043,48-49,Transportation & Warehousing,2.9
"Wicomico County, Maryland",24045,62,Health Care & Social Assistance,1.62
"Worcester County, Maryland",24047,72,Accommodation & Food Services,3.03
"Baltimore City, Maryland",24510,61,Educational Services,4.03
"Barnstable County, Massachusetts",25001,71,"Arts, Entertainment & Recreation",1.7
"Berkshire County, Massachusetts",25003,61,Educational Services,2.44
"Bristol County, Massachusetts",25005,44-45,Retail Trade,1.39
"Dukes County, Massachusetts",25007,44-45,Retail Trade,1.46
"Essex County, Massachusetts",25009,31-33,Manufacturing,1.49
"Franklin County, Massachusetts",25011,61,Educational Services,2.91
"Hampden County, Massachusetts",25013,62,Health Care & Social Assistance,1.77
"Hampshire County, Massachusetts",25015,61,Educational Services,5.6
"Middlesex County, Massachusetts",25017,61,Educational Services,3.01
"Nantucket County, Massachusetts",25019,53,Real Estate & Rental & Leasing,2.03
"Norfolk County, Massachusetts",25021,71,"Arts, Entertainment & Recreation",1.7
"Plymouth County, Massachusetts",25023,81,Other Services (except Public Administration),1.56
"Suffolk County, Massachusetts",25025,61,Educational Services,2.91
"Worcester County, Massachusetts",25027,22,Utilities,2.27
"Alcona County, Michigan",26001,44-45,Retail Trade,1.98
"Alger County, Michigan",26003,72,Accommodation & Food Services,1.9
"Allegan County, Michigan",26005,11,"Agriculture, Forestry, Fishing & Hunting",5.41
"Alpena County, Michigan",26007,99,Unclassified,2.68
"Antrim County, Michigan",26009,23,Construction,2.1
"Arenac County, Michigan",26011,31-33,Manufacturing,2.23
"Baraga County, Michigan",26013,31-33,Manufacturing,2.18
"Barry County, Michigan",26015,11,"Agriculture, Forestry, Fishing & Hunting",5.27
"Bay County, Michigan",26017,31-33,Manufacturing,1.6
"Benzie County, Michigan",26019,72,Accommodation & Food Services,2.74
"Berrien County, Michigan",26021,31-33,Manufacturing,2.23
"Branch County, Michigan",26023,31-33,Manufacturing,3.07
"Calhoun County, Michigan",26025,31-33,Manufacturing,2.28
"Cass County, Michigan",26027,31-33,Manufacturing,2.68
"Charlevoix County, Michigan",26029,22,Utilities,4.51
"Cheboygan County, Michigan",26031,23,Construction,2.29
"Chippewa County, Michigan",26033,23,Construction,1.22
"Clare County, Michigan",26035,81,Other Services (except Public Administration),1.85
"Clinton County, Michigan",26037,99,Unclassified,2.47
"Crawford County, Michigan",26039,31-33,Manufacturing,1.91
"Delta County, Michigan",26041,81,Other Services (except Public Administration),1.94
"Dickinson County, Michigan",26043,99,Unclassified,3.18
"Eaton County, Michigan",26045,52,Finance & Insurance,2.7
"Emmet County, Michigan",26047,71,"Arts, Entertainment & Recreation",2.47
"Genesee County, Michigan",26049,56,Administrative & Support & Waste Management,1.41
"Gladwin County, Michigan",26051,99,Unclassified,3.5
"Gogebic County, Michigan",26053,71,"Arts, Entertainment & Recreation",2.64
"Grand Traverse County, Michigan",26055,99,Unclassified,2.1
"Gratiot County, Michigan",26057,42,Wholesale Trade,1.83
"Hillsdale County, Michigan",26059,31-33,Manufacturing,3.59
"Houghton County, Michigan",26061,23,Construction,1.36
"Huron County, Michigan",26063,99,Unclassified,1.83
"Ingham County, Michigan",26065,81,Other Services (except Public Administration),1.27
"Ionia County, Michigan",26067,11,"Agriculture, Forestry, Fishing & Hunting",7.36
"Iosco County, Michigan",26069,48-49,Transportation & Warehousing,4.33
"Iron County, Michigan",26071,99,Unclassified,4.44
"Isabella County, Michigan",26073,21,"Mining, Quarrying, Oil & Gas",3.11
"Jackson County, Michigan",26075,31-33,Manufacturing,2.03
"Kalamazoo County, Michigan",26077,31-33,Manufacturing,2.13
"Kalkaska County, Michigan",26079,21,"Mining, Quarrying, Oil & Gas",16.99
"Kent County, Michigan",26081,56,Administrative & Support & Waste Management,2.09
"Keweenaw County, Michigan",26083,31-33,Manufacturing,1.72
"Lake County, Michigan",26085,99,Unclassified,1.99
"Lapeer County, Michigan",26087,31-33,Manufacturing,2.51
"Leelanau County, Michigan",26089,99,Unclassified,2.57
"Lenawee County, Michigan",26091,61,Educational Services,2.9
"Livingston County, Michigan",26093,99,Unclassified,3.03
"Luce County, Michigan",26095,11,"Agriculture, Forestry, Fishing & Hunting",3.51
"Mackinac County, Michigan",26097,72,Accommodation & Food Services,2.0
"Macomb County, Michigan",26099,31-33,Manufacturing,2.34
"Manistee County, Michigan",26101,31-33,Manufacturing,2.29
"Marquette County, Michigan",26103,21,"Mining, Quarrying, Oil & Gas",13.38
"Mason County, Michigan",26105,22,Utilities,3.38
"Mecosta County, Michigan",26107,99,Unclassified,2.21
"Menominee County, Michigan",26109,31-33,Manufacturing,3.82
"Midland County, Michigan",26111,55,Management of Companies & Enterprises,6.26
"Missaukee County, Michigan",26113,11,"Agriculture, Forestry, Fishing & Hunting",30.31
"Monroe County, Michigan",26115,99,Unclassified,1.91
"Montcalm County, Michigan",26117,11,"Agriculture, Forestry, Fishing & Hunting",3.59
"Montmorency County, Michigan",26119,31-33,Manufacturing,2.68
"Muskegon County, Michigan",26121,31-33,Manufacturing,2.77
"Newaygo County, Michigan",26123,11,"Agriculture, Forestry, Fishing & Hunting",5.58
"Oakland County, Michigan",26125,54,"Professional, Scientific & Technical Services",1.78
"Oceana County, Michigan",26127,99,Unclassified,3.39
"Ogemaw County, Michigan",26129,99,Unclassified,2.26
"Ontonagon County, Michigan",26131,44-45,Retail Trade,2.85
"Osceola County, Michigan",26133,31-33,Manufacturing,3.56
"Oscoda County, Michigan",26135,99,Unclassified,2.65
"Otsego County, Michigan",26137,22,Utilities,2.58
"Ottawa County, Michigan",26139,31-33,Manufacturing,3.63
"Presque Isle County, Michigan",26141,99,Unclassified,3.09
"Roscommon County, Michigan",26143,72,Accommodation & Food Services,2.74
"Saginaw County, Michigan",26145,31-33,Manufacturing,1.81
"St. Clair County, Michigan",26147,31-33,Manufacturing,1.76
"St. Joseph County, Michigan",26149,31-33,Manufacturing,4.31
"Sanilac County, Michigan",26151,31-33,Manufacturing,3.26
"Schoolcraft County, Michigan",26153,23,Construction,1.08
"Shiawassee County, Michigan",26155,31-33,Manufacturing,1.53
"Tuscola County, Michigan",26157,31-33,Manufacturing,1.33
"Van Buren County, Michigan",26159,11,"Agriculture, Forestry, Fishing & Hunting",6.17
"Washtenaw County, Michigan",26161,54,"Professional, Scientific & Technical Services",1.17
"Wayne County, Michigan",26163,48-49,Transportation & Warehousing,1.83
"Wexford County, Michigan",26165,31-33,Manufacturing,2.85
"Aitkin County, Minnesota",27001,72,Accommodation & Food Services,1.4
"Anoka County, Minnesota",27003,31-33,Manufacturing,2.15
"Becker County, Minnesota",27005,31-33,Manufacturing,2.0
"Beltrami County, Minnesota",27007,22,Utilities,1.57
"Benton County, Minnesota",27009,31-33,Manufacturing,2.45
"Big Stone County, Minnesota",27011,23,Construction,1.37
"Blue Earth County, Minnesota",27013,62,Health Care & Social Assistance,1.57
"Brown County, Minnesota",27015,31-33,Manufacturing,2.16
"Carlton County, Minnesota",27017,22,Utilities,1.78
"Carver County, Minnesota",27019,31-33,Manufacturing,2.49
"Cass County, Minnesota",27021,53,Real Estate & Rental & Leasing,1.65
"Chippewa County, Minnesota",27023,31-33,Manufacturing,2.12
"Chisago County, Minnesota",27025,31-33,Manufacturing,2.03
"Clay County, Minnesota",27027,61,Educational Services,2.09
"Clearwater County, Minnesota",27029,23,Construction,3.0
"Cook County, Minnesota",27031,53,Real Estate & Rental & Leasing,4.36
"Cottonwood County, Minnesota",27033,31-33,Manufacturing,2.18
"Crow Wing County, Minnesota",27035,44-45,Retail Trade,1.53
"Dakota County, Minnesota",27037,48-49,Transportation & Warehousing,1.38
"Dodge County, Minnesota",27039,31-33,Manufacturing,3.19
"Douglas County, Minnesota",27041,31-33,Manufacturing,2.28
"Faribault County, Minnesota",27043,11,"Agriculture, Forestry, Fishing & Hunting",4.23
"Fillmore County, Minnesota",27045,22,Utilities,3.0
"Freeborn County, Minnesota",27047,31-33,Manufacturing,2.8
"Goodhue County, Minnesota",27049,31-33,Manufacturing,2.74
"Grant County, Minnesota",27051,11,"Agriculture, Forestry, Fishing & Hunting",8.92
"Hennepin County, Minnesota",27053,55,Management of Companies & Enterprises,3.2
"Houston County, Minnesota",27055,11,"Agriculture, Forestry, Fishing & Hunting",3.72
"Hubbard County, Minnesota",27057,11,"Agriculture, Forestry, Fishing & Hunting",4.55
"Isanti County, Minnesota",27059,44-45,Retail Trade,1.96
"Itasca County, Minnesota",27061,22,Utilities,5.11
"Jackson County, Minnesota",27063,11,"Agriculture, Forestry, Fishing & Hunting",6.04
"Kanabec County, Minnesota",27065,62,Health Care & Social Assistance,1.86
"Kandiyohi County, Minnesota",27067,62,Health Care & Social Assistance,1.61
"Kittson County, Minnesota",27069,42,Wholesale Trade,2.03
"Koochiching County, Minnesota",27071,72,Accommodation & Food Services,1.41
"Lac qui Parle County, Minnesota",27073,42,Wholesale Trade,2.59
"Lake County, Minnesota",27075,31-33,Manufacturing,1.64
"Lake of the Woods County, Minnesota",27077,11,"Agriculture, Forestry, Fishing & Hunting",4.53
"Le Sueur County, Minnesota",27079,31-33,Manufacturing,3.91
"Lincoln County, Minnesota",27081,11,"Agriculture, Forestry, Fishing & Hunting",14.28
"Lyon County, Minnesota",27083,11,"Agriculture, Forestry, Fishing & Hunting",1.95
"McLeod County, Minnesota",27085,31-33,Manufacturing,3.55
"Mahnomen County, Minnesota",27087,11,"Agriculture, Forestry, Fishing & Hunting",9.84
"Marshall County, Minnesota",27089,42,Wholesale Trade,1.68
"Martin County, Minnesota",27091,11,"Agriculture, Forestry, Fishing & Hunting",6.96
"Meeker County, Minnesota",27093,31-33,Manufacturing,3.15
"Mille Lacs County, Minnesota",27095,44-45,Retail Trade,1.21
"Morrison County, Minnesota",27097,44-45,Retail Trade,1.44
"Mower County, Minnesota",27099,31-33,Manufacturing,2.93
"Murray County, Minnesota",27101,11,"Agriculture, Forestry, Fishing & Hunting",3.27
"Nicollet County, Minnesota",27103,31-33,Manufacturing,2.8
"Nobles County, Minnesota",27105,11,"Agriculture, Forestry, Fishing & Hunting",4.41
"Norman County, Minnesota",27107,11,"Agriculture, Forestry, Fishing & Hunting",17.95
"Olmsted County, Minnesota",27109,62,Health Care & Social Assistance,3.25
"Otter Tail County, Minnesota",27111,22,Utilities,5.88
"Pennington County, Minnesota",27113,44-45,Retail Trade,1.0
"Pine County, Minnesota",27115,44-45,Retail Trade,1.49
"Pipestone County, Minnesota",27117,22,Utilities,2.4
"Polk County, Minnesota",27119,31-33,Manufacturing,1.94
"Pope County, Minnesota",27121,42,Wholesale Trade,2.4
"Ramsey County, Minnesota",27123,55,Management of Companies & Enterprises,2.58
"Red Lake County, Minnesota",27125,11,"Agriculture, Forestry, Fishing & Hunting",5.79
"Redwood County, Minnesota",27127,31-33,Manufacturing,2.26
"Renville County, Minnesota",27129,31-33,Manufacturing,2.24
"Rice County, Minnesota",27131,61,Educational Services,4.1
"Rock County, Minnesota",27133,31-33,Manufacturing,2.09
"Roseau County, Minnesota",27135,31-33,Manufacturing,6.12
"St. Louis County, Minnesota",27137,21,"Mining, Quarrying, Oil & Gas",8.34
"Scott County, Minnesota",27139,48-49,Transportation & Warehousing,4.03
"Sherburne County, Minnesota",27141,31-33,Manufacturing,1.77
"Sibley County, Minnesota",27143,11,"Agriculture, Forestry, Fishing & Hunting",31.06
"Stearns County, Minnesota",27145,11,"Agriculture, Forestry, Fishing & Hunting",1.77
"Steele County, Minnesota",27147,31-33,Manufacturing,2.92
"Stevens County, Minnesota",27149,31-33,Manufacturing,1.97
"Swift County, Minnesota",27151,42,Wholesale Trade,2.48
"Todd County, Minnesota",27153,31-33,Manufacturing,2.92
"Traverse County, Minnesota",27155,11,"Agriculture, Forestry, Fishing & Hunting",13.09
"Wabasha County, Minnesota",27157,31-33,Manufacturing,2.2
"Wadena County, Minnesota",27159,22,Utilities,2.29
"Waseca County, Minnesota",27161,31-33,Manufacturing,1.55
"Washington County, Minnesota",27163,11,"Agriculture, Forestry, Fishing & Hunting",1.76
"Watonwan County, Minnesota",27165,31-33,Manufacturing,3.8
"Wilkin County, Minnesota",27167,42,Wholesale Trade,2.43
"Winona County, Minnesota",27169,31-33,Manufacturing,2.79
"Wright County, Minnesota",27171,31-33,Manufacturing,1.69
"Yellow Medicine County, Minnesota",27173,42,Wholesale Trade,1.38
"Adams County, Mississippi",28001,21,"Mining, Quarrying, Oil & Gas",4.71
"Alcorn County, Mississippi",28003,31-33,Manufacturing,2.59
"Amite County, Mississippi",28005,11,"Agriculture, Forestry, Fishing & Hunting",6.78
"Attala County, Mississippi",28007,22,Utilities,3.18
"Benton County, Mississippi",28009,31-33,Manufacturing,2.13
"Bolivar County, Mississippi",28011,11,"Agriculture, Forestry, Fishing & Hunting",2.92
"Calhoun County, Mississippi",28013,11,"Agriculture, Forestry, Fishing & Hunting",15.35
"Carroll County, Mississippi",28015,23,Construction,2.92
"Chickasaw County, Mississippi",28017,11,"Agriculture, Forestry, Fishing & Hunting",5.6
"Choctaw County, Mississippi",28019,31-33,Manufacturing,1.41
"Claiborne County, Mississippi",28021,31-33,Manufacturing,0.49
"Clarke County, Mississippi",28023,21,"Mining, Quarrying, Oil & Gas",11.61
"Clay County, Mississippi",28025,31-33,Manufacturing,3.85
"Coahoma County, Mississippi",28027,22,Utilities,1.73
"Copiah County, Mississippi",28029,11,"Agriculture, Forestry, Fishing & Hunting",3.97
"Covington County, Mississippi",28031,31-33,Manufacturing,3.51
"DeSoto County, Mississippi",28033,48-49,Transportation & Warehousing,5.16
"Forrest County, Mississippi",28035,22,Utilities,3.58
"Franklin County, Mississippi",28037,11,"Agriculture, Forestry, Fishing & Hunting",10.31
"George County, Mississippi",28039,44-45,Retail Trade,1.89
"Greene County, Mississippi",28041,81,Other Services (except Public Administration),1.48
"Grenada County, Mississippi",28043,31-33,Manufacturing,3.66
"Hancock County, Mississippi",28045,22,Utilities,3.59
"Harrison County, Mississippi",28047,22,Utilities,3.27
"Hinds County, Mississippi",28049,62,Health Care & Social Assistance,1.42
"Holmes County, Mississippi",28051,31-33,Manufacturing,1.54
"Humphreys County, Mississippi",28053,11,"Agriculture, Forestry, Fishing & Hunting",6.48
"Issaquena County, Mississippi",28055,11,"Agriculture, Forestry, Fishing & Hunting",13.97
"Itawamba County, Mississippi",28057,31-33,Manufacturing,3.58
"Jackson County, Mississippi",28059,31-33,Manufacturing,3.45
"Jasper County, Mississippi",28061,21,"Mining, Quarrying, Oil & Gas",7.33
"Jefferson County, Mississippi",28063,22,Utilities,31.12
"Jefferson Davis County, Mississippi",28065,23,Construction,6.25
"Jones County, Mississippi",28067,21,"Mining, Quarrying, Oil & Gas",5.34
"Kemper County, Mississippi",28069,22,Utilities,12.36
"Lafayette County, Mississippi",28071,72,Accommodation & Food Services,2.17
"Lamar County, Mississippi",28073,44-45,Retail Trade,2.55
"Lauderdale County, Mississippi",28075,22,Utilities,1.95
"Lawrence County, Mississippi",28077,31-33,Manufacturing,3.84
"Leake County, Mississippi",28079,22,Utilities,4.02
"Lee County, Mississippi",28081,31-33,Manufacturing,2.22
"Leflore County, Mississippi",28083,11,"Agriculture, Forestry, Fishing & Hunting",4.5
"Lincoln County, Mississippi",28085,11,"Agriculture, Forestry, Fishing & Hunting",3.17
"Lowndes County, Mississippi",28087,22,Utilities,2.36
"Madison County, Mississippi",28089,48-49,Transportation & Warehousing,2.39
"Marion County, Mississippi",28091,23,Construction,3.03
"Marshall County, Mississippi",28093,48-49,Transportation & Warehousing,7.65
"Monroe County, Mississippi",28095,31-33,Manufacturing,3.24
"Montgomery County, Mississippi",28097,11,"Agriculture, Forestry, Fishing & Hunting",7.09
"Neshoba County, Mississippi",28099,23,Construction,2.81
"Newton County, Mississippi",28101,22,Utilities,2.87
"Noxubee County, Mississippi",28103,11,"Agriculture, Forestry, Fishing & Hunting",7.08
"Oktibbeha County, Mississippi",28105,72,Accommodation & Food Services,1.87
"Panola County, Mississippi",28107,22,Utilities,3.91
"Pearl River County, Mississippi",28109,21,"Mining, Quarrying, Oil & Gas",2.36
"Perry County, Mississippi",28111,11,"Agriculture, Forestry, Fishing & Hunting",4.69
"Pike County, Mississippi",28113,11,"Agriculture, Forestry, Fishing & Hunting",2.81
"Pontotoc County, Mississippi",28115,31-33,Manufacturing,5.5
"Prentiss County, Mississippi",28117,31-33,Manufacturing,2.63
"Quitman County, Mississippi",28119,44-45,Retail Trade,1.17
"Rankin County, Mississippi",28121,48-49,Transportation & Warehousing,1.76
"Scott County, Mississippi",28123,31-33,Manufacturing,6.4
"Sharkey County, Mississippi",28125,44-45,Retail Trade,1.32
"Simpson County, Mississippi",28127,22,Utilities,1.72
"Smith County, Mississippi",28129,22,Utilities,14.67
"Stone County, Mississippi",28131,11,"Agriculture, Forestry, Fishing & Hunting",5.57
"Sunflower County, Mississippi",28133,11,"Agriculture, Forestry, Fishing & Hunting",4.57
"Tallahatchie County, Mississippi",28135,11,"Agriculture, Forestry, Fishing & Hunting",5.01
"Tate County, Mississippi",28137,31-33,Manufacturing,2.07
"Tippah County, Mississippi",28139,21,"Mining, Quarrying, Oil & Gas",9.88
"Tishomingo County, Mississippi",28141,31-33,Manufacturing,5.29
"Tunica County, Mississippi",28143,11,"Agriculture, Forestry, Fishing & Hunting",6.0
"Union County, Mississippi",28145,31-33,Manufacturing,4.32
"Walthall County, Mississippi",28147,22,Utilities,1.8
"Warren County, Mississippi",28149,72,Accommodation & Food Services,1.72
"Washington County, Mississippi",28151,11,"Agriculture, Forestry, Fishing & Hunting",2.99
"Wayne County, Mississippi",28153,11,"Agriculture, Forestry, Fishing & Hunting",5.27
"Webster County, Mississippi",28155,22,Utilities,2.16
"Wilkinson County, Mississippi",28157,22,Utilities,3.5
"Winston County, Mississippi",28159,11,"Agriculture, Forestry, Fishing & Hunting",2.62
"Yalobusha County, Mississippi",28161,31-33,Manufacturing,3.92
"Yazoo County, Mississippi",28163,21,"Mining, Quarrying, Oil & Gas",3.85
"Adair County, Missouri",29001,44-45,Retail Trade,1.62
"Andrew County, Missouri",29003,23,Construction,1.65
"Atchison County, Missouri",29005,11,"Agriculture, Forestry, Fishing & Hunting",15.63
"Audrain County, Missouri",29007,11,"Agriculture, Forestry, Fishing & Hunting",3.18
"Barry County, Missouri",29009,31-33,Manufacturing,4.41
"Barton County, Missouri",29011,11,"Agriculture, Forestry, Fishing & Hunting",6.76
"Bates County, Missouri",29013,22,Utilities,3.35
"Benton County, Missouri",29015,44-45,Retail Trade,1.81
"Bollinger County, Missouri",29017,48-49,Transportation & Warehousing,1.96
"Boone County, Missouri",29019,55,Management of Companies & Enterprises,1.74
"Buchanan County, Missouri",29021,31-33,Manufacturing,3.3
"Butler County, Missouri",29023,22,Utilities,1.89
"Caldwell County, Missouri",29025,44-45,Retail Trade,2.42
"Callaway County, Missouri",29027,31-33,Manufacturing,2.13
"Camden County, Missouri",29029,22,Utilities,2.05
"Cape Girardeau County, Missouri",29031,62,Health Care & Social Assistance,1.7
"Carroll County, Missouri",29033,11,"Agriculture, Forestry, Fishing & Hunting",12.23
"Carter County, Missouri",29035,31-33,Manufacturing,1.71
"Cass County, Missouri",29037,48-49,Transportation & Warehousing,3.14
"Cedar County, Missouri",29039,31-33,Manufacturing,1.45
"Chariton County, Missouri",29041,11,"Agriculture, Forestry, Fishing & Hunting",5.47
"Christian County, Missouri",29043,23,Construction,1.97
"Clark County, Missouri",29045,42,Wholesale Trade,1.63
"Clay County, Missouri",29047,31-33,Manufacturing,1.82
"Clinton County, Missouri",29049,23,Construction,1.16
"Cole County, Missouri",29051,22,Utilities,1.3
"Cooper County, Missouri",29053,44-45,Retail Trade,1.62
"Crawford County, Missouri",29055,22,Utilities,3.34
"Dade County, Missouri",29057,42,Wholesale Trade,2.36
"Dallas County, Missouri",29059,44-45,Retail Trade,1.86
"Daviess County, Missouri",29061,11,"Agriculture, Forestry, Fishing & Hunting",15.41
"DeKalb County, Missouri",29063,22,Utilities,10.74
"Dent County, Missouri",29065,44-45,Retail Trade,1.47
"Douglas County, Missouri",29067,31-33,Manufacturing,2.44
"Dunklin County, Missouri",29069,11,"Agriculture, Forestry, Fishing & Hunting",5.77
"Franklin County, Missouri",29071,31-33,Manufacturing,2.81
"Gasconade County, Missouri",29073,31-33,Manufacturing,3.11
"Gentry County, Missouri",29075,62,Health Care & Social Assistance,1.94
"Greene County, Missouri",29077,48-49,Transportation & Warehousing,1.62
"Grundy County, Missouri",29079,31-33,Manufacturing,1.52
"Harrison County, Missouri",29081,44-45,Retail Trade,2.49
"Henry County, Missouri",29083,31-33,Manufacturing,1.66
"Hickory County, Missouri",29085,71,"Arts, Entertainment & Recreation",2.87
"Holt County, Missouri",29087,56,Administrative & Support & Waste Management,1.67
"Howard County, Missouri",29089,31-33,Manufacturing,1.5
"Howell County, Missouri",29091,31-33,Manufacturing,1.75
"Iron County, Missouri",29093,21,"Mining, Quarrying, Oil & Gas",50.92
"Jackson County, Missouri",29095,52,Finance & Insurance,1.36
"Jasper County, Missouri",29097,31-33,Manufacturing,2.33
"Jefferson County, Missouri",29099,23,Construction,1.73
"Johnson County, Missouri",29101,22,Utilities,1.29
"Knox County, Missouri",29103,42,Wholesale Trade,2.71
"Laclede County, Missouri",29105,31-33,Manufacturing,4.07
"Lafayette County, Missouri",29107,11,"Agriculture, Forestry, Fishing & Hunting",2.47
"Lawrence County, Missouri",29109,22,Utilities,2.53
"Lewis County, Missouri",29111,48-49,Transportation & Warehousing,1.3
"Lincoln County, Missouri",29113,22,Utilities,2.51
"Linn County, Missouri",29115,11,"Agriculture, Forestry, Fishing & Hunting",3.22
"Livingston County, Missouri",29117,22,Utilities,2.22
"McDonald County, Missouri",29119,11,"Agriculture, Forestry, Fishing & Hunting",7.14
"Macon County, Missouri",29121,11,"Agriculture, Forestry, Fishing & Hunting",6.54
"Madison County, Missouri",29123,31-33,Manufacturing,2.01
"Maries County, Missouri",29125,11,"Agriculture, Forestry, Fishing & Hunting",7.28
"Marion County, Missouri",29127,22,Utilities,2.2
"Mercer County, Missouri",29129,44-45,Retail Trade,1.03
"Miller County, Missouri",29131,23,Construction,2.26
"Mississippi County, Missouri",29133,11,"Agriculture, Forestry, Fishing & Hunting",14.65
"Moniteau County, Missouri",29135,31-33,Manufacturing,2.31
"Monroe County, Missouri",29137,42,Wholesale Trade,1.74
"Montgomery County, Missouri",29139,21,"Mining, Quarrying, Oil & Gas",3.06
"Morgan County, Missouri",29141,44-45,Retail Trade,1.95
"New Madrid County, Missouri",29143,44-45,Retail Trade,1.85
"Newton County, Missouri",29145,22,Utilities,3.27
"Nodaway County, Missouri",29147,22,Utilities,3.06
"Oregon County, Missouri",29149,62,Health Care & Social Assistance,2.4
"Osage County, Missouri",29151,31-33,Manufacturing,5.14
"Ozark County, Missouri",29153,11,"Agriculture, Forestry, Fishing & Hunting",2.38
"Pemiscot County, Missouri",29155,11,"Agriculture, Forestry, Fishing & Hunting",5.49
"Perry County, Missouri",29157,31-33,Manufacturing,3.51
"Pettis County, Missouri",29159,31-33,Manufacturing,3.05
"Phelps County, Missouri",29161,48-49,Transportation & Warehousing,2.14
"Pike County, Missouri",29163,22,Utilities,2.07
"Platte County, Missouri",29165,48-49,Transportation & Warehousing,2.19
"Polk County, Missouri",29167,61,Educational Services,2.5
"Pulaski County, Missouri",29169,22,Utilities,2.46
"Putnam County, Missouri",29171,11,"Agriculture, Forestry, Fishing & Hunting",18.75
"Ralls County, Missouri",29173,31-33,Manufacturing,6.87
"Randolph County, Missouri",29175,48-49,Transportation & Warehousing,1.8
"Ray County, Missouri",29177,81,Other Services (except Public Administration),1.68
"Reynolds County, Missouri",29179,31-33,Manufacturing,2.43
"Ripley County, Missouri",29181,31-33,Manufacturing,2.06
"St. Charles County, Missouri",29183,51,Information,2.15
"St. Clair County, Missouri",29185,44-45,Retail Trade,1.67
"Ste. Genevieve County, Missouri",29186,21,"Mining, Quarrying, Oil & Gas",10.84
"St. Francois County, Missouri",29187,52,Finance & Insurance,1.5
"St. Louis County, Missouri",29189,55,Management of Companies & Enterprises,2.53
"Saline County, Missouri",29195,11,"Agriculture, Forestry, Fishing & Hunting",4.27
"Schuyler County, Missouri",29197,31-33,Manufacturing,5.26
"Scotland County, Missouri",29199,42,Wholesale Trade,3.57
"Scott County, Missouri",29201,11,"Agriculture, Forestry, Fishing & Hunting",3.45
"Shannon County, Missouri",29203,31-33,Manufacturing,3.44
"Shelby County, Missouri",29205,81,Other Services (except Public Administration),2.92
"Stoddard County, Missouri",29207,31-33,Manufacturing,2.74
"Stone County, Missouri",29209,71,"Arts, Entertainment & Recreation",12.17
"Sullivan County, Missouri",29211,44-45,Retail Trade,0.65
"Taney County, Missouri",29213,71,"Arts, Entertainment & Recreation",4.94
"Texas County, Missouri",29215,31-33,Manufacturing,1.8
"Vernon County, Missouri",29217,31-33,Manufacturing,1.58
"Warren County, Missouri",29219,31-33,Manufacturing,2.98
"Washington County, Missouri",29221,21,"Mining, Quarrying, Oil & Gas",1.39
"Wayne County, Missouri",29223,31-33,Manufacturing,1.43
"Webster County, Missouri",29225,31-33,Manufacturing,2.46
"Worth County, Missouri",29227,44-45,Retail Trade,1.22
"Wright County, Missouri",29229,22,Utilities,2.48
"St. Louis City, Missouri",29510,61,Educational Services,3.81
"Beaverhead County, Montana",30001,11,"Agriculture, Forestry, Fishing & Hunting",10.45
"Big Horn County, Montana",30003,21,"Mining, Quarrying, Oil & Gas",26.35
"Blaine County, Montana",30005,11,"Agriculture, Forestry, Fishing & Hunting",6.93
"Broadwater County, Montana",30007,72,Accommodation & Food Services,1.89
"Carbon County, Montana",30009,11,"Agriculture, Forestry, Fishing & Hunting",9.55
"Carter County, Montana",30011,11,"Agriculture, Forestry, Fishing & Hunting",12.24
"Cascade County, Montana",30013,71,"Arts, Entertainment & Recreation",1.45
"Chouteau County, Montana",30015,11,"Agriculture, Forestry, Fishing & Hunting",14.18
"Custer County, Montana",30017,11,"Agriculture, Forestry, Fishing & Hunting",2.64
"Daniels County, Montana",30019,42,Wholesale Trade,2.51
"Dawson County, Montana",30021,21,"Mining, Quarrying, Oil & Gas",6.71
"Deer Lodge County, Montana",30023,62,Health Care & Social Assistance,1.67
"Fallon County, Montana",30025,21,"Mining, Quarrying, Oil & Gas",25.0
"Fergus County, Montana",30027,11,"Agriculture, Forestry, Fishing & Hunting",2.7
"Flathead County, Montana",30029,71,"Arts, Entertainment & Recreation",1.98
"Gallatin County, Montana",30031,71,"Arts, Entertainment & Recreation",2.06
"Garfield County, Montana",30033,11,"Agriculture, Forestry, Fishing & Hunting",10.4
"Glacier County, Montana",30035,21,"Mining, Quarrying, Oil & Gas",4.8
"Golden Valley County, Montana",30037,99,Unclassified,9.18
"Granite County, Montana",30039,11,"Agriculture, Forestry, Fishing & Hunting",12.05
"Hill County, Montana",30041,22,Utilities,2.6
"Jefferson County, Montana",30043,23,Construction,2.92
"Judith Basin County, Montana",30045,71,"Arts, Entertainment & Recreation",2.3
"Lake County, Montana",30047,21,"Mining, Quarrying, Oil & Gas",2.49
"Lewis and Clark County, Montana",30049,81,Other Services (except Public Administration),1.74
"Liberty County, Montana",30051,48-49,Transportation & Warehousing,1.58
"Lincoln County, Montana",30053,99,Unclassified,2.38
"McCone County, Montana",30055,42,Wholesale Trade,3.42
"Madison County, Montana",30057,21,"Mining, Quarrying, Oil & Gas",14.98
"Meagher County, Montana",30059,11,"Agriculture, Forestry, Fishing & Hunting",19.16
"Mineral County, Montana",30061,42,Wholesale Trade,2.11
"Missoula County, Montana",30063,44-45,Retail Trade,1.38
"Musselshell County, Montana",30065,21,"Mining, Quarrying, Oil & Gas",63.21
"Park County, Montana",30067,99,Unclassified,5.63
"Petroleum County, Montana",30069,23,Construction,0.0
"Phillips County, Montana",30071,22,Utilities,3.77
"Pondera County, Montana",30073,11,"Agriculture, Forestry, Fishing & Hunting",5.74
"Powder River County, Montana",30075,44-45,Retail Trade,1.32
"Powell County, Montana",30077,11,"Agriculture, Forestry, Fishing & Hunting",8.02
"Prairie County, Montana",30079,81,Other Services (except Public Administration),0.86
"Ravalli County, Montana",30081,11,"Agriculture, Forestry, Fishing & Hunting",2.38
"Richland County, Montana",30083,21,"Mining, Quarrying, Oil & Gas",20.48
"Roosevelt County, Montana",30085,21,"Mining, Quarrying, Oil & Gas",3.76
"Rosebud County, Montana",30087,22,Utilities,23.77
"Sanders County, Montana",30089,21,"Mining, Quarrying, Oil & Gas",6.36
"Sheridan County, Montana",30091,21,"Mining, Quarrying, Oil & Gas",7.07
"Silver Bow County, Montana",30093,21,"Mining, Quarrying, Oil & Gas",8.63
"Stillwater County, Montana",30095,99,Unclassified,1.64
"Sweet Grass County, Montana",30097,23,Construction,1.3
"Teton County, Montana",30099,42,Wholesale Trade,2.01
"Toole County, Montana",30101,21,"Mining, Quarrying, Oil & Gas",11.16
"Treasure County, Montana",30103,99,Unclassified,15.34
"Valley County, Montana",30105,11,"Agriculture, Forestry, Fishing & Hunting",3.71
"Wheatland County, Montana",30107,11,"Agriculture, Forestry, Fishing & Hunting",21.21
"Wibaux County, Montana",30109,72,Accommodation & Food Services,1.13
"Yellowstone County, Montana",30111,42,Wholesale Trade,1.62
"Adams County, Nebraska",31001,31-33,Manufacturing,2.27
"Antelope County, Nebraska",31003,11,"Agriculture, Forestry, Fishing & Hunting",15.69
"Arthur County, Nebraska",31005,81,Other Services (except Public Administration),0.0
"Banner County, Nebraska",31007,,Not classified,
"Blaine County, Nebraska",31009,48-49,Transportation & Warehousing,0.79
"Boone County, Nebraska",31011,11,"Agriculture, Forestry, Fishing & Hunting",20.52
"Box Butte County, Nebraska",31013,11,"Agriculture, Forestry, Fishing & Hunting",8.43
"Boyd County, Nebraska",31015,52,Finance & Insurance,1.64
"Brown County, Nebraska",31017,11,"Agriculture, Forestry, Fishing & Hunting",24.09
"Buffalo County, Nebraska",31019,11,"Agriculture, Forestry, Fishing & Hunting",2.07
"Burt County, Nebraska",31021,11,"Agriculture, Forestry, Fishing & Hunting",10.38
"Butler County, Nebraska",31023,42,Wholesale Trade,1.52
"Cass County, Nebraska",31025,21,"Mining, Quarrying, Oil & Gas",8.36
"Cedar County, Nebraska",31027,42,Wholesale Trade,2.0
"Chase County, Nebraska",31029,11,"Agriculture, Forestry, Fishing & Hunting",28.2
"Cherry County, Nebraska",31031,11,"Agriculture, Forestry, Fishing & Hunting",16.06
"Cheyenne County, Nebraska",31033,22,Utilities,3.51
"Clay County, Nebraska",31035,42,Wholesale Trade,2.19
"Colfax County, Nebraska",31037,42,Wholesale Trade,1.67
"Cuming County, Nebraska",31039,52,Finance & Insurance,1.46
"Custer County, Nebraska",31041,11,"Agriculture, Forestry, Fishing & Hunting",18.02
"Dakota County, Nebraska",31043,31-33,Manufacturing,5.33
"Dawes County, Nebraska",31045,44-45,Retail Trade,1.98
"Dawson County, Nebraska",31047,31-33,Manufacturing,3.99
"Deuel County, Nebraska",31049,11,"Agriculture, Forestry, Fishing & Hunting",11.71
"Dixon County, Nebraska",31051,11,"Agriculture, Forestry, Fishing & Hunting",25.44
"Dodge County, Nebraska",31053,31-33,Manufacturing,3.18
"Douglas County, Nebraska",31055,55,Management of Companies & Enterprises,1.97
"Dundy County, Nebraska",31057,11,"Agriculture, Forestry, Fishing & Hunting",26.13
"Fillmore County, Nebraska",31059,11,"Agriculture, Forestry, Fishing & Hunting",9.34
"Franklin County, Nebraska",31061,44-45,Retail Trade,1.27
"Frontier County, Nebraska",31063,11,"Agriculture, Forestry, Fishing & Hunting",16.26
"Furnas County, Nebraska",31065,51,Information,2.5
"Gage County, Nebraska",31067,31-33,Manufacturing,2.19
"Garden County, Nebraska",31069,11,"Agriculture, Forestry, Fishing & Hunting",28.12
"Garfield County, Nebraska",31071,42,Wholesale Trade,1.76
"Gosper County, Nebraska",31073,11,"Agriculture, Forestry, Fishing & Hunting",15.18
"Grant County, Nebraska",31075,11,"Agriculture, Forestry, Fishing & Hunting",65.37
"Greeley County, Nebraska",31077,11,"Agriculture, Forestry, Fishing & Hunting",21.22
"Hall County, Nebraska",31079,31-33,Manufacturing,2.61
"Hamilton County, Nebraska",31081,42,Wholesale Trade,2.4
"Harlan County, Nebraska",31083,44-45,Retail Trade,1.24
"Hayes County, Nebraska",31085,,Not classified,
"Hitchcock County, Nebraska",31087,21,"Mining, Quarrying, Oil & Gas",23.59
"Holt County, Nebraska",31089,11,"Agriculture, Forestry, Fishing & Hunting",11.71
"Hooker County, Nebraska",31091,11,"Agriculture, Forestry, Fishing & Hunting",10.89
"Howard County, Nebraska",31093,42,Wholesale Trade,1.96
"Jefferson County, Nebraska",31095,31-33,Manufacturing,2.39
"Johnson County, Nebraska",31097,42,Wholesale Trade,1.16
"Kearney County, Nebraska",31099,31-33,Manufacturing,2.26
"Keith County, Nebraska",31101,11,"Agriculture, Forestry, Fishing & Hunting",7.03
"Keya Paha County, Nebraska",31103,11,"Agriculture, Forestry, Fishing & Hunting",34.45
"Kimball County, Nebraska",31105,21,"Mining, Quarrying, Oil & Gas",6.05
"Knox County, Nebraska",31107,42,Wholesale Trade,1.6
"Lancaster County, Nebraska",31109,71,"Arts, Entertainment & Recreation",1.28
"Lincoln County, Nebraska",31111,11,"Agriculture, Forestry, Fishing & Hunting",3.51
"Logan County, Nebraska",31113,11,"Agriculture, Forestry, Fishing & Hunting",18.63
"Loup County, Nebraska",31115,11,"Agriculture, Forestry, Fishing & Hunting",24.99
"McPherson County, Nebraska",31117,52,Finance & Insurance,0.0
"Madison County, Nebraska",31119,31-33,Manufacturing,2.06
"Merrick County, Nebraska",31121,23,Construction,2.3
"Morrill County, Nebraska",31123,42,Wholesale Trade,1.91
"Nance County, Nebraska",31125,81,Other Services (except Public Administration),1.17
"Nemaha County, Nebraska",31127,11,"Agriculture, Forestry, Fishing & Hunting",2.0
"Nuckolls County, Nebraska",31129,11,"Agriculture, Forestry, Fishing & Hunting",4.97
"Otoe County, Nebraska",31131,11,"Agriculture, Forestry, Fishing & Hunting",3.83
"Pawnee County, Nebraska",31133,31-33,Manufacturing,2.25
"Perkins County, Nebraska",31135,42,Wholesale Trade,4.12
"Phelps County, Nebraska",31137,11,"Agriculture, Forestry, Fishing & Hunting",12.16
"Pierce County, Nebraska",31139,11,"Agriculture, Forestry, Fishing & Hunting",5.93
"Platte County, Nebraska",31141,31-33,Manufacturing,3.73
"Polk County, Nebraska",31143,42,Wholesale Trade,1.7
"Red Willow County, Nebraska",31145,11,"Agriculture, Forestry, Fishing & Hunting",4.83
"Richardson County, Nebraska",31147,42,Wholesale Trade,1.36
"Rock County, Nebraska",31149,11,"Agriculture, Forestry, Fishing & Hunting",10.61
"Saline County, Nebraska",31151,31-33,Manufacturing,4.96
"Sarpy County, Nebraska",31153,48-49,Transportation & Warehousing,3.02
"Saunders County, Nebraska",31155,23,Construction,2.33
"Scotts Bluff County, Nebraska",31157,23,Construction,1.4
"Seward County, Nebraska",31159,11,"Agriculture, Forestry, Fishing & Hunting",6.14
"Sheridan County, Nebraska",31161,42,Wholesale Trade,2.39
"Sherman County, Nebraska",31163,11,"Agriculture, Forestry, Fishing & Hunting",6.08
"Sioux County, Nebraska",31165,11,"Agriculture, Forestry, Fishing & Hunting",49.32
"Stanton County, Nebraska",31167,42,Wholesale Trade,1.12
"Thayer County, Nebraska",31169,42,Wholesale Trade,2.73
"Thomas County, Nebraska",31171,44-45,Retail Trade,1.72
"Thurston County, Nebraska",31173,11,"Agriculture, Forestry, Fishing & Hunting",3.8
"Valley County, Nebraska",31175,42,Wholesale Trade,2.12
"Washington County, Nebraska",31177,48-49,Transportation & Warehousing,2.31
"Wayne County, Nebraska",31179,11,"Agriculture, Forestry, Fishing & Hunting",5.34
"Webster County, Nebraska",31181,11,"Agriculture, Forestry, Fishing & Hunting",16.2
"Wheeler County, Nebraska",31183,11,"Agriculture, Forestry, Fishing & Hunting",66.29
"York County, Nebraska",31185,31-33,Manufacturing,1.67
"Churchill County, Nevada",32001,11,"Agriculture, Forestry, Fishing & Hunting",4.67
"Clark County, Nevada",32003,72,Accommodation & Food Services,2.55
"Douglas County, Nevada",32005,71,"Arts, Entertainment & Recreation",3.7
"Elko County, Nevada",32007,21,"Mining, Quarrying, Oil & Gas",20.61
"Esmeralda County, Nevada",32009,21,"Mining, Quarrying, Oil & Gas",108.15
"Eureka County, Nevada",32011,21,"Mining, Quarrying, Oil & Gas",248.09
"Humboldt County, Nevada",32013,21,"Mining, Quarrying, Oil & Gas",68.96
"Lander County, Nevada",32015,11,"Agriculture, Forestry, Fishing & Hunting",2.42
"Lincoln County, Nevada",32017,44-45,Retail Trade,1.39
"Lyon County, Nevada",32019,11,"Agriculture, Forestry, Fishing & Hunting",6.02
"Mineral County, Nevada",32021,44-45,Retail Trade,1.28
"Nye County, Nevada",32023,21,"Mining, Quarrying, Oil & Gas",21.3
"Pershing County, Nevada",32027,21,"Mining, Quarrying, Oil & Gas",121.74
"Storey County, Nevada",32029,31-33,Manufacturing,8.78
"Washoe County, Nevada",32031,23,Construction,1.78
"White Pine County, Nevada",32033,21,"Mining, Quarrying, Oil & Gas",85.23
"Carson City, Nevada",32510,71,"Arts, Entertainment & Recreation",1.68
"Belknap County, New Hampshire",33001,71,"Arts, Entertainment & Recreation",2.13
"Carroll County, New Hampshire",33003,71,"Arts, Entertainment & Recreation",4.25
"Cheshire County, New Hampshire",33005,31-33,Manufacturing,1.88
"Coos County, New Hampshire",33007,71,"Arts, Entertainment & Recreation",3.67
"Grafton County, New Hampshire",33009,61,Educational Services,5.26
"Hillsborough County, New Hampshire",33011,31-33,Manufacturing,1.53
"Merrimack County, New Hampshire",33013,71,"Arts, Entertainment & Recreation",1.58
"Rockingham County, New Hampshire",33015,44-45,Retail Trade,1.55
"Strafford County, New Hampshire",33017,44-45,Retail Trade,1.49
"Sullivan County, New Hampshire",33019,31-33,Manufacturing,2.93
"Atlantic County, New Jersey",34001,72,Accommodation & Food Services,2.96
"Bergen County, New Jersey",34003,99,Unclassified,3.23
"Burlington County, New Jersey",34005,99,Unclassified,2.1
"Camden County, New Jersey",34007,99,Unclassified,2.54
"Cape May County, New Jersey",34009,72,Accommodation & Food Services,2.51
"Cumberland County, New Jersey",34011,11,"Agriculture, Forestry, Fishing & Hunting",5.66
"Essex County, New Jersey",34013,48-49,Transportation & Warehousing,2.28
"Gloucester County, New Jersey",34015,48-49,Transportation & Warehousing,2.71
"Hudson County, New Jersey",34017,52,Finance & Insurance,3.31
"Hunterdon County, New Jersey",34019,11,"Agriculture, Forestry, Fishing & Hunting",2.81
"Mercer County, New Jersey",34021,61,Educational Services,2.68
"Middlesex County, New Jersey",34023,48-49,Transportation & Warehousing,2.68
"Monmouth County, New Jersey",34025,99,Unclassified,3.0
"Morris County, New Jersey",34027,55,Management of Companies & Enterprises,2.43
"Ocean County, New Jersey",34029,99,Unclassified,4.33
"Passaic County, New Jersey",34031,99,Unclassified,3.64
"Salem County, New Jersey",34033,48-49,Transportation & Warehousing,4.31
"Somerset County, New Jersey",34035,55,Management of Companies & Enterprises,2.72
"Sussex County, New Jersey",34037,71,"Arts, Entertainment & Recreation",2.46
"Union County, New Jersey",34039,99,Unclassified,2.74
"Warren County, New Jersey",34041,44-45,Retail Trade,1.67
"Bernalillo County, New Mexico",35001,54,"Professional, Scientific & Technical Services",1.41
"Catron County, New Mexico",35003,22,Utilities,3.43
"Chaves County, New Mexico",35005,21,"Mining, Quarrying, Oil & Gas",7.49
"Cibola County, New Mexico",35006,22,Utilities,2.99
"Colfax County, New Mexico",35007,72,Accommodation & Food Services,3.23
"Curry County, New Mexico",35009,22,Utilities,3.47
"De Baca County, New Mexico",35011,51,Information,1.58
"Doña Ana County, New Mexico",35013,11,"Agriculture, Forestry, Fishing & Hunting",3.68
"Eddy County, New Mexico",35015,21,"Mining, Quarrying, Oil & Gas",63.07
"Grant County, New Mexico",35017,56,Administrative & Support & Waste Management,1.64
"Guadalupe County, New Mexico",35019,72,Accommodation & Food Services,2.25
"Harding County, New Mexico",35021,,Not classified,
"Hidalgo County, New Mexico",35023,22,Utilities,2.17
"Lea County, New Mexico",35025,21,"Mining, Quarrying, Oil & Gas",61.63
"Lincoln County, New Mexico",35027,71,"Arts, Entertainment & Recreation",3.38
"Los Alamos County, New Mexico",35028,56,Administrative & Support & Waste Management,1.08
"Luna County, New Mexico",35029,22,Utilities,2.21
"McKinley County, New Mexico",35031,44-45,Retail Trade,1.6
"Mora County, New Mexico",35033,11,"Agriculture, Forestry, Fishing & Hunting",6.36
"Otero County, New Mexico",35035,22,Utilities,1.83
"Quay County, New Mexico",35037,22,Utilities,12.19
"Rio Arriba County, New Mexico",35039,22,Utilities,3.09
"Roosevelt County, New Mexico",35041,22,Utilities,3.6
"Sandoval County, New Mexico",35043,31-33,Manufacturing,1.44
"San Juan County, New Mexico",35045,21,"Mining, Quarrying, Oil & Gas",25.34
"San Miguel County, New Mexico",35047,62,Health Care & Social Assistance,1.81
"Santa Fe County, New Mexico",35049,71,"Arts, Entertainment & Recreation",1.88
"Sierra County, New Mexico",35051,22,Utilities,1.87
"Socorro County, New Mexico",35053,44-45,Retail Trade,0.9
"Taos County, New Mexico",35055,71,"Arts, Entertainment & Recreation",6.75
"Torrance County, New Mexico",35057,44-45,Retail Trade,1.66
"Union County, New Mexico",35059,44-45,Retail Trade,1.29
"Valencia County, New Mexico",35061,23,Construction,2.21
"Albany County, New York",36001,99,Unclassified,1.93
"Allegany County, New York",36003,99,Unclassified,2.97
"Bronx County, New York",36005,99,Unclassified,2.94
"Broome County, New York",36007,62,Health Care & Social Assistance,1.33
"Cattaraugus County, New York",36009,11,"Agriculture, Forestry, Fishing & Hunting",1.63
"Cayuga County, New York",36011,99,Unclassified,1.95
"Chautauqua County, New York",36013,31-33,Manufacturing,2.09
"Chemung County, New York",36015,99,Unclassified,2.02
"Chenango County, New York",36017,31-33,Manufacturing,3.93
"Clinton County, New York",36019,44-45,Retail Trade,1.58
"Columbia County, New York",36021,99,Unclassified,4.55
"Cortland County, New York",36023,71,"Arts, Entertainment & Recreation",3.03
"Delaware County, New York",36025,99,Unclassified,4.55
"Dutchess County, New York",36027,61,Educational Services,3.83
"Erie County, New York",36029,99,Unclassified,1.85
"Essex County, New York",36031,99,Unclassified,2.12
"Franklin County, New York",36033,62,Health Care & Social Assistance,1.45
"Fulton County, New York",36035,48-49,Transportation & Warehousing,2.34
"Genesee County, New York",36037,99,Unclassified,2.2
"Greene County, New York",36039,71,"Arts, Entertainment & Recreation",4.34
"Hamilton County, New York",36041,71,"Arts, Entertainment & Recreation",5.39
"Herkimer County, New York",36043,99,Unclassified,3.7
"Jefferson County, New York",36045,99,Unclassified,2.12
"Kings County, New York",36047,99,Unclassified,4.86
"Lewis County, New York",36049,31-33,Manufacturing,1.95
"Livingston County, New York",36051,99,Unclassified,2.38
"Madison County, New York",36053,99,Unclassified,3.26
"Monroe County, New York",36055,61,Educational Services,3.54
"Montgomery County, New York",36057,48-49,Transportation & Warehousing,3.12
"Nassau County, New York",36059,99,Unclassified,4.32
"New York County, New York",36061,51,Information,4.11
"Niagara County, New York",36063,99,Unclassified,2.6
"Oneida County, New York",36065,99,Unclassified,1.7
"Onondaga County, New York",36067,22,Utilities,2.23
"Ontario County, New York",36069,99,Unclassified,1.52
"Orange County, New York",36071,99,Unclassified,3.46
"Orleans County, New York",36073,11,"Agriculture, Forestry, Fishing & Hunting",7.94
"Oswego County, New York",36075,99,Unclassified,2.02
"Otsego County, New York",36077,61,Educational Services,2.16
"Putnam County, New York",36079,99,Unclassified,5.23
"Queens County, New York",36081,99,Unclassified,4.27
"Rensselaer County, New York",36083,22,Utilities,3.69
"Richmond County, New York",36085,48-49,Transportation & Warehousing,2.27
"Rockland County, New York",36087,99,Unclassified,5.86
"St. Lawrence County, New York",36089,11,"Agriculture, Forestry, Fishing & Hunting",2.4
"Saratoga County, New York",36091,99,Unclassified,2.4
"Schenectady County, New York",36093,99,Unclassified,2.59
"Schoharie County, New York",36095,11,"Agriculture, Forestry, Fishing & Hunting",2.35
"Schuyler County, New York",36097,31-33,Manufacturing,1.94
"Seneca County, New York",36099,31-33,Manufacturing,2.14
"Steuben County, New York",36101,99,Unclassified,2.19
"Suffolk County, New York",36103,99,Unclassified,3.72
"Sullivan County, New York",36105,99,Unclassified,4.75
"Tioga County, New York",36107,31-33,Manufacturing,3.28
"Tompkins County, New York",36109,99,Unclassified,1.75
"Ulster County, New York",36111,99,Unclassified,3.63
"Warren County, New York",36113,71,"Arts, Entertainment & Recreation",1.87
"Washington County, New York",36115,11,"Agriculture, Forestry, Fishing & Hunting",3.86
"Wayne County, New York",36117,31-33,Manufacturing,2.38
"Westchester County, New York",36119,99,Unclassified,3.84
"Wyoming County, New York",36121,99,Unclassified,3.7
"Yates County, New York",36123,31-33,Manufacturing,2.2
"Alamance County, North Carolina",37001,61,Educational Services,1.69
"Alexander County, North Carolina",37003,31-33,Manufacturing,4.3
"Alleghany County, North Carolina",37005,71,"Arts, Entertainment & Recreation",3.93
"Anson County, North Carolina",37007,22,Utilities,3.1
"Ashe County, North Carolina",37009,23,Construction,2.09
"Avery County, North Carolina",37011,71,"Arts, Entertainment & Recreation",8.07
"Beaufort County, North Carolina",37013,31-33,Manufacturing,1.93
"Bertie County, North Carolina",37015,11,"Agriculture, Forestry, Fishing & Hunting",7.04
"Bladen County, North Carolina",37017,31-33,Manufacturing,5.36
"Brunswick County, North Carolina",37019,22,Utilities,5.8
"Buncombe County, North Carolina",37021,71,"Arts, Entertainment & Recreation",1.59
"Burke County, North Carolina",37023,31-33,Manufacturing,2.85
"Cabarrus County, North Carolina",37025,71,"Arts, Entertainment & Recreation",2.2
"Caldwell County, North Carolina",37027,31-33,Manufacturing,2.7
"Camden County, North Carolina",37029,11,"Agriculture, Forestry, Fishing & Hunting",8.97
"Carteret County, North Carolina",37031,71,"Arts, Entertainment & Recreation",2.1
"Caswell County, North Carolina",37033,23,Construction,2.48
"Catawba County, North Carolina",37035,31-33,Manufacturing,3.24
"Chatham County, North Carolina",37037,23,Construction,1.84
"Cherokee County, North Carolina",37039,44-45,Retail Trade,1.8
"Chowan County, North Carolina",37041,11,"Agriculture, Forestry, Fishing & Hunting",4.27
"Clay County, North Carolina",37043,44-45,Retail Trade,1.98
"Cleveland County, North Carolina",37045,31-33,Manufacturing,2.09
"Columbus County, North Carolina",37047,31-33,Manufacturing,1.35
"Craven County, North Carolina",37049,44-45,Retail Trade,1.3
"Cumberland County, North Carolina",37051,44-45,Retail Trade,1.33
"Currituck County, North Carolina",37053,53,Real Estate & Rental & Leasing,3.59
"Dare County, North Carolina",37055,53,Real Estate & Rental & Leasing,4.55
"Davidson County, North Carolina",37057,31-33,Manufacturing,2.58
"Davie County, North Carolina",37059,31-33,Manufacturing,3.52
"Duplin County, North Carolina",37061,11,"Agriculture, Forestry, Fishing & Hunting",7.57
"Durham County, North Carolina",37063,61,Educational Services,4.39
"Edgecombe County, North Carolina",37065,31-33,Manufacturing,2.75
"Forsyth County, North Carolina",37067,61,Educational Services,1.63
"Franklin County, North Carolina",37069,23,Construction,2.71
"Gaston County, North Carolina",37071,31-33,Manufacturing,1.99
"Gates County, North Carolina",37073,11,"Agriculture, Forestry, Fishing & Hunting",19.02
"Graham County, North Carolina",37075,23,Construction,4.54
"Granville County, North Carolina",37077,31-33,Manufacturing,2.59
"Greene County, North Carolina",37079,53,Real Estate & Rental & Leasing,2.32
"Guilford County, North Carolina",37081,42,Wholesale Trade,1.7
"Halifax County, North Carolina",37083,11,"Agriculture, Forestry, Fishing & Hunting",2.65
"Harnett County, North Carolina",37085,61,Educational Services,2.53
"Haywood County, North Carolina",37087,44-45,Retail Trade,1.81
"Henderson County, North Carolina",37089,31-33,Manufacturing,1.54
"Hertford County, North Carolina",37091,11,"Agriculture, Forestry, Fishing & Hunting",2.55
"Hoke County, North Carolina",37093,31-33,Manufacturing,2.59
"Hyde County, North Carolina",37095,11,"Agriculture, Forestry, Fishing & Hunting",26.87
"Iredell County, North Carolina",37097,55,Management of Companies & Enterprises,2.96
"Jackson County, North Carolina",37099,71,"Arts, Entertainment & Recreation",2.39
"Johnston County, North Carolina",37101,31-33,Manufacturing,1.59
"Jones County, North Carolina",37103,11,"Agriculture, Forestry, Fishing & Hunting",6.62
"Lee County, North Carolina",37105,31-33,Manufacturing,3.89
"Lenoir County, North Carolina",37107,31-33,Manufacturing,3.43
"Lincoln County, North Carolina",37109,31-33,Manufacturing,2.06
"McDowell County, North Carolina",37111,31-33,Manufacturing,3.95
"Macon County, North Carolina",37113,71,"Arts, Entertainment & Recreation",1.85
"Madison County, North Carolina",37115,61,Educational Services,3.37
"Martin County, North Carolina",37117,11,"Agriculture, Forestry, Fishing & Hunting",6.13
"Mecklenburg County, North Carolina",37119,52,Finance & Insurance,2.82
"Mitchell County, North Carolina",37121,81,Other Services (except Public Administration),1.8
"Montgomery County, North Carolina",37123,31-33,Manufacturing,3.55
"Moore County, North Carolina",37125,71,"Arts, Entertainment & Recreation",1.87
"Nash County, North Carolina",37127,31-33,Manufacturing,2.3
"New Hanover County, North Carolina",37129,53,Real Estate & Rental & Leasing,1.56
"Northampton County, North Carolina",37131,42,Wholesale Trade,4.88
"Onslow County, North Carolina",37133,72,Accommodation & Food Services,1.85
"Orange County, North Carolina",37135,61,Educational Services,0.98
"Pamlico County, North Carolina",37137,71,"Arts, Entertainment & Recreation",8.9
"Pasquotank County, North Carolina",37139,44-45,Retail Trade,1.62
"Pender County, North Carolina",37141,11,"Agriculture, Forestry, Fishing & Hunting",2.98
"Perquimans County, North Carolina",37143,11,"Agriculture, Forestry, Fishing & Hunting",6.73
"Person County, North Carolina",37145,22,Utilities,6.47
"Pitt County, North Carolina",37147,72,Accommodation & Food Services,1.2
"Polk County, North Carolina",37149,71,"Arts, Entertainment & Recreation",4.05
"Randolph County, North Carolina",37151,31-33,Manufacturing,3.47
"Richmond County, North Carolina",37153,21,"Mining, Quarrying, Oil & Gas",3.45
"Robeson County, North Carolina",37155,31-33,Manufacturing,2.14
"Rockingham County, North Carolina",37157,31-33,Manufacturing,2.43
"Rowan County, North Carolina",37159,55,Management of Companies & Enterprises,1.58
"Rutherford County, North Carolina",37161,22,Utilities,2.26
"Sampson County, North Carolina",37163,31-33,Manufacturing,2.04
"Scotland County, North Carolina",37165,31-33,Manufacturing,2.42
"Stanly County, North Carolina",37167,56,Administrative & Support & Waste Management,2.99
"Stokes County, North Carolina",37169,44-45,Retail Trade,1.75
"Surry County, North Carolina",37171,31-33,Manufacturing,1.74
"Swain County, North Carolina",37173,71,"Arts, Entertainment & Recreation",5.37
"Transylvania County, North Carolina",37175,61,Educational Services,2.18
"Tyrrell County, North Carolina",37177,23,Construction,3.38
"Union County, North Carolina",37179,23,Construction,2.52
"Vance County, North Carolina",37181,48-49,Transportation & Warehousing,2.59
"Wake County, North Carolina",37183,51,Information,2.05
"Warren County, North Carolina",37185,11,"Agriculture, Forestry, Fishing & Hunting",4.3
"Washington County, North Carolina",37187,31-33,Manufacturing,2.73
"Watauga County, North Carolina",37189,71,"Arts, Entertainment & Recreation",2.11
"Wayne County, North Carolina",37191,31-33,Manufacturing,1.64
"Wilkes County, North Carolina",37193,31-33,Manufacturing,2.27
"Wilson County, North Carolina",37195,31-33,Manufacturing,2.29
"Yadkin County, North Carolina",37197,31-33,Manufacturing,3.13
"Yancey County, North Carolina",37199,31-33,Manufacturing,3.61
"Adams County, North Dakota",38001,62,Health Care & Social Assistance,2.13
"Barnes County, North Dakota",38003,42,Wholesale Trade,1.7
"Benson County, North Dakota",38005,42,Wholesale Trade,1.47
"Billings County, North Dakota",38007,23,Construction,6.23
"Bottineau County, North Dakota",38009,21,"Mining, Quarrying, Oil & Gas",24.99
"Bowman County, North Dakota",38011,21,"Mining, Quarrying, Oil & Gas",9.24
"Burke County, North Dakota",38013,42,Wholesale Trade,3.41
"Burleigh County, North Dakota",38015,55,Management of Companies & Enterprises,1.45
"Cass County, North Dakota",38017,42,Wholesale Trade,1.56
"Cavalier County, North Dakota",38019,22,Utilities,5.1
"Dickey County, North Dakota",38021,11,"Agriculture, Forestry, Fishing & Hunting",8.31
"Divide County, North Dakota",38023,52,Finance & Insurance,1.36
"Dunn County, North Dakota",38025,21,"Mining, Quarrying, Oil & Gas",65.93
"Eddy County, North Dakota",38027,81,Other Services (except Public Administration),1.5
"Emmons County, North Dakota",38029,22,Utilities,3.87
"Foster County, North Dakota",38031,11,"Agriculture, Forestry, Fishing & Hunting",5.52
"Golden Valley County, North Dakota",38033,21,"Mining, Quarrying, Oil & Gas",9.49
"Grand Forks County, North Dakota",38035,22,Utilities,1.96
"Grant County, North Dakota",38037,62,Health Care & Social Assistance,1.8
"Griggs County, North Dakota",38039,42,Wholesale Trade,2.19
"Hettinger County, North Dakota",38041,11,"Agriculture, Forestry, Fishing & Hunting",7.66
"Kidder County, North Dakota",38043,42,Wholesale Trade,1.34
"LaMoure County, North Dakota",38045,11,"Agriculture, Forestry, Fishing & Hunting",11.53
"Logan County, North Dakota",38047,11,"Agriculture, Forestry, Fishing & Hunting",7.49
"McHenry County, North Dakota",38049,11,"Agriculture, Forestry, Fishing & Hunting",10.86
"McIntosh County, North Dakota",38051,11,"Agriculture, Forestry, Fishing & Hunting",7.82
"McKenzie County, North Dakota",38053,21,"Mining, Quarrying, Oil & Gas",44.73
"McLean County, North Dakota",38055,22,Utilities,18.97
"Mercer County, North Dakota",38057,22,Utilities,60.09
"Morton County, North Dakota",38059,71,"Arts, Entertainment & Recreation",1.84
"Mountrail County, North Dakota",38061,21,"Mining, Quarrying, Oil & Gas",46.48
"Nelson County, North Dakota",38063,11,"Agriculture, Forestry, Fishing & Hunting",7.05
"Oliver County, North Dakota",38065,42,Wholesale Trade,0.8
"Pembina County, North Dakota",38067,11,"Agriculture, Forestry, Fishing & Hunting",14.21
"Pierce County, North Dakota",38069,42,Wholesale Trade,3.13
"Ramsey County, North Dakota",38071,22,Utilities,2.32
"Ransom County, North Dakota",38073,42,Wholesale Trade,2.07
"Renville County, North Dakota",38075,42,Wholesale Trade,4.66
"Richland County, North Dakota",38077,31-33,Manufacturing,2.95
"Rolette County, North Dakota",38079,44-45,Retail Trade,1.06
"Sargent County, North Dakota",38081,42,Wholesale Trade,1.43
"Sheridan County, North Dakota",38083,81,Other Services (except Public Administration),0.96
"Sioux County, North Dakota",38085,11,"Agriculture, Forestry, Fishing & Hunting",2.01
"Slope County, North Dakota",38087,,Not classified,
"Stark County, North Dakota",38089,21,"Mining, Quarrying, Oil & Gas",31.8
"Steele County, North Dakota",38091,11,"Agriculture, Forestry, Fishing & Hunting",16.2
"Stutsman County, North Dakota",38093,61,Educational Services,3.61
"Towner County, North Dakota",38095,11,"Agriculture, Forestry, Fishing & Hunting",16.11
"Traill County, North Dakota",38097,42,Wholesale Trade,2.57
"Walsh County, North Dakota",38099,42,Wholesale Trade,1.78
"Ward County, North Dakota",38101,21,"Mining, Quarrying, Oil & Gas",12.73
"Wells County, North Dakota",38103,42,Wholesale Trade,3.95
"Williams County, North Dakota",38105,21,"Mining, Quarrying, Oil & Gas",75.51
"Adams County, Ohio",39001,22,Utilities,1.61
"Allen County, Ohio",39003,31-33,Manufacturing,2.23
"Ashland County, Ohio",39005,31-33,Manufacturing,2.06
"Ashtabula County, Ohio",39007,31-33,Manufacturing,2.94
"Athens County, Ohio",39009,72,Accommodation & Food Services,1.45
"Auglaize County, Ohio",39011,31-33,Manufacturing,4.97
"Belmont County, Ohio",39013,21,"Mining, Quarrying, Oil & Gas",10.49
"Brown County, Ohio",39015,44-45,Retail Trade,1.33
"Butler County, Ohio",39017,42,Wholesale Trade,2.03
"Carroll County, Ohio",39019,21,"Mining, Quarrying, Oil & Gas",7.82
"Champaign County, Ohio",39021,31-33,Manufacturing,4.63
"Clark County, Ohio",39023,31-33,Manufacturing,1.79
"Clermont County, Ohio",39025,44-45,Retail Trade,1.47
"Clinton County, Ohio",39027,48-49,Transportation & Warehousing,5.47
"Columbiana County, Ohio",39029,31-33,Manufacturing,2.58
"Coshocton County, Ohio",39031,31-33,Manufacturing,3.69
"Crawford County, Ohio",39033,31-33,Manufacturing,1.71
"Cuyahoga County, Ohio",39035,55,Management of Companies & Enterprises,1.92
"Darke County, Ohio",39037,31-33,Manufacturing,2.61
"Defiance County, Ohio",39039,31-33,Manufacturing,2.45
"Delaware County, Ohio",39041,55,Management of Companies & Enterprises,7.73
"Erie County, Ohio",39043,71,"Arts, Entertainment & Recreation",3.02
"Fairfield County, Ohio",39045,72,Accommodation & Food Services,1.53
"Fayette County, Ohio",39047,48-49,Transportation & Warehousing,2.45
"Franklin County, Ohio",39049,55,Management of Companies & Enterprises,1.85
"Fulton County, Ohio",39051,31-33,Manufacturing,3.56
"Gallia County, Ohio",39053,22,Utilities,11.49
"Geauga County, Ohio",39055,31-33,Manufacturing,2.24
"Greene County, Ohio",39057,54,"Professional, Scientific & Technical Services",2.12
"Guernsey County, Ohio",39059,31-33,Manufacturing,2.35
"Hamilton County, Ohio",39061,55,Management of Companies & Enterprises,3.09
"Hancock County, Ohio",39063,31-33,Manufacturing,2.98
"Hardin County, Ohio",39065,31-33,Manufacturing,2.84
"Harrison County, Ohio",39067,21,"Mining, Quarrying, Oil & Gas",13.43
"Henry County, Ohio",39069,31-33,Manufacturing,3.32
"Highland County, Ohio",39071,31-33,Manufacturing,2.18
"Hocking County, Ohio",39073,72,Accommodation & Food Services,1.97
"Holmes County, Ohio",39075,31-33,Manufacturing,4.65
"Huron County, Ohio",39077,31-33,Manufacturing,3.62
"Jackson County, Ohio",39079,31-33,Manufacturing,2.93
"Jefferson County, Ohio",39081,22,Utilities,4.7
"Knox County, Ohio",39083,61,Educational Services,2.92
"Lake County, Ohio",39085,31-33,Manufacturing,2.64
"Lawrence County, Ohio",39087,22,Utilities,2.54
"Licking County, Ohio",39089,48-49,Transportation & Warehousing,3.07
"Logan County, Ohio",39091,31-33,Manufacturing,3.19
"Lorain County, Ohio",39093,31-33,Manufacturing,1.91
"Lucas County, Ohio",39095,31-33,Manufacturing,1.49
"Madison County, Ohio",39097,48-49,Transportation & Warehousing,7.99
"Mahoning County, Ohio",39099,62,Health Care & Social Assistance,1.45
"Marion County, Ohio",39101,31-33,Manufacturing,2.6
"Medina County, Ohio",39103,55,Management of Companies & Enterprises,2.29
"Meigs County, Ohio",39105,11,"Agriculture, Forestry, Fishing & Hunting",2.31
"Mercer County, Ohio",39107,31-33,Manufacturing,3.44
"Miami County, Ohio",39109,31-33,Manufacturing,2.95
"Monroe County, Ohio",39111,22,Utilities,4.14
"Montgomery County, Ohio",39113,62,Health Care & Social Assistance,1.42
"Morgan County, Ohio",39115,42,Wholesale Trade,2.9
"Morrow County, Ohio",39117,11,"Agriculture, Forestry, Fishing & Hunting",3.01
"Muskingum County, Ohio",39119,21,"Mining, Quarrying, Oil & Gas",5.0
"Noble County, Ohio",39121,22,Utilities,1.29
"Ottawa County, Ohio",39123,71,"Arts, Entertainment & Recreation",2.39
"Paulding County, Ohio",39125,22,Utilities,4.82
"Perry County, Ohio",39127,31-33,Manufacturing,1.53
"Pickaway County, Ohio",39129,48-49,Transportation & Warehousing,2.8
"Pike County, Ohio",39131,56,Administrative & Support & Waste Management,3.69
"Portage County, Ohio",39133,31-33,Manufacturing,2.26
"Preble County, Ohio",39135,31-33,Manufacturing,3.98
"Putnam County, Ohio",39137,31-33,Manufacturing,4.12
"Richland County, Ohio",39139,31-33,Manufacturing,2.39
"Ross County, Ohio",39141,22,Utilities,1.67
"Sandusky County, Ohio",39143,31-33,Manufacturing,3.97
"Scioto County, Ohio",39145,62,Health Care & Social Assistance,2.41
"Seneca County, Ohio",39147,31-33,Manufacturing,2.91
"Shelby County, Ohio",39149,31-33,Manufacturing,5.46
"Stark County, Ohio",39151,31-33,Manufacturing,1.89
"Summit County, Ohio",39153,55,Management of Companies & Enterprises,2.03
"Trumbull County, Ohio",39155,31-33,Manufacturing,1.96
"Tuscarawas County, Ohio",39157,21,"Mining, Quarrying, Oil & Gas",5.21
"Union County, Ohio",39159,31-33,Manufacturing,2.9
"Van Wert County, Ohio",39161,31-33,Manufacturing,3.27
"Vinton County, Ohio",39163,31-33,Manufacturing,2.36
"Warren County, Ohio",39165,55,Management of Companies & Enterprises,4.54
"Washington County, Ohio",39167,21,"Mining, Quarrying, Oil & Gas",2.58
"Wayne County, Ohio",39169,31-33,Manufacturing,3.51
"Williams County, Ohio",39171,31-33,Manufacturing,4.42
"Wood County, Ohio",39173,48-49,Transportation & Warehousing,3.5
"Wyandot County, Ohio",39175,31-33,Manufacturing,4.1
"Adair County, Oklahoma",40001,31-33,Manufacturing,3.17
"Alfalfa County, Oklahoma",40003,11,"Agriculture, Forestry, Fishing & Hunting",3.39
"Atoka County, Oklahoma",40005,44-45,Retail Trade,1.64
"Beaver County, Oklahoma",40007,21,"Mining, Quarrying, Oil & Gas",22.71
"Beckham County, Oklahoma",40009,21,"Mining, Quarrying, Oil & Gas",30.1
"Blaine County, Oklahoma",40011,21,"Mining, Quarrying, Oil & Gas",15.81
"Bryan County, Oklahoma",40013,11,"Agriculture, Forestry, Fishing & Hunting",1.33
"Caddo County, Oklahoma",40015,22,Utilities,15.59
"Canadian County, Oklahoma",40017,21,"Mining, Quarrying, Oil & Gas",10.61
"Carter County, Oklahoma",40019,21,"Mining, Quarrying, Oil & Gas",12.04
"Cherokee County, Oklahoma",40021,53,Real Estate & Rental & Leasing,1.21
"Choctaw County, Oklahoma",40023,22,Utilities,6.86
"Cimarron County, Oklahoma",40025,44-45,Retail Trade,1.43
"Cleveland County, Oklahoma",40027,72,Accommodation & Food Services,1.58
"Coal County, Oklahoma",40029,21,"Mining, Quarrying, Oil & Gas",12.53
"Comanche County, Oklahoma",40031,22,Utilities,1.63
"Cotton County, Oklahoma",40033,23,Construction,1.05
"Craig County, Oklahoma",40035,22,Utilities,8.76
"Creek County, Oklahoma",40037,31-33,Manufacturing,2.27
"Custer County, Oklahoma",40039,21,"Mining, Quarrying, Oil & Gas",16.09
"Delaware County, Oklahoma",40041,11,"Agriculture, Forestry, Fishing & Hunting",1.78
"Dewey County, Oklahoma",40043,21,"Mining, Quarrying, Oil & Gas",110.39
"Ellis County, Oklahoma",40045,21,"Mining, Quarrying, Oil & Gas",11.17
"Garfield County, Oklahoma",40047,21,"Mining, Quarrying, Oil & Gas",8.24
"Garvin County, Oklahoma",40049,21,"Mining, Quarrying, Oil & Gas",15.28
"Grady County, Oklahoma",40051,21,"Mining, Quarrying, Oil & Gas",8.79
"Grant County, Oklahoma",40053,21,"Mining, Quarrying, Oil & Gas",23.58
"Greer County, Oklahoma",40055,44-45,Retail Trade,1.21
"Harmon County, Oklahoma",40057,11,"Agriculture, Forestry, Fishing & Hunting",16.48
"Harper County, Oklahoma",40059,22,Utilities,18.65
"Haskell County, Oklahoma",40061,21,"Mining, Quarrying, Oil & Gas",11.24
"Hughes County, Oklahoma",40063,11,"Agriculture, Forestry, Fishing & Hunting",6.91
"Jackson County, Oklahoma",40065,11,"Agriculture, Forestry, Fishing & Hunting",3.04
"Jefferson County, Oklahoma",40067,11,"Agriculture, Forestry, Fishing & Hunting",8.28
"Johnston County, Oklahoma",40069,21,"Mining, Quarrying, Oil & Gas",26.09
"Kay County, Oklahoma",40071,21,"Mining, Quarrying, Oil & Gas",4.61
"Kingfisher County, Oklahoma",40073,21,"Mining, Quarrying, Oil & Gas",30.18
"Kiowa County, Oklahoma",40075,21,"Mining, Quarrying, Oil & Gas",13.71
"Latimer County, Oklahoma",40077,22,Utilities,6.17
"Le Flore County, Oklahoma",40079,21,"Mining, Quarrying, Oil & Gas",4.21
"Lincoln County, Oklahoma",40081,21,"Mining, Quarrying, Oil & Gas",2.74
"Logan County, Oklahoma",40083,21,"Mining, Quarrying, Oil & Gas",5.37
"Love County, Oklahoma",40085,72,Accommodation & Food Services,3.39
"McClain County, Oklahoma",40087,21,"Mining, Quarrying, Oil & Gas",8.54
"McCurtain County, Oklahoma",40089,31-33,Manufacturing,2.61
"McIntosh County, Oklahoma",40091,44-45,Retail Trade,2.49
"Major County, Oklahoma",40093,21,"Mining, Quarrying, Oil & Gas",42.86
"Marshall County, Oklahoma",40095,31-33,Manufacturing,4.54
"Mayes County, Oklahoma",40097,21,"Mining, Quarrying, Oil & Gas",3.07
"Murray County, Oklahoma",40099,21,"Mining, Quarrying, Oil & Gas",11.34
"Muskogee County, Oklahoma",40101,22,Utilities,2.21
"Noble County, Oklahoma",40103,21,"Mining, Quarrying, Oil & Gas",3.99
"Nowata County, Oklahoma",40105,21,"Mining, Quarrying, Oil & Gas",3.36
"Okfuskee County, Oklahoma",40107,11,"Agriculture, Forestry, Fishing & Hunting",3.41
"Oklahoma County, Oklahoma",40109,56,Administrative & Support & Waste Management,1.24
"Okmulgee County, Oklahoma",40111,21,"Mining, Quarrying, Oil & Gas",1.47
"Osage County, Oklahoma",40113,21,"Mining, Quarrying, Oil & Gas",10.44
"Ottawa County, Oklahoma",40115,11,"Agriculture, Forestry, Fishing & Hunting",2.82
"Pawnee County, Oklahoma",40117,22,Utilities,6.39
"Payne County, Oklahoma",40119,21,"Mining, Quarrying, Oil & Gas",2.67
"Pittsburg County, Oklahoma",40121,21,"Mining, Quarrying, Oil & Gas",4.16
"Pontotoc County, Oklahoma",40123,31-33,Manufacturing,0.87
"Pottawatomie County, Oklahoma",40125,22,Utilities,1.88
"Pushmataha County, Oklahoma",40127,44-45,Retail Trade,1.19
"Roger Mills County, Oklahoma",40129,48-49,Transportation & Warehousing,1.56
"Rogers County, Oklahoma",40131,31-33,Manufacturing,2.61
"Seminole County, Oklahoma",40133,21,"Mining, Quarrying, Oil & Gas",6.75
"Sequoyah County, Oklahoma",40135,11,"Agriculture, Forestry, Fishing & Hunting",4.14
"Stephens County, Oklahoma",40137,21,"Mining, Quarrying, Oil & Gas",13.35
"Texas County, Oklahoma",40139,11,"Agriculture, Forestry, Fishing & Hunting",14.11
"Tillman County, Oklahoma",40141,22,Utilities,9.38
"Tulsa County, Oklahoma",40143,22,Utilities,1.78
"Wagoner County, Oklahoma",40145,23,Construction,3.22
"Washington County, Oklahoma",40147,22,Utilities,1.74
"Washita County, Oklahoma",40149,21,"Mining, Quarrying, Oil & Gas",8.46
"Woods County, Oklahoma",40151,21,"Mining, Quarrying, Oil & Gas",24.79
"Woodward County, Oklahoma",40153,21,"Mining, Quarrying, Oil & Gas",29.35
"Baker County, Oregon",41001,22,Utilities,5.71
"Benton County, Oregon",41003,81,Other Services (except Public Administration),1.37
"Clackamas County, Oregon",41005,11,"Agriculture, Forestry, Fishing & Hunting",3.3
"Clatsop County, Oregon",41007,72,Accommodation & Food Services,2.59
"Columbia County, Oregon",41009,11,"Agriculture, Forestry, Fishing & Hunting",3.65
"Coos County, Oregon",41011,11,"Agriculture, Forestry, Fishing & Hunting",3.73
"Crook County, Oregon",41013,11,"Agriculture, Forestry, Fishing & Hunting",2.49
"Curry County, Oregon",41015,72,Accommodation & Food Services,1.82
"Deschutes County, Oregon",41017,23,Construction,1.55
"Douglas County, Oregon",41019,11,"Agriculture, Forestry, Fishing & Hunting",4.09
"Gilliam County, Oregon",41021,56,Administrative & Support & Waste Management,4.08
"Grant County, Oregon",41023,11,"Agriculture, Forestry, Fishing & Hunting",13.1
"Harney County, Oregon",41025,11,"Agriculture, Forestry, Fishing & Hunting",10.21
"Hood River County, Oregon",41027,11,"Agriculture, Forestry, Fishing & Hunting",16.8
"Jackson County, Oregon",41029,11,"Agriculture, Forestry, Fishing & Hunting",3.79
"Jefferson County, Oregon",41031,31-33,Manufacturing,2.03
"Josephine County, Oregon",41033,62,Health Care & Social Assistance,2.23
"Klamath County, Oregon",41035,11,"Agriculture, Forestry, Fishing & Hunting",4.54
"Lake County, Oregon",41037,11,"Agriculture, Forestry, Fishing & Hunting",24.02
"Lane County, Oregon",41039,11,"Agriculture, Forestry, Fishing & Hunting",1.83
"Lincoln County, Oregon",41041,72,Accommodation & Food Services,2.66
"Linn County, Oregon",41043,31-33,Manufacturing,2.13
"Malheur County, Oregon",41045,44-45,Retail Trade,1.67
"Marion County, Oregon",41047,11,"Agriculture, Forestry, Fishing & Hunting",6.26
"Morrow County, Oregon",41049,22,Utilities,3.77
"Multnomah County, Oregon",41051,55,Management of Companies & Enterprises,1.85
"Polk County, Oregon",41053,62,Health Care & Social Assistance,1.32
"Sherman County, Oregon",41055,44-45,Retail Trade,1.43
"Tillamook County, Oregon",41057,11,"Agriculture, Forestry, Fishing & Hunting",8.64
"Umatilla County, Oregon",41059,11,"Agriculture, Forestry, Fishing & Hunting",11.01
"Union County, Oregon",41061,11,"Agriculture, Forestry, Fishing & Hunting",4.38
"Wallowa County, Oregon",41063,11,"Agriculture, Forestry, Fishing & Hunting",7.21
"Wasco County, Oregon",41065,62,Health Care & Social Assistance,1.44
"Washington County, Oregon",41067,55,Management of Companies & Enterprises,3.19
"Wheeler County, Oregon",41069,,Not classified,
"Yamhill County, Oregon",41071,11,"Agriculture, Forestry, Fishing & Hunting",11.46
"Adams County, Pennsylvania",42001,31-33,Manufacturing,2.66
"Allegheny County, Pennsylvania",42003,61,Educational Services,2.55
"Armstrong County, Pennsylvania",42005,21,"Mining, Quarrying, Oil & Gas",13.38
"Beaver County, Pennsylvania",42007,22,Utilities,5.14
"Bedford County, Pennsylvania",42009,48-49,Transportation & Warehousing,2.51
"Berks County, Pennsylvania",42011,31-33,Manufacturing,2.19
"Blair County, Pennsylvania",42013,31-33,Manufacturing,1.59
"Bradford County, Pennsylvania",42015,21,"Mining, Quarrying, Oil & Gas",6.79
"Bucks County, Pennsylvania",42017,62,Health Care & Social Assistance,1.47
"Butler County, Pennsylvania",42019,55,Management of Companies & Enterprises,3.27
"Cambria County, Pennsylvania",42021,61,Educational Services,1.74
"Cameron County, Pennsylvania",42023,31-33,Manufacturing,4.55
"Carbon County, Pennsylvania",42025,71,"Arts, Entertainment & Recreation",6.94
"Centre County, Pennsylvania",42027,72,Accommodation & Food Services,1.19
"Chester County, Pennsylvania",42029,11,"Agriculture, Forestry, Fishing & Hunting",2.65
"Clarion County, Pennsylvania",42031,21,"Mining, Quarrying, Oil & Gas",3.76
"Clearfield County, Pennsylvania",42033,21,"Mining, Quarrying, Oil & Gas",3.35
"Clinton County, Pennsylvania",42035,31-33,Manufacturing,2.92
"Columbia County, Pennsylvania",42037,55,Management of Companies & Enterprises,2.75
"Crawford County, Pennsylvania",42039,31-33,Manufacturing,2.96
"Cumberland County, Pennsylvania",42041,48-49,Transportation & Warehousing,3.28
"Dauphin County, Pennsylvania",42043,71,"Arts, Entertainment & Recreation",1.85
"Delaware County, Pennsylvania",42045,61,Educational Services,2.75
"Elk County, Pennsylvania",42047,31-33,Manufacturing,5.15
"Erie County, Pennsylvania",42049,31-33,Manufacturing,1.97
"Fayette County, Pennsylvania",42051,21,"Mining, Quarrying, Oil & Gas",4.99
"Forest County, Pennsylvania",42053,31-33,Manufacturing,0.93
"Franklin County, Pennsylvania",42055,48-49,Transportation & Warehousing,3.61
"Fulton County, Pennsylvania",42057,31-33,Manufacturing,5.27
"Greene County, Pennsylvania",42059,23,Construction,1.72
"Huntingdon County, Pennsylvania",42061,11,"Agriculture, Forestry, Fishing & Hunting",3.05
"Indiana County, Pennsylvania",42063,21,"Mining, Quarrying, Oil & Gas",8.85
"Jefferson County, Pennsylvania",42065,21,"Mining, Quarrying, Oil & Gas",7.29
"Juniata County, Pennsylvania",42067,31-33,Manufacturing,3.56
"Lackawanna County, Pennsylvania",42069,61,Educational Services,1.91
"Lancaster County, Pennsylvania",42071,11,"Agriculture, Forestry, Fishing & Hunting",1.82
"Lawrence County, Pennsylvania",42073,22,Utilities,2.18
"Lebanon County, Pennsylvania",42075,31-33,Manufacturing,2.23
"Lehigh County, Pennsylvania",42077,55,Management of Companies & Enterprises,2.05
"Luzerne County, Pennsylvania",42079,48-49,Transportation & Warehousing,3.09
"Lycoming County, Pennsylvania",42081,21,"Mining, Quarrying, Oil & Gas",3.2
"McKean County, Pennsylvania",42083,21,"Mining, Quarrying, Oil & Gas",7.57
"Mercer County, Pennsylvania",42085,31-33,Manufacturing,2.38
"Mifflin County, Pennsylvania",42087,31-33,Manufacturing,3.18
"Monroe County, Pennsylvania",42089,72,Accommodation & Food Services,1.94
"Montgomery County, Pennsylvania",42091,55,Management of Companies & Enterprises,1.81
"Montour County, Pennsylvania",42093,62,Health Care & Social Assistance,3.65
"Northampton County, Pennsylvania",42095,48-49,Transportation & Warehousing,3.16
"Northumberland County, Pennsylvania",42097,22,Utilities,3.61
"Perry County, Pennsylvania",42099,48-49,Transportation & Warehousing,3.4
"Philadelphia County, Pennsylvania",42101,61,Educational Services,3.79
"Pike County, Pennsylvania",42103,81,Other Services (except Public Administration),2.38
"Potter County, Pennsylvania",42105,51,Information,3.2
"Schuylkill County, Pennsylvania",42107,21,"Mining, Quarrying, Oil & Gas",3.88
"Snyder County, Pennsylvania",42109,31-33,Manufacturing,2.66
"Somerset County, Pennsylvania",42111,21,"Mining, Quarrying, Oil & Gas",4.37
"Sullivan County, Pennsylvania",42113,44-45,Retail Trade,0.84
"Susquehanna County, Pennsylvania",42115,21,"Mining, Quarrying, Oil & Gas",14.39
"Tioga County, Pennsylvania",42117,22,Utilities,7.25
"Union County, Pennsylvania",42119,31-33,Manufacturing,1.27
"Venango County, Pennsylvania",42121,31-33,Manufacturing,2.39
"Warren County, Pennsylvania",42123,21,"Mining, Quarrying, Oil & Gas",4.74
"Washington County, Pennsylvania",42125,21,"Mining, Quarrying, Oil & Gas",11.48
"Wayne County, Pennsylvania",42127,21,"Mining, Quarrying, Oil & Gas",2.16
"Westmoreland County, Pennsylvania",42129,21,"Mining, Quarrying, Oil & Gas",1.7
"Wyoming County, Pennsylvania",42131,21,"Mining, Quarrying, Oil & Gas",5.14
"York County, Pennsylvania",42133,31-33,Manufacturing,2.16
"Bristol County, Rhode Island",44001,61,Educational Services,5.51
"Kent County, Rhode Island",44003,44-45,Retail Trade,1.41
"Newport County, Rhode Island",44005,71,"Arts, Entertainment & Recreation",1.93
"Providence County, Rhode Island",44007,61,Educational Services,2.92
"Washington County, Rhode Island",44009,31-33,Manufacturing,2.7
"Abbeville County, South Carolina",45001,31-33,Manufacturing,4.62
"Aiken County, South Carolina",45003,56,Administrative & Support & Waste Management,2.84
"Allendale County, South Carolina",45005,31-33,Manufacturing,4.32
"Anderson County, South Carolina",45007,31-33,Manufacturing,2.72
"Bamberg County, South Carolina",45009,61,Educational Services,4.59
"Barnwell County, South Carolina",45011,31-33,Manufacturing,2.51
"Beaufort County, South Carolina",45013,71,"Arts, Entertainment & Recreation",2.74
"Berkeley County, South Carolina",45015,31-33,Manufacturing,1.71
"Calhoun County, South Carolina",45017,11,"Agriculture, Forestry, Fishing & Hunting",6.54
"Charleston County, South Carolina",45019,53,Real Estate & Rental & Leasing,1.58
"Cherokee County, South Carolina",45021,31-33,Manufacturing,3.73
"Chester County, South Carolina",45023,31-33,Manufacturing,4.27
"Chesterfield County, South Carolina",45025,31-33,Manufacturing,3.78
"Clarendon County, South Carolina",45027,11,"Agriculture, Forestry, Fishing & Hunting",3.61
"Colleton County, South Carolina",45029,22,Utilities,2.51
"Darlington County, South Carolina",45031,31-33,Manufacturing,2.13
"Dillon County, South Carolina",45033,48-49,Transportation & Warehousing,4.0
"Dorchester County, South Carolina",45035,31-33,Manufacturing,1.76
"Edgefield County, South Carolina",45037,31-33,Manufacturing,3.26
"Fairfield County, South Carolina",45039,61,Educational Services,2.82
"Florence County, South Carolina",45041,31-33,Manufacturing,1.38
"Georgetown County, South Carolina",45043,71,"Arts, Entertainment & Recreation",3.16
"Greenville County, South Carolina",45045,56,Administrative & Support & Waste Management,1.59
"Greenwood County, South Carolina",45047,31-33,Manufacturing,2.54
"Hampton County, South Carolina",45049,11,"Agriculture, Forestry, Fishing & Hunting",10.32
"Horry County, South Carolina",45051,72,Accommodation & Food Services,2.2
"Jasper County, South Carolina",45053,22,Utilities,3.66
"Kershaw County, South Carolina",45055,11,"Agriculture, Forestry, Fishing & Hunting",3.24
"Lancaster County, South Carolina",45057,55,Management of Companies & Enterprises,2.28
"Laurens County, South Carolina",45059,31-33,Manufacturing,4.39
"Lee County, South Carolina",45061,81,Other Services (except Public Administration),1.84
"Lexington County, South Carolina",45063,22,Utilities,2.02
"McCormick County, South Carolina",45065,81,Other Services (except Public Administration),3.62
"Marion County, South Carolina",45067,48-49,Transportation & Warehousing,1.9
"Marlboro County, South Carolina",45069,31-33,Manufacturing,2.96
"Newberry County, South Carolina",45071,31-33,Manufacturing,3.64
"Oconee County, South Carolina",45073,31-33,Manufacturing,2.94
"Orangeburg County, South Carolina",45075,31-33,Manufacturing,1.56
"Pickens County, South Carolina",45077,71,"Arts, Entertainment & Recreation",1.71
"Richland County, South Carolina",45079,52,Finance & Insurance,2.22
"Saluda County, South Carolina",45081,11,"Agriculture, Forestry, Fishing & Hunting",12.22
"Spartanburg County, South Carolina",45083,31-33,Manufacturing,2.99
"Sumter County, South Carolina",45085,31-33,Manufacturing,2.24
"Union County, South Carolina",45087,22,Utilities,3.24
"Williamsburg County, South Carolina",45089,31-33,Manufacturing,2.21
"York County, South Carolina",45091,22,Utilities,2.64
"Aurora County, South Dakota",46003,44-45,Retail Trade,1.91
"Beadle County, South Dakota",46005,31-33,Manufacturing,3.0
"Bennett County, South Dakota",46007,11,"Agriculture, Forestry, Fishing & Hunting",5.61
"Bon Homme County, South Dakota",46009,42,Wholesale Trade,1.52
"Brookings County, South Dakota",46011,31-33,Manufacturing,2.75
"Brown County, South Dakota",46013,11,"Agriculture, Forestry, Fishing & Hunting",2.44
"Brule County, South Dakota",46015,71,"Arts, Entertainment & Recreation",2.25
"Buffalo County, South Dakota",46017,62,Health Care & Social Assistance,0.16
"Butte County, South Dakota",46019,42,Wholesale Trade,1.69
"Campbell County, South Dakota",46021,11,"Agriculture, Forestry, Fishing & Hunting",29.74
"Charles Mix County, South Dakota",46023,42,Wholesale Trade,1.38
"Clark County, South Dakota",46025,11,"Agriculture, Forestry, Fishing & Hunting",19.85
"Clay County, South Dakota",46027,72,Accommodation & Food Services,1.67
"Codington County, South Dakota",46029,31-33,Manufacturing,2.46
"Corson County, South Dakota",46031,11,"Agriculture, Forestry, Fishing & Hunting",4.1
"Custer County, South Dakota",46033,23,Construction,1.58
"Davison County, South Dakota",46035,31-33,Manufacturing,1.75
"Day County, South Dakota",46037,11,"Agriculture, Forestry, Fishing & Hunting",5.82
"Deuel County, South Dakota",46039,11,"Agriculture, Forestry, Fishing & Hunting",13.26
"Dewey County, South Dakota",46041,22,Utilities,4.49
"Douglas County, South Dakota",46043,42,Wholesale Trade,2.26
"Edmunds County, South Dakota",46045,11,"Agriculture, Forestry, Fishing & Hunting",21.35
"Fall River County, South Dakota",46047,11,"Agriculture, Forestry, Fishing & Hunting",3.74
"Faulk County, South Dakota",46049,11,"Agriculture, Forestry, Fishing & Hunting",13.63
"Grant County, South Dakota",46051,22,Utilities,9.94
"Gregory County, South Dakota",46053,44-45,Retail Trade,1.79
"Haakon County, South Dakota",46055,42,Wholesale Trade,3.61
"Hamlin County, South Dakota",46057,11,"Agriculture, Forestry, Fishing & Hunting",10.25
"Hand County, South Dakota",46059,11,"Agriculture, Forestry, Fishing & Hunting",15.8
"Hanson County, South Dakota",46061,11,"Agriculture, Forestry, Fishing & Hunting",2.91
"Harding County, South Dakota",46063,23,Construction,4.25
"Hughes County, South Dakota",46065,52,Finance & Insurance,1.28
"Hutchinson County, South Dakota",46067,42,Wholesale Trade,3.38
"Hyde County, South Dakota",46069,11,"Agriculture, Forestry, Fishing & Hunting",17.5
"Jackson County, South Dakota",46071,44-45,Retail Trade,1.56
"Jerauld County, South Dakota",46073,42,Wholesale Trade,2.41
"Jones County, South Dakota",46075,44-45,Retail Trade,1.49
"Kingsbury County, South Dakota",46077,11,"Agriculture, Forestry, Fishing & Hunting",12.79
"Lake County, South Dakota",46079,11,"Agriculture, Forestry, Fishing & Hunting",4.85
"Lawrence County, South Dakota",46081,21,"Mining, Quarrying, Oil & Gas",7.71
"Lincoln County, South Dakota",46083,52,Finance & Insurance,2.53
"Lyman County, South Dakota",46085,72,Accommodation & Food Services,1.93
"McCook County, South Dakota",46087,42,Wholesale Trade,2.51
"McPherson County, South Dakota",46089,11,"Agriculture, Forestry, Fishing & Hunting",16.0
"Marshall County, South Dakota",46091,31-33,Manufacturing,2.16
"Meade County, South Dakota",46093,23,Construction,2.14
"Mellette County, South Dakota",46095,44-45,Retail Trade,1.21
"Miner County, South Dakota",46097,81,Other Services (except Public Administration),2.19
"Minnehaha County, South Dakota",46099,52,Finance & Insurance,1.53
"Moody County, South Dakota",46101,11,"Agriculture, Forestry, Fishing & Hunting",23.75
"Oglala Lakota County, South Dakota",46102,61,Educational Services,0.67
"Pennington County, South Dakota",46103,81,Other Services (except Public Administration),1.54
"Perkins County, South Dakota",46105,42,Wholesale Trade,2.83
"Potter County, South Dakota",46107,11,"Agriculture, Forestry, Fishing & Hunting",12.4
"Roberts County, South Dakota",46109,42,Wholesale Trade,1.41
"Sanborn County, South Dakota",46111,11,"Agriculture, Forestry, Fishing & Hunting",9.96
"Spink County, South Dakota",46115,11,"Agriculture, Forestry, Fishing & Hunting",20.49
"Stanley County, South Dakota",46117,11,"Agriculture, Forestry, Fishing & Hunting",5.99
"Sully County, South Dakota",46119,11,"Agriculture, Forestry, Fishing & Hunting",40.64
"Todd County, South Dakota",46121,11,"Agriculture, Forestry, Fishing & Hunting",1.07
"Tripp County, South Dakota",46123,42,Wholesale Trade,2.42
"Turner County, South Dakota",46125,53,Real Estate & Rental & Leasing,1.57
"Union County, South Dakota",46127,31-33,Manufacturing,2.99
"Walworth County, South Dakota",46129,22,Utilities,4.78
"Yankton County, South Dakota",46135,31-33,Manufacturing,2.97
"Ziebach County, South Dakota",46137,,Not classified,
"Anderson County, Tennessee",47001,31-33,Manufacturing,3.83
"Bedford County, Tennessee",47003,31-33,Manufacturing,2.63
"Benton County, Tennessee",47005,31-33,Manufacturing,2.17
"Bledsoe County, Tennessee",47007,99,Unclassified,1.93
"Blount County, Tennessee",47009,48-49,Transportation & Warehousing,2.33
"Bradley County, Tennessee",47011,31-33,Manufacturing,2.25
"Campbell County, Tennessee",47013,99,Unclassified,2.55
"Cannon County, Tennessee",47015,48-49,Transportation & Warehousing,2.49
"Carroll County, Tennessee",47017,99,Unclassified,2.57
"Carter County, Tennessee",47019,31-33,Manufacturing,2.0
"Cheatham County, Tennessee",47021,31-33,Manufacturing,3.65
"Chester County, Tennessee",47023,31-33,Manufacturing,2.37
"Claiborne County, Tennessee",47025,31-33,Manufacturing,3.15
"Clay County, Tennessee",47027,71,"Arts, Entertainment & Recreation",3.22
"Cocke County, Tennessee",47029,99,Unclassified,2.57
"Coffee County, Tennessee",47031,31-33,Manufacturing,2.1
"Crockett County, Tennessee",47033,11,"Agriculture, Forestry, Fishing & Hunting",4.51
"Cumberland County, Tennessee",47035,99,Unclassified,2.62
"Davidson County, Tennessee",47037,99,Unclassified,1.76
"Decatur County, Tennessee",47039,31-33,Manufacturing,2.25
"DeKalb County, Tennessee",47041,31-33,Manufacturing,4.48
"Dickson County, Tennessee",47043,31-33,Manufacturing,2.18
"Dyer County, Tennessee",47045,31-33,Manufacturing,3.69
"Fayette County, Tennessee",47047,99,Unclassified,2.23
"Fentress County, Tennessee",47049,62,Health Care & Social Assistance,3.07
"Franklin County, Tennessee",47051,21,"Mining, Quarrying, Oil & Gas",2.29
"Gibson County, Tennessee",47053,31-33,Manufacturing,3.11
"Giles County, Tennessee",47055,31-33,Manufacturing,3.78
"Grainger County, Tennessee",47057,99,Unclassified,6.18
"Greene County, Tennessee",47059,31-33,Manufacturing,2.69
"Grundy County, Tennessee",47061,81,Other Services (except Public Administration),1.63
"Hamblen County, Tennessee",47063,31-33,Manufacturing,3.69
"Hamilton County, Tennessee",47065,99,Unclassified,1.94
"Hancock County, Tennessee",47067,44-45,Retail Trade,1.12
"Hardeman County, Tennessee",47069,31-33,Manufacturing,3.06
"Hardin County, Tennessee",47071,31-33,Manufacturing,2.92
"Hawkins County, Tennessee",47073,31-33,Manufacturing,3.37
"Haywood County, Tennessee",47075,31-33,Manufacturing,4.23
"Henderson County, Tennessee",47077,48-49,Transportation & Warehousing,2.47
"Henry County, Tennessee",47079,31-33,Manufacturing,2.6
"Hickman County, Tennessee",47081,99,Unclassified,1.97
"Houston County, Tennessee",47083,99,Unclassified,2.3
"Humphreys County, Tennessee",47085,31-33,Manufacturing,3.42
"Jackson County, Tennessee",47087,31-33,Manufacturing,1.37
"Jefferson County, Tennessee",47089,48-49,Transportation & Warehousing,2.09
"Johnson County, Tennessee",47091,31-33,Manufacturing,1.87
"Knox County, Tennessee",47093,99,Unclassified,1.86
"Lake County, Tennessee",47095,11,"Agriculture, Forestry, Fishing & Hunting",7.12
"Lauderdale County, Tennessee",47097,48-49,Transportation & Warehousing,2.49
"Lawrence County, Tennessee",47099,99,Unclassified,3.78
"Lewis County, Tennessee",47101,99,Unclassified,2.77
"Lincoln County, Tennessee",47103,31-33,Manufacturing,3.55
"Loudon County, Tennessee",47105,11,"Agriculture, Forestry, Fishing & Hunting",3.7
"McMinn County, Tennessee",47107,31-33,Manufacturing,3.72
"McNairy County, Tennessee",47109,99,Unclassified,2.97
"Macon County, Tennessee",47111,31-33,Manufacturing,2.18
"Madison County, Tennessee",47113,31-33,Manufacturing,2.21
"Marion County, Tennessee",47115,31-33,Manufacturing,3.39
"Marshall County, Tennessee",47117,31-33,Manufacturing,3.73
"Maury County, Tennessee",47119,99,Unclassified,2.17
"Meigs County, Tennessee",47121,31-33,Manufacturing,4.43
"Monroe County, Tennessee",47123,31-33,Manufacturing,4.5
"Montgomery County, Tennessee",47125,99,Unclassified,2.89
"Moore County, Tennessee",47127,99,Unclassified,1.3
"Morgan County, Tennessee",47129,56,Administrative & Support & Waste Management,1.36
"Obion County, Tennessee",47131,31-33,Manufacturing,3.35
"Overton County, Tennessee",47133,21,"Mining, Quarrying, Oil & Gas",4.36
"Perry County, Tennessee",47135,99,Unclassified,3.21
"Pickett County, Tennessee",47137,31-33,Manufacturing,1.83
"Polk County, Tennessee",47139,44-45,Retail Trade,1.73
"Putnam County, Tennessee",47141,99,Unclassified,1.8
"Rhea County, Tennessee",47143,31-33,Manufacturing,3.69
"Roane County, Tennessee",47145,54,"Professional, Scientific & Technical Services",5.66
"Robertson County, Tennessee",47147,31-33,Manufacturing,2.71
"Rutherford County, Tennessee",47149,31-33,Manufacturing,2.25
"Scott County, Tennessee",47151,31-33,Manufacturing,2.61
"Sequatchie County, Tennessee",47153,31-33,Manufacturing,1.97
"Sevier County, Tennessee",47155,71,"Arts, Entertainment & Recreation",7.98
"Shelby County, Tennessee",47157,48-49,Transportation & Warehousing,3.13
"Smith County, Tennessee",47159,31-33,Manufacturing,3.25
"Stewart County, Tennessee",47161,31-33,Manufacturing,2.45
"Sullivan County, Tennessee",47163,31-33,Manufacturing,2.04
"Sumner County, Tennessee",47165,99,Unclassified,2.35
"Tipton County, Tennessee",47167,99,Unclassified,3.69
"Trousdale County, Tennessee",47169,99,Unclassified,4.44
"Unicoi County, Tennessee",47171,31-33,Manufacturing,4.14
"Union County, Tennessee",47173,99,Unclassified,3.61
"Van Buren County, Tennessee",47175,99,Unclassified,8.73
"Warren County, Tennessee",47177,11,"Agriculture, Forestry, Fishing & Hunting",6.5
"Washington County, Tennessee",47179,99,Unclassified,1.44
"Wayne County, Tennessee",47181,62,Health Care & Social Assistance,2.08
"Weakley County, Tennessee",47183,21,"Mining, Quarrying, Oil & Gas",2.9
"White County, Tennessee",47185,31-33,Manufacturing,3.15
"Williamson County, Tennessee",47187,99,Unclassified,2.89
"Wilson County, Tennessee",47189,48-49,Transportation & Warehousing,5.44
"Anderson County, Texas",48001,21,"Mining, Quarrying, Oil & Gas",3.08
"Andrews County, Texas",48003,21,"Mining, Quarrying, Oil & Gas",59.25
"Angelina County, Texas",48005,62,Health Care & Social Assistance,1.4
"Aransas County, Texas",48007,21,"Mining, Quarrying, Oil & Gas",4.96
"Archer County, Texas",48009,21,"Mining, Quarrying, Oil & Gas",42.07
"Armstrong County, Texas",48011,99,Unclassified,12.46
"Atascosa County, Texas",48013,21,"Mining, Quarrying, Oil & Gas",44.49
"Austin County, Texas",48015,99,Unclassified,2.91
"Bailey County, Texas",48017,11,"Agriculture, Forestry, Fishing & Hunting",38.73
"Bandera County, Texas",48019,11,"Agriculture, Forestry, Fishing & Hunting",9.63
"Bastrop County, Texas",48021,22,Utilities,2.96
"Baylor County, Texas",48023,22,Utilities,37.36
"Bee County, Texas",48025,21,"Mining, Quarrying, Oil & Gas",5.13
"Bell County, Texas",48027,44-45,Retail Trade,1.27
"Bexar County, Texas",48029,52,Finance & Insurance,1.62
"Blanco County, Texas",48031,11,"Agriculture, Forestry, Fishing & Hunting",6.11
"Borden County, Texas",48033,23,Construction,5.14
"Bosque County, Texas",48035,22,Utilities,4.81
"Bowie County, Texas",48037,44-45,Retail Trade,1.47
"Brazoria County, Texas",48039,21,"Mining, Quarrying, Oil & Gas",2.77
"Brazos County, Texas",48041,21,"Mining, Quarrying, Oil & Gas",2.49
"Brewster County, Texas",48043,72,Accommodation & Food Services,2.32
"Briscoe County, Texas",48045,11,"Agriculture, Forestry, Fishing & Hunting",34.25
"Brooks County, Texas",48047,11,"Agriculture, Forestry, Fishing & Hunting",5.28
"Brown County, Texas",48049,21,"Mining, Quarrying, Oil & Gas",2.13
"Burleson County, Texas",48051,21,"Mining, Quarrying, Oil & Gas",6.01
"Burnet County, Texas",48053,21,"Mining, Quarrying, Oil & Gas",4.56
"Caldwell County, Texas",48055,21,"Mining, Quarrying, Oil & Gas",4.81
"Calhoun County, Texas",48057,23,Construction,4.28
"Callahan County, Texas",48059,22,Utilities,16.06
"Cameron County, Texas",48061,62,Health Care & Social Assistance,1.91
"Camp County, Texas",48063,42,Wholesale Trade,6.18
"Carson County, Texas",48065,22,Utilities,2.57
"Cass County, Texas",48067,22,Utilities,3.97
"Castro County, Texas",48069,42,Wholesale Trade,1.36
"Chambers County, Texas",48071,21,"Mining, Quarrying, Oil & Gas",5.07
"Cherokee County, Texas",48073,11,"Agriculture, Forestry, Fishing & Hunting",4.93
"Childress County, Texas",48075,22,Utilities,6.77
"Clay County, Texas",48077,11,"Agriculture, Forestry, Fishing & Hunting",6.64
"Cochran County, Texas",48079,52,Finance & Insurance,2.39
"Coke County, Texas",48081,23,Construction,1.56
"Coleman County, Texas",48083,21,"Mining, Quarrying, Oil & Gas",8.83
"Collin County, Texas",48085,52,Finance & Insurance,3.01
"Collingsworth County, Texas",48087,51,Information,1.68
"Colorado County, Texas",48089,21,"Mining, Quarrying, Oil & Gas",9.66
"Comal County, Texas",48091,21,"Mining, Quarrying, Oil & Gas",2.98
"Comanche County, Texas",48093,22,Utilities,5.06
"Concho County, Texas",48095,52,Finance & Insurance,2.29
"Cooke County, Texas",48097,21,"Mining, Quarrying, Oil & Gas",27.06
"Coryell County, Texas",48099,81,Other Services (except Public Administration),1.45
"Cottle County, Texas",48101,53,Real Estate & Rental & Leasing,4.79
"Crane County, Texas",48103,21,"Mining, Quarrying, Oil & Gas",56.73
"Crockett County, Texas",48105,21,"Mining, Quarrying, Oil & Gas",27.51
"Crosby County, Texas",48107,42,Wholesale Trade,1.65
"Culberson County, Texas",48109,21,"Mining, Quarrying, Oil & Gas",14.91
"Dallam County, Texas",48111,11,"Agriculture, Forestry, Fishing & Hunting",39.0
"Dallas County, Texas",48113,53,Real Estate & Rental & Leasing,1.9
"Dawson County, Texas",48115,21,"Mining, Quarrying, Oil & Gas",25.6
"Deaf Smith County, Texas",48117,31-33,Manufacturing,3.08
"Delta County, Texas",48119,11,"Agriculture, Forestry, Fishing & Hunting",9.14
"Denton County, Texas",48121,48-49,Transportation & Warehousing,1.4
"DeWitt County, Texas",48123,21,"Mining, Quarrying, Oil & Gas",22.72
"Dickens County, Texas",48125,51,Information,7.36
"Dimmit County, Texas",48127,21,"Mining, Quarrying, Oil & Gas",72.57
"Donley County, Texas",48129,81,Other Services (except Public Administration),1.05
"Duval County, Texas",48131,21,"Mining, Quarrying, Oil & Gas",31.91
"Eastland County, Texas",48133,21,"Mining, Quarrying, Oil & Gas",8.97
"Ector County, Texas",48135,21,"Mining, Quarrying, Oil & Gas",40.36
"Edwards County, Texas",48137,11,"Agriculture, Forestry, Fishing & Hunting",9.24
"Ellis County, Texas",48139,22,Utilities,3.33
"El Paso County, Texas",48141,56,Administrative & Support & Waste Management,1.31
"Erath County, Texas",48143,11,"Agriculture, Forestry, Fishing & Hunting",6.52
"Falls County, Texas",48145,42,Wholesale Trade,1.7
"Fannin County, Texas",48147,21,"Mining, Quarrying, Oil & Gas",5.01
"Fayette County, Texas",48149,21,"Mining, Quarrying, Oil & Gas",5.38
"Fisher County, Texas",48151,11,"Agriculture, Forestry, Fishing & Hunting",14.28
"Floyd County, Texas",48153,11,"Agriculture, Forestry, Fishing & Hunting",32.43
"Foard County, Texas",48155,11,"Agriculture, Forestry, Fishing & Hunting",7.86
"Fort Bend County, Texas",48157,21,"Mining, Quarrying, Oil & Gas",2.71
"Franklin County, Texas",48159,48-49,Transportation & Warehousing,5.61
"Freestone County, Texas",48161,21,"Mining, Quarrying, Oil & Gas",30.37
"Frio County, Texas",48163,21,"Mining, Quarrying, Oil & Gas",44.66
"Gaines County, Texas",48165,21,"Mining, Quarrying, Oil & Gas",25.41
"Galveston County, Texas",48167,72,Accommodation & Food Services,1.69
"Garza County, Texas",48169,21,"Mining, Quarrying, Oil & Gas",45.11
"Gillespie County, Texas",48171,71,"Arts, Entertainment & Recreation",2.0
"Glasscock County, Texas",48173,21,"Mining, Quarrying, Oil & Gas",39.46
"Goliad County, Texas",48175,23,Construction,2.82
"Gonzales County, Texas",48177,11,"Agriculture, Forestry, Fishing & Hunting",16.85
"Gray County, Texas",48179,21,"Mining, Quarrying, Oil & Gas",17.53
"Grayson County, Texas",48181,31-33,Manufacturing,1.92
"Gregg County, Texas",48183,21,"Mining, Quarrying, Oil & Gas",11.49
"Grimes County, Texas",48185,22,Utilities,8.24
"Guadalupe County, Texas",48187,21,"Mining, Quarrying, Oil & Gas",3.2
"Hale County, Texas",48189,22,Utilities,3.21
"Hall County, Texas",48191,11,"Agriculture, Forestry, Fishing & Hunting",24.11
"Hamilton County, Texas",48193,11,"Agriculture, Forestry, Fishing & Hunting",13.63
"Hansford County, Texas",48195,11,"Agriculture, Forestry, Fishing & Hunting",33.26
"Hardeman County, Texas",48197,44-45,Retail Trade,1.52
"Hardin County, Texas",48199,21,"Mining, Quarrying, Oil & Gas",4.68
"Harris County, Texas",48201,21,"Mining, Quarrying, Oil & Gas",6.7
"Harrison County, Texas",48203,21,"Mining, Quarrying, Oil & Gas",10.16
"Hartley County, Texas",48205,22,Utilities,1.49
"Haskell County, Texas",48207,11,"Agriculture, Forestry, Fishing & Hunting",12.23
"Hays County, Texas",48209,48-49,Transportation & Warehousing,1.91
"Hemphill County, Texas",48211,21,"Mining, Quarrying, Oil & Gas",44.94
"Henderson County, Texas",48213,22,Utilities,2.01
"Hidalgo County, Texas",48215,62,Health Care & Social Assistance,2.0
"Hill County, Texas",48217,22,Utilities,4.08
"Hockley County, Texas",48219,21,"Mining, Quarrying, Oil & Gas",67.85
"Hood County, Texas",48221,21,"Mining, Quarrying, Oil & Gas",7.91
"Hopkins County, Texas",48223,31-33,Manufacturing,2.57
"Houston County, Texas",48225,21,"Mining, Quarrying, Oil & Gas",9.49
"Howard County, Texas",48227,21,"Mining, Quarrying, Oil & Gas",17.3
"Hudspeth County, Texas",48229,99,Unclassified,0.95
"Hunt County, Texas",48231,31-33,Manufacturing,2.66
"Hutchinson County, Texas",48233,21,"Mining, Quarrying, Oil & Gas",37.73
"Irion County, Texas",48235,21,"Mining, Quarrying, Oil & Gas",134.6
"Jack County, Texas",48237,21,"Mining, Quarrying, Oil & Gas",26.71
"Jackson County, Texas",48239,23,Construction,2.81
"Jasper County, Texas",48241,21,"Mining, Quarrying, Oil & Gas",3.05
"Jeff Davis County, Texas",48243,81,Other Services (except Public Administration),2.14
"Jefferson County, Texas",48245,23,Construction,2.56
"Jim Hogg County, Texas",48247,21,"Mining, Quarrying, Oil & Gas",8.79
"Jim Wells County, Texas",48249,21,"Mining, Quarrying, Oil & Gas",37.61
"Johnson County, Texas",48251,21,"Mining, Quarrying, Oil & Gas",4.15
"Jones County, Texas",48253,21,"Mining, Quarrying, Oil & Gas",7.82
"Karnes County, Texas",48255,21,"Mining, Quarrying, Oil & Gas",28.98
"Kaufman County, Texas",48257,48-49,Transportation & Warehousing,3.24
"Kendall County, Texas",48259,23,Construction,2.34
"Kenedy County, Texas",48261,99,Unclassified,8.35
"Kent County, Texas",48263,42,Wholesale Trade,0.86
"Kerr County, Texas",48265,23,Construction,2.03
"Kimble County, Texas",48267,44-45,Retail Trade,1.47
"King County, Texas",48269,11,"Agriculture, Forestry, Fishing & Hunting",41.13
"Kinney County, Texas",48271,44-45,Retail Trade,0.86
"Kleberg County, Texas",48273,11,"Agriculture, Forestry, Fishing & Hunting",3.56
"Knox County, Texas",48275,11,"Agriculture, Forestry, Fishing & Hunting",13.5
"Lamar County, Texas",48277,31-33,Manufacturing,2.58
"Lamb County, Texas",48279,22,Utilities,5.77
"Lampasas County, Texas",48281,23,Construction,2.29
"La Salle County, Texas",48283,21,"Mining, Quarrying, Oil & Gas",91.46
"Lavaca County, Texas",48285,21,"Mining, Quarrying, Oil & Gas",2.93
"Lee County, Texas",48287,23,Construction,7.61
"Leon County, Texas",48289,21,"Mining, Quarrying, Oil & Gas",7.39
"Liberty County, Texas",48291,21,"Mining, Quarrying, Oil & Gas",3.7
"Limestone County, Texas",48293,21,"Mining, Quarrying, Oil & Gas",24.24
"Lipscomb County, Texas",48295,48-49,Transportation & Warehousing,1.4
"Live Oak County, Texas",48297,21,"Mining, Quarrying, Oil & Gas",31.51
"Llano County, Texas",48299,72,Accommodation & Food Services,2.77
"Loving County, Texas",48301,31-33,Manufacturing,1.95
"Lubbock County, Texas",48303,72,Accommodation & Food Services,1.5
"Lynn County, Texas",48305,11,"Agriculture, Forestry, Fishing & Hunting",23.69
"McCulloch County, Texas",48307,21,"Mining, Quarrying, Oil & Gas",17.46
"McLennan County, Texas",48309,61,Educational Services,2.01
"McMullen County, Texas",48311,21,"Mining, Quarrying, Oil & Gas",47.79
"Madison County, Texas",48313,11,"Agriculture, Forestry, Fishing & Hunting",11.51
"Marion County, Texas",48315,22,Utilities,5.62
"Martin County, Texas",48317,21,"Mining, Quarrying, Oil & Gas",17.21
"Mason County, Texas",48319,42,Wholesale Trade,1.78
"Matagorda County, Texas",48321,11,"Agriculture, Forestry, Fishing & Hunting",4.98
"Maverick County, Texas",48323,62,Health Care & Social Assistance,1.62
"Medina County, Texas",48325,21,"Mining, Quarrying, Oil & Gas",5.39
"Menard County, Texas",48327,44-45,Retail Trade,1.91
"Midland County, Texas",48329,21,"Mining, Quarrying, Oil & Gas",73.47
"Milam County, Texas",48331,11,"Agriculture, Forestry, Fishing & Hunting",5.25
"Mills County, Texas",48333,11,"Agriculture, Forestry, Fishing & Hunting",5.89
"Mitchell County, Texas",48335,21,"Mining, Quarrying, Oil & Gas",34.36
"Montague County, Texas",48337,21,"Mining, Quarrying, Oil & Gas",8.65
"Montgomery County, Texas",48339,21,"Mining, Quarrying, Oil & Gas",5.6
"Moore County, Texas",48341,11,"Agriculture, Forestry, Fishing & Hunting",22.67
"Morris County, Texas",48343,31-33,Manufacturing,4.72
"Motley County, Texas",48345,11,"Agriculture, Forestry, Fishing & Hunting",8.47
"Nacogdoches County, Texas",48347,31-33,Manufacturing,2.11
"Navarro County, Texas",48349,22,Utilities,2.42
"Newton County, Texas",48351,11,"Agriculture, Forestry, Fishing & Hunting",7.03
"Nolan County, Texas",48353,22,Utilities,12.13
"Nueces County, Texas",48355,21,"Mining, Quarrying, Oil & Gas",3.48
"Ochiltree County, Texas",48357,21,"Mining, Quarrying, Oil & Gas",64.58
"Oldham County, Texas",48359,42,Wholesale Trade,1.09
"Orange County, Texas",48361,31-33,Manufacturing,2.24
"Palo Pinto County, Texas",48363,22,Utilities,3.99
"Panola County, Texas",48365,21,"Mining, Quarrying, Oil & Gas",31.35
"Parker County, Texas",48367,21,"Mining, Quarrying, Oil & Gas",3.55
"Parmer County, Texas",48369,11,"Agriculture, Forestry, Fishing & Hunting",38.58
"Pecos County, Texas",48371,21,"Mining, Quarrying, Oil & Gas",13.98
"Polk County, Texas",48373,53,Real Estate & Rental & Leasing,3.01
"Potter County, Texas",48375,22,Utilities,3.74
"Presidio County, Texas",48377,11,"Agriculture, Forestry, Fishing & Hunting",11.09
"Rains County, Texas",48379,23,Construction,2.2
"Randall County, Texas",48381,11,"Agriculture, Forestry, Fishing & Hunting",1.96
"Reagan County, Texas",48383,21,"Mining, Quarrying, Oil & Gas",88.16
"Real County, Texas",48385,11,"Agriculture, Forestry, Fishing & Hunting",6.03
"Red River County, Texas",48387,23,Construction,1.68
"Reeves County, Texas",48389,21,"Mining, Quarrying, Oil & Gas",35.9
"Refugio County, Texas",48391,21,"Mining, Quarrying, Oil & Gas",21.18
"Roberts County, Texas",48393,48-49,Transportation & Warehousing,0.4
"Robertson County, Texas",48395,21,"Mining, Quarrying, Oil & Gas",12.96
"Rockwall County, Texas",48397,44-45,Retail Trade,1.65
"Runnels County, Texas",48399,11,"Agriculture, Forestry, Fishing & Hunting",7.38
"Rusk County, Texas",48401,21,"Mining, Quarrying, Oil & Gas",15.61
"Sabine County, Texas",48403,21,"Mining, Quarrying, Oil & Gas",7.99
"San Augustine County, Texas",48405,21,"Mining, Quarrying, Oil & Gas",29.87
"San Jacinto County, Texas",48407,22,Utilities,5.04
"San Patricio County, Texas",48409,21,"Mining, Quarrying, Oil & Gas",8.28
"San Saba County, Texas",48411,11,"Agriculture, Forestry, Fishing & Hunting",13.75
"Schleicher County, Texas",48413,21,"Mining, Quarrying, Oil & Gas",35.29
"Scurry County, Texas",48415,21,"Mining, Quarrying, Oil & Gas",43.48
"Shackelford County, Texas",48417,21,"Mining, Quarrying, Oil & Gas",67.44
"Shelby County, Texas",48419,21,"Mining, Quarrying, Oil & Gas",24.31
"Sherman County, Texas",48421,11,"Agriculture, Forestry, Fishing & Hunting",56.79
"Smith County, Texas",48423,21,"Mining, Quarrying, Oil & Gas",3.62
"Somervell County, Texas",48425,21,"Mining, Quarrying, Oil & Gas",7.98
"Starr County, Texas",48427,22,Utilities,2.06
"Stephens County, Texas",48429,21,"Mining, Quarrying, Oil & Gas",19.61
"Sterling County, Texas",48431,11,"Agriculture, Forestry, Fishing & Hunting",17.36
"Stonewall County, Texas",48433,11,"Agriculture, Forestry, Fishing & Hunting",1.8
"Sutton County, Texas",48435,21,"Mining, Quarrying, Oil & Gas",35.54
"Swisher County, Texas",48437,48-49,Transportation & Warehousing,1.94
"Tarrant County, Texas",48439,48-49,Transportation & Warehousing,2.0
"Taylor County, Texas",48441,21,"Mining, Quarrying, Oil & Gas",3.92
"Terrell County, Texas",48443,72,Accommodation & Food Services,1.88
"Terry County, Texas",48445,11,"Agriculture, Forestry, Fishing & Hunting",15.11
"Throckmorton County, Texas",48447,11,"Agriculture, Forestry, Fishing & Hunting",15.33
"Titus County, Texas",48449,22,Utilities,5.03
"Tom Green County, Texas",48451,21,"Mining, Quarrying, Oil & Gas",5.66
"Travis County, Texas",48453,51,Information,2.24
"Trinity County, Texas",48455,81,Other Services (except Public Administration),1.31
"Tyler County, Texas",48457,21,"Mining, Quarrying, Oil & Gas",5.21
"Upshur County, Texas",48459,22,Utilities,5.46
"Upton County, Texas",48461,21,"Mining, Quarrying, Oil & Gas",24.78
"Uvalde County, Texas",48463,11,"Agriculture, Forestry, Fishing & Hunting",5.9
"Val Verde County, Texas",48465,62,Health Care & Social Assistance,1.19
"Van Zandt County, Texas",48467,11,"Agriculture, Forestry, Fishing & Hunting",5.54
"Victoria County, Texas",48469,21,"Mining, Quarrying, Oil & Gas",11.49
"Walker County, Texas",48471,21,"Mining, Quarrying, Oil & Gas",1.51
"Waller County, Texas",48473,21,"Mining, Quarrying, Oil & Gas",4.87
"Ward County, Texas",48475,21,"Mining, Quarrying, Oil & Gas",80.21
"Washington County, Texas",48477,31-33,Manufacturing,2.18
"Webb County, Texas",48479,48-49,Transportation & Warehousing,3.6
"Wharton County, Texas",48481,11,"Agriculture, Forestry, Fishing & Hunting",12.95
"Wheeler County, Texas",48483,21,"Mining, Quarrying, Oil & Gas",12.77
"Wichita County, Texas",48485,21,"Mining, Quarrying, Oil & Gas",3.02
"Wilbarger County, Texas",48487,11,"Agriculture, Forestry, Fishing & Hunting",3.92
"Willacy County, Texas",48489,22,Utilities,4.34
"Williamson County, Texas",48491,23,Construction,1.81
"Wilson County, Texas",48493,21,"Mining, Quarrying, Oil & Gas",13.92
"Winkler County, Texas",48495,21,"Mining, Quarrying, Oil & Gas",103.04
"Wise County, Texas",48497,21,"Mining, Quarrying, Oil & Gas",21.21
"Wood County, Texas",48499,22,Utilities,3.27
"Yoakum County, Texas",48501,21,"Mining, Quarrying, Oil & Gas",69.15
"Young County, Texas",48503,21,"Mining, Quarrying, Oil & Gas",21.29
"Zapata County, Texas",48505,21,"Mining, Quarrying, Oil & Gas",7.52
"Zavala County, Texas",48507,21,"Mining, Quarrying, Oil & Gas",15.18
"Beaver County, Utah",49001,22,Utilities,29.12
"Box Elder County, Utah",49003,31-33,Manufacturing,3.78
"Cache County, Utah",49005,31-33,Manufacturing,2.36
"Carbon County, Utah",49007,22,Utilities,2.34
"Daggett County, Utah",49009,,Not classified,
"Davis County, Utah",49011,23,Construction,1.59
"Duchesne County, Utah",49013,21,"Mining, Quarrying, Oil & Gas",48.95
"Emery County, Utah",49015,21,"Mining, Quarrying, Oil & Gas",32.01
"Garfield County, Utah",49017,72,Accommodation & Food Services,4.03
"Grand County, Utah",49019,72,Accommodation & Food Services,3.5
"Iron County, Utah",49021,23,Construction,2.42
"Juab County, Utah",49023,21,"Mining, Quarrying, Oil & Gas",4.59
"Kane County, Utah",49025,81,Other Services (except Public Administration),4.41
"Millard County, Utah",49027,22,Utilities,9.3
"Morgan County, Utah",49029,23,Construction,4.17
"Piute County, Utah",49031,,Not classified,
"Rich County, Utah",49033,22,Utilities,4.86
"Salt Lake County, Utah",49035,52,Finance & Insurance,1.57
"San Juan County, Utah",49037,21,"Mining, Quarrying, Oil & Gas",25.42
"Sanpete County, Utah",49039,11,"Agriculture, Forestry, Fishing & Hunting",4.28
"Sevier County, Utah",49041,21,"Mining, Quarrying, Oil & Gas",19.42
"Summit County, Utah",49043,71,"Arts, Entertainment & Recreation",9.63
"Tooele County, Utah",49045,48-49,Transportation & Warehousing,1.92
"Uintah County, Utah",49047,21,"Mining, Quarrying, Oil & Gas",43.87
"Utah County, Utah",49049,51,Information,2.44
"Wasatch County, Utah",49051,23,Construction,3.33
"Washington County, Utah",49053,23,Construction,2.2
"Wayne County, Utah",49055,23,Construction,4.78
"Weber County, Utah",49057,31-33,Manufacturing,1.99
"Addison County, Vermont",50001,11,"Agriculture, Forestry, Fishing & Hunting",6.61
"Bennington County, Vermont",50003,61,Educational Services,3.26
"Caledonia County, Vermont",50005,61,Educational Services,2.38
"Chittenden County, Vermont",50007,61,Educational Services,1.32
"Essex County, Vermont",50009,11,"Agriculture, Forestry, Fishing & Hunting",14.65
"Franklin County, Vermont",50011,11,"Agriculture, Forestry, Fishing & Hunting",5.0
"Grand Isle County, Vermont",50013,44-45,Retail Trade,0.94
"Lamoille County, Vermont",50015,72,Accommodation & Food Services,3.17
"Orange County, Vermont",50017,11,"Agriculture, Forestry, Fishing & Hunting",5.57
"Orleans County, Vermont",50019,72,Accommodation & Food Services,1.61
"Rutland County, Vermont",50021,21,"Mining, Quarrying, Oil & Gas",3.38
"Washington County, Vermont",50023,61,Educational Services,1.94
"Windham County, Vermont",50025,61,Educational Services,2.91
"Windsor County, Vermont",50027,71,"Arts, Entertainment & Recreation",1.64
"Accomack County, Virginia",51001,31-33,Manufacturing,3.16
"Albemarle County, Virginia",51003,71,"Arts, Entertainment & Recreation",1.73
"Alleghany County, Virginia",51005,62,Health Care & Social Assistance,1.71
"Amelia County, Virginia",51007,23,Construction,3.26
"Amherst County, Virginia",51009,99,Unclassified,3.5
"Appomattox County, Virginia",51011,23,Construction,2.27
"Arlington County, Virginia",51013,54,"Professional, Scientific & Technical Services",3.83
"Augusta County, Virginia",51015,48-49,Transportation & Warehousing,3.21
"Bath County, Virginia",51017,54,"Professional, Scientific & Technical Services",0.8
"Bedford County, Virginia",51019,99,Unclassified,2.84
"Bland County, Virginia",51021,31-33,Manufacturing,4.49
"Botetourt County, Virginia",51023,42,Wholesale Trade,3.81
"Brunswick County, Virginia",51025,56,Administrative & Support & Waste Management,1.29
"Buchanan County, Virginia",51027,61,Educational Services,1.48
"Buckingham County, Virginia",51029,23,Construction,1.13
"Campbell County, Virginia",51031,31-33,Manufacturing,3.08
"Caroline County, Virginia",51033,99,Unclassified,6.03
"Carroll County, Virginia",51035,99,Unclassified,2.76
"Charles City County, Virginia",51036,48-49,Transportation & Warehousing,6.02
"Charlotte County, Virginia",51037,99,Unclassified,4.17
"Chesterfield County, Virginia",51041,48-49,Transportation & Warehousing,2.22
"Clarke County, Virginia",51043,61,Educational Services,3.41
"Craig County, Virginia",51045,44-45,Retail Trade,1.42
"Culpeper County, Virginia",51047,11,"Agriculture, Forestry, Fishing & Hunting",2.15
"Cumberland County, Virginia",51049,11,"Agriculture, Forestry, Fishing & Hunting",3.66
"Dickenson County, Virginia",51051,44-45,Retail Trade,1.06
"Dinwiddie County, Virginia",51053,48-49,Transportation & Warehousing,6.09
"Essex County, Virginia",51057,44-45,Retail Trade,2.21
"Fairfax County, Virginia",51059,54,"Professional, Scientific & Technical Services",3.45
"Fauquier County, Virginia",51061,99,Unclassified,2.55
"Floyd County, Virginia",51063,81,Other Services (except Public Administration),1.72
"Fluvanna County, Virginia",51065,22,Utilities,3.19
"Franklin County, Virginia",51067,99,Unclassified,3.11
"Frederick County, Virginia",51069,48-49,Transportation & Warehousing,2.79
"Giles County, Virginia",51071,31-33,Manufacturing,2.01
"Gloucester County, Virginia",51073,81,Other Services (except Public Administration),1.86
"Goochland County, Virginia",51075,55,Management of Companies & Enterprises,6.7
"Grayson County, Virginia",51077,21,"Mining, Quarrying, Oil & Gas",4.87
"Greene County, Virginia",51079,99,Unclassified,2.55
"Greensville County, Virginia",51081,31-33,Manufacturing,1.98
"Halifax County, Virginia",51083,99,Unclassified,2.44
"Hanover County, Virginia",51085,42,Wholesale Trade,2.26
"Henrico County, Virginia",51087,55,Management of Companies & Enterprises,2.47
"Henry County, Virginia",51089,31-33,Manufacturing,3.43
"Highland County, Virginia",51091,51,Information,9.82
"Isle of Wight County, Virginia",51093,99,Unclassified,2.58
"James City County, Virginia",51095,71,"Arts, Entertainment & Recreation",5.92
"King and Queen County, Virginia",51097,11,"Agriculture, Forestry, Fishing & Hunting",10.31
"King George County, Virginia",51099,54,"Professional, Scientific & Technical Services",3.3
"King William County, Virginia",51101,21,"Mining, Quarrying, Oil & Gas",2.23
"Lancaster County, Virginia",51103,99,Unclassified,10.39
"Lee County, Virginia",51105,21,"Mining, Quarrying, Oil & Gas",4.1
"Loudoun County, Virginia",51107,23,Construction,2.4
"Louisa County, Virginia",51109,22,Utilities,25.28
"Lunenburg County, Virginia",51111,99,Unclassified,3.64
"Madison County, Virginia",51113,11,"Agriculture, Forestry, Fishing & Hunting",3.95
"Mathews County, Virginia",51115,11,"Agriculture, Forestry, Fishing & Hunting",2.61
"Mecklenburg County, Virginia",51117,99,Unclassified,3.21
"Middlesex County, Virginia",51119,71,"Arts, Entertainment & Recreation",2.62
"Montgomery County, Virginia",51121,31-33,Manufacturing,1.46
"Nelson County, Virginia",51125,81,Other Services (except Public Administration),2.4
"New Kent County, Virginia",51127,23,Construction,2.59
"Northampton County, Virginia",51131,11,"Agriculture, Forestry, Fishing & Hunting",21.49
"Northumberland County, Virginia",51133,11,"Agriculture, Forestry, Fishing & Hunting",12.23
"Nottoway County, Virginia",51135,99,Unclassified,2.39
"Orange County, Virginia",51137,81,Other Services (except Public Administration),1.77
"Page County, Virginia",51139,71,"Arts, Entertainment & Recreation",2.21
"Patrick County, Virginia",51141,11,"Agriculture, Forestry, Fishing & Hunting",4.04
"Pittsylvania County, Virginia",51143,11,"Agriculture, Forestry, Fishing & Hunting",4.25
"Powhatan County, Virginia",51145,23,Construction,4.12
"Prince Edward County, Virginia",51147,99,Unclassified,3.82
"Prince George County, Virginia",51149,48-49,Transportation & Warehousing,4.07
"Prince William County, Virginia",51153,23,Construction,2.28
"Pulaski County, Virginia",51155,31-33,Manufacturing,3.84
"Rappahannock County, Virginia",51157,11,"Agriculture, Forestry, Fishing & Hunting",6.62
"Richmond County, Virginia",51159,23,Construction,1.5
"Roanoke County, Virginia",51161,31-33,Manufacturing,1.46
"Rockbridge County, Virginia",51163,44-45,Retail Trade,1.93
"Rockingham County, Virginia",51165,31-33,Manufacturing,2.28
"Russell County, Virginia",51167,21,"Mining, Quarrying, Oil & Gas",7.29
"Scott County, Virginia",51169,31-33,Manufacturing,2.88
"Shenandoah County, Virginia",51171,22,Utilities,2.43
"Smyth County, Virginia",51173,31-33,Manufacturing,3.11
"Southampton County, Virginia",51175,42,Wholesale Trade,2.47
"Spotsylvania County, Virginia",51177,99,Unclassified,2.38
"Stafford County, Virginia",51179,48-49,Transportation & Warehousing,2.91
"Surry County, Virginia",51181,22,Utilities,102.34
"Sussex County, Virginia",51183,11,"Agriculture, Forestry, Fishing & Hunting",6.57
"Tazewell County, Virginia",51185,44-45,Retail Trade,1.92
"Warren County, Virginia",51187,99,Unclassified,3.38
"Washington County, Virginia",51191,99,Unclassified,4.17
"Westmoreland County, Virginia",51193,11,"Agriculture, Forestry, Fishing & Hunting",8.05
"Wise County, Virginia",51195,22,Utilities,4.75
"Wythe County, Virginia",51197,21,"Mining, Quarrying, Oil & Gas",3.35
"York County, Virginia",51199,99,Unclassified,2.28
"Alexandria City, Virginia",51510,81,Other Services (except Public Administration),3.42
"Bristol City, Virginia",51520,48-49,Transportation & Warehousing,2.15
"Buena Vista City, Virginia",51530,44-45,Retail Trade,0.59
"Charlottesville City, Virginia",51540,81,Other Services (except Public Administration),1.76
"Chesapeake City, Virginia",51550,23,Construction,1.8
"Colonial Heights City, Virginia",51570,44-45,Retail Trade,2.77
"Covington City, Virginia",51580,44-45,Retail Trade,1.45
"Danville City, Virginia",51590,72,Accommodation & Food Services,1.73
"Emporia City, Virginia",51595,62,Health Care & Social Assistance,2.08
"Fairfax City, Virginia",51600,54,"Professional, Scientific & Technical Services",1.95
"Falls Church City, Virginia",51610,99,Unclassified,2.48
"Franklin City, Virginia",51620,44-45,Retail Trade,2.14
"Fredericksburg City, Virginia",51630,62,Health Care & Social Assistance,1.94
"Galax City, Virginia",51640,31-33,Manufacturing,2.16
"Hampton City, Virginia",51650,61,Educational Services,1.34
"Harrisonburg City, Virginia",51660,72,Accommodation & Food Services,1.85
"Hopewell City, Virginia",51670,31-33,Manufacturing,3.17
"Lexington City, Virginia",51678,72,Accommodation & Food Services,1.79
"Lynchburg City, Virginia",51680,61,Educational Services,1.67
"Manassas City, Virginia",51683,54,"Professional, Scientific & Technical Services",2.11
"Manassas Park City, Virginia",51685,23,Construction,5.19
"Martinsville City, Virginia",51690,56,Administrative & Support & Waste Management,1.71
"Newport News City, Virginia",51700,31-33,Manufacturing,3.46
"Norfolk City, Virginia",51710,48-49,Transportation & Warehousing,1.36
"Norton City, Virginia",51720,44-45,Retail Trade,2.12
"Petersburg City, Virginia",51730,62,Health Care & Social Assistance,2.13
"Poquoson City, Virginia",51735,81,Other Services (except Public Administration),2.18
"Portsmouth City, Virginia",51740,71,"Arts, Entertainment & Recreation",2.01
"Radford City, Virginia",51750,31-33,Manufacturing,1.48
"Richmond City, Virginia",51760,55,Management of Companies & Enterprises,3.38
"Roanoke City, Virginia",51770,55,Management of Companies & Enterprises,2.84
"Salem City, Virginia",51775,42,Wholesale Trade,2.5
"Staunton City, Virginia",51790,61,Educational Services,2.28
"Suffolk City, Virginia",51800,48-49,Transportation & Warehousing,5.18
"Virginia Beach City, Virginia",51810,99,Unclassified,2.02
"Waynesboro City, Virginia",51820,55,Management of Companies & Enterprises,2.85
"Williamsburg City, Virginia",51830,55,Management of Companies & Enterprises,2.09
"Winchester City, Virginia",51840,62,Health Care & Social Assistance,2.06
"Adams County, Washington",53001,31-33,Manufacturing,1.84
"Asotin County, Washington",53003,44-45,Retail Trade,1.65
"Benton County, Washington",53005,11,"Agriculture, Forestry, Fishing & Hunting",7.02
"Chelan County, Washington",53007,53,Real Estate & Rental & Leasing,1.29
"Clallam County, Washington",53009,11,"Agriculture, Forestry, Fishing & Hunting",3.03
"Clark County, Washington",53011,23,Construction,1.74
"Columbia County, Washington",53013,22,Utilities,6.17
"Cowlitz County, Washington",53015,31-33,Manufacturing,2.19
"Douglas County, Washington",53017,44-45,Retail Trade,1.66
"Ferry County, Washington",53019,23,Construction,1.22
"Franklin County, Washington",53021,48-49,Transportation & Warehousing,2.04
"Garfield County, Washington",53023,42,Wholesale Trade,2.81
"Grant County, Washington",53025,31-33,Manufacturing,1.31
"Grays Harbor County, Washington",53027,23,Construction,1.25
"Island County, Washington",53029,81,Other Services (except Public Administration),1.61
"Jefferson County, Washington",53031,81,Other Services (except Public Administration),1.88
"King County, Washington",53033,51,Information,4.73
"Kitsap County, Washington",53035,44-45,Retail Trade,1.12
"Kittitas County, Washington",53037,71,"Arts, Entertainment & Recreation",2.28
"Klickitat County, Washington",53039,22,Utilities,2.02
"Lewis County, Washington",53041,11,"Agriculture, Forestry, Fishing & Hunting",3.71
"Lincoln County, Washington",53043,23,Construction,2.12
"Mason County, Washington",53045,31-33,Manufacturing,1.24
"Okanogan County, Washington",53047,44-45,Retail Trade,1.28
"Pacific County, Washington",53049,72,Accommodation & Food Services,1.47
"Pend Oreille County, Washington",53051,23,Construction,0.76
"Pierce County, Washington",53053,48-49,Transportation & Warehousing,1.56
"San Juan County, Washington",53055,53,Real Estate & Rental & Leasing,3.54
"Skagit County, Washington",53057,11,"Agriculture, Forestry, Fishing & Hunting",5.05
"Skamania County, Washington",53059,72,Accommodation & Food Services,3.02
"Snohomish County, Washington",53061,31-33,Manufacturing,2.32
"Spokane County, Washington",53063,62,Health Care & Social Assistance,1.35
"Stevens County, Washington",53065,31-33,Manufacturing,1.29
"Thurston County, Washington",53067,11,"Agriculture, Forestry, Fishing & Hunting",1.54
"Wahkiakum County, Washington",53069,11,"Agriculture, Forestry, Fishing & Hunting",10.27
"Walla Walla County, Washington",53071,31-33,Manufacturing,1.76
"Whatcom County, Washington",53073,11,"Agriculture, Forestry, Fishing & Hunting",4.31
"Whitman County, Washington",53075,11,"Agriculture, Forestry, Fishing & Hunting",3.03
"Yakima County, Washington",53077,11,"Agriculture, Forestry, Fishing & Hunting",29.96
"Barbour County, West Virginia",54001,44-45,Retail Trade,0.91
"Berkeley County, West Virginia",54003,48-49,Transportation & Warehousing,1.6
"Boone County, West Virginia",54005,22,Utilities,1.85
"Braxton County, West Virginia",54007,22,Utilities,2.11
"Brooke County, West Virginia",54009,31-33,Manufacturing,1.99
"Cabell County, West Virginia",54011,62,Health Care & Social Assistance,1.87
"Calhoun County, West Virginia",54013,23,Construction,2.77
"Clay County, West Virginia",54015,62,Health Care & Social Assistance,1.93
"Doddridge County, West Virginia",54017,48-49,Transportation & Warehousing,0.97
"Fayette County, West Virginia",54019,21,"Mining, Quarrying, Oil & Gas",9.64
"Gilmer County, West Virginia",54021,31-33,Manufacturing,1.29
"Grant County, West Virginia",54023,23,Construction,2.47
"Greenbrier County, West Virginia",54025,21,"Mining, Quarrying, Oil & Gas",3.89
"Hampshire County, West Virginia",54027,44-45,Retail Trade,1.21
"Hancock County, West Virginia",54029,22,Utilities,2.72
"Hardy County, West Virginia",54031,31-33,Manufacturing,5.01
"Harrison County, West Virginia",54033,21,"Mining, Quarrying, Oil & Gas",7.16
"Jackson County, West Virginia",54035,31-33,Manufacturing,2.64
"Jefferson County, West Virginia",54037,72,Accommodation & Food Services,2.05
"Kanawha County, West Virginia",54039,21,"Mining, Quarrying, Oil & Gas",4.06
"Lewis County, West Virginia",54041,21,"Mining, Quarrying, Oil & Gas",11.22
"Lincoln County, West Virginia",54043,21,"Mining, Quarrying, Oil & Gas",4.42
"Logan County, West Virginia",54045,22,Utilities,1.65
"McDowell County, West Virginia",54047,44-45,Retail Trade,1.05
"Marion County, West Virginia",54049,22,Utilities,9.77
"Marshall County, West Virginia",54051,21,"Mining, Quarrying, Oil & Gas",43.73
"Mason County, West Virginia",54053,23,Construction,4.28
"Mercer County, West Virginia",54055,62,Health Care & Social Assistance,1.65
"Mineral County, West Virginia",54057,31-33,Manufacturing,2.98
"Mingo County, West Virginia",54059,21,"Mining, Quarrying, Oil & Gas",49.3
"Monongalia County, West Virginia",54061,21,"Mining, Quarrying, Oil & Gas",3.31
"Monroe County, West Virginia",54063,31-33,Manufacturing,2.23
"Morgan County, West Virginia",54065,44-45,Retail Trade,1.51
"Nicholas County, West Virginia",54067,21,"Mining, Quarrying, Oil & Gas",12.21
"Ohio County, West Virginia",54069,55,Management of Companies & Enterprises,1.94
"Pendleton County, West Virginia",54071,71,"Arts, Entertainment & Recreation",1.32
"Pleasants County, West Virginia",54073,31-33,Manufacturing,2.84
"Pocahontas County, West Virginia",54075,81,Other Services (except Public Administration),1.12
"Preston County, West Virginia",54077,23,Construction,2.72
"Putnam County, West Virginia",54079,22,Utilities,5.22
"Raleigh County, West Virginia",54081,21,"Mining, Quarrying, Oil & Gas",17.98
"Randolph County, West Virginia",54083,22,Utilities,1.97
"Ritchie County, West Virginia",54085,21,"Mining, Quarrying, Oil & Gas",54.86
"Roane County, West Virginia",54087,21,"Mining, Quarrying, Oil & Gas",16.16
"Summers County, West Virginia",54089,42,Wholesale Trade,2.12
"Taylor County, West Virginia",54091,44-45,Retail Trade,1.22
"Tucker County, West Virginia",54093,31-33,Manufacturing,1.17
"Tyler County, West Virginia",54095,31-33,Manufacturing,2.83
"Upshur County, West Virginia",54097,21,"Mining, Quarrying, Oil & Gas",7.56
"Wayne County, West Virginia",54099,71,"Arts, Entertainment & Recreation",1.39
"Webster County, West Virginia",54101,62,Health Care & Social Assistance,2.1
"Wetzel County, West Virginia",54103,21,"Mining, Quarrying, Oil & Gas",31.98
"Wirt County, West Virginia",54105,99,Unclassified,2.99
"Wood County, West Virginia",54107,44-45,Retail Trade,1.51
"Wyoming County, West Virginia",54109,21,"Mining, Quarrying, Oil & Gas",60.7
"Adams County, Wisconsin",55001,11,"Agriculture, Forestry, Fishing & Hunting",15.55
"Ashland County, Wisconsin",55003,31-33,Manufacturing,1.51
"Barron County, Wisconsin",55005,31-33,Manufacturing,2.75
"Bayfield County, Wisconsin",55007,11,"Agriculture, Forestry, Fishing & Hunting",2.25
"Brown County, Wisconsin",55009,31-33,Manufacturing,2.28
"Buffalo County, Wisconsin",55011,11,"Agriculture, Forestry, Fishing & Hunting",10.44
"Burnett County, Wisconsin",55013,22,Utilities,3.38
"Calumet County, Wisconsin",55015,31-33,Manufacturing,3.01
"Chippewa County, Wisconsin",55017,31-33,Manufacturing,2.6
"Clark County, Wisconsin",55019,31-33,Manufacturing,4.02
"Columbia County, Wisconsin",55021,31-33,Manufacturing,2.79
"Crawford County, Wisconsin",55023,31-33,Manufacturing,2.25
"Dane County, Wisconsin",55025,51,Information,3.0
"Dodge County, Wisconsin",55027,31-33,Manufacturing,3.73
"Door County, Wisconsin",55029,31-33,Manufacturing,2.08
"Douglas County, Wisconsin",55031,22,Utilities,1.9
"Dunn County, Wisconsin",55033,48-49,Transportation & Warehousing,2.55
"Eau Claire County, Wisconsin",55035,55,Management of Companies & Enterprises,2.44
"Florence County, Wisconsin",55037,31-33,Manufacturing,1.44
"Fond du Lac County, Wisconsin",55039,11,"Agriculture, Forestry, Fishing & Hunting",3.07
"Forest County, Wisconsin",55041,44-45,Retail Trade,0.84
"Grant County, Wisconsin",55043,31-33,Manufacturing,1.63
"Green County, Wisconsin",55045,31-33,Manufacturing,3.2
"Green Lake County, Wisconsin",55047,11,"Agriculture, Forestry, Fishing & Hunting",3.51
"Iowa County, Wisconsin",55049,44-45,Retail Trade,2.78
"Iron County, Wisconsin",55051,23,Construction,2.17
"Jackson County, Wisconsin",55053,11,"Agriculture, Forestry, Fishing & Hunting",5.15
"Jefferson County, Wisconsin",55055,31-33,Manufacturing,3.38
"Juneau County, Wisconsin",55057,31-33,Manufacturing,2.33
"Kenosha County, Wisconsin",55059,48-49,Transportation & Warehousing,3.31
"Kewaunee County, Wisconsin",55061,31-33,Manufacturing,2.93
"La Crosse County, Wisconsin",55063,22,Utilities,1.73
"Lafayette County, Wisconsin",55065,31-33,Manufacturing,3.07
"Langlade County, Wisconsin",55067,31-33,Manufacturing,2.35
"Lincoln County, Wisconsin",55069,31-33,Manufacturing,2.81
"Manitowoc County, Wisconsin",55071,31-33,Manufacturing,3.49
"Marathon County, Wisconsin",55073,31-33,Manufacturing,3.18
"Marinette County, Wisconsin",55075,31-33,Manufacturing,3.35
"Marquette County, Wisconsin",55077,31-33,Manufacturing,3.82
"Menominee County, Wisconsin",55078,,Not classified,
"Milwaukee County, Wisconsin",55079,61,Educational Services,2.08
"Monroe County, Wisconsin",55081,21,"Mining, Quarrying, Oil & Gas",5.61
"Oconto County, Wisconsin",55083,31-33,Manufacturing,3.11
"Oneida County, Wisconsin",55085,44-45,Retail Trade,1.78
"Outagamie County, Wisconsin",55087,31-33,Manufacturing,2.34
"Ozaukee County, Wisconsin",55089,31-33,Manufacturing,2.28
"Pepin County, Wisconsin",55091,11,"Agriculture, Forestry, Fishing & Hunting",8.8
"Pierce County, Wisconsin",55093,31-33,Manufacturing,2.04
"Polk County, Wisconsin",55095,31-33,Manufacturing,2.79
"Portage County, Wisconsin",55097,52,Finance & Insurance,3.14
"Price County, Wisconsin",55099,31-33,Manufacturing,4.26
"Racine County, Wisconsin",55101,31-33,Manufacturing,2.83
"Richland County, Wisconsin",55103,31-33,Manufacturing,3.24
"Rock County, Wisconsin",55105,31-33,Manufacturing,2.03
"Rusk County, Wisconsin",55107,31-33,Manufacturing,2.99
"St. Croix County, Wisconsin",55109,31-33,Manufacturing,2.35
"Sauk County, Wisconsin",55111,72,Accommodation & Food Services,2.23
"Sawyer County, Wisconsin",55113,44-45,Retail Trade,1.64
"Shawano County, Wisconsin",55115,11,"Agriculture, Forestry, Fishing & Hunting",8.31
"Sheboygan County, Wisconsin",55117,31-33,Manufacturing,4.29
"Taylor County, Wisconsin",55119,11,"Agriculture, Forestry, Fishing & Hunting",4.69
"Trempealeau County, Wisconsin",55121,31-33,Manufacturing,4.32
"Vernon County, Wisconsin",55123,22,Utilities,2.06
"Vilas County, Wisconsin",55125,72,Accommodation & Food Services,1.97
"Walworth County, Wisconsin",55127,31-33,Manufacturing,2.59
"Washburn County, Wisconsin",55129,31-33,Manufacturing,2.21
"Washington County, Wisconsin",55131,31-33,Manufacturing,2.89
"Waukesha County, Wisconsin",55133,31-33,Manufacturing,2.09
"Waupaca County, Wisconsin",55135,31-33,Manufacturing,3.66
"Waushara County, Wisconsin",55137,11,"Agriculture, Forestry, Fishing & Hunting",9.09
"Winnebago County, Wisconsin",55139,55,Management of Companies & Enterprises,3.21
"Wood County, Wisconsin",55141,48-49,Transportation & Warehousing,2.15
"Albany County, Wyoming",56001,21,"Mining, Quarrying, Oil & Gas",1.49
"Big Horn County, Wyoming",56003,21,"Mining, Quarrying, Oil & Gas",35.26
"Campbell County, Wyoming",56005,21,"Mining, Quarrying, Oil & Gas",53.88
"Carbon County, Wyoming",56007,21,"Mining, Quarrying, Oil & Gas",5.54
"Converse County, Wyoming",56009,21,"Mining, Quarrying, Oil & Gas",31.33
"Crook County, Wyoming",56011,21,"Mining, Quarrying, Oil & Gas",41.52
"Fremont County, Wyoming",56013,21,"Mining, Quarrying, Oil & Gas",8.22
"Goshen County, Wyoming",56015,22,Utilities,2.18
"Hot Springs County, Wyoming",56017,21,"Mining, Quarrying, Oil & Gas",22.96
"Johnson County, Wyoming",56019,21,"Mining, Quarrying, Oil & Gas",16.6
"Laramie County, Wyoming",56021,21,"Mining, Quarrying, Oil & Gas",2.75
"Lincoln County, Wyoming",56023,21,"Mining, Quarrying, Oil & Gas",21.79
"Natrona County, Wyoming",56025,21,"Mining, Quarrying, Oil & Gas",13.53
"Niobrara County, Wyoming",56027,21,"Mining, Quarrying, Oil & Gas",4.72
"Park County, Wyoming",56029,21,"Mining, Quarrying, Oil & Gas",7.02
"Platte County, Wyoming",56031,11,"Agriculture, Forestry, Fishing & Hunting",7.71
"Sheridan County, Wyoming",56033,23,Construction,2.25
"Sublette County, Wyoming",56035,21,"Mining, Quarrying, Oil & Gas",40.11
"Sweetwater County, Wyoming",56037,22,Utilities,4.79
"Teton County, Wyoming",56039,72,Accommodation & Food Services,3.61
"Uinta County, Wyoming",56041,22,Utilities,4.77
"Washakie County, Wyoming",56043,11,"Agriculture, Forestry, Fishing & Hunting",5.98
"Weston County, Wyoming",56045,21,"Mining, Quarrying, Oil & Gas",20.78
