county_name,fips_code,dominant_naics2,dominant_industry,dominant_lq,dominant_lq_quartile,unemployment_velocity,gdp_velocity_pct
"Autauga County, Alabama",01001,31-33,Manufacturing,1.86,1,0.06666666666666658,0.0037532818700463837
"Baldwin County, Alabama",01003,72,Accommodation & Food Services,1.81,1,0.09999999999999994,0.04934252500125054
"Barbour County, Alabama",01005,11,"Agriculture, Forestry, Fishing & Hunting",4.12,3,0.0,-0.004151565808536721
"Bibb County, Alabama",01007,23,Construction,3.42,3,0.10000000000000009,0.010741038578014431
"Blount County, Alabama",01009,31-33,Manufacturing,1.84,1,0.09999999999999994,0.04021506968658413
"Bullock County, Alabama",01011,22,Utilities,5.47,4,0.09999999999999994,0.03356508766235615
"Butler County, Alabama",01013,11,"Agriculture, Forestry, Fishing & Hunting",3.53,3,0.0,0.02948236098060989
"Calhoun County, Alabama",01015,31-33,Manufacturing,1.85,1,0.16666666666666666,0.016805130767399173
"Chambers County, Alabama",01017,31-33,Manufacturing,3.63,3,0.10000000000000009,0.038878603098800486
"Cherokee County, Alabama",01019,11,"Agriculture, Forestry, Fishing & Hunting",4.89,4,0.09999999999999994,0.01917358226867555
"Chilton County, Alabama",01021,31-33,Manufacturing,2.14,2,0.10000000000000009,0.0426876866639924
"Choctaw County, Alabama",01023,11,"Agriculture, Forestry, Fishing & Hunting",8.14,4,0.20000000000000004,-0.012021919168546691
"Clarke County, Alabama",01025,31-33,Manufacturing,2.39,2,0.2333333333333334,-0.003990684670332658
"Clay County, Alabama",01027,31-33,Manufacturing,6.27,4,0.16666666666666666,-0.008810346077314995
"Cleburne County, Alabama",01029,23,Construction,2.95,3,0.10000000000000009,0.044233009917257746
"Coffee County, Alabama",01031,11,"Agriculture, Forestry, Fishing & Hunting",2.81,2,0.13333333333333344,0.03759523827841505
"Colbert County, Alabama",01033,31-33,Manufacturing,3.0,3,0.13333333333333344,0.0291508109187056
"Conecuh County, Alabama",01035,48-49,Transportation & Warehousing,2.59,2,0.16666666666666652,0.012149803122366054
"Coosa County, Alabama",01037,44-45,Retail Trade,0.79,1,0.20000000000000004,0.01616064494656263
"Covington County, Alabama",01039,22,Utilities,12.73,4,0.1333333333333333,0.003755545840025749
"Crenshaw County, Alabama",01041,31-33,Manufacturing,2.67,2,0.03333333333333336,0.05253301182914158
"Cullman County, Alabama",01043,31-33,Manufacturing,2.49,2,0.1333333333333333,0.024661612069004836
"Dale County, Alabama",01045,31-33,Manufacturing,2.71,2,0.13333333333333344,0.02127652970611067
"Dallas County, Alabama",01047,31-33,Manufacturing,2.74,2,0.033333333333333215,0.013703825920067969
"DeKalb County, Alabama",01049,31-33,Manufacturing,3.52,3,0.09999999999999994,0.034017083620821634
"Elmore County, Alabama",01051,44-45,Retail Trade,1.86,1,0.06666666666666658,0.05012377391691652
"Escambia County, Alabama",01053,21,"Mining, Quarrying, Oil & Gas",3.0,3,0.03333333333333336,0.02354986285693759
"Etowah County, Alabama",01055,31-33,Manufacturing,1.59,1,0.09999999999999994,0.021096005250447365
"Fayette County, Alabama",01057,31-33,Manufacturing,2.03,2,0.06666666666666658,0.01912913296168471
"Franklin County, Alabama",01059,31-33,Manufacturing,5.4,4,0.13333333333333344,0.018551920760161933
"Geneva County, Alabama",01061,31-33,Manufacturing,2.02,2,0.13333333333333344,0.01694189791570714
"Greene County, Alabama",01063,31-33,Manufacturing,3.33,3,0.5333333333333332,0.02739865647440352
"Hale County, Alabama",01065,22,Utilities,2.21,2,0.0,0.03319936069195694
"Henry County, Alabama",01067,11,"Agriculture, Forestry, Fishing & Hunting",10.42,4,0.1333333333333333,0.032668612662383925
"Houston County, Alabama",01069,44-45,Retail Trade,1.57,1,0.09999999999999994,0.012529665310499063
"Jackson County, Alabama",01071,31-33,Manufacturing,3.49,3,0.19999999999999987,0.020865132802724843
"Jefferson County, Alabama",01073,22,Utilities,3.59,3,0.1333333333333333,0.020556360989416416
"Lamar County, Alabama",01075,31-33,Manufacturing,4.14,3,0.13333333333333344,0.0003945215614396003
"Lauderdale County, Alabama",01077,44-45,Retail Trade,1.64,1,0.16666666666666666,0.026488817336975164
"Lawrence County, Alabama",01079,22,Utilities,5.98,4,0.09999999999999994,0.023515323963365274
"Lee County, Alabama",01081,72,Accommodation & Food Services,1.47,1,0.09999999999999994,0.02718773161456324
"Limestone County, Alabama",01083,31-33,Manufacturing,2.89,3,0.16666666666666666,0.04946563141563794
"Lowndes County, Alabama",01085,31-33,Manufacturing,5.12,4,0.10000000000000024,0.036674611281352854
"Macon County, Alabama",01087,53,Real Estate & Rental & Leasing,1.34,1,0.0,0.03660359767467369
"Madison County, Alabama",01089,54,"Professional, Scientific & Technical Services",2.75,2,0.09999999999999994,0.04469425859332809
"Marengo County, Alabama",01091,11,"Agriculture, Forestry, Fishing & Hunting",9.15,4,0.10000000000000009,0.0127442634087323
"Marion County, Alabama",01093,31-33,Manufacturing,4.71,3,0.20000000000000004,0.014363799402441367
"Marshall County, Alabama",01095,31-33,Manufacturing,3.86,3,0.09999999999999994,0.025900894556884213
"Mobile County, Alabama",01097,23,Construction,1.44,1,0.09999999999999994,0.031630818068828816
"Monroe County, Alabama",01099,31-33,Manufacturing,2.78,2,0.4333333333333334,-0.008499070224235064
"Montgomery County, Alabama",01101,31-33,Manufacturing,1.39,1,0.0,0.029703364394576503
"Morgan County, Alabama",01103,31-33,Manufacturing,3.4,3,0.06666666666666658,0.03318545130959818
"Perry County, Alabama",01105,61,Educational Services,5.08,4,0.033333333333333215,0.01856503696127047
"Pickens County, Alabama",01107,31-33,Manufacturing,2.25,2,0.20000000000000004,-0.002601502282501185
"Pike County, Alabama",01109,48-49,Transportation & Warehousing,2.89,3,0.13333333333333344,0.02137486597251903
"Randolph County, Alabama",01111,31-33,Manufacturing,2.53,2,0.2666666666666666,0.013159404305757596
"Russell County, Alabama",01113,31-33,Manufacturing,1.86,1,0.2666666666666666,0.029790941954071302
"St. Clair County, Alabama",01115,31-33,Manufacturing,2.06,2,0.06666666666666658,0.04107328885462611
"Shelby County, Alabama",01117,22,Utilities,3.06,3,0.1333333333333334,0.009312739922139305
"Sumter County, Alabama",01119,31-33,Manufacturing,1.42,1,0.2666666666666668,0.02611246132372893
"Talladega County, Alabama",01121,31-33,Manufacturing,4.02,3,0.03333333333333336,0.04594643491191668
"Tallapoosa County, Alabama",01123,31-33,Manufacturing,2.34,2,0.03333333333333336,0.021922374522671994
"Tuscaloosa County, Alabama",01125,21,"Mining, Quarrying, Oil & Gas",3.31,3,0.1333333333333333,0.026737417273125792
"Walker County, Alabama",01127,21,"Mining, Quarrying, Oil & Gas",8.15,4,0.09999999999999994,0.04765726517271436
"Washington County, Alabama",01129,31-33,Manufacturing,6.18,4,-0.19999999999999987,0.05619487888748899
"Wilcox County, Alabama",01131,11,"Agriculture, Forestry, Fishing & Hunting",4.85,3,0.06666666666666643,0.022732422347833806
"Winston County, Alabama",01133,31-33,Manufacturing,5.4,4,0.20000000000000004,-0.001052049750446402
"Aleutians East Borough, Alaska",02013,31-33,Manufacturing,5.75,4,0.2666666666666666,-0.07873688630261741
"Aleutians West Census Area, Alaska",02016,31-33,Manufacturing,4.91,4,-0.03333333333333336,0.04911243692393251
"Anchorage Municipality, Alaska",02020,21,"Mining, Quarrying, Oil & Gas",3.29,3,0.06666666666666658,0.02622671736132714
"Bethel Census Area, Alaska",02050,22,Utilities,3.9,3,0.8666666666666666,0.0061336150252826425
"Bristol Bay Borough, Alaska",02060,31-33,Manufacturing,2.61,2,-0.16666666666666666,-0.01108136667840789
"Chugach Census Area, Alaska",02063,48-49,Transportation & Warehousing,3.61,3,0.43333333333333357,
"Copper River Census Area, Alaska",02066,22,Utilities,14.27,4,0.2666666666666669,
"Denali Borough, Alaska",02068,71,"Arts, Entertainment & Recreation",1.7,1,-0.19999999999999987,0.059034989440487816
"Dillingham Census Area, Alaska",02070,62,Health Care & Social Assistance,2.2,2,0.6,0.02038507013349584
"Fairbanks North Star Borough, Alaska",02090,21,"Mining, Quarrying, Oil & Gas",6.93,4,0.033333333333333215,0.012939270166406834
"Haines Borough, Alaska",02100,23,Construction,3.34,3,0.16666666666666666,0.058903071331369614
"Hoonah-Angoon Census Area, Alaska",02105,44-45,Retail Trade,0.93,1,0.3333333333333333,0.07874552068546699
"Juneau City and Borough, Alaska",02110,21,"Mining, Quarrying, Oil & Gas",17.28,4,0.09999999999999994,-0.0011027395618933877
"Kenai Peninsula Borough, Alaska",02122,21,"Mining, Quarrying, Oil & Gas",14.79,4,0.06666666666666672,0.012831181400899828
"Ketchikan Gateway Borough, Alaska",02130,48-49,Transportation & Warehousing,1.85,1,0.13333333333333344,0.03791448648224969
"Kodiak Island Borough, Alaska",02150,31-33,Manufacturing,2.02,2,-0.09999999999999994,0.007181334661948379
"Kusilvak Census Area, Alaska",02158,44-45,Retail Trade,1.7,1,1.3333333333333328,-0.012282485641227834
"Lake and Peninsula Borough, Alaska",02164,48-49,Transportation & Warehousing,3.44,3,0.09999999999999994,0.01713960727969349
"Matanuska-Susitna Borough, Alaska",02170,22,Utilities,3.12,3,0.06666666666666643,0.039687182351035515
"Nome Census Area, Alaska",02180,81,Other Services (except Public Administration),3.35,3,0.7333333333333331,0.032757474618135
"North Slope Borough, Alaska",02185,21,"Mining, Quarrying, Oil & Gas",136.08,4,-0.09999999999999994,0.05672308088091306
"Northwest Arctic Borough, Alaska",02188,51,Information,0.56,1,0.19999999999999987,-0.05918635069926583
"Petersburg Borough, Alaska",02195,31-33,Manufacturing,2.21,2,-0.19999999999999987,-0.006227331430913549
"Prince of Wales-Hyder Census Area, Alaska",02198,53,Real Estate & Rental & Leasing,1.65,1,0.6333333333333334,-0.016875517721496678
"Sitka City and Borough, Alaska",02220,11,"Agriculture, Forestry, Fishing & Hunting",2.64,2,0.0,0.038043171824092406
"Skagway Municipality, Alaska",02230,71,"Arts, Entertainment & Recreation",3.54,3,0.06666666666666672,0.10151950105530332
"Southeast Fairbanks Census Area, Alaska",02240,21,"Mining, Quarrying, Oil & Gas",85.28,4,0.2666666666666669,-0.000767792639863389
"Wrangell City and Borough, Alaska",02275,44-45,Retail Trade,1.53,1,-0.2999999999999998,0.041330194687525294
"Yakutat City and Borough, Alaska",02282,44-45,Retail Trade,1.5,1,0.3000000000000001,-0.041403200624512096
"Yukon-Koyukuk Census Area, Alaska",02290,11,"Agriculture, Forestry, Fishing & Hunting",7.43,4,0.6666666666666666,0.007351769503168035
"Apache County, Arizona",04001,62,Health Care & Social Assistance,1.05,1,0.20000000000000018,-0.015989334113963537
"Cochise County, Arizona",04003,11,"Agriculture, Forestry, Fishing & Hunting",4.62,3,0.2333333333333334,0.017802482756889157
"Coconino County, Arizona",04005,72,Accommodation & Food Services,2.48,2,0.09999999999999994,0.028962446336538605
"Gila County, Arizona",04007,72,Accommodation & Food Services,1.29,1,0.033333333333333215,-0.007602715553661619
"Graham County, Arizona",04009,44-45,Retail Trade,1.41,1,0.1333333333333333,0.013391527985323266
"Greenlee County, Arizona",04011,44-45,Retail Trade,0.39,1,0.09999999999999994,-0.04995421550277871
"La Paz County, Arizona",04012,44-45,Retail Trade,2.62,2,-0.06666666666666672,-0.04422072449864139
"Maricopa County, Arizona",04013,52,Finance & Insurance,1.53,1,0.16666666666666666,0.040400281255221535
"Mohave County, Arizona",04015,21,"Mining, Quarrying, Oil & Gas",2.31,2,0.13333333333333316,0.03584994736065305
"Navajo County, Arizona",04017,11,"Agriculture, Forestry, Fishing & Hunting",1.84,1,0.3000000000000001,0.028446736200932327
"Pima County, Arizona",04019,21,"Mining, Quarrying, Oil & Gas",1.92,1,0.19999999999999987,0.027159309346152218
"Pinal County, Arizona",04021,21,"Mining, Quarrying, Oil & Gas",5.21,4,0.2333333333333334,0.07010110695084787
"Santa Cruz County, Arizona",04023,11,"Agriculture, Forestry, Fishing & Hunting",4.83,3,-0.06666666666666672,0.013004382567987697
"Yavapai County, Arizona",04025,21,"Mining, Quarrying, Oil & Gas",5.28,4,0.16666666666666652,0.03458289034810009
"Yuma County, Arizona",04027,44-45,Retail Trade,1.08,1,0.6000000000000002,0.0383819430699981
"Arkansas County, Arkansas",05001,31-33,Manufacturing,4.89,4,0.4000000000000001,-0.04344543449321271
"Ashley County, Arkansas",05003,31-33,Manufacturing,2.24,2,0.2666666666666666,0.03845287198914639
"Baxter County, Arkansas",05005,62,Health Care & Social Assistance,1.87,1,0.3000000000000001,0.02439452589995488
"Benton County, Arkansas",05007,48-49,Transportation & Warehousing,1.63,1,0.3000000000000001,0.048180432063543645
"Boone County, Arkansas",05009,48-49,Transportation & Warehousing,2.32,2,0.4333333333333333,0.02031695155537026
"Bradley County, Arkansas",05011,31-33,Manufacturing,2.84,2,0.4666666666666668,0.004622286240696124
"Calhoun County, Arkansas",05013,31-33,Manufacturing,10.37,4,0.36666666666666686,-0.03400708492965594
"Carroll County, Arkansas",05015,22,Utilities,4.73,3,0.36666666666666653,0.03189690550789605
"Chicot County, Arkansas",05017,11,"Agriculture, Forestry, Fishing & Hunting",9.01,4,0.3333333333333333,-0.023505459258372656
"Clark County, Arkansas",05019,61,Educational Services,2.91,3,0.3000000000000001,0.0065346259545247904
"Clay County, Arkansas",05021,11,"Agriculture, Forestry, Fishing & Hunting",8.54,4,0.3333333333333335,-0.011140833609372144
"Cleburne County, Arkansas",05023,22,Utilities,4.33,3,0.3333333333333333,0.0018073518807434966
"Cleveland County, Arkansas",05025,22,Utilities,4.15,3,0.2666666666666666,0.09504360587462442
"Columbia County, Arkansas",05027,21,"Mining, Quarrying, Oil & Gas",10.21,4,0.2666666666666666,0.023656213226791102
"Conway County, Arkansas",05029,11,"Agriculture, Forestry, Fishing & Hunting",3.16,3,0.36666666666666653,0.01094412791631022
"Craighead County, Arkansas",05031,31-33,Manufacturing,1.7,1,0.4000000000000001,0.012779900142032842
"Crawford County, Arkansas",05033,31-33,Manufacturing,3.29,3,0.3999999999999999,-0.0032737779688134295
"Crittenden County, Arkansas",05035,48-49,Transportation & Warehousing,4.7,3,0.6,0.0015407626699540306
"Cross County, Arkansas",05037,44-45,Retail Trade,1.53,1,0.3333333333333335,-0.006481315474550652
"Dallas County, Arkansas",05039,11,"Agriculture, Forestry, Fishing & Hunting",4.44,3,0.16666666666666666,-0.009600073225460385
"Desha County, Arkansas",05041,11,"Agriculture, Forestry, Fishing & Hunting",8.8,4,0.4666666666666668,-0.014576480636778308
"Drew County, Arkansas",05043,11,"Agriculture, Forestry, Fishing & Hunting",4.91,4,0.3333333333333333,0.0036401755210180987
"Faulkner County, Arkansas",05045,23,Construction,1.57,1,0.3000000000000001,0.03627837177132547
"Franklin County, Arkansas",05047,22,Utilities,12.34,4,0.36666666666666653,0.06537085751928452
"Fulton County, Arkansas",05049,52,Finance & Insurance,0.98,1,0.4666666666666668,-0.0350419045305478
"Garland County, Arkansas",05051,71,"Arts, Entertainment & Recreation",2.75,2,0.20000000000000004,0.011773775144944014
"Grant County, Arkansas",05053,31-33,Manufacturing,4.17,3,0.16666666666666666,0.037891227339028964
"Greene County, Arkansas",05055,31-33,Manufacturing,3.18,3,0.4333333333333334,-0.006254221084750963
"Hempstead County, Arkansas",05057,22,Utilities,4.19,3,0.3333333333333333,0.010592559829973048
"Hot Spring County, Arkansas",05059,22,Utilities,5.13,4,0.3333333333333335,0.044169587284597626
"Howard County, Arkansas",05061,31-33,Manufacturing,4.55,3,0.5666666666666668,0.026610967836958186
"Independence County, Arkansas",05063,31-33,Manufacturing,2.84,2,0.20000000000000004,0.040007412496530455
"Izard County, Arkansas",05065,53,Real Estate & Rental & Leasing,2.04,2,0.20000000000000018,0.01861741001471853
"Jackson County, Arkansas",05067,31-33,Manufacturing,2.4,2,0.03333333333333351,0.04203639290585117
"Jefferson County, Arkansas",05069,22,Utilities,2.87,2,0.3000000000000001,-0.046378254720780235
"Johnson County, Arkansas",05071,31-33,Manufacturing,2.65,2,0.5,0.0033980768389270557
"Lafayette County, Arkansas",05073,11,"Agriculture, Forestry, Fishing & Hunting",8.82,4,0.39999999999999974,0.0671718904792647
"Lawrence County, Arkansas",05075,11,"Agriculture, Forestry, Fishing & Hunting",4.48,3,0.2333333333333334,-0.009283519789056347
"Lee County, Arkansas",05077,11,"Agriculture, Forestry, Fishing & Hunting",14.61,4,0.5333333333333335,-0.014680152843335582
"Lincoln County, Arkansas",05079,22,Utilities,11.73,4,0.3333333333333333,0.028948285475327573
"Little River County, Arkansas",05081,31-33,Manufacturing,3.51,3,0.16666666666666666,0.02967764403504125
"Logan County, Arkansas",05083,21,"Mining, Quarrying, Oil & Gas",3.53,3,0.4000000000000001,0.060157006003170706
"Lonoke County, Arkansas",05085,72,Accommodation & Food Services,1.52,1,0.2666666666666666,0.023161529880835714
"Madison County, Arkansas",05087,31-33,Manufacturing,3.83,3,0.3333333333333333,0.0743485192556151
"Marion County, Arkansas",05089,31-33,Manufacturing,4.33,3,0.7000000000000002,-0.031817143100085564
"Miller County, Arkansas",05091,31-33,Manufacturing,2.39,2,0.2333333333333334,-0.008092701672724946
"Mississippi County, Arkansas",05093,31-33,Manufacturing,4.19,3,0.09999999999999994,0.026690495283347125
"Monroe County, Arkansas",05095,11,"Agriculture, Forestry, Fishing & Hunting",7.26,4,0.5666666666666668,-0.0010866350646826705
"Montgomery County, Arkansas",05097,44-45,Retail Trade,1.33,1,0.2999999999999998,0.03211706575446598
"Nevada County, Arkansas",05099,11,"Agriculture, Forestry, Fishing & Hunting",2.47,2,0.2333333333333334,-0.00813688407715098
"Newton County, Arkansas",05101,62,Health Care & Social Assistance,1.25,1,0.5333333333333335,-0.00018085764599495502
"Ouachita County, Arkansas",05103,21,"Mining, Quarrying, Oil & Gas",3.81,3,0.4000000000000001,0.017755359871583016
"Perry County, Arkansas",05105,23,Construction,1.46,1,0.3333333333333332,0.056969200629476184
"Phillips County, Arkansas",05107,61,Educational Services,2.72,2,0.2666666666666666,-0.04362599389048938
"Pike County, Arkansas",05109,53,Real Estate & Rental & Leasing,2.17,2,0.36666666666666653,0.044359725055165895
"Poinsett County, Arkansas",05111,42,Wholesale Trade,2.21,2,0.36666666666666653,0.028918150529703
"Polk County, Arkansas",05113,31-33,Manufacturing,2.52,2,0.3,0.04226134470553254
"Pope County, Arkansas",05115,31-33,Manufacturing,2.3,2,0.3333333333333333,0.02566600342239906
"Prairie County, Arkansas",05117,11,"Agriculture, Forestry, Fishing & Hunting",12.65,4,0.4000000000000001,-0.0033674433565871213
"Pulaski County, Arkansas",05119,22,Utilities,2.14,2,0.3000000000000001,0.02272560372278901
"Randolph County, Arkansas",05121,11,"Agriculture, Forestry, Fishing & Hunting",5.45,4,0.2333333333333334,0.013900573557324736
"St. Francis County, Arkansas",05123,11,"Agriculture, Forestry, Fishing & Hunting",3.16,3,0.5,-0.009163600933998555
"Saline County, Arkansas",05125,23,Construction,1.75,1,0.2666666666666666,0.011002780935685944
"Scott County, Arkansas",05127,31-33,Manufacturing,4.94,4,0.3999999999999999,0.048463470550554597
"Searcy County, Arkansas",05129,44-45,Retail Trade,1.61,1,0.1333333333333333,0.010016092336718272
"Sebastian County, Arkansas",05131,22,Utilities,2.62,2,0.4000000000000001,0.015576966355490716
"Sevier County, Arkansas",05133,22,Utilities,1.46,1,0.20000000000000004,0.05827067564084717
"Sharp County, Arkansas",05135,44-45,Retail Trade,1.93,1,0.2666666666666666,0.06130139691994878
"Stone County, Arkansas",05137,22,Utilities,2.17,2,0.36666666666666686,0.03209762147276294
"Union County, Arkansas",05139,21,"Mining, Quarrying, Oil & Gas",4.85,3,0.4000000000000001,0.0034768550643838503
"Van Buren County, Arkansas",05141,48-49,Transportation & Warehousing,2.24,2,0.36666666666666686,-0.01753652909040595
"Washington County, Arkansas",05143,55,Management of Companies & Enterprises,2.33,2,0.3333333333333333,0.02394116722824389
"White County, Arkansas",05145,21,"Mining, Quarrying, Oil & Gas",2.3,2,0.23333333333333325,0.02026530899079339
"Woodruff County, Arkansas",05147,42,Wholesale Trade,1.61,1,0.19999999999999987,0.01071339620607489
"Yell County, Arkansas",05149,31-33,Manufacturing,4.56,3,0.3,0.03352811389862475
"Alameda County, California",06001,31-33,Manufacturing,1.34,1,0.5,0.007264279417216846
"Alpine County, California",06003,44-45,Retail Trade,0.2,1,-0.2333333333333331,0.024742862913114352
"Amador County, California",06005,22,Utilities,2.41,2,0.4666666666666668,0.01315599832707401
"Butte County, California",06007,11,"Agriculture, Forestry, Fishing & Hunting",4.29,3,0.5333333333333335,0.028823841420274526
"Calaveras County, California",06009,22,Utilities,3.41,3,0.5666666666666668,0.05001460531558428
"Colusa County, California",06011,11,"Agriculture, Forestry, Fishing & Hunting",28.56,4,0.8666666666666666,0.03499329101064027
"Contra Costa County, California",06013,62,Health Care & Social Assistance,1.46,1,0.4666666666666666,-0.0019295905114495482
"Del Norte County, California",06015,44-45,Retail Trade,1.14,1,0.2666666666666669,0.014119145808792923
"El Dorado County, California",06017,71,"Arts, Entertainment & Recreation",2.31,2,0.4333333333333333,0.03006783646463297
"Fresno County, California",06019,11,"Agriculture, Forestry, Fishing & Hunting",12.24,4,0.6333333333333334,0.025706654887807347
"Glenn County, California",06021,11,"Agriculture, Forestry, Fishing & Hunting",31.79,4,0.4666666666666665,0.01331195594731524
"Humboldt County, California",06023,62,Health Care & Social Assistance,1.52,1,0.4000000000000001,0.015858788720217697
"Imperial County, California",06025,11,"Agriculture, Forestry, Fishing & Hunting",17.89,4,1.1999999999999993,0.05127222694986737
"Inyo County, California",06027,22,Utilities,4.85,3,0.19999999999999987,0.022234643555303836
"Kern County, California",06029,11,"Agriculture, Forestry, Fishing & Hunting",17.63,4,0.6333333333333334,0.022696929561004272
"Kings County, California",06031,62,Health Care & Social Assistance,1.01,1,0.6333333333333334,0.027617977414861494
"Lake County, California",06033,22,Utilities,6.01,4,0.4666666666666665,0.02249056293396126
"Lassen County, California",06035,11,"Agriculture, Forestry, Fishing & Hunting",3.93,3,0.4666666666666668,-0.003017204906812067
"Los Angeles County, California",06037,51,Information,2.06,2,0.2333333333333334,0.015441948869865102
"Madera County, California",06039,62,Health Care & Social Assistance,1.25,1,0.6333333333333334,0.018212945456470852
"Marin County, California",06041,71,"Arts, Entertainment & Recreation",1.88,1,0.4333333333333334,-0.0017999056093211346
"Mariposa County, California",06043,72,Accommodation & Food Services,3.48,3,0.3333333333333333,0.04843324784230989
"Mendocino County, California",06045,22,Utilities,2.03,2,0.5,-0.00028004322470887483
"Merced County, California",06047,31-33,Manufacturing,1.17,1,0.7999999999999998,0.030618049261269282
"Modoc County, California",06049,11,"Agriculture, Forestry, Fishing & Hunting",12.5,4,0.5,0.043504358533394
"Mono County, California",06051,72,Accommodation & Food Services,5.32,4,0.10000000000000009,0.046839883515026395
"Monterey County, California",06053,11,"Agriculture, Forestry, Fishing & Hunting",23.91,4,0.5666666666666668,0.02191995871442555
"Napa County, California",06055,11,"Agriculture, Forestry, Fishing & Hunting",5.71,4,0.36666666666666653,-0.0041618992355463786
"Nevada County, California",06057,71,"Arts, Entertainment & Recreation",2.53,2,0.3333333333333333,0.023657992796894244
"Orange County, California",06059,71,"Arts, Entertainment & Recreation",2.14,2,0.2999999999999998,0.011358876101895992
"Placer County, California",06061,22,Utilities,2.23,2,0.3999999999999999,0.009737170044334338
"Plumas County, California",06063,22,Utilities,6.92,4,0.3000000000000001,0.08699994017054913
"Riverside County, California",06065,11,"Agriculture, Forestry, Fishing & Hunting",1.89,1,0.4333333333333333,0.024368699084665373
"Sacramento County, California",06067,62,Health Care & Social Assistance,1.22,1,0.3666666666666667,0.028716299180384985
"San Benito County, California",06069,11,"Agriculture, Forestry, Fishing & Hunting",10.97,4,0.6,0.023677810482911954
"San Bernardino County, California",06071,48-49,Transportation & Warehousing,3.09,3,0.4000000000000001,0.016274254427492
"San Diego County, California",06073,54,"Professional, Scientific & Technical Services",1.39,1,0.3999999999999999,0.020696056534676762
"San Francisco County, California",06075,51,Information,4.71,3,0.4333333333333333,-0.007170023290322991
"San Joaquin County, California",06077,11,"Agriculture, Forestry, Fishing & Hunting",5.02,4,0.5,0.013620055268367686
"San Luis Obispo County, California",06079,11,"Agriculture, Forestry, Fishing & Hunting",4.66,3,0.4000000000000001,0.019579485266914953
"San Mateo County, California",06081,51,Information,5.62,4,0.4333333333333333,0.04683147530326989
"Santa Barbara County, California",06083,11,"Agriculture, Forestry, Fishing & Hunting",14.17,4,0.3999999999999999,0.018600672541543475
"Santa Clara County, California",06085,51,Information,4.34,3,0.5,0.016170240276240127
"Santa Cruz County, California",06087,11,"Agriculture, Forestry, Fishing & Hunting",6.89,4,0.5,0.0050942858234710635
"Shasta County, California",06089,22,Utilities,2.07,2,0.3333333333333333,0.032863401470785876
"Sierra County, California",06091,44-45,Retail Trade,0.37,1,0.4000000000000001,0.02771054648073697
"Siskiyou County, California",06093,11,"Agriculture, Forestry, Fishing & Hunting",8.19,4,0.5,0.025479591365044144
"Solano County, California",06095,23,Construction,1.42,1,0.4000000000000001,-0.006991038236168166
"Sonoma County, California",06097,11,"Agriculture, Forestry, Fishing & Hunting",3.0,3,0.4000000000000001,-0.007920586420519963
"Stanislaus County, California",06099,31-33,Manufacturing,1.38,1,0.6,0.014976004645164432
"Sutter County, California",06101,11,"Agriculture, Forestry, Fishing & Hunting",11.94,4,0.6333333333333334,0.013476590061235319
"Tehama County, California",06103,48-49,Transportation & Warehousing,2.26,2,0.5666666666666668,0.015384004827315891
"Trinity County, California",06105,81,Other Services (except Public Administration),1.57,1,0.43333333333333357,0.05091492551708416
"Tulare County, California",06107,11,"Agriculture, Forestry, Fishing & Hunting",24.51,4,0.8666666666666671,0.020796499964278646
"Tuolumne County, California",06109,71,"Arts, Entertainment & Recreation",1.61,1,0.3333333333333333,0.028480081234530333
"Ventura County, California",06111,11,"Agriculture, Forestry, Fishing & Hunting",8.85,4,0.36666666666666653,0.012584700335524161
"Yolo County, California",06113,11,"Agriculture, Forestry, Fishing & Hunting",4.45,3,0.5333333333333332,0.006090492793321611
"Yuba County, California",06115,55,Management of Companies & Enterprises,1.06,1,0.6,0.02700210236775357
"Adams County, Colorado",08001,48-49,Transportation & Warehousing,2.61,2,0.3333333333333333,0.027920315294309613
"Alamosa County, Colorado",08003,22,Utilities,2.51,2,0.23333333333333325,-0.0002160528714285101
"Arapahoe County, Colorado",08005,51,Information,2.35,2,0.2666666666666666,0.02171354986468512
"Archuleta County, Colorado",08007,53,Real Estate & Rental & Leasing,2.53,2,0.10000000000000009,0.02471801028145541
"Baca County, Colorado",08009,44-45,Retail Trade,1.24,1,0.3666666666666667,-0.04678931621211157
"Bent County, Colorado",08011,52,Finance & Insurance,1.15,1,0.06666666666666643,0.010258066616089917
"Boulder County, Colorado",08013,54,"Professional, Scientific & Technical Services",2.6,2,0.4333333333333333,0.02171204631990447
"Broomfield County, Colorado",08014,55,Management of Companies & Enterprises,4.58,3,0.3999999999999999,0.02679003803644032
"Chaffee County, Colorado",08015,71,"Arts, Entertainment & Recreation",3.76,3,0.2666666666666668,0.03793039856667299
"Cheyenne County, Colorado",08017,21,"Mining, Quarrying, Oil & Gas",27.14,4,0.20000000000000004,0.03365440687152256
"Clear Creek County, Colorado",08019,71,"Arts, Entertainment & Recreation",11.26,4,0.16666666666666666,0.010118469132190094
"Conejos County, Colorado",08021,11,"Agriculture, Forestry, Fishing & Hunting",9.17,4,0.19999999999999987,-0.026182722126159384
"Costilla County, Colorado",08023,11,"Agriculture, Forestry, Fishing & Hunting",16.62,4,0.4666666666666668,0.05328581997019995
"Crowley County, Colorado",08025,44-45,Retail Trade,0.66,1,0.3,0.04065588001016027
"Custer County, Colorado",08027,71,"Arts, Entertainment & Recreation",2.48,2,0.16666666666666666,0.03298804193184619
"Delta County, Colorado",08029,11,"Agriculture, Forestry, Fishing & Hunting",6.03,4,0.36666666666666686,0.02643818972971083
"Denver County, Colorado",08031,21,"Mining, Quarrying, Oil & Gas",2.35,2,0.36666666666666653,0.046160561411614405
"Dolores County, Colorado",08033,44-45,Retail Trade,1.3,1,0.2333333333333334,-0.03837866037607458
"Douglas County, Colorado",08035,52,Finance & Insurance,2.0,2,0.4000000000000001,0.04260093434239837
"Eagle County, Colorado",08037,71,"Arts, Entertainment & Recreation",6.87,4,0.19999999999999987,0.04483468620250633
"Elbert County, Colorado",08039,23,Construction,4.67,3,0.3,0.011408806788104093
"El Paso County, Colorado",08041,54,"Professional, Scientific & Technical Services",1.6,1,0.2999999999999998,0.030179536331201816
"Fremont County, Colorado",08043,21,"Mining, Quarrying, Oil & Gas",1.37,1,0.19999999999999987,0.02259042811540475
"Garfield County, Colorado",08045,21,"Mining, Quarrying, Oil & Gas",8.88,4,0.06666666666666672,0.006284391692861057
"Gilpin County, Colorado",08047,71,"Arts, Entertainment & Recreation",25.46,4,0.2333333333333334,0.0417742637107334
"Grand County, Colorado",08049,71,"Arts, Entertainment & Recreation",11.9,4,0.16666666666666666,0.061835051817128374
"Gunnison County, Colorado",08051,71,"Arts, Entertainment & Recreation",6.76,4,0.2666666666666666,0.021415527449126313
"Hinsdale County, Colorado",08053,99,Unclassified,2.08,2,0.16666666666666666,0.03783096311712337
"Huerfano County, Colorado",08055,99,Unclassified,2.97,3,0.033333333333333215,0.0033198822002832792
"Jackson County, Colorado",08057,44-45,Retail Trade,1.66,1,0.19999999999999987,0.07373768983845654
"Jefferson County, Colorado",08059,54,"Professional, Scientific & Technical Services",1.74,1,0.3,0.022087090457822336
"Kiowa County, Colorado",08061,44-45,Retail Trade,1.6,1,0.23333333333333325,-0.021300530209665096
"Kit Carson County, Colorado",08063,22,Utilities,3.74,3,0.20000000000000004,0.007026729964693977
"Lake County, Colorado",08065,71,"Arts, Entertainment & Recreation",4.67,3,0.2333333333333334,0.06565431732370447
"La Plata County, Colorado",08067,21,"Mining, Quarrying, Oil & Gas",3.44,3,0.16666666666666666,0.013830031564463252
"Larimer County, Colorado",08069,23,Construction,1.2,1,0.3333333333333333,0.017943559582873376
"Las Animas County, Colorado",08071,21,"Mining, Quarrying, Oil & Gas",13.74,4,0.4666666666666668,-0.005595908316574234
"Lincoln County, Colorado",08073,22,Utilities,7.6,4,0.3333333333333333,0.011476751212381096
"Logan County, Colorado",08075,22,Utilities,6.05,4,0.2666666666666666,0.020466673553083146
"Mesa County, Colorado",08077,21,"Mining, Quarrying, Oil & Gas",6.12,4,0.2666666666666668,0.02432921418103013
"Mineral County, Colorado",08079,,Not classified,,,0.4333333333333334,0.06103286384976526
"Moffat County, Colorado",08081,21,"Mining, Quarrying, Oil & Gas",14.42,4,0.19999999999999987,-0.05094356233228306
"Montezuma County, Colorado",08083,22,Utilities,2.42,2,0.2666666666666666,-0.04384578082662809
"Montrose County, Colorado",08085,22,Utilities,2.93,3,0.13333333333333344,0.039829443230232894
"Morgan County, Colorado",08087,11,"Agriculture, Forestry, Fishing & Hunting",9.11,4,0.13333333333333316,0.01827743539084558
"Otero County, Colorado",08089,11,"Agriculture, Forestry, Fishing & Hunting",4.38,3,0.3000000000000001,-0.006784981541894094
"Ouray County, Colorado",08091,72,Accommodation & Food Services,2.62,2,0.3333333333333333,-0.06171778347864672
"Park County, Colorado",08093,21,"Mining, Quarrying, Oil & Gas",2.05,2,0.3,0.04472555442585343
"Phillips County, Colorado",08095,11,"Agriculture, Forestry, Fishing & Hunting",32.55,4,0.20000000000000004,-0.004678894499198076
"Pitkin County, Colorado",08097,71,"Arts, Entertainment & Recreation",11.07,4,0.1333333333333333,0.05780758297079093
"Prowers County, Colorado",08099,22,Utilities,6.16,4,0.2666666666666666,-0.015030074048744006
"Pueblo County, Colorado",08101,22,Utilities,1.6,1,0.3000000000000001,0.014490312323469976
"Rio Blanco County, Colorado",08103,21,"Mining, Quarrying, Oil & Gas",48.73,4,0.0,0.03799605171616148
"Rio Grande County, Colorado",08105,11,"Agriculture, Forestry, Fishing & Hunting",23.47,4,0.033333333333333215,-0.00956022648068766
"Routt County, Colorado",08107,71,"Arts, Entertainment & Recreation",7.85,4,0.16666666666666666,0.02280652708743056
"Saguache County, Colorado",08109,11,"Agriculture, Forestry, Fishing & Hunting",24.65,4,0.3000000000000001,-0.07987110422355054
"San Juan County, Colorado",08111,71,"Arts, Entertainment & Recreation",5.71,4,0.06666666666666658,0.044061215513188035
"San Miguel County, Colorado",08113,71,"Arts, Entertainment & Recreation",11.58,4,0.16666666666666666,0.03041401714240166
"Sedgwick County, Colorado",08115,11,"Agriculture, Forestry, Fishing & Hunting",13.04,4,0.2333333333333334,-0.021711280426134447
"Summit County, Colorado",08117,71,"Arts, Entertainment & Recreation",6.66,4,0.20000000000000004,0.04764826392621743
"Teller County, Colorado",08119,71,"Arts, Entertainment & Recreation",5.3,4,0.2666666666666666,-0.026324377617236747
"Washington County, Colorado",08121,44-45,Retail Trade,1.06,1,0.20000000000000004,-0.06214788443938872
"Weld County, Colorado",08123,21,"Mining, Quarrying, Oil & Gas",14.09,4,0.3333333333333333,0.05434544220092989
"Yuma County, Colorado",08125,71,"Arts, Entertainment & Recreation",2.27,2,0.09999999999999994,0.026212029337029336
"Capitol Planning Region, Connecticut",09110,52,Finance & Insurance,1.97,2,0.0,
"Greater Bridgeport Planning Region, Connecticut",09120,61,Educational Services,2.78,2,0.033333333333333215,
"Lower Connecticut River Valley Planning Region, Connecticut",09130,61,Educational Services,2.02,2,-0.06666666666666672,
"Naugatuck Valley Planning Region, Connecticut",09140,51,Information,1.6,1,0.0,
"Northeastern Connecticut Planning Region, Connecticut",09150,61,Educational Services,1.28,1,0.0,
"Northwest Hills Planning Region, Connecticut",09160,61,Educational Services,3.26,3,-0.06666666666666658,
"South Central Connecticut Planning Region, Connecticut",09170,61,Educational Services,5.12,4,0.033333333333333215,
"Southeastern Connecticut Planning Region, Connecticut",09180,22,Utilities,2.12,2,-0.10000000000000009,
"Western Connecticut Planning Region, Connecticut",09190,52,Finance & Insurance,2.18,2,0.03333333333333336,
"Kent County, Delaware",10001,44-45,Retail Trade,1.17,1,0.2333333333333334,0.028725655925552544
"New Castle County, Delaware",10003,52,Finance & Insurance,2.95,3,0.20000000000000018,0.034441713921632984
"Sussex County, Delaware",10005,31-33,Manufacturing,1.55,1,0.16666666666666666,0.06197361477257532
District of Columbia,11001,81,Other Services (except Public Administration),3.0,3,0.5333333333333332,0.004018795905119228
"Alachua County, Florida",12001,62,Health Care & Social Assistance,1.44,1,0.4666666666666666,0.02897468927238912
"Baker County, Florida",12003,48-49,Transportation & Warehousing,3.18,3,0.4333333333333334,0.021980078448594214
"Bay County, Florida",12005,53,Real Estate & Rental & Leasing,2.21,2,0.3666666666666667,0.03065224373402498
"Bradford County, Florida",12007,44-45,Retail Trade,1.93,1,0.3666666666666667,0.03989270307816041
"Brevard County, Florida",12009,31-33,Manufacturing,1.8,1,0.4000000000000001,0.0503586162955228
"Broward County, Florida",12011,53,Real Estate & Rental & Leasing,1.82,1,0.2666666666666668,0.04055390101490424
"Calhoun County, Florida",12013,62,Health Care & Social Assistance,2.05,2,0.36666666666666686,0.06742373369564274
"Charlotte County, Florida",12015,44-45,Retail Trade,1.7,1,0.36666666666666686,0.05586999469973132
"Citrus County, Florida",12017,22,Utilities,3.45,3,0.5666666666666668,0.04805179238807344
"Clay County, Florida",12019,71,"Arts, Entertainment & Recreation",1.59,1,0.4333333333333333,0.05559672999094131
"Collier County, Florida",12021,71,"Arts, Entertainment & Recreation",3.36,3,0.3333333333333332,0.05775217229593389
"Columbia County, Florida",12023,44-45,Retail Trade,1.53,1,0.4000000000000001,0.04062081942019086
"DeSoto County, Florida",12027,48-49,Transportation & Warehousing,2.97,3,0.4666666666666668,0.04003855151265604
"Dixie County, Florida",12029,11,"Agriculture, Forestry, Fishing & Hunting",4.91,4,0.5333333333333332,0.03173088066415922
"Duval County, Florida",12031,48-49,Transportation & Warehousing,1.95,1,0.2999999999999998,0.0419569541763054
"Escambia County, Florida",12033,52,Finance & Insurance,2.01,2,0.36666666666666653,0.029626699518407313
"Flagler County, Florida",12035,71,"Arts, Entertainment & Recreation",1.81,1,0.4666666666666666,0.06291037270163095
"Franklin County, Florida",12037,53,Real Estate & Rental & Leasing,2.63,2,0.4333333333333333,0.019559496533256702
"Gadsden County, Florida",12039,11,"Agriculture, Forestry, Fishing & Hunting",31.98,4,0.16666666666666666,0.012231030340846234
"Gilchrist County, Florida",12041,11,"Agriculture, Forestry, Fishing & Hunting",13.68,4,0.3999999999999999,0.0400865720808798
"Glades County, Florida",12043,56,Administrative & Support & Waste Management,2.19,2,0.5333333333333335,0.04719030242590452
"Gulf County, Florida",12045,22,Utilities,4.25,3,0.36666666666666653,0.03672177499767996
"Hamilton County, Florida",12047,44-45,Retail Trade,1.19,1,0.4666666666666665,0.06917226940499853
"Hardee County, Florida",12049,22,Utilities,9.58,4,0.4000000000000001,-0.0017816170221568685
"Hendry County, Florida",12051,11,"Agriculture, Forestry, Fishing & Hunting",27.91,4,0.2333333333333334,0.02681380172272995
"Hernando County, Florida",12053,44-45,Retail Trade,1.68,1,0.4333333333333333,0.05466404461029599
"Highlands County, Florida",12055,44-45,Retail Trade,1.65,1,0.4333333333333333,0.04706948639807619
"Hillsborough County, Florida",12057,52,Finance & Insurance,2.11,2,0.3666666666666667,0.04561550723320332
"Holmes County, Florida",12059,23,Construction,1.8,1,0.4333333333333334,0.037845662670910295
"Indian River County, Florida",12061,71,"Arts, Entertainment & Recreation",2.94,3,0.3666666666666667,0.005281523171932772
"Jackson County, Florida",12063,22,Utilities,3.85,3,0.4000000000000001,0.04167606524279056
"Jefferson County, Florida",12065,11,"Agriculture, Forestry, Fishing & Hunting",17.34,4,0.2666666666666668,0.07026904802457316
"Lafayette County, Florida",12067,48-49,Transportation & Warehousing,1.02,1,0.5333333333333332,0.1331827944537727
"Lake County, Florida",12069,11,"Agriculture, Forestry, Fishing & Hunting",2.67,2,0.4000000000000001,0.055959942665605306
"Lee County, Florida",12071,23,Construction,2.42,2,0.3,0.04686743439297955
"Leon County, Florida",12073,54,"Professional, Scientific & Technical Services",1.32,1,0.36666666666666653,0.04799760883947432
"Levy County, Florida",12075,23,Construction,1.9,1,0.36666666666666653,0.06603946364158719
"Liberty County, Florida",12077,11,"Agriculture, Forestry, Fishing & Hunting",4.22,3,0.4000000000000001,0.07732067995667986
"Madison County, Florida",12079,11,"Agriculture, Forestry, Fishing & Hunting",7.02,4,0.36666666666666653,0.08779131936597032
"Manatee County, Florida",12081,11,"Agriculture, Forestry, Fishing & Hunting",2.84,2,0.4000000000000001,0.053763739996310955
"Marion County, Florida",12083,11,"Agriculture, Forestry, Fishing & Hunting",1.8,1,0.4666666666666668,0.04850514382027412
"Martin County, Florida",12085,71,"Arts, Entertainment & Recreation",2.34,2,0.4333333333333334,0.03759889891721999
"Miami-Dade County, Florida",12086,53,Real Estate & Rental & Leasing,1.87,1,0.0,0.046780088518758235
"Monroe County, Florida",12087,72,Accommodation & Food Services,4.02,3,0.23333333333333325,0.04203933610783757
"Nassau County, Florida",12089,72,Accommodation & Food Services,2.13,2,0.3999999999999999,0.04102369124550066
"Okaloosa County, Florida",12091,54,"Professional, Scientific & Technical Services",1.86,1,0.3999999999999999,0.023586749355075595
"Okeechobee County, Florida",12093,56,Administrative & Support & Waste Management,1.91,1,0.36666666666666653,0.07380007806613001
"Orange County, Florida",12095,71,"Arts, Entertainment & Recreation",6.05,4,0.2666666666666666,0.046227282632001016
"Osceola County, Florida",12097,72,Accommodation & Food Services,1.97,2,0.2999999999999998,0.06589113229987272
"Palm Beach County, Florida",12099,71,"Arts, Entertainment & Recreation",2.23,2,0.3,0.03896915189223323
"Pasco County, Florida",12101,22,Utilities,1.78,1,0.4333333333333333,0.055694446413288676
"Pinellas County, Florida",12103,55,Management of Companies & Enterprises,1.95,1,0.3333333333333333,0.03778644845638385
"Polk County, Florida",12105,48-49,Transportation & Warehousing,2.73,2,0.3999999999999999,0.03593811359009531
"Putnam County, Florida",12107,22,Utilities,3.86,3,0.2666666666666669,0.06029853026891877
"St. Johns County, Florida",12109,71,"Arts, Entertainment & Recreation",2.12,2,0.5,0.061509281296029554
"St. Lucie County, Florida",12111,22,Utilities,2.69,2,0.36666666666666653,0.045399738155752684
"Santa Rosa County, Florida",12113,22,Utilities,1.97,2,0.4333333333333333,0.04454828324520777
"Sarasota County, Florida",12115,71,"Arts, Entertainment & Recreation",1.88,1,0.3999999999999999,0.05267348266838136
"Seminole County, Florida",12117,23,Construction,2.2,2,0.3333333333333333,0.03104635509235644
"Sumter County, Florida",12119,22,Utilities,3.73,3,0.6,0.07309480049241747
"Suwannee County, Florida",12121,22,Utilities,2.34,2,0.4333333333333333,0.09237403785795645
"Taylor County, Florida",12123,31-33,Manufacturing,2.1,2,0.9333333333333332,-0.012514747673714771
"Union County, Florida",12125,48-49,Transportation & Warehousing,2.16,2,0.5333333333333332,0.05922367581495344
"Volusia County, Florida",12127,61,Educational Services,1.63,1,0.3666666666666667,0.04125586753489837
"Wakulla County, Florida",12129,22,Utilities,2.03,2,0.3,0.03515872169688097
"Walton County, Florida",12131,53,Real Estate & Rental & Leasing,3.07,3,0.4000000000000001,0.05546187249670846
"Washington County, Florida",12133,23,Construction,1.69,1,0.4333333333333333,0.037963536424866454
"Appling County, Georgia",13001,11,"Agriculture, Forestry, Fishing & Hunting",4.86,3,-0.09999999999999994,0.008785823487702061
"Atkinson County, Georgia",13003,31-33,Manufacturing,6.86,4,0.06666666666666658,0.03228955525499439
"Bacon County, Georgia",13005,31-33,Manufacturing,2.04,2,0.033333333333333215,0.04557100368335649
"Baker County, Georgia",13007,11,"Agriculture, Forestry, Fishing & Hunting",26.24,4,-0.16666666666666666,-0.02006049678302937
"Baldwin County, Georgia",13009,62,Health Care & Social Assistance,1.58,1,0.0,0.028014597860553842
"Banks County, Georgia",13011,72,Accommodation & Food Services,2.02,2,0.06666666666666658,0.06976645700954485
"Barrow County, Georgia",13013,44-45,Retail Trade,2.16,2,0.1333333333333333,0.03996575030311168
"Bartow County, Georgia",13015,31-33,Manufacturing,3.12,3,0.10000000000000009,0.06848556455193246
"Ben Hill County, Georgia",13017,11,"Agriculture, Forestry, Fishing & Hunting",8.01,4,0.16666666666666666,0.03761167321637615
"Berrien County, Georgia",13019,11,"Agriculture, Forestry, Fishing & Hunting",4.27,3,0.2333333333333334,0.030592666475175077
"Bibb County, Georgia",13021,61,Educational Services,1.57,1,0.09999999999999994,0.006705443810896916
"Bleckley County, Georgia",13023,11,"Agriculture, Forestry, Fishing & Hunting",3.13,3,0.0,0.05788472044618146
"Brantley County, Georgia",13025,99,Unclassified,2.8,2,-0.03333333333333336,0.00412613995324184
"Brooks County, Georgia",13027,11,"Agriculture, Forestry, Fishing & Hunting",15.92,4,0.13333333333333344,-0.014157259151206115
"Bryan County, Georgia",13029,48-49,Transportation & Warehousing,3.36,3,0.033333333333333215,0.16326468426735327
"Bulloch County, Georgia",13031,99,Unclassified,1.73,1,0.0,0.04035620016000884
"Burke County, Georgia",13033,42,Wholesale Trade,1.71,1,-0.06666666666666672,0.003934815657873188
"Butts County, Georgia",13035,48-49,Transportation & Warehousing,2.64,2,0.09999999999999994,0.024242486318683455
"Calhoun County, Georgia",13037,44-45,Retail Trade,0.76,1,-0.23333333333333325,-0.032439669490489355
"Camden County, Georgia",13039,99,Unclassified,1.94,1,0.03333333333333336,0.035033576531614534
"Candler County, Georgia",13043,44-45,Retail Trade,1.41,1,0.033333333333333215,0.03242751683875775
"Carroll County, Georgia",13045,31-33,Manufacturing,2.05,2,0.09999999999999994,0.06621014909980148
"Catoosa County, Georgia",13047,44-45,Retail Trade,2.26,2,0.10000000000000009,0.007234608117285572
"Charlton County, Georgia",13049,31-33,Manufacturing,1.8,1,0.0,0.015702916786613053
"Chatham County, Georgia",13051,48-49,Transportation & Warehousing,2.58,2,-0.06666666666666672,0.021444944740320618
"Chattahoochee County, Georgia",13053,54,"Professional, Scientific & Technical Services",4.59,3,0.033333333333333215,0.002270225204235493
"Chattooga County, Georgia",13055,31-33,Manufacturing,3.28,3,-0.20000000000000018,0.026259434301531066
"Cherokee County, Georgia",13057,99,Unclassified,3.39,3,0.09999999999999994,0.04472625451655347
"Clarke County, Georgia",13059,72,Accommodation & Food Services,1.29,1,0.033333333333333215,0.019178460150101013
"Clay County, Georgia",13061,99,Unclassified,1.95,1,0.16666666666666666,-0.1386334122000249
"Clayton County, Georgia",13063,48-49,Transportation & Warehousing,9.24,4,0.16666666666666682,0.06886508046805545
"Clinch County, Georgia",13065,11,"Agriculture, Forestry, Fishing & Hunting",11.3,4,0.1333333333333333,0.018179456638372424
"Cobb County, Georgia",13067,99,Unclassified,1.9,1,0.13333333333333344,0.024270760848103326
"Coffee County, Georgia",13069,11,"Agriculture, Forestry, Fishing & Hunting",4.23,3,0.06666666666666658,0.03498274014644904
"Colquitt County, Georgia",13071,11,"Agriculture, Forestry, Fishing & Hunting",9.6,4,0.03333333333333336,0.01815764201511193
"Columbia County, Georgia",13073,48-49,Transportation & Warehousing,1.97,2,0.06666666666666672,0.02688265205226255
"Cook County, Georgia",13075,23,Construction,1.59,1,0.0,-0.010536740661161415
"Coweta County, Georgia",13077,22,Utilities,2.19,2,0.10000000000000009,0.0306527422239717
"Crawford County, Georgia",13079,23,Construction,1.67,1,0.09999999999999994,0.0515579416756331
"Crisp County, Georgia",13081,31-33,Manufacturing,1.73,1,-0.3333333333333333,0.024745803523070847
"Dade County, Georgia",13083,61,Educational Services,3.83,3,0.09999999999999994,0.05950448220232407
"Dawson County, Georgia",13085,44-45,Retail Trade,2.75,2,0.06666666666666672,0.061249336461240776
"Decatur County, Georgia",13087,99,Unclassified,1.85,1,0.03333333333333336,0.04733554520995193
"DeKalb County, Georgia",13089,61,Educational Services,3.59,3,0.10000000000000009,0.027662116381343596
"Dodge County, Georgia",13091,31-33,Manufacturing,1.49,1,0.0,0.012804698972099854
"Dooly County, Georgia",13093,48-49,Transportation & Warehousing,1.79,1,-0.033333333333333215,-0.045430149467968924
"Dougherty County, Georgia",13095,42,Wholesale Trade,1.63,1,0.10000000000000024,0.010805783479243436
"Douglas County, Georgia",13097,48-49,Transportation & Warehousing,1.99,2,0.10000000000000009,0.04804923809431985
"Early County, Georgia",13099,11,"Agriculture, Forestry, Fishing & Hunting",4.91,4,0.033333333333333215,-0.015350182260992959
"Echols County, Georgia",13101,11,"Agriculture, Forestry, Fishing & Hunting",51.03,4,0.1333333333333333,-0.019056396970904742
"Effingham County, Georgia",13103,31-33,Manufacturing,2.42,2,-0.03333333333333336,0.016461800502014387
"Elbert County, Georgia",13105,21,"Mining, Quarrying, Oil & Gas",5.49,4,0.0,0.03505397664088718
"Emanuel County, Georgia",13107,11,"Agriculture, Forestry, Fishing & Hunting",3.12,3,0.13333333333333316,0.024077508847036577
"Evans County, Georgia",13109,31-33,Manufacturing,4.88,4,0.0,0.02352765918333064
"Fannin County, Georgia",13111,72,Accommodation & Food Services,2.07,2,0.03333333333333336,0.04331221330850787
"Fayette County, Georgia",13113,99,Unclassified,2.58,2,0.1333333333333333,0.029316298090798876
"Floyd County, Georgia",13115,56,Administrative & Support & Waste Management,2.79,2,0.09999999999999994,0.02063362704006434
"Forsyth County, Georgia",13117,99,Unclassified,3.9,3,0.13333333333333344,0.03424871336006818
"Franklin County, Georgia",13119,11,"Agriculture, Forestry, Fishing & Hunting",4.71,3,0.03333333333333336,0.06151206487198342
"Fulton County, Georgia",13121,99,Unclassified,3.89,3,0.09999999999999994,0.014922135624205341
"Gilmer County, Georgia",13123,99,Unclassified,2.39,2,0.06666666666666672,0.061393157242810754
"Glascock County, Georgia",13125,99,Unclassified,6.85,4,0.06666666666666672,-0.020782538023917337
"Glynn County, Georgia",13127,72,Accommodation & Food Services,1.92,1,0.0,0.03080635488579741
"Gordon County, Georgia",13129,31-33,Manufacturing,4.48,3,0.10000000000000009,0.027253397673550648
"Grady County, Georgia",13131,11,"Agriculture, Forestry, Fishing & Hunting",9.1,4,0.06666666666666672,-0.008753823347281905
"Greene County, Georgia",13133,23,Construction,3.33,3,0.20000000000000004,0.027687775098353747
"Gwinnett County, Georgia",13135,99,Unclassified,2.68,2,0.13333333333333344,0.023125888390829765
"Habersham County, Georgia",13137,31-33,Manufacturing,3.29,3,-0.03333333333333336,0.045643688139737536
"Hall County, Georgia",13139,31-33,Manufacturing,2.89,3,0.06666666666666658,0.04016993694526005
"Hancock County, Georgia",13141,44-45,Retail Trade,0.66,1,0.0,-0.0391960141960142
"Haralson County, Georgia",13143,31-33,Manufacturing,3.21,3,0.10000000000000009,0.06931569662763286
"Harris County, Georgia",13145,31-33,Manufacturing,3.13,3,0.10000000000000009,0.059025382427687005
"Hart County, Georgia",13147,31-33,Manufacturing,4.63,3,0.0,0.0669077205910398
"Heard County, Georgia",13149,11,"Agriculture, Forestry, Fishing & Hunting",2.67,2,0.03333333333333336,-0.008653292448885989
"Henry County, Georgia",13151,48-49,Transportation & Warehousing,2.86,2,0.16666666666666666,0.05290419917677388
"Houston County, Georgia",13153,72,Accommodation & Food Services,1.38,1,-0.03333333333333336,0.016762159879093883
"Irwin County, Georgia",13155,11,"Agriculture, Forestry, Fishing & Hunting",9.1,4,0.06666666666666672,0.0025246537734850217
"Jackson County, Georgia",13157,48-49,Transportation & Warehousing,4.2,3,0.20000000000000004,0.05238362873658484
"Jasper County, Georgia",13159,11,"Agriculture, Forestry, Fishing & Hunting",4.83,3,0.16666666666666666,0.04789383163953832
"Jeff Davis County, Georgia",13161,31-33,Manufacturing,3.22,3,0.20000000000000018,0.04878590801528062
"Jefferson County, Georgia",13163,31-33,Manufacturing,2.78,2,0.03333333333333351,-0.020635711502468877
"Jenkins County, Georgia",13165,23,Construction,2.41,2,-0.23333333333333325,0.031573593363081125
"Johnson County, Georgia",13167,81,Other Services (except Public Administration),1.54,1,0.0,0.01572837539818672
"Jones County, Georgia",13169,99,Unclassified,2.23,2,0.09999999999999994,0.0387400405076855
"Lamar County, Georgia",13171,22,Utilities,6.08,4,0.16666666666666666,0.03716388691244277
"Lanier County, Georgia",13173,11,"Agriculture, Forestry, Fishing & Hunting",5.19,4,0.20000000000000004,0.028218658053258336
"Laurens County, Georgia",13175,44-45,Retail Trade,1.43,1,-0.06666666666666672,0.0260140959126303
"Lee County, Georgia",13177,23,Construction,2.42,2,0.0,0.03233206494599374
"Liberty County, Georgia",13179,22,Utilities,2.97,3,0.03333333333333336,0.014431575251308353
"Lincoln County, Georgia",13181,11,"Agriculture, Forestry, Fishing & Hunting",11.43,4,-0.03333333333333336,0.0021169948857477504
"Long County, Georgia",13183,23,Construction,1.39,1,0.03333333333333336,0.05718901314397032
"Lowndes County, Georgia",13185,72,Accommodation & Food Services,1.52,1,0.1333333333333333,0.008628702973366454
"Lumpkin County, Georgia",13187,99,Unclassified,2.63,2,0.1333333333333333,0.02641314212338511
"McDuffie County, Georgia",13189,31-33,Manufacturing,2.98,3,0.0,-0.002978484550223139
"McIntosh County, Georgia",13191,23,Construction,1.85,1,-0.03333333333333336,-0.013722110265420893
"Macon County, Georgia",13193,99,Unclassified,1.6,1,0.06666666666666643,0.03656475801752582
"Madison County, Georgia",13195,23,Construction,2.09,2,0.0,0.07470234057069394
"Marion County, Georgia",13197,44-45,Retail Trade,0.71,1,0.03333333333333336,-0.00995157861101894
"Meriwether County, Georgia",13199,11,"Agriculture, Forestry, Fishing & Hunting",3.67,3,0.06666666666666672,0.031184872742621477
"Miller County, Georgia",13201,11,"Agriculture, Forestry, Fishing & Hunting",7.13,4,0.0,-0.0049591958728054785
"Mitchell County, Georgia",13205,11,"Agriculture, Forestry, Fishing & Hunting",10.1,4,0.03333333333333336,0.03352535720536376
"Monroe County, Georgia",13207,99,Unclassified,2.57,2,0.03333333333333336,0.006212665823483211
"Montgomery County, Georgia",13209,11,"Agriculture, Forestry, Fishing & Hunting",4.98,4,-0.033333333333333215,0.03412821842059789
"Morgan County, Georgia",13211,42,Wholesale Trade,2.9,3,0.06666666666666658,0.030081740943398758
"Murray County, Georgia",13213,31-33,Manufacturing,4.05,3,0.16666666666666666,0.023162679212498632
"Muscogee County, Georgia",13215,52,Finance & Insurance,1.8,1,0.06666666666666658,-8.119858511620041e-05
"Newton County, Georgia",13217,22,Utilities,2.98,3,0.23333333333333325,0.040800285551536974
"Oconee County, Georgia",13219,99,Unclassified,2.79,2,0.10000000000000009,0.05166853511274093
"Oglethorpe County, Georgia",13221,11,"Agriculture, Forestry, Fishing & Hunting",8.11,4,0.03333333333333336,0.08375097477470715
"Paulding County, Georgia",13223,99,Unclassified,2.59,2,0.16666666666666666,0.047100498646278244
"Peach County, Georgia",13225,31-33,Manufacturing,3.05,3,0.06666666666666658,0.053612566523210024
"Pickens County, Georgia",13227,22,Utilities,3.49,3,0.09999999999999994,0.03619929523644697
"Pierce County, Georgia",13229,42,Wholesale Trade,2.42,2,0.2333333333333334,0.017843899855023975
"Pike County, Georgia",13231,23,Construction,3.87,3,0.06666666666666672,0.030385397387547617
"Polk County, Georgia",13233,31-33,Manufacturing,2.96,3,0.1333333333333333,0.020827561644090633
"Pulaski County, Georgia",13235,11,"Agriculture, Forestry, Fishing & Hunting",5.89,4,0.03333333333333336,-0.00015801804153813388
"Putnam County, Georgia",13237,22,Utilities,2.97,3,0.16666666666666666,0.044227225382581524
"Quitman County, Georgia",13239,81,Other Services (except Public Administration),1.87,1,0.4000000000000001,-0.01628734663294933
"Rabun County, Georgia",13241,22,Utilities,3.07,3,0.06666666666666658,0.01806920277360364
"Randolph County, Georgia",13243,11,"Agriculture, Forestry, Fishing & Hunting",11.53,4,0.09999999999999994,0.00311334653100686
"Richmond County, Georgia",13245,62,Health Care & Social Assistance,1.32,1,0.16666666666666666,0.012425161076741124
"Rockdale County, Georgia",13247,23,Construction,2.01,2,0.1333333333333333,0.013686126633706207
"Schley County, Georgia",13249,31-33,Manufacturing,5.0,4,-0.06666666666666672,0.03542670418646337
"Screven County, Georgia",13251,11,"Agriculture, Forestry, Fishing & Hunting",5.17,4,0.0,-0.014447743931652074
"Seminole County, Georgia",13253,11,"Agriculture, Forestry, Fishing & Hunting",22.22,4,0.2333333333333334,0.005676753770529419
"Spalding County, Georgia",13255,31-33,Manufacturing,1.49,1,0.20000000000000004,0.02618801400623868
"Stephens County, Georgia",13257,31-33,Manufacturing,2.96,3,0.19999999999999987,0.03766891524133772
"Stewart County, Georgia",13259,44-45,Retail Trade,0.35,1,-0.2999999999999998,0.06487762682542106
"Sumter County, Georgia",13261,11,"Agriculture, Forestry, Fishing & Hunting",6.81,4,0.2666666666666668,-0.026429963226687125
"Talbot County, Georgia",13263,23,Construction,3.6,3,0.033333333333333215,0.15054666855220872
"Taliaferro County, Georgia",13265,99,Unclassified,8.81,4,0.16666666666666666,0.049973193374530885
"Tattnall County, Georgia",13267,11,"Agriculture, Forestry, Fishing & Hunting",16.68,4,0.03333333333333336,0.060246067368872856
"Taylor County, Georgia",13269,62,Health Care & Social Assistance,1.32,1,-0.2666666666666666,0.001601068426427842
"Telfair County, Georgia",13271,11,"Agriculture, Forestry, Fishing & Hunting",4.18,3,0.06666666666666672,0.0335165296785717
"Terrell County, Georgia",13273,11,"Agriculture, Forestry, Fishing & Hunting",8.42,4,0.13333333333333316,0.00030376499044906357
"Thomas County, Georgia",13275,31-33,Manufacturing,1.54,1,0.06666666666666672,0.012805176092600344
"Tift County, Georgia",13277,42,Wholesale Trade,1.95,1,0.06666666666666672,0.01981210317687119
"Toombs County, Georgia",13279,11,"Agriculture, Forestry, Fishing & Hunting",7.11,4,0.16666666666666666,0.03336542487512301
"Towns County, Georgia",13281,23,Construction,1.58,1,0.1333333333333333,0.04424093452462529
"Treutlen County, Georgia",13283,11,"Agriculture, Forestry, Fishing & Hunting",5.35,4,0.03333333333333351,0.04893500753631543
"Troup County, Georgia",13285,31-33,Manufacturing,3.81,3,0.0,0.038024413376085565
"Turner County, Georgia",13287,42,Wholesale Trade,2.76,2,0.03333333333333336,0.01649186326993171
"Twiggs County, Georgia",13289,44-45,Retail Trade,0.38,1,0.06666666666666672,-0.05340494457228851
"Union County, Georgia",13291,99,Unclassified,2.3,2,0.10000000000000009,0.03206094554856336
"Upson County, Georgia",13293,22,Utilities,2.1,2,0.06666666666666658,0.029004770491840186
"Walker County, Georgia",13295,31-33,Manufacturing,4.24,3,0.06666666666666672,0.032363827292689794
"Walton County, Georgia",13297,23,Construction,2.73,2,0.10000000000000009,0.045553441275882074
"Ware County, Georgia",13299,44-45,Retail Trade,1.46,1,0.23333333333333325,0.020393246398194353
"Warren County, Georgia",13301,31-33,Manufacturing,4.0,3,-0.10000000000000024,0.0769152037665181
"Washington County, Georgia",13303,21,"Mining, Quarrying, Oil & Gas",10.96,4,0.03333333333333336,0.009321588111764537
"Wayne County, Georgia",13305,31-33,Manufacturing,2.02,2,0.16666666666666666,0.0382598245301127
"Webster County, Georgia",13307,99,Unclassified,2.41,2,0.20000000000000004,-0.038108924016085725
"Wheeler County, Georgia",13309,11,"Agriculture, Forestry, Fishing & Hunting",10.71,4,0.1333333333333333,0.005336472111788802
"White County, Georgia",13311,72,Accommodation & Food Services,2.03,2,0.06666666666666672,0.03259170501531292
"Whitfield County, Georgia",13313,31-33,Manufacturing,3.97,3,0.1333333333333333,0.020225806441158387
"Wilcox County, Georgia",13315,11,"Agriculture, Forestry, Fishing & Hunting",6.06,4,-0.06666666666666672,0.044484993267428156
"Wilkes County, Georgia",13317,23,Construction,3.24,3,-0.13333333333333316,0.06512054884652001
"Wilkinson County, Georgia",13319,21,"Mining, Quarrying, Oil & Gas",81.36,4,0.03333333333333351,-0.12978112304398395
"Worth County, Georgia",13321,44-45,Retail Trade,1.62,1,0.09999999999999994,0.006966339546448508
"Hawaii County, Hawaii",15001,72,Accommodation & Food Services,2.0,2,-0.3,0.03673544313040103
"Honolulu County, Hawaii",15003,72,Accommodation & Food Services,1.57,1,-0.3000000000000001,0.026448965436692572
"Kauai County, Hawaii",15007,23,Construction,1.32,1,-0.3999999999999999,0.038193910354336155
"Maui County, Hawaii",15009,72,Accommodation & Food Services,2.98,3,-0.19999999999999987,
"Ada County, Idaho",16001,23,Construction,1.55,1,0.3,0.04023650260621195
"Adams County, Idaho",16003,11,"Agriculture, Forestry, Fishing & Hunting",6.51,4,0.4000000000000001,0.044891689592002466
"Bannock County, Idaho",16005,23,Construction,1.33,1,0.2666666666666666,0.03634663113159557
"Bear Lake County, Idaho",16007,56,Administrative & Support & Waste Management,2.46,2,0.09999999999999994,0.0632927240616931
"Benewah County, Idaho",16009,22,Utilities,1.91,1,0.2666666666666666,0.04277888693897561
"Bingham County, Idaho",16011,31-33,Manufacturing,1.83,1,0.16666666666666666,0.04012534925757096
"Blaine County, Idaho",16013,23,Construction,3.18,3,0.16666666666666666,0.022164613963883993
"Boise County, Idaho",16015,71,"Arts, Entertainment & Recreation",15.64,4,0.10000000000000009,0.04731718501168058
"Bonner County, Idaho",16017,21,"Mining, Quarrying, Oil & Gas",3.66,3,0.4666666666666668,0.027547475639776445
"Bonneville County, Idaho",16019,62,Health Care & Social Assistance,1.45,1,0.20000000000000004,-0.007793725821601412
"Boundary County, Idaho",16021,23,Construction,2.59,2,0.36666666666666686,0.060003611521155256
"Butte County, Idaho",16023,23,Construction,0.58,1,0.0,0.05620681511343156
"Camas County, Idaho",16025,42,Wholesale Trade,4.51,3,-0.03333333333333336,0.02866195278389552
"Canyon County, Idaho",16027,11,"Agriculture, Forestry, Fishing & Hunting",4.41,3,0.2666666666666668,0.04880231091823067
"Caribou County, Idaho",16029,21,"Mining, Quarrying, Oil & Gas",39.67,4,0.09999999999999994,0.04063648451530829
"Cassia County, Idaho",16031,11,"Agriculture, Forestry, Fishing & Hunting",20.75,4,0.16666666666666666,0.0830161529970066
"Clark County, Idaho",16033,42,Wholesale Trade,3.93,3,0.0,0.07565343938215037
"Clearwater County, Idaho",16035,31-33,Manufacturing,1.79,1,0.4000000000000001,-0.0003088206909862961
"Custer County, Idaho",16037,71,"Arts, Entertainment & Recreation",2.41,2,0.06666666666666672,0.03602816389203168
"Elmore County, Idaho",16039,22,Utilities,1.3,1,0.2666666666666666,0.04307507238899512
"Franklin County, Idaho",16041,11,"Agriculture, Forestry, Fishing & Hunting",7.55,4,0.2333333333333334,0.03845368447976538
"Fremont County, Idaho",16043,23,Construction,1.98,2,0.10000000000000009,0.02693625060994079
"Gem County, Idaho",16045,23,Construction,1.73,1,0.2666666666666668,0.032261182931380965
"Gooding County, Idaho",16047,22,Utilities,3.94,3,0.20000000000000004,0.02610209938721635
"Idaho County, Idaho",16049,11,"Agriculture, Forestry, Fishing & Hunting",7.13,4,0.4000000000000001,-0.00635405759032758
"Jefferson County, Idaho",16051,11,"Agriculture, Forestry, Fishing & Hunting",11.36,4,0.20000000000000004,0.04150528623042852
"Jerome County, Idaho",16053,31-33,Manufacturing,2.74,2,0.16666666666666666,0.043470427697441104
"Kootenai County, Idaho",16055,23,Construction,1.91,1,0.3666666666666667,0.03595537343496213
"Latah County, Idaho",16057,44-45,Retail Trade,1.39,1,0.23333333333333325,0.0233713401440273
"Lemhi County, Idaho",16059,21,"Mining, Quarrying, Oil & Gas",5.19,4,0.0,0.11320285803044423
"Lewis County, Idaho",16061,44-45,Retail Trade,1.44,1,-0.033333333333333215,-0.023365744985442905
"Lincoln County, Idaho",16063,11,"Agriculture, Forestry, Fishing & Hunting",32.59,4,0.13333333333333344,0.038282842888351605
"Madison County, Idaho",16065,61,Educational Services,6.13,4,0.4000000000000001,0.029995295664209488
"Minidoka County, Idaho",16067,42,Wholesale Trade,1.97,2,0.16666666666666666,0.04097359560991797
"Nez Perce County, Idaho",16069,31-33,Manufacturing,2.28,2,0.2666666666666668,-0.0007984327634145105
"Oneida County, Idaho",16071,44-45,Retail Trade,1.32,1,0.03333333333333336,0.009466882719577218
"Owyhee County, Idaho",16073,23,Construction,1.3,1,0.2333333333333334,0.06469103170165541
"Payette County, Idaho",16075,22,Utilities,4.25,3,0.3,0.033778012860613396
"Power County, Idaho",16077,11,"Agriculture, Forestry, Fishing & Hunting",18.24,4,0.09999999999999994,0.033704897207277984
"Shoshone County, Idaho",16079,71,"Arts, Entertainment & Recreation",4.48,3,0.2666666666666666,0.017286933802878865
"Teton County, Idaho",16081,71,"Arts, Entertainment & Recreation",3.81,3,0.1333333333333333,0.04489780703155787
"Twin Falls County, Idaho",16083,11,"Agriculture, Forestry, Fishing & Hunting",8.02,4,0.23333333333333325,0.03184606397971846
"Valley County, Idaho",16085,71,"Arts, Entertainment & Recreation",8.1,4,0.033333333333333215,0.03474969501069562
"Washington County, Idaho",16087,31-33,Manufacturing,2.52,2,0.23333333333333325,0.05998033811240732
"Adams County, Illinois",17001,21,"Mining, Quarrying, Oil & Gas",1.88,1,0.09999999999999994,0.0014935201214359558
"Alexander County, Illinois",17003,22,Utilities,14.07,4,0.0,0.1028435400446363
"Bond County, Illinois",17005,31-33,Manufacturing,2.16,2,0.0,0.03843062652539061
"Boone County, Illinois",17007,23,Construction,2.45,2,-0.2333333333333334,-0.01264271824787637
"Brown County, Illinois",17009,61,Educational Services,0.77,1,0.03333333333333336,-0.017190833986832747
"Bureau County, Illinois",17011,48-49,Transportation & Warehousing,4.55,3,0.20000000000000018,-0.026767891145329917
"Calhoun County, Illinois",17013,52,Finance & Insurance,2.21,2,0.0,0.0025162558388494754
"Carroll County, Illinois",17015,31-33,Manufacturing,2.44,2,0.19999999999999987,-0.010400737063831952
"Cass County, Illinois",17017,52,Finance & Insurance,1.18,1,0.09999999999999994,0.011318413562336272
"Champaign County, Illinois",17019,72,Accommodation & Food Services,1.15,1,0.033333333333333215,0.022232627218819186
"Christian County, Illinois",17021,42,Wholesale Trade,1.71,1,0.033333333333333215,-0.022852891527845424
"Clark County, Illinois",17023,21,"Mining, Quarrying, Oil & Gas",3.78,3,0.13333333333333344,0.020994874589549118
"Clay County, Illinois",17025,11,"Agriculture, Forestry, Fishing & Hunting",4.59,3,0.0,0.007059867722834905
"Clinton County, Illinois",17027,23,Construction,1.51,1,0.0,0.021352908968683026
"Coles County, Illinois",17029,62,Health Care & Social Assistance,1.9,1,-0.06666666666666672,0.010806063198226959
"Cook County, Illinois",17031,61,Educational Services,1.61,1,-0.06666666666666672,0.01823198469828501
"Crawford County, Illinois",17033,21,"Mining, Quarrying, Oil & Gas",3.77,3,-0.23333333333333325,0.06011792613816802
"Cumberland County, Illinois",17035,44-45,Retail Trade,1.77,1,0.0,0.12913102204028593
"DeKalb County, Illinois",17037,44-45,Retail Trade,1.35,1,0.033333333333333215,-0.005265760057460205
"De Witt County, Illinois",17039,11,"Agriculture, Forestry, Fishing & Hunting",2.83,2,0.03333333333333336,0.02758139819364309
"Douglas County, Illinois",17041,31-33,Manufacturing,4.84,3,0.06666666666666672,0.009182537353512736
"DuPage County, Illinois",17043,42,Wholesale Trade,1.91,1,0.06666666666666658,0.01306009764457747
"Edgar County, Illinois",17045,11,"Agriculture, Forestry, Fishing & Hunting",3.81,3,0.06666666666666658,-0.009020596760483548
"Edwards County, Illinois",17047,42,Wholesale Trade,2.35,2,0.09999999999999994,0.010754870611583119
"Effingham County, Illinois",17049,71,"Arts, Entertainment & Recreation",1.87,1,0.10000000000000009,0.022978566098623143
"Fayette County, Illinois",17051,21,"Mining, Quarrying, Oil & Gas",2.97,3,0.10000000000000024,0.00434665290466303
"Ford County, Illinois",17053,22,Utilities,3.92,3,0.06666666666666672,0.049859239264470695
"Franklin County, Illinois",17055,81,Other Services (except Public Administration),1.36,1,-0.033333333333333215,0.018124557225019274
"Fulton County, Illinois",17057,22,Utilities,3.11,3,-0.03333333333333351,0.010811367460585782
"Gallatin County, Illinois",17059,11,"Agriculture, Forestry, Fishing & Hunting",18.27,4,-0.19999999999999987,-0.04572046009751852
"Greene County, Illinois",17061,11,"Agriculture, Forestry, Fishing & Hunting",6.78,4,-0.10000000000000009,-0.012756989112686563
"Grundy County, Illinois",17063,21,"Mining, Quarrying, Oil & Gas",2.51,2,0.03333333333333351,0.03660556038740667
"Hamilton County, Illinois",17065,42,Wholesale Trade,1.69,1,0.09999999999999994,0.014448123523195303
"Hancock County, Illinois",17067,22,Utilities,1.93,1,-0.033333333333333215,0.01677740899611593
"Hardin County, Illinois",17069,62,Health Care & Social Assistance,2.15,2,0.13333333333333316,0.07100179742392919
"Henderson County, Illinois",17071,42,Wholesale Trade,2.6,2,-0.13333333333333344,-0.015929500392023732
"Henry County, Illinois",17073,23,Construction,1.7,1,0.2333333333333331,0.0037661681354743924
"Iroquois County, Illinois",17075,42,Wholesale Trade,2.73,2,0.0,0.009755270047337266
"Jackson County, Illinois",17077,61,Educational Services,1.55,1,0.033333333333333215,0.014944256203213893
"Jasper County, Illinois",17079,21,"Mining, Quarrying, Oil & Gas",4.5,3,0.0,0.0015695989974419053
"Jefferson County, Illinois",17081,31-33,Manufacturing,2.83,2,0.03333333333333351,-0.0025627026402293114
"Jersey County, Illinois",17083,22,Utilities,2.75,2,0.033333333333333215,-0.0174890079205896
"Jo Daviess County, Illinois",17085,72,Accommodation & Food Services,2.25,2,0.033333333333333215,0.003941501611446926
"Johnson County, Illinois",17087,52,Finance & Insurance,1.09,1,-0.13333333333333344,0.027766961971625568
"Kane County, Illinois",17089,31-33,Manufacturing,1.84,1,0.06666666666666672,0.010740854389480652
"Kankakee County, Illinois",17091,31-33,Manufacturing,2.11,2,-0.033333333333333215,0.007450261284549184
"Kendall County, Illinois",17093,44-45,Retail Trade,1.83,1,0.09999999999999994,0.031298599066897914
"Knox County, Illinois",17095,62,Health Care & Social Assistance,1.62,1,-0.10000000000000024,0.019452271985397476
"Lake County, Illinois",17097,31-33,Manufacturing,1.88,1,0.09999999999999994,0.0030153247832692552
"LaSalle County, Illinois",17099,22,Utilities,6.96,4,0.13333333333333344,0.001988360215496647
"Lawrence County, Illinois",17101,21,"Mining, Quarrying, Oil & Gas",5.26,4,-0.2333333333333334,0.017200933947682854
"Lee County, Illinois",17103,31-33,Manufacturing,3.1,3,0.0,0.024176051017197463
"Livingston County, Illinois",17105,22,Utilities,2.58,2,-0.033333333333333215,0.03290536063372524
"Logan County, Illinois",17107,11,"Agriculture, Forestry, Fishing & Hunting",2.95,3,0.16666666666666666,-0.006425645321143629
"McDonough County, Illinois",17109,11,"Agriculture, Forestry, Fishing & Hunting",2.87,2,0.13333333333333344,0.005922592408573148
"McHenry County, Illinois",17111,42,Wholesale Trade,1.61,1,0.06666666666666658,0.005819933718101871
"McLean County, Illinois",17113,52,Finance & Insurance,4.68,3,0.09999999999999994,0.02841387838650561
"Macon County, Illinois",17115,31-33,Manufacturing,2.96,3,0.0,0.0072008056954358714
"Macoupin County, Illinois",17117,22,Utilities,3.51,3,0.09999999999999994,-0.014902796830290431
"Madison County, Illinois",17119,48-49,Transportation & Warehousing,2.52,2,0.03333333333333336,0.028990669878482322
"Marion County, Illinois",17121,21,"Mining, Quarrying, Oil & Gas",2.64,2,-0.03333333333333351,0.02024770679953144
"Marshall County, Illinois",17123,31-33,Manufacturing,3.45,3,0.09999999999999994,0.05733650423681975
"Mason County, Illinois",17125,42,Wholesale Trade,1.65,1,0.06666666666666672,0.029176799964790782
"Massac County, Illinois",17127,22,Utilities,2.08,2,-0.10000000000000024,-0.23531238039670155
"Menard County, Illinois",17129,44-45,Retail Trade,1.29,1,0.06666666666666658,0.005766366267629139
"Mercer County, Illinois",17131,11,"Agriculture, Forestry, Fishing & Hunting",3.26,3,0.2333333333333331,0.0034266398092195134
"Monroe County, Illinois",17133,81,Other Services (except Public Administration),2.16,2,0.03333333333333336,0.020643505220796592
"Montgomery County, Illinois",17135,21,"Mining, Quarrying, Oil & Gas",6.76,4,0.06666666666666643,0.06309789667618301
"Morgan County, Illinois",17137,31-33,Manufacturing,2.03,2,-0.06666666666666672,-0.0018567819246201177
"Moultrie County, Illinois",17139,31-33,Manufacturing,4.26,3,0.09999999999999994,-0.0009401172413919798
"Ogle County, Illinois",17141,31-33,Manufacturing,2.2,2,-0.033333333333333215,0.021297818763333233
"Peoria County, Illinois",17143,55,Management of Companies & Enterprises,1.79,1,0.06666666666666672,0.01666740665968083
"Perry County, Illinois",17145,44-45,Retail Trade,1.2,1,0.0,0.01801584567688598
"Piatt County, Illinois",17147,11,"Agriculture, Forestry, Fishing & Hunting",5.54,4,0.06666666666666672,0.014327615778303271
"Pike County, Illinois",17149,42,Wholesale Trade,1.93,1,0.06666666666666672,0.00656214190058628
"Pope County, Illinois",17151,72,Accommodation & Food Services,1.38,1,-0.4333333333333333,0.0659563595482651
"Pulaski County, Illinois",17153,81,Other Services (except Public Administration),1.81,1,-0.3000000000000001,0.013181141993403447
"Putnam County, Illinois",17155,31-33,Manufacturing,2.95,3,0.06666666666666672,0.01426086297637502
"Randolph County, Illinois",17157,21,"Mining, Quarrying, Oil & Gas",5.14,4,-0.03333333333333336,0.010703193158513799
"Richland County, Illinois",17159,48-49,Transportation & Warehousing,4.89,4,0.0,0.027409217783832155
"Rock Island County, Illinois",17161,42,Wholesale Trade,2.34,2,0.2333333333333334,-0.0028771717400782643
"St. Clair County, Illinois",17163,22,Utilities,1.55,1,0.0,0.01269706176099994
"Saline County, Illinois",17165,48-49,Transportation & Warehousing,1.6,1,-0.03333333333333351,0.04969626058307649
"Sangamon County, Illinois",17167,81,Other Services (except Public Administration),1.12,1,0.03333333333333351,0.025598280768047387
"Schuyler County, Illinois",17169,71,"Arts, Entertainment & Recreation",1.27,1,0.16666666666666666,0.015657314408889348
"Scott County, Illinois",17171,42,Wholesale Trade,1.8,1,-0.033333333333333215,-0.009917901210268254
"Shelby County, Illinois",17173,31-33,Manufacturing,3.15,3,-0.03333333333333336,0.029626574331507154
"Stark County, Illinois",17175,11,"Agriculture, Forestry, Fishing & Hunting",12.49,4,0.09999999999999994,0.009146792090288116
"Stephenson County, Illinois",17177,11,"Agriculture, Forestry, Fishing & Hunting",5.12,4,-0.033333333333333215,0.011481182978249994
"Tazewell County, Illinois",17179,31-33,Manufacturing,1.65,1,0.13333333333333344,0.00562026389226892
"Union County, Illinois",17181,22,Utilities,2.72,2,-0.10000000000000024,0.0019218228168290418
"Vermilion County, Illinois",17183,42,Wholesale Trade,1.89,1,0.13333333333333316,0.00308998812043467
"Wabash County, Illinois",17185,21,"Mining, Quarrying, Oil & Gas",9.93,4,0.0,0.024338475016242308
"Warren County, Illinois",17187,31-33,Manufacturing,3.61,3,0.06666666666666672,0.010943662725717788
"Washington County, Illinois",17189,42,Wholesale Trade,3.13,3,0.03333333333333336,0.0018002673173020285
"Wayne County, Illinois",17191,21,"Mining, Quarrying, Oil & Gas",5.47,4,0.20000000000000004,0.03296123476162292
"White County, Illinois",17193,21,"Mining, Quarrying, Oil & Gas",19.21,4,0.13333333333333316,0.048053183435740575
"Whiteside County, Illinois",17195,31-33,Manufacturing,1.73,1,0.13333333333333316,0.008113160076985329
"Will County, Illinois",17197,48-49,Transportation & Warehousing,3.54,3,0.033333333333333215,0.016810100282246544
"Williamson County, Illinois",17199,22,Utilities,1.83,1,-0.09999999999999994,0.02801990872424758
"Winnebago County, Illinois",17201,31-33,Manufacturing,2.19,2,-0.19999999999999987,0.020282541286851107
"Woodford County, Illinois",17203,11,"Agriculture, Forestry, Fishing & Hunting",4.15,3,0.06666666666666672,0.015251521734845558
"Adams County, Indiana",18001,31-33,Manufacturing,3.84,3,0.3333333333333333,0.009813418456038538
"Allen County, Indiana",18003,31-33,Manufacturing,1.83,1,0.16666666666666666,0.01981432865065634
"Bartholomew County, Indiana",18005,31-33,Manufacturing,4.65,3,0.3,0.01992163764392679
"Benton County, Indiana",18007,11,"Agriculture, Forestry, Fishing & Hunting",13.62,4,0.2333333333333334,-0.017116570619755335
"Blackford County, Indiana",18009,31-33,Manufacturing,3.59,3,0.2666666666666666,-0.0278626336810227
"Boone County, Indiana",18011,48-49,Transportation & Warehousing,7.29,4,0.23333333333333325,0.04094199547620484
"Brown County, Indiana",18013,72,Accommodation & Food Services,2.26,2,-0.10000000000000009,0.0475055557344842
"Carroll County, Indiana",18015,23,Construction,1.14,1,0.20000000000000004,-0.00024734686137445154
"Cass County, Indiana",18017,31-33,Manufacturing,3.43,3,0.3333333333333333,0.0035510351996364165
"Clark County, Indiana",18019,48-49,Transportation & Warehousing,3.94,3,0.2666666666666666,0.03593844894833496
"Clay County, Indiana",18021,31-33,Manufacturing,4.38,3,0.10000000000000009,0.007939697825107913
"Clinton County, Indiana",18023,31-33,Manufacturing,4.68,3,0.13333333333333344,0.020800792080549073
"Crawford County, Indiana",18025,48-49,Transportation & Warehousing,2.04,2,0.16666666666666682,-0.014134611419216831
"Daviess County, Indiana",18027,23,Construction,2.59,2,0.1333333333333333,0.05990706112449972
"Dearborn County, Indiana",18029,71,"Arts, Entertainment & Recreation",3.9,3,0.2666666666666666,0.0010276784361253303
"Decatur County, Indiana",18031,31-33,Manufacturing,4.03,3,0.20000000000000004,-0.011113381242623772
"DeKalb County, Indiana",18033,31-33,Manufacturing,5.03,4,0.19999999999999987,0.0017101619487864645
"Delaware County, Indiana",18035,62,Health Care & Social Assistance,1.41,1,0.19999999999999987,0.00879325336350122
"Dubois County, Indiana",18037,31-33,Manufacturing,4.81,3,0.20000000000000004,0.022210441082463242
"Elkhart County, Indiana",18039,31-33,Manufacturing,6.02,4,0.3666666666666667,-0.031049375613671285
"Fayette County, Indiana",18041,31-33,Manufacturing,2.28,2,0.16666666666666666,-0.00723726411846354
"Floyd County, Indiana",18043,31-33,Manufacturing,2.08,2,0.3,0.030402725095030926
"Fountain County, Indiana",18045,31-33,Manufacturing,4.58,3,0.3000000000000001,-0.005935135619128022
"Franklin County, Indiana",18047,31-33,Manufacturing,2.34,2,0.19999999999999987,0.025072253275237297
"Fulton County, Indiana",18049,31-33,Manufacturing,3.1,3,0.23333333333333325,-0.007281768292594425
"Gibson County, Indiana",18051,31-33,Manufacturing,6.17,4,0.1333333333333333,0.021244505679468312
"Grant County, Indiana",18053,61,Educational Services,2.69,2,0.2333333333333334,0.005206508907087795
"Greene County, Indiana",18055,22,Utilities,4.05,3,0.06666666666666658,0.025079964689427463
"Hamilton County, Indiana",18057,52,Finance & Insurance,2.27,2,0.23333333333333325,0.03962689033640607
"Hancock County, Indiana",18059,48-49,Transportation & Warehousing,2.7,2,0.16666666666666666,0.01991567456376866
"Harrison County, Indiana",18061,22,Utilities,2.8,2,0.3,0.022261714862963182
"Hendricks County, Indiana",18063,48-49,Transportation & Warehousing,4.92,4,0.20000000000000004,0.014530916347232983
"Henry County, Indiana",18065,31-33,Manufacturing,2.97,3,0.10000000000000009,0.006551449939715714
"Howard County, Indiana",18067,31-33,Manufacturing,3.17,3,0.4666666666666668,0.01753330600088288
"Huntington County, Indiana",18069,31-33,Manufacturing,3.17,3,0.23333333333333325,0.013460570905840038
"Jackson County, Indiana",18071,11,"Agriculture, Forestry, Fishing & Hunting",4.19,3,0.13333333333333344,0.012000038786884768
"Jasper County, Indiana",18073,31-33,Manufacturing,1.6,1,0.20000000000000004,-0.0140058108711093
"Jay County, Indiana",18075,31-33,Manufacturing,4.73,3,0.2666666666666666,0.06564094026842836
"Jefferson County, Indiana",18077,22,Utilities,5.8,4,0.2666666666666668,0.011593388732807876
"Jennings County, Indiana",18079,31-33,Manufacturing,3.17,3,0.16666666666666666,0.012823233931161342
"Johnson County, Indiana",18081,48-49,Transportation & Warehousing,3.32,3,0.20000000000000004,-0.006760810989209195
"Knox County, Indiana",18083,21,"Mining, Quarrying, Oil & Gas",11.61,4,0.2666666666666666,0.0028860414864748385
"Kosciusko County, Indiana",18085,31-33,Manufacturing,4.2,3,0.3,0.0032140821716050293
"LaGrange County, Indiana",18087,31-33,Manufacturing,5.67,4,0.2666666666666666,0.024377382063189137
"Lake County, Indiana",18089,31-33,Manufacturing,1.44,1,0.16666666666666666,0.029079932303390153
"LaPorte County, Indiana",18091,31-33,Manufacturing,2.55,2,0.19999999999999987,0.017703120593387564
"Lawrence County, Indiana",18093,21,"Mining, Quarrying, Oil & Gas",3.16,3,0.10000000000000009,0.002170408582973236
"Madison County, Indiana",18095,31-33,Manufacturing,1.61,1,0.13333333333333344,0.015177918982636745
"Marion County, Indiana",18097,56,Administrative & Support & Waste Management,1.43,1,0.13333333333333344,0.02866575753548348
"Marshall County, Indiana",18099,31-33,Manufacturing,4.83,3,0.2666666666666666,0.019687177228618343
"Martin County, Indiana",18101,54,"Professional, Scientific & Technical Services",2.39,2,0.03333333333333336,0.03571236067479998
"Miami County, Indiana",18103,11,"Agriculture, Forestry, Fishing & Hunting",2.56,2,0.16666666666666682,0.0053911619202497395
"Monroe County, Indiana",18105,31-33,Manufacturing,1.51,1,0.23333333333333325,0.02218758671606877
"Montgomery County, Indiana",18107,31-33,Manufacturing,3.72,3,0.16666666666666666,0.006545470847997131
"Morgan County, Indiana",18109,22,Utilities,3.84,3,0.1333333333333333,0.08393520746641403
"Newton County, Indiana",18111,42,Wholesale Trade,0.98,1,0.09999999999999994,-0.014763211055612152
"Noble County, Indiana",18113,31-33,Manufacturing,5.18,4,0.16666666666666666,-0.0021082862370713773
"Ohio County, Indiana",18115,42,Wholesale Trade,1.73,1,0.3333333333333333,-0.10922595285119974
"Orange County, Indiana",18117,72,Accommodation & Food Services,3.19,3,0.2333333333333334,0.03997176730438759
"Owen County, Indiana",18119,22,Utilities,5.59,4,0.2333333333333334,0.012260285452171766
"Parke County, Indiana",18121,53,Real Estate & Rental & Leasing,3.05,3,0.20000000000000004,-0.008439675787780671
"Perry County, Indiana",18123,31-33,Manufacturing,3.87,3,0.03333333333333336,0.03293752922507078
"Pike County, Indiana",18125,21,"Mining, Quarrying, Oil & Gas",2.48,2,0.06666666666666672,-0.11193890521459135
"Porter County, Indiana",18127,31-33,Manufacturing,2.07,2,0.20000000000000004,0.02524455735413109
"Posey County, Indiana",18129,31-33,Manufacturing,3.7,3,0.2666666666666666,0.018295852560781437
"Pulaski County, Indiana",18131,31-33,Manufacturing,3.08,3,0.06666666666666658,0.016659948757930736
"Putnam County, Indiana",18133,48-49,Transportation & Warehousing,3.54,3,0.10000000000000009,-0.003230234975336902
"Randolph County, Indiana",18135,31-33,Manufacturing,2.4,2,0.3,0.024129744900348096
"Ripley County, Indiana",18137,48-49,Transportation & Warehousing,3.14,3,0.20000000000000004,-0.031727474263829956
"Rush County, Indiana",18139,31-33,Manufacturing,2.48,2,0.20000000000000004,-0.003447446354093863
"St. Joseph County, Indiana",18141,61,Educational Services,3.54,3,0.19999999999999987,0.01768669323455839
"Scott County, Indiana",18143,31-33,Manufacturing,4.25,3,0.23333333333333325,0.009358247424957743
"Shelby County, Indiana",18145,31-33,Manufacturing,3.26,3,0.19999999999999987,0.0303091621957813
"Spencer County, Indiana",18147,22,Utilities,8.44,4,0.16666666666666666,0.011592809019327825
"Starke County, Indiana",18149,31-33,Manufacturing,1.81,1,0.2333333333333334,-0.003879417753061658
"Steuben County, Indiana",18151,31-33,Manufacturing,3.91,3,0.3333333333333333,-0.0038600652251479825
"Sullivan County, Indiana",18153,22,Utilities,9.61,4,0.03333333333333336,-0.033118935815653394
"Switzerland County, Indiana",18155,44-45,Retail Trade,0.85,1,0.3333333333333333,-0.0033675027742070163
"Tippecanoe County, Indiana",18157,31-33,Manufacturing,2.43,2,0.2333333333333334,0.03517793273546884
"Tipton County, Indiana",18159,11,"Agriculture, Forestry, Fishing & Hunting",12.46,4,0.13333333333333344,-0.04056101272438312
"Union County, Indiana",18161,31-33,Manufacturing,3.41,3,0.13333333333333344,0.015674965430776608
"Vanderburgh County, Indiana",18163,55,Management of Companies & Enterprises,1.9,1,0.1333333333333333,0.018823237341488667
"Vermillion County, Indiana",18165,22,Utilities,7.26,4,0.2333333333333334,-0.0086809378876259
"Vigo County, Indiana",18167,31-33,Manufacturing,1.47,1,0.16666666666666666,0.023336200890351686
"Wabash County, Indiana",18169,31-33,Manufacturing,2.64,2,0.2333333333333334,0.011241723925424578
"Warren County, Indiana",18171,31-33,Manufacturing,2.82,2,0.2333333333333334,-0.03324907593621039
"Warrick County, Indiana",18173,22,Utilities,4.56,3,0.20000000000000004,0.012522359773409139
"Washington County, Indiana",18175,31-33,Manufacturing,2.57,2,0.3,0.042852044980347566
"Wayne County, Indiana",18177,31-33,Manufacturing,2.41,2,0.23333333333333325,0.016471057563049157
"Wells County, Indiana",18179,31-33,Manufacturing,3.48,3,0.20000000000000004,0.00011034545632432337
"White County, Indiana",18181,22,Utilities,5.43,4,0.20000000000000004,0.006896656011687907
"Whitley County, Indiana",18183,31-33,Manufacturing,5.31,4,0.2333333333333334,0.022291814613576436
"Adair County, Iowa",19001,23,Construction,3.19,3,0.06666666666666672,-0.00017829573589538903
"Adams County, Iowa",19003,31-33,Manufacturing,1.94,1,0.10000000000000009,-0.04556528742575254
"Allamakee County, Iowa",19005,31-33,Manufacturing,2.76,2,0.13333333333333344,0.00525514683464798
"Appanoose County, Iowa",19007,22,Utilities,5.73,4,0.16666666666666666,-0.055179847783933644
"Audubon County, Iowa",19009,11,"Agriculture, Forestry, Fishing & Hunting",22.33,4,0.1333333333333333,0.030530295037151736
"Benton County, Iowa",19011,31-33,Manufacturing,1.64,1,0.1333333333333333,-0.02568950892822146
"Black Hawk County, Iowa",19013,31-33,Manufacturing,2.34,2,0.36666666666666653,-0.02594869170646302
"Boone County, Iowa",19015,22,Utilities,3.49,3,0.2333333333333334,-0.02618278200115003
"Bremer County, Iowa",19017,52,Finance & Insurance,2.34,2,0.2666666666666666,0.005341857568319317
"Buchanan County, Iowa",19019,31-33,Manufacturing,2.85,2,0.16666666666666666,0.00646106994770205
"Buena Vista County, Iowa",19021,11,"Agriculture, Forestry, Fishing & Hunting",6.52,4,0.1333333333333333,0.04587070477782904
"Butler County, Iowa",19023,31-33,Manufacturing,3.24,3,0.2666666666666666,-0.014442702388081492
"Calhoun County, Iowa",19025,11,"Agriculture, Forestry, Fishing & Hunting",4.05,3,0.2333333333333334,-0.017259468219194527
"Carroll County, Iowa",19027,42,Wholesale Trade,2.41,2,0.1333333333333333,0.00928759085608854
"Cass County, Iowa",19029,81,Other Services (except Public Administration),1.75,1,0.13333333333333344,0.0150271663025822
"Cedar County, Iowa",19031,42,Wholesale Trade,2.04,2,0.1333333333333333,-0.0421797738480785
"Cerro Gordo County, Iowa",19033,44-45,Retail Trade,1.46,1,0.16666666666666666,0.030555936140992834
"Cherokee County, Iowa",19035,48-49,Transportation & Warehousing,2.12,2,0.10000000000000009,0.04340140427703929
"Chickasaw County, Iowa",19037,31-33,Manufacturing,3.58,3,0.16666666666666666,0.04691067083113821
"Clarke County, Iowa",19039,31-33,Manufacturing,4.14,3,0.03333333333333336,0.04656891128672649
"Clay County, Iowa",19041,22,Utilities,2.83,2,0.13333333333333344,0.037670513098660305
"Clayton County, Iowa",19043,31-33,Manufacturing,1.9,1,0.033333333333333215,0.0024734332816359356
"Clinton County, Iowa",19045,31-33,Manufacturing,3.06,3,0.3,-0.015378854837040991
"Crawford County, Iowa",19047,31-33,Manufacturing,3.53,3,0.23333333333333325,0.015741105773237677
"Dallas County, Iowa",19049,52,Finance & Insurance,7.21,4,0.3666666666666667,0.057626929923966196
"Davis County, Iowa",19051,42,Wholesale Trade,1.74,1,0.2666666666666666,0.026086399109955093
"Decatur County, Iowa",19053,48-49,Transportation & Warehousing,1.86,1,0.1333333333333333,-0.026563708463453375
"Delaware County, Iowa",19055,31-33,Manufacturing,3.27,3,0.16666666666666666,0.01750367732351369
"Des Moines County, Iowa",19057,31-33,Manufacturing,2.52,2,0.0,-0.007948644422406557
"Dickinson County, Iowa",19059,31-33,Manufacturing,1.94,1,0.09999999999999994,0.03209324374633753
"Dubuque County, Iowa",19061,31-33,Manufacturing,2.18,2,0.1333333333333333,0.005690070681561058
"Emmet County, Iowa",19063,11,"Agriculture, Forestry, Fishing & Hunting",5.13,4,0.16666666666666666,0.0009373670683590218
"Fayette County, Iowa",19065,31-33,Manufacturing,1.64,1,0.16666666666666666,0.020791300368245214
"Floyd County, Iowa",19067,31-33,Manufacturing,3.02,3,0.23333333333333325,0.01712492944421486
"Franklin County, Iowa",19069,11,"Agriculture, Forestry, Fishing & Hunting",5.43,4,0.16666666666666666,-0.02816459191505657
"Fremont County, Iowa",19071,11,"Agriculture, Forestry, Fishing & Hunting",6.19,4,0.2333333333333334,-0.07341649849761366
"Greene County, Iowa",19073,11,"Agriculture, Forestry, Fishing & Hunting",3.85,3,0.3333333333333333,-0.01890307164119816
"Grundy County, Iowa",19075,11,"Agriculture, Forestry, Fishing & Hunting",11.6,4,0.2333333333333334,-0.03737133955230801
"Guthrie County, Iowa",19077,11,"Agriculture, Forestry, Fishing & Hunting",9.16,4,0.2333333333333334,0.03505749758396244
"Hamilton County, Iowa",19079,42,Wholesale Trade,2.83,2,0.06666666666666658,0.02570510531952874
"Hancock County, Iowa",19081,31-33,Manufacturing,5.54,4,0.2666666666666668,0.03159728674810213
"Hardin County, Iowa",19083,42,Wholesale Trade,1.77,1,0.10000000000000009,-0.013792397948646682
"Harrison County, Iowa",19085,11,"Agriculture, Forestry, Fishing & Hunting",2.91,3,0.033333333333333215,-0.006453377838482521
"Henry County, Iowa",19087,48-49,Transportation & Warehousing,2.86,2,0.16666666666666666,-0.04449597852849361
"Howard County, Iowa",19089,11,"Agriculture, Forestry, Fishing & Hunting",10.55,4,-0.033333333333333215,0.030126980231287508
"Humboldt County, Iowa",19091,22,Utilities,6.74,4,0.16666666666666666,-0.016150244777147403
"Ida County, Iowa",19093,11,"Agriculture, Forestry, Fishing & Hunting",5.03,4,0.1333333333333333,-0.03351906043227605
"Iowa County, Iowa",19095,31-33,Manufacturing,3.94,3,0.3,-0.055010562004401076
"Jackson County, Iowa",19097,31-33,Manufacturing,1.74,1,0.19999999999999987,0.009195533723553495
"Jasper County, Iowa",19099,31-33,Manufacturing,1.93,1,0.16666666666666666,-0.03945456148692255
"Jefferson County, Iowa",19101,52,Finance & Insurance,3.46,3,0.2666666666666668,-0.012647379799880912
"Johnson County, Iowa",19103,72,Accommodation & Food Services,1.11,1,0.10000000000000009,0.006982952402267845
"Jones County, Iowa",19105,22,Utilities,3.81,3,0.3000000000000001,-0.02023745420375239
"Keokuk County, Iowa",19107,42,Wholesale Trade,3.15,3,0.09999999999999994,-0.021364723065374194
"Kossuth County, Iowa",19109,11,"Agriculture, Forestry, Fishing & Hunting",6.43,4,0.1333333333333333,0.011070942159835341
"Lee County, Iowa",19111,31-33,Manufacturing,3.3,3,-0.2333333333333334,-0.02976083626699839
"Linn County, Iowa",19113,31-33,Manufacturing,1.8,1,0.23333333333333325,-0.002912605431379739
"Louisa County, Iowa",19115,31-33,Manufacturing,5.25,4,0.16666666666666666,-0.031360610666915444
"Lucas County, Iowa",19117,11,"Agriculture, Forestry, Fishing & Hunting",3.68,3,0.4666666666666666,-0.07743371710938872
"Lyon County, Iowa",19119,31-33,Manufacturing,1.72,1,0.1333333333333333,0.06708972553725442
"Madison County, Iowa",19121,21,"Mining, Quarrying, Oil & Gas",5.59,4,0.06666666666666658,0.03128497170886804
"Mahaska County, Iowa",19123,31-33,Manufacturing,3.07,3,0.09999999999999994,-0.007686102195293592
"Marion County, Iowa",19125,31-33,Manufacturing,5.44,4,0.19999999999999987,-0.001634255011461436
"Marshall County, Iowa",19127,31-33,Manufacturing,3.29,3,0.5,-0.014796742171903283
"Mills County, Iowa",19129,23,Construction,1.56,1,0.4000000000000001,-0.06554289029583553
"Mitchell County, Iowa",19131,31-33,Manufacturing,3.1,3,0.19999999999999987,0.03434290912685607
"Monona County, Iowa",19133,42,Wholesale Trade,1.85,1,0.0,-0.006127906976744186
"Monroe County, Iowa",19135,31-33,Manufacturing,4.46,3,0.3333333333333333,0.009209519137082556
"Montgomery County, Iowa",19137,51,Information,1.98,2,0.16666666666666666,-0.03422909401432136
"Muscatine County, Iowa",19139,31-33,Manufacturing,4.05,3,0.23333333333333325,-0.0013528048265469392
"O'Brien County, Iowa",19141,11,"Agriculture, Forestry, Fishing & Hunting",5.35,4,0.10000000000000009,0.02625264737043258
"Osceola County, Iowa",19143,11,"Agriculture, Forestry, Fishing & Hunting",41.41,4,0.1333333333333333,0.07175276342356525
"Page County, Iowa",19145,31-33,Manufacturing,2.64,2,0.23333333333333325,-0.029863624587681447
"Palo Alto County, Iowa",19147,11,"Agriculture, Forestry, Fishing & Hunting",11.59,4,0.06666666666666672,0.036912793370357945
"Plymouth County, Iowa",19149,31-33,Manufacturing,3.17,3,0.10000000000000009,0.016430045317194743
"Pocahontas County, Iowa",19151,48-49,Transportation & Warehousing,3.36,3,0.3,-0.03556135371653015
"Polk County, Iowa",19153,52,Finance & Insurance,2.43,2,0.3000000000000001,0.0006504569400455084
"Pottawattamie County, Iowa",19155,31-33,Manufacturing,1.68,1,0.2666666666666666,0.035467853800881834
"Poweshiek County, Iowa",19157,52,Finance & Insurance,2.11,2,0.1333333333333333,0.015724445625858372
"Ringgold County, Iowa",19159,23,Construction,1.4,1,0.1333333333333333,-0.015389163877046913
"Sac County, Iowa",19161,31-33,Manufacturing,2.44,2,0.20000000000000004,0.024604333339939707
"Scott County, Iowa",19163,55,Management of Companies & Enterprises,2.22,2,0.3333333333333333,0.02372837891503045
"Shelby County, Iowa",19165,11,"Agriculture, Forestry, Fishing & Hunting",3.76,3,0.06666666666666658,0.006308745927950122
"Sioux County, Iowa",19167,11,"Agriculture, Forestry, Fishing & Hunting",10.04,4,0.09999999999999994,0.06402013407014089
"Story County, Iowa",19169,31-33,Manufacturing,1.28,1,0.20000000000000004,0.013437809190062246
"Tama County, Iowa",19171,31-33,Manufacturing,2.38,2,0.36666666666666653,-0.03597770513787612
"Taylor County, Iowa",19173,11,"Agriculture, Forestry, Fishing & Hunting",6.94,4,0.1333333333333333,-0.024862148924534748
"Union County, Iowa",19175,22,Utilities,3.78,3,0.20000000000000004,0.00843166202494815
"Van Buren County, Iowa",19177,31-33,Manufacturing,3.17,3,0.06666666666666672,-0.049899619569887435
"Wapello County, Iowa",19179,31-33,Manufacturing,3.01,3,0.3,-0.02220891717323922
"Warren County, Iowa",19181,23,Construction,1.67,1,0.20000000000000004,0.008061233482024834
"Washington County, Iowa",19183,23,Construction,1.87,1,0.0,0.03603939113522454
"Wayne County, Iowa",19185,31-33,Manufacturing,3.72,3,0.2333333333333334,-0.05896259092483547
"Webster County, Iowa",19187,31-33,Manufacturing,1.89,1,0.10000000000000009,-0.007151825339732931
"Winnebago County, Iowa",19189,11,"Agriculture, Forestry, Fishing & Hunting",11.04,4,0.3666666666666667,0.02428544963411917
"Winneshiek County, Iowa",19191,61,Educational Services,2.64,2,0.06666666666666672,-0.0010823807700588734
"Woodbury County, Iowa",19193,31-33,Manufacturing,1.89,1,0.20000000000000004,0.005575711477241398
"Worth County, Iowa",19195,31-33,Manufacturing,3.33,3,0.1333333333333333,-0.006906119845933948
"Wright County, Iowa",19197,31-33,Manufacturing,3.29,3,0.0,0.08199720027465192
"Allen County, Kansas",20001,31-33,Manufacturing,3.22,3,0.2999999999999998,-0.017617509408604605
"Anderson County, Kansas",20003,21,"Mining, Quarrying, Oil & Gas",4.7,3,0.2666666666666668,-0.010593438239226576
"Atchison County, Kansas",20005,31-33,Manufacturing,1.86,1,0.2999999999999998,-0.019280945931075055
"Barber County, Kansas",20007,21,"Mining, Quarrying, Oil & Gas",14.86,4,0.3000000000000001,0.0030658023188215033
"Barton County, Kansas",20009,21,"Mining, Quarrying, Oil & Gas",7.39,4,0.3000000000000001,0.02229723177822822
"Bourbon County, Kansas",20011,31-33,Manufacturing,2.04,2,0.5333333333333335,-0.004297162233681321
"Brown County, Kansas",20013,31-33,Manufacturing,2.54,2,0.5000000000000001,-0.06525548417646178
"Butler County, Kansas",20015,21,"Mining, Quarrying, Oil & Gas",1.38,1,0.3,0.04562288600544298
"Chase County, Kansas",20017,44-45,Retail Trade,0.5,1,0.4333333333333333,-0.061955632548963
"Chautauqua County, Kansas",20019,21,"Mining, Quarrying, Oil & Gas",19.0,4,0.4000000000000001,-0.01689880335173612
"Cherokee County, Kansas",20021,31-33,Manufacturing,3.61,3,0.3666666666666667,0.001850634066759378
"Cheyenne County, Kansas",20023,42,Wholesale Trade,2.86,2,0.2666666666666666,-0.04161035505128286
"Clark County, Kansas",20025,44-45,Retail Trade,0.78,1,0.2333333333333334,0.034036634060042405
"Clay County, Kansas",20027,11,"Agriculture, Forestry, Fishing & Hunting",4.79,3,0.3,-0.0433085561054529
"Cloud County, Kansas",20029,42,Wholesale Trade,2.64,2,0.3,-0.009170107744191752
"Coffey County, Kansas",20031,21,"Mining, Quarrying, Oil & Gas",3.59,3,0.3000000000000001,-0.009284659014116672
"Comanche County, Kansas",20033,11,"Agriculture, Forestry, Fishing & Hunting",6.2,4,0.2666666666666668,0.020870347997062517
"Cowley County, Kansas",20035,31-33,Manufacturing,3.58,3,0.3333333333333333,-0.007919531270481155
"Crawford County, Kansas",20037,31-33,Manufacturing,2.1,2,0.5666666666666665,-0.00999656345824194
"Decatur County, Kansas",20039,42,Wholesale Trade,2.45,2,0.2666666666666668,0.05642663108230472
"Dickinson County, Kansas",20041,31-33,Manufacturing,2.83,2,0.3000000000000001,-0.030044102013535842
"Doniphan County, Kansas",20043,31-33,Manufacturing,2.51,2,0.3666666666666667,-0.04121041624347324
"Douglas County, Kansas",20045,81,Other Services (except Public Administration),1.7,1,0.3,0.02290089435840118
"Edwards County, Kansas",20047,42,Wholesale Trade,1.62,1,0.3,0.029534042029067894
"Elk County, Kansas",20049,21,"Mining, Quarrying, Oil & Gas",15.56,4,0.36666666666666686,0.02203267589662777
"Ellis County, Kansas",20051,21,"Mining, Quarrying, Oil & Gas",7.07,4,0.2666666666666666,-0.0015118192649142242
"Ellsworth County, Kansas",20053,31-33,Manufacturing,1.6,1,0.3000000000000001,-0.04316627002549935
"Finney County, Kansas",20055,11,"Agriculture, Forestry, Fishing & Hunting",4.23,3,0.20000000000000004,0.01791563601631069
"Ford County, Kansas",20057,31-33,Manufacturing,4.72,3,0.2333333333333334,0.02028163917934367
"Franklin County, Kansas",20059,48-49,Transportation & Warehousing,4.78,3,0.3666666666666667,-0.017258391293381345
"Geary County, Kansas",20061,48-49,Transportation & Warehousing,2.09,2,0.3666666666666667,-0.009184449392019182
"Gove County, Kansas",20063,11,"Agriculture, Forestry, Fishing & Hunting",16.34,4,0.3333333333333333,0.03565136408293576
"Graham County, Kansas",20065,21,"Mining, Quarrying, Oil & Gas",15.04,4,0.6333333333333333,-0.004517843058572832
"Grant County, Kansas",20067,11,"Agriculture, Forestry, Fishing & Hunting",15.51,4,0.2333333333333334,0.059139753002308636
"Gray County, Kansas",20069,11,"Agriculture, Forestry, Fishing & Hunting",28.7,4,0.16666666666666666,0.08501823578912733
"Greeley County, Kansas",20071,11,"Agriculture, Forestry, Fishing & Hunting",23.57,4,0.4666666666666666,0.09501524262030245
"Greenwood County, Kansas",20073,21,"Mining, Quarrying, Oil & Gas",12.76,4,0.5,0.040887681051454274
"Hamilton County, Kansas",20075,52,Finance & Insurance,2.14,2,0.23333333333333325,0.15197249782744024
"Harper County, Kansas",20077,21,"Mining, Quarrying, Oil & Gas",6.33,4,0.3333333333333333,0.044826906962811455
"Harvey County, Kansas",20079,31-33,Manufacturing,2.32,2,0.4333333333333333,-0.01249157713769519
"Haskell County, Kansas",20081,11,"Agriculture, Forestry, Fishing & Hunting",42.79,4,0.20000000000000004,0.09228638437262102
"Hodgeman County, Kansas",20083,48-49,Transportation & Warehousing,2.36,2,0.3666666666666667,0.09777952759293562
"Jackson County, Kansas",20085,44-45,Retail Trade,0.94,1,0.19999999999999987,-0.06788153996072438
"Jefferson County, Kansas",20087,23,Construction,4.5,3,0.20000000000000004,-0.0674327742444739
"Jewell County, Kansas",20089,42,Wholesale Trade,2.5,2,0.6,-0.04314014407334643
"Johnson County, Kansas",20091,55,Management of Companies & Enterprises,1.68,1,0.3666666666666667,0.022446640757050704
"Kearny County, Kansas",20093,52,Finance & Insurance,0.99,1,0.3333333333333333,-0.035479139476539544
"Kingman County, Kansas",20095,23,Construction,3.73,3,0.2333333333333334,-0.07952639329674051
"Kiowa County, Kansas",20097,42,Wholesale Trade,1.18,1,0.3333333333333333,-0.0936543663251002
"Labette County, Kansas",20099,31-33,Manufacturing,2.75,2,0.23333333333333325,0.006809002680887924
"Lane County, Kansas",20101,42,Wholesale Trade,2.98,3,0.3333333333333332,0.06557746724763769
"Leavenworth County, Kansas",20103,23,Construction,1.3,1,0.3333333333333332,0.014500908069061952
"Lincoln County, Kansas",20105,42,Wholesale Trade,2.67,2,0.3999999999999999,-0.03344232967840154
"Linn County, Kansas",20107,21,"Mining, Quarrying, Oil & Gas",5.45,4,0.4333333333333334,-0.04219704143448544
"Logan County, Kansas",20109,42,Wholesale Trade,1.28,1,0.23333333333333325,0.023282574736766794
"Lyon County, Kansas",20111,31-33,Manufacturing,2.99,3,0.7999999999999999,0.02078128080468109
"McPherson County, Kansas",20113,31-33,Manufacturing,4.24,3,0.3,0.034960849065001666
"Marion County, Kansas",20115,11,"Agriculture, Forestry, Fishing & Hunting",5.05,4,0.3666666666666667,0.012618922431325086
"Marshall County, Kansas",20117,31-33,Manufacturing,2.98,3,0.36666666666666653,2.1976250998088065e-05
"Meade County, Kansas",20119,48-49,Transportation & Warehousing,2.27,2,0.3333333333333333,-0.01990690983184434
"Miami County, Kansas",20121,53,Real Estate & Rental & Leasing,2.15,2,0.3333333333333333,0.029842226804604344
"Mitchell County, Kansas",20123,11,"Agriculture, Forestry, Fishing & Hunting",8.78,4,0.5333333333333333,-0.02445511794214964
"Montgomery County, Kansas",20125,31-33,Manufacturing,2.38,2,0.3000000000000001,0.06010982768196039
"Morris County, Kansas",20127,51,Information,1.94,1,0.20000000000000004,-0.010602792062523606
"Morton County, Kansas",20129,21,"Mining, Quarrying, Oil & Gas",11.04,4,0.2666666666666666,0.04638198680751872
"Nemaha County, Kansas",20131,31-33,Manufacturing,3.06,3,0.20000000000000004,-0.031723593985320264
"Neosho County, Kansas",20133,31-33,Manufacturing,2.9,3,0.2666666666666666,0.010414014487761287
"Ness County, Kansas",20135,21,"Mining, Quarrying, Oil & Gas",38.72,4,0.3,-0.00622598001537279
"Norton County, Kansas",20137,31-33,Manufacturing,1.32,1,0.2666666666666666,0.021667427817526768
"Osage County, Kansas",20139,81,Other Services (except Public Administration),1.29,1,0.2333333333333334,-0.025211564632468268
"Osborne County, Kansas",20141,21,"Mining, Quarrying, Oil & Gas",2.44,2,0.4000000000000001,-0.06782258448925114
"Ottawa County, Kansas",20143,11,"Agriculture, Forestry, Fishing & Hunting",4.03,3,0.16666666666666666,-0.07499984530373065
"Pawnee County, Kansas",20145,23,Construction,0.97,1,0.2333333333333334,-0.01119307873390011
"Phillips County, Kansas",20147,21,"Mining, Quarrying, Oil & Gas",10.19,4,0.2666666666666668,0.054835496431836835
"Pottawatomie County, Kansas",20149,31-33,Manufacturing,2.16,2,0.3,-0.03870325023523676
"Pratt County, Kansas",20151,21,"Mining, Quarrying, Oil & Gas",12.73,4,0.3,0.0015694393811204123
"Rawlins County, Kansas",20153,11,"Agriculture, Forestry, Fishing & Hunting",7.54,4,0.19999999999999987,-0.09044957938562062
"Reno County, Kansas",20155,55,Management of Companies & Enterprises,1.79,1,0.3,0.005687695662606121
"Republic County, Kansas",20157,42,Wholesale Trade,2.02,2,0.2666666666666668,0.08527376680459454
"Rice County, Kansas",20159,11,"Agriculture, Forestry, Fishing & Hunting",11.83,4,0.3333333333333333,0.05294008502592898
"Riley County, Kansas",20161,81,Other Services (except Public Administration),1.75,1,0.2666666666666666,0.020122165656106004
"Rooks County, Kansas",20163,21,"Mining, Quarrying, Oil & Gas",15.28,4,0.16666666666666666,-0.02191326016589303
"Rush County, Kansas",20165,31-33,Manufacturing,2.29,2,0.4000000000000001,-0.014664823038264153
"Russell County, Kansas",20167,21,"Mining, Quarrying, Oil & Gas",18.57,4,0.4333333333333333,-0.003106350200490969
"Saline County, Kansas",20169,31-33,Manufacturing,1.91,1,0.23333333333333325,0.00898028595304666
"Scott County, Kansas",20171,11,"Agriculture, Forestry, Fishing & Hunting",30.94,4,0.2333333333333334,0.08327853157626894
"Sedgwick County, Kansas",20173,31-33,Manufacturing,2.22,2,0.2999999999999998,0.033902088126119556
"Seward County, Kansas",20175,21,"Mining, Quarrying, Oil & Gas",5.66,4,0.2666666666666668,0.010006733737948937
"Shawnee County, Kansas",20177,52,Finance & Insurance,1.36,1,0.2666666666666666,0.02103030835727855
"Sheridan County, Kansas",20179,48-49,Transportation & Warehousing,1.55,1,0.20000000000000004,0.050940728787360695
"Sherman County, Kansas",20181,42,Wholesale Trade,2.89,3,0.3666666666666667,-0.01896704691586114
"Smith County, Kansas",20183,42,Wholesale Trade,4.51,3,0.2666666666666668,-0.07360727838088713
"Stafford County, Kansas",20185,11,"Agriculture, Forestry, Fishing & Hunting",11.46,4,0.2666666666666668,0.0719307717687993
"Stanton County, Kansas",20187,52,Finance & Insurance,1.31,1,0.5333333333333333,-0.0683685837397714
"Stevens County, Kansas",20189,21,"Mining, Quarrying, Oil & Gas",40.4,4,0.2666666666666666,0.024624473282656476
"Sumner County, Kansas",20191,11,"Agriculture, Forestry, Fishing & Hunting",2.16,2,0.2666666666666666,-0.01619343356492341
"Thomas County, Kansas",20193,22,Utilities,3.16,3,0.2333333333333334,0.029656288556473696
"Trego County, Kansas",20195,21,"Mining, Quarrying, Oil & Gas",4.41,3,0.4333333333333334,-0.05103706469940272
"Wabaunsee County, Kansas",20197,21,"Mining, Quarrying, Oil & Gas",15.46,4,0.2666666666666668,-0.038679376653627535
"Wallace County, Kansas",20199,11,"Agriculture, Forestry, Fishing & Hunting",17.47,4,0.23333333333333325,0.023545941153076323
"Washington County, Kansas",20201,11,"Agriculture, Forestry, Fishing & Hunting",9.97,4,0.3333333333333333,-0.02699987657734929
"Wichita County, Kansas",20203,11,"Agriculture, Forestry, Fishing & Hunting",25.0,4,0.16666666666666666,0.07927837283486197
"Wilson County, Kansas",20205,31-33,Manufacturing,2.93,3,0.5333333333333332,-0.023330715817546793
"Woodson County, Kansas",20207,21,"Mining, Quarrying, Oil & Gas",20.74,4,0.3333333333333333,-0.008040965459163576
"Wyandotte County, Kansas",20209,48-49,Transportation & Warehousing,3.05,3,0.4333333333333333,0.027262948187794074
"Adair County, Kentucky",21001,44-45,Retail Trade,1.48,1,0.13333333333333344,0.038141004228760024
"Allen County, Kentucky",21003,31-33,Manufacturing,3.11,3,0.20000000000000018,0.006901355645664465
"Anderson County, Kentucky",21005,31-33,Manufacturing,2.84,2,0.2333333333333334,0.03714300944449322
"Ballard County, Kentucky",21007,11,"Agriculture, Forestry, Fishing & Hunting",3.72,3,0.0,0.03789026977872082
"Barren County, Kentucky",21009,44-45,Retail Trade,1.6,1,0.20000000000000018,0.011502625227566003
"Bath County, Kentucky",21011,23,Construction,2.31,2,0.4000000000000001,0.014724374787166006
"Bell County, Kentucky",21013,22,Utilities,3.77,3,0.2666666666666666,0.017770423272705994
"Boone County, Kentucky",21015,48-49,Transportation & Warehousing,5.36,4,0.20000000000000004,0.001511161748966067
"Bourbon County, Kentucky",21017,42,Wholesale Trade,2.22,2,0.16666666666666666,0.04513664844601267
"Boyd County, Kentucky",21019,22,Utilities,1.97,2,0.19999999999999987,0.0022745050626208963
"Boyle County, Kentucky",21021,22,Utilities,1.95,1,0.36666666666666686,0.03177822060719728
"Bracken County, Kentucky",21023,23,Construction,1.29,1,0.36666666666666653,-0.0077124191035413256
"Breathitt County, Kentucky",21025,44-45,Retail Trade,1.75,1,0.09999999999999994,0.04527374612787581
"Breckinridge County, Kentucky",21027,23,Construction,1.57,1,0.19999999999999987,-0.005486978674909144
"Bullitt County, Kentucky",21029,48-49,Transportation & Warehousing,6.89,4,0.09999999999999994,0.010160180798479424
"Butler County, Kentucky",21031,31-33,Manufacturing,4.0,3,0.2999999999999998,0.018938269772963347
"Caldwell County, Kentucky",21033,31-33,Manufacturing,3.09,3,0.2666666666666668,0.003893550454570466
"Calloway County, Kentucky",21035,48-49,Transportation & Warehousing,1.93,1,0.3000000000000001,0.010603339156489812
"Campbell County, Kentucky",21037,72,Accommodation & Food Services,1.5,1,0.1333333333333333,0.03494131342359666
"Carlisle County, Kentucky",21039,23,Construction,1.25,1,0.09999999999999994,0.03597601262917925
"Carroll County, Kentucky",21041,31-33,Manufacturing,5.32,4,0.19999999999999987,-0.01712887469635314
"Carter County, Kentucky",21043,81,Other Services (except Public Administration),1.68,1,0.09999999999999994,0.015140930706697508
"Casey County, Kentucky",21045,31-33,Manufacturing,3.35,3,0.2999999999999998,0.010620633653940387
"Christian County, Kentucky",21047,31-33,Manufacturing,2.46,2,0.09999999999999994,0.003212767622826972
"Clark County, Kentucky",21049,22,Utilities,2.59,2,0.19999999999999987,0.016259907715054082
"Clay County, Kentucky",21051,62,Health Care & Social Assistance,1.81,1,0.4000000000000001,-0.005550361790100936
"Clinton County, Kentucky",21053,31-33,Manufacturing,5.45,4,0.2666666666666669,0.0237439246286782
"Crittenden County, Kentucky",21055,31-33,Manufacturing,2.52,2,0.10000000000000024,0.0053287490025331645
"Cumberland County, Kentucky",21057,62,Health Care & Social Assistance,3.38,3,0.09999999999999994,0.06591686649075458
"Daviess County, Kentucky",21059,31-33,Manufacturing,1.94,1,0.10000000000000009,0.01193781950403662
"Edmonson County, Kentucky",21061,23,Construction,1.41,1,0.2666666666666666,0.004800908193903643
"Elliott County, Kentucky",21063,62,Health Care & Social Assistance,0.69,1,-0.13333333333333344,0.03900655008996084
"Estill County, Kentucky",21065,44-45,Retail Trade,1.18,1,0.20000000000000018,0.01621459534067407
"Fayette County, Kentucky",21067,11,"Agriculture, Forestry, Fishing & Hunting",1.18,1,0.19999999999999987,0.03151151689061601
"Fleming County, Kentucky",21069,22,Utilities,5.78,4,0.3000000000000001,0.0010582783647519235
"Floyd County, Kentucky",21071,51,Information,1.99,2,0.16666666666666666,0.015207633018758899
"Franklin County, Kentucky",21073,56,Administrative & Support & Waste Management,2.0,2,0.16666666666666652,0.04220376583976311
"Fulton County, Kentucky",21075,31-33,Manufacturing,3.34,3,0.2333333333333334,0.004309679230715238
"Gallatin County, Kentucky",21077,56,Administrative & Support & Waste Management,0.52,1,0.3,0.04373648725123531
"Garrard County, Kentucky",21079,23,Construction,3.19,3,0.13333333333333344,0.0692295676016764
"Grant County, Kentucky",21081,72,Accommodation & Food Services,2.11,2,0.20000000000000018,0.025546563822033602
"Graves County, Kentucky",21083,31-33,Manufacturing,2.4,2,-0.13333333333333344,0.026130337080857543
"Grayson County, Kentucky",21085,31-33,Manufacturing,2.09,2,0.36666666666666686,0.0035191809906058224
"Green County, Kentucky",21087,44-45,Retail Trade,1.19,1,0.16666666666666666,0.0012108254135276624
"Greenup County, Kentucky",21089,44-45,Retail Trade,1.53,1,0.06666666666666672,0.01847500898786361
"Hancock County, Kentucky",21091,31-33,Manufacturing,8.2,4,0.16666666666666666,0.03074416027853565
"Hardin County, Kentucky",21093,31-33,Manufacturing,2.28,2,0.20000000000000018,0.01910877965589448
"Harlan County, Kentucky",21095,44-45,Retail Trade,1.36,1,0.4000000000000001,0.0447896699573293
"Harrison County, Kentucky",21097,31-33,Manufacturing,2.74,2,0.2333333333333334,0.009960591097416928
"Hart County, Kentucky",21099,31-33,Manufacturing,6.1,4,0.16666666666666666,0.02428551707285338
"Henderson County, Kentucky",21101,31-33,Manufacturing,3.23,3,0.13333333333333344,0.042169673575760985
"Henry County, Kentucky",21103,31-33,Manufacturing,1.86,1,0.10000000000000024,0.049946403272056294
"Hickman County, Kentucky",21105,11,"Agriculture, Forestry, Fishing & Hunting",15.91,4,0.13333333333333344,0.06689273232029436
"Hopkins County, Kentucky",21107,48-49,Transportation & Warehousing,2.02,2,0.13333333333333316,0.03480538149534171
"Jackson County, Kentucky",21109,51,Information,1.97,2,0.3333333333333333,0.0014849831083171428
"Jefferson County, Kentucky",21111,48-49,Transportation & Warehousing,2.01,2,0.16666666666666666,0.017772925475105703
"Jessamine County, Kentucky",21113,61,Educational Services,1.88,1,0.20000000000000004,0.03400878494342147
"Johnson County, Kentucky",21115,44-45,Retail Trade,2.45,2,0.3000000000000001,0.03556374384754285
"Kenton County, Kentucky",21117,55,Management of Companies & Enterprises,2.55,2,0.20000000000000004,0.00727122485564215
"Knott County, Kentucky",21119,51,Information,3.51,3,0.16666666666666666,0.021539516511594047
"Knox County, Kentucky",21121,22,Utilities,2.12,2,0.3333333333333333,0.019616740549408356
"Larue County, Kentucky",21123,31-33,Manufacturing,1.7,1,0.13333333333333344,-0.017406300136406365
"Laurel County, Kentucky",21125,48-49,Transportation & Warehousing,2.17,2,0.36666666666666653,0.015556322177833551
"Lawrence County, Kentucky",21127,44-45,Retail Trade,1.78,1,0.3333333333333333,0.05329611039683751
"Lee County, Kentucky",21129,56,Administrative & Support & Waste Management,2.43,2,0.06666666666666672,0.012615150381823148
"Leslie County, Kentucky",21131,62,Health Care & Social Assistance,2.14,2,0.2333333333333334,0.020196151757174277
"Letcher County, Kentucky",21133,44-45,Retail Trade,1.65,1,0.2666666666666666,0.04151146810153507
"Lewis County, Kentucky",21135,62,Health Care & Social Assistance,1.62,1,0.16666666666666638,-0.02287935035214706
"Lincoln County, Kentucky",21137,44-45,Retail Trade,1.41,1,0.2666666666666669,0.034959543246501086
"Livingston County, Kentucky",21139,21,"Mining, Quarrying, Oil & Gas",36.03,4,0.20000000000000018,0.05677226376614548
"Logan County, Kentucky",21141,31-33,Manufacturing,4.14,3,0.3333333333333333,0.0007796383798632584
"Lyon County, Kentucky",21143,72,Accommodation & Food Services,1.5,1,0.16666666666666666,0.04790988375894036
"McCracken County, Kentucky",21145,48-49,Transportation & Warehousing,2.08,2,0.09999999999999994,0.03915028833882559
"McCreary County, Kentucky",21147,31-33,Manufacturing,1.38,1,0.3333333333333333,0.004650303156599487
"McLean County, Kentucky",21149,22,Utilities,1.49,1,0.06666666666666672,0.04115571980514027
"Madison County, Kentucky",21151,31-33,Manufacturing,1.57,1,0.2333333333333334,0.04649718653832095
"Magoffin County, Kentucky",21153,62,Health Care & Social Assistance,1.56,1,0.033333333333333805,0.03205832316844982
"Marion County, Kentucky",21155,31-33,Manufacturing,4.96,4,0.2666666666666666,0.01692715488516571
"Marshall County, Kentucky",21157,31-33,Manufacturing,2.54,2,0.13333333333333316,0.007829687265985081
"Martin County, Kentucky",21159,44-45,Retail Trade,1.34,1,0.8999999999999998,0.05195542977068791
"Mason County, Kentucky",21161,44-45,Retail Trade,1.64,1,0.4333333333333333,0.011128021299142142
"Meade County, Kentucky",21163,23,Construction,2.87,2,0.2666666666666668,0.07201921315408417
"Menifee County, Kentucky",21165,31-33,Manufacturing,1.42,1,0.4000000000000001,-0.008822847411495931
"Mercer County, Kentucky",21167,31-33,Manufacturing,3.55,3,0.2999999999999998,0.030609730293001243
"Metcalfe County, Kentucky",21169,31-33,Manufacturing,2.79,2,0.09999999999999994,0.016308805163209858
"Monroe County, Kentucky",21171,11,"Agriculture, Forestry, Fishing & Hunting",2.78,2,0.3333333333333332,0.033838972024056856
"Montgomery County, Kentucky",21173,31-33,Manufacturing,3.24,3,0.2333333333333331,0.018598678484302404
"Morgan County, Kentucky",21175,23,Construction,2.21,2,0.06666666666666672,0.04579187199362864
"Muhlenberg County, Kentucky",21177,11,"Agriculture, Forestry, Fishing & Hunting",2.74,2,0.2666666666666666,0.039280280634708106
"Nelson County, Kentucky",21179,31-33,Manufacturing,3.57,3,0.10000000000000024,0.024719065440303282
"Nicholas County, Kentucky",21181,31-33,Manufacturing,1.91,1,0.0,0.006929428447868371
"Ohio County, Kentucky",21183,31-33,Manufacturing,3.85,3,0.2999999999999998,0.01995353531022644
"Oldham County, Kentucky",21185,52,Finance & Insurance,2.53,2,0.16666666666666666,0.06052250233124228
"Owen County, Kentucky",21187,42,Wholesale Trade,3.51,3,0.20000000000000018,0.03982694304121279
"Owsley County, Kentucky",21189,81,Other Services (except Public Administration),0.47,1,-0.033333333333333215,0.008874242480344602
"Pendleton County, Kentucky",21191,31-33,Manufacturing,1.08,1,0.3333333333333333,0.010079802583135983
"Perry County, Kentucky",21193,62,Health Care & Social Assistance,2.14,2,0.2666666666666669,0.027866802131219552
"Pike County, Kentucky",21195,22,Utilities,2.34,2,0.3333333333333333,0.024210568600731106
"Powell County, Kentucky",21197,21,"Mining, Quarrying, Oil & Gas",2.66,2,0.19999999999999987,0.028698410666495984
"Pulaski County, Kentucky",21199,22,Utilities,1.8,1,0.13333333333333316,0.021033178846015667
"Robertson County, Kentucky",21201,99,Unclassified,1.71,1,0.19999999999999987,0.03316211304740596
"Rockcastle County, Kentucky",21203,44-45,Retail Trade,0.7,1,0.06666666666666643,0.02755809160099345
"Rowan County, Kentucky",21205,31-33,Manufacturing,1.49,1,0.36666666666666653,0.03776382253759308
"Russell County, Kentucky",21207,31-33,Manufacturing,4.06,3,0.3000000000000001,0.08262332824820176
"Scott County, Kentucky",21209,31-33,Manufacturing,5.16,4,0.19999999999999987,0.0383672465156868
"Shelby County, Kentucky",21211,22,Utilities,2.7,2,0.09999999999999994,0.03070398678968805
"Simpson County, Kentucky",21213,31-33,Manufacturing,3.47,3,0.2666666666666666,0.00517400226634591
"Spencer County, Kentucky",21215,23,Construction,2.1,2,-0.03333333333333351,0.032832818240130617
"Taylor County, Kentucky",21217,44-45,Retail Trade,1.3,1,0.2666666666666666,0.01911039182855191
"Todd County, Kentucky",21219,42,Wholesale Trade,2.74,2,0.23333333333333325,0.037233330844006325
"Trigg County, Kentucky",21221,44-45,Retail Trade,1.59,1,0.033333333333333215,0.06688625248044548
"Trimble County, Kentucky",21223,23,Construction,1.75,1,-0.03333333333333351,0.019483161773155934
"Union County, Kentucky",21225,31-33,Manufacturing,2.21,2,0.13333333333333344,0.020052221648897094
"Warren County, Kentucky",21227,31-33,Manufacturing,1.97,2,0.2333333333333334,0.04445165291034445
"Washington County, Kentucky",21229,31-33,Manufacturing,4.16,3,0.09999999999999994,0.03895647196284109
"Wayne County, Kentucky",21231,31-33,Manufacturing,2.08,2,0.3000000000000001,-0.01800063903822357
"Webster County, Kentucky",21233,23,Construction,3.49,3,0.13333333333333344,-0.03209722040879674
"Whitley County, Kentucky",21235,56,Administrative & Support & Waste Management,1.3,1,0.16666666666666666,0.038652530228453476
"Wolfe County, Kentucky",21237,53,Real Estate & Rental & Leasing,3.48,3,0.2666666666666666,0.026481987103413363
"Woodford County, Kentucky",21239,61,Educational Services,2.38,2,0.1333333333333333,0.021520064565888772
"Acadia Parish, Louisiana",22001,21,"Mining, Quarrying, Oil & Gas",2.32,2,0.16666666666666652,0.023126021818303456
"Allen Parish, Louisiana",22003,21,"Mining, Quarrying, Oil & Gas",2.91,3,0.2333333333333334,0.047812869729941004
"Ascension Parish, Louisiana",22005,23,Construction,3.57,3,0.20000000000000004,0.033245414365237785
"Assumption Parish, Louisiana",22007,31-33,Manufacturing,3.06,3,0.16666666666666666,0.03798656603057059
"Avoyelles Parish, Louisiana",22009,44-45,Retail Trade,1.46,1,0.16666666666666666,0.0033537208621327898
"Beauregard Parish, Louisiana",22011,11,"Agriculture, Forestry, Fishing & Hunting",5.09,4,0.3333333333333333,0.03751158085679499
"Bienville Parish, Louisiana",22013,21,"Mining, Quarrying, Oil & Gas",22.08,4,0.19999999999999987,0.03694701140627478
"Bossier Parish, Louisiana",22015,21,"Mining, Quarrying, Oil & Gas",6.6,4,0.23333333333333325,0.03212876550353234
"Caddo Parish, Louisiana",22017,62,Health Care & Social Assistance,1.52,1,0.13333333333333344,0.022527348388906288
"Calcasieu Parish, Louisiana",22019,23,Construction,1.77,1,0.2333333333333334,-0.007304953709283068
"Caldwell Parish, Louisiana",22021,22,Utilities,3.36,3,0.3333333333333333,0.0018263828829779005
"Cameron Parish, Louisiana",22023,23,Construction,7.7,4,0.20000000000000004,-0.12802012293383486
"Catahoula Parish, Louisiana",22025,21,"Mining, Quarrying, Oil & Gas",4.29,3,0.36666666666666686,0.0034097805011618788
"Claiborne Parish, Louisiana",22027,21,"Mining, Quarrying, Oil & Gas",25.33,4,0.5,0.04915245267563569
"Concordia Parish, Louisiana",22029,21,"Mining, Quarrying, Oil & Gas",4.1,3,0.4333333333333333,-0.010332638339684138
"De Soto Parish, Louisiana",22031,21,"Mining, Quarrying, Oil & Gas",37.22,4,0.3000000000000001,0.027748063458238686
"East Baton Rouge Parish, Louisiana",22033,23,Construction,1.88,1,0.16666666666666666,0.03277817947950776
"East Carroll Parish, Louisiana",22035,11,"Agriculture, Forestry, Fishing & Hunting",14.15,4,0.8999999999999998,-0.11304246674366239
"East Feliciana Parish, Louisiana",22037,23,Construction,1.71,1,0.23333333333333325,0.033890915983509455
"Evangeline Parish, Louisiana",22039,22,Utilities,3.33,3,0.19999999999999987,0.04705755242325224
"Franklin Parish, Louisiana",22041,22,Utilities,3.4,3,0.2666666666666666,-0.0035425767204527027
"Grant Parish, Louisiana",22043,23,Construction,1.15,1,0.2666666666666668,0.024447637782459272
"Iberia Parish, Louisiana",22045,21,"Mining, Quarrying, Oil & Gas",19.95,4,0.16666666666666666,0.020062184160984396
"Iberville Parish, Louisiana",22047,31-33,Manufacturing,4.05,3,0.09999999999999994,0.04469197218465811
"Jackson Parish, Louisiana",22049,62,Health Care & Social Assistance,1.49,1,0.2333333333333334,0.03834850299316284
"Jefferson Parish, Louisiana",22051,44-45,Retail Trade,1.33,1,0.1333333333333333,0.007877312120973382
"Jefferson Davis Parish, Louisiana",22053,21,"Mining, Quarrying, Oil & Gas",4.3,3,0.3999999999999999,0.0024006029079278717
"Lafayette Parish, Louisiana",22055,21,"Mining, Quarrying, Oil & Gas",12.01,4,0.2333333333333334,0.02519345259526939
"Lafourche Parish, Louisiana",22057,21,"Mining, Quarrying, Oil & Gas",10.67,4,0.16666666666666666,0.0659228482908308
"LaSalle Parish, Louisiana",22059,21,"Mining, Quarrying, Oil & Gas",13.32,4,0.3,0.048258071570682584
"Lincoln Parish, Louisiana",22061,21,"Mining, Quarrying, Oil & Gas",2.34,2,0.3333333333333333,0.014736998109697216
"Livingston Parish, Louisiana",22063,53,Real Estate & Rental & Leasing,1.79,1,0.2666666666666666,-0.006226645560723944
"Madison Parish, Louisiana",22065,44-45,Retail Trade,1.04,1,0.5333333333333332,-0.0355818675057698
"Morehouse Parish, Louisiana",22067,22,Utilities,2.32,2,0.2666666666666666,-0.004089339550798569
"Natchitoches Parish, Louisiana",22069,31-33,Manufacturing,2.1,2,0.36666666666666653,-0.0197780977716169
"Orleans Parish, Louisiana",22071,61,Educational Services,4.28,3,0.13333333333333316,0.01473540415177532
"Ouachita Parish, Louisiana",22073,22,Utilities,1.96,2,0.2666666666666666,0.018342555857550142
"Plaquemines Parish, Louisiana",22075,21,"Mining, Quarrying, Oil & Gas",11.1,4,0.3,0.047035718560713605
"Pointe Coupee Parish, Louisiana",22077,22,Utilities,9.41,4,0.2333333333333334,0.011254118050234555
"Rapides Parish, Louisiana",22079,62,Health Care & Social Assistance,1.45,1,0.23333333333333325,-0.0018239396068923104
"Red River Parish, Louisiana",22081,11,"Agriculture, Forestry, Fishing & Hunting",5.63,4,0.4333333333333333,0.07061572025502683
"Richland Parish, Louisiana",22083,23,Construction,1.56,1,0.3333333333333333,0.01702487885237425
"Sabine Parish, Louisiana",22085,11,"Agriculture, Forestry, Fishing & Hunting",5.34,4,0.4333333333333333,0.04564849576054755
"St. Bernard Parish, Louisiana",22087,31-33,Manufacturing,2.03,2,0.2333333333333334,0.012143012455156817
"St. Charles Parish, Louisiana",22089,22,Utilities,8.22,4,0.16666666666666666,0.0045938828973318075
"St. Helena Parish, Louisiana",22091,44-45,Retail Trade,0.99,1,0.4000000000000001,0.0011024228510605242
"St. James Parish, Louisiana",22093,31-33,Manufacturing,3.72,3,0.19999999999999987,0.002853068694181287
"St. John the Baptist Parish, Louisiana",22095,31-33,Manufacturing,2.21,2,0.06666666666666672,-0.00044849668946054486
"St. Landry Parish, Louisiana",22097,21,"Mining, Quarrying, Oil & Gas",4.41,3,0.19999999999999987,-0.0011892023393046064
"St. Martin Parish, Louisiana",22099,21,"Mining, Quarrying, Oil & Gas",3.81,3,0.16666666666666666,0.04162956614469694
"St. Mary Parish, Louisiana",22101,21,"Mining, Quarrying, Oil & Gas",20.4,4,0.3000000000000001,0.01999938561516441
"St. Tammany Parish, Louisiana",22103,21,"Mining, Quarrying, Oil & Gas",2.24,2,0.3666666666666667,0.006269077576415152
"Tangipahoa Parish, Louisiana",22105,72,Accommodation & Food Services,1.42,1,0.3000000000000001,0.024290265912361168
"Tensas Parish, Louisiana",22107,44-45,Retail Trade,0.75,1,0.6,-0.016315114148099913
"Terrebonne Parish, Louisiana",22109,21,"Mining, Quarrying, Oil & Gas",21.47,4,0.033333333333333215,0.034090311768766146
"Union Parish, Louisiana",22111,61,Educational Services,2.21,2,0.3333333333333333,0.07311317948064092
"Vermilion Parish, Louisiana",22113,21,"Mining, Quarrying, Oil & Gas",13.34,4,0.2333333333333334,0.022039812676919866
"Vernon Parish, Louisiana",22115,22,Utilities,2.2,2,0.4333333333333333,0.0031267307962342876
"Washington Parish, Louisiana",22117,22,Utilities,2.51,2,0.2333333333333334,0.07027956893226521
"Webster Parish, Louisiana",22119,21,"Mining, Quarrying, Oil & Gas",5.78,4,0.2666666666666666,0.009333894912200689
"West Baton Rouge Parish, Louisiana",22121,48-49,Transportation & Warehousing,3.95,3,0.23333333333333325,0.02256315722829656
"West Carroll Parish, Louisiana",22123,22,Utilities,3.6,3,0.4666666666666668,-0.02938069134577064
"West Feliciana Parish, Louisiana",22125,23,Construction,1.41,1,0.20000000000000004,0.002736577389080659
"Winn Parish, Louisiana",22127,11,"Agriculture, Forestry, Fishing & Hunting",10.97,4,0.3,0.008319477800357165
"Androscoggin County, Maine",23001,11,"Agriculture, Forestry, Fishing & Hunting",1.68,1,0.20000000000000004,0.027695272468475127
"Aroostook County, Maine",23003,11,"Agriculture, Forestry, Fishing & Hunting",6.51,4,0.3,0.022439561715504795
"Cumberland County, Maine",23005,55,Management of Companies & Enterprises,2.54,2,0.13333333333333344,0.030767460985000727
"Franklin County, Maine",23007,71,"Arts, Entertainment & Recreation",3.75,3,0.20000000000000004,0.00800553780432995
"Hancock County, Maine",23009,23,Construction,1.72,1,0.1333333333333333,0.02688644325721299
"Kennebec County, Maine",23011,61,Educational Services,1.7,1,0.1333333333333333,0.02391021835415277
"Knox County, Maine",23013,11,"Agriculture, Forestry, Fishing & Hunting",2.19,2,0.1333333333333333,0.012519785074525749
"Lincoln County, Maine",23015,71,"Arts, Entertainment & Recreation",1.72,1,0.1333333333333333,0.02713831180984466
"Oxford County, Maine",23017,71,"Arts, Entertainment & Recreation",3.35,3,0.23333333333333325,0.02931018530969209
"Penobscot County, Maine",23019,55,Management of Companies & Enterprises,1.71,1,0.20000000000000004,0.02291077662639031
"Piscataquis County, Maine",23021,31-33,Manufacturing,2.13,2,0.4333333333333334,-0.017816761186356646
"Sagadahoc County, Maine",23023,23,Construction,1.3,1,0.13333333333333344,0.02269271060374534
"Somerset County, Maine",23025,22,Utilities,2.22,2,0.23333333333333325,0.021643807281284486
"Waldo County, Maine",23027,55,Management of Companies & Enterprises,4.94,4,0.16666666666666666,0.010811606953574497
"Washington County, Maine",23029,22,Utilities,1.73,1,0.2999999999999998,0.008256185466931559
"York County, Maine",23031,31-33,Manufacturing,1.41,1,0.1333333333333333,0.040024691252587626
"Allegany County, Maryland",24001,62,Health Care & Social Assistance,1.43,1,0.5333333333333332,-0.011975151742054699
"Anne Arundel County, Maryland",24003,54,"Professional, Scientific & Technical Services",1.47,1,0.23333333333333325,0.023301677011959995
"Baltimore County, Maryland",24005,62,Health Care & Social Assistance,1.32,1,0.3,0.020766499536759183
"Calvert County, Maryland",24009,22,Utilities,13.32,4,0.2333333333333334,0.04313385252937893
"Caroline County, Maryland",24011,11,"Agriculture, Forestry, Fishing & Hunting",4.28,3,0.2666666666666666,0.004336915673786754
"Carroll County, Maryland",24013,23,Construction,2.07,2,0.20000000000000004,0.025775124991084662
"Cecil County, Maryland",24015,71,"Arts, Entertainment & Recreation",3.0,3,0.3000000000000001,0.028491274539907234
"Charles County, Maryland",24017,44-45,Retail Trade,1.72,1,0.4000000000000001,0.038170895092818756
"Dorchester County, Maryland",24019,31-33,Manufacturing,3.21,3,0.3000000000000001,0.0028872100394527226
"Frederick County, Maryland",24021,23,Construction,1.74,1,0.3333333333333333,0.03375971862768612
"Garrett County, Maryland",24023,21,"Mining, Quarrying, Oil & Gas",4.72,3,0.2666666666666666,0.008838908289702869
"Harford County, Maryland",24025,48-49,Transportation & Warehousing,1.96,2,0.2666666666666668,0.011783707025517868
"Howard County, Maryland",24027,54,"Professional, Scientific & Technical Services",2.82,2,0.3,0.01544234792131233
"Kent County, Maryland",24029,71,"Arts, Entertainment & Recreation",2.56,2,0.23333333333333325,0.006364622047205363
"Montgomery County, Maryland",24031,54,"Professional, Scientific & Technical Services",1.95,1,0.3666666666666667,0.00905610411494622
"Prince George's County, Maryland",24033,23,Construction,1.74,1,0.36666666666666686,0.028832020468701026
"Queen Anne's County, Maryland",24035,81,Other Services (except Public Administration),1.71,1,0.16666666666666666,0.014657837749877955
"St. Mary's County, Maryland",24037,54,"Professional, Scientific & Technical Services",3.28,3,0.20000000000000004,0.018718698121617076
"Somerset County, Maryland",24039,42,Wholesale Trade,1.34,1,0.2666666666666666,0.038043341524165754
"Talbot County, Maryland",24041,71,"Arts, Entertainment & Recreation",1.92,1,0.20000000000000004,0.024067397128496038
"Washington County, Maryland",24043,48-49,Transportation & Warehousing,2.9,3,0.36666666666666653,0.020362522610936403
"Wicomico County, Maryland",24045,62,Health Care & Social Assistance,1.62,1,0.3,0.019345885732811173
"Worcester County, Maryland",24047,72,Accommodation & Food Services,3.03,3,0.19999999999999987,0.024578301291189767
"Baltimore City, Maryland",24510,61,Educational Services,4.03,3,0.4666666666666668,0.0231765662296474
"Barnstable County, Massachusetts",25001,71,"Arts, Entertainment & Recreation",1.7,1,0.16666666666666666,0.02416044480495618
"Berkshire County, Massachusetts",25003,61,Educational Services,2.44,2,0.06666666666666672,0.011893126695721843
"Bristol County, Massachusetts",25005,44-45,Retail Trade,1.39,1,0.19999999999999987,0.0011284184103652279
"Dukes County, Massachusetts",25007,44-45,Retail Trade,1.46,1,0.13333333333333316,0.032976940386288366
"Essex County, Massachusetts",25009,31-33,Manufacturing,1.49,1,0.2999999999999998,0.00584080785937137
"Franklin County, Massachusetts",25011,61,Educational Services,2.91,3,0.16666666666666652,-0.003032555692092878
"Hampden County, Massachusetts",25013,62,Health Care & Social Assistance,1.77,1,0.2333333333333334,0.004579076005124332
"Hampshire County, Massachusetts",25015,61,Educational Services,5.6,4,0.2333333333333334,0.017516127512364813
"Middlesex County, Massachusetts",25017,61,Educational Services,3.01,3,0.36666666666666653,0.02239062375533258
"Nantucket County, Massachusetts",25019,53,Real Estate & Rental & Leasing,2.03,2,0.4000000000000001,0.04364012374873154
"Norfolk County, Massachusetts",25021,71,"Arts, Entertainment & Recreation",1.7,1,0.2999999999999998,0.018737690181349465
"Plymouth County, Massachusetts",25023,81,Other Services (except Public Administration),1.56,1,0.23333333333333325,0.017945688575288027
"Suffolk County, Massachusetts",25025,61,Educational Services,2.91,3,0.2666666666666668,0.016344134507424876
"Worcester County, Massachusetts",25027,22,Utilities,2.27,2,0.2666666666666666,0.014775400545447823
"Alcona County, Michigan",26001,44-45,Retail Trade,1.98,2,0.6,-0.041088435374149655
"Alger County, Michigan",26003,72,Accommodation & Food Services,1.9,1,0.4000000000000001,0.009707998529488997
"Allegan County, Michigan",26005,11,"Agriculture, Forestry, Fishing & Hunting",5.41,4,0.2333333333333334,0.017229983408788924
"Alpena County, Michigan",26007,99,Unclassified,2.68,2,0.2333333333333334,0.008486348260702464
"Antrim County, Michigan",26009,23,Construction,2.1,2,0.2333333333333334,0.014906868648910054
"Arenac County, Michigan",26011,31-33,Manufacturing,2.23,2,0.4000000000000001,0.015241508977558852
"Baraga County, Michigan",26013,31-33,Manufacturing,2.18,2,0.16666666666666666,-0.0031107243341658474
"Barry County, Michigan",26015,11,"Agriculture, Forestry, Fishing & Hunting",5.27,4,0.3000000000000001,0.04774018755246397
"Bay County, Michigan",26017,31-33,Manufacturing,1.6,1,0.3333333333333333,-0.012469295854588324
"Benzie County, Michigan",26019,72,Accommodation & Food Services,2.74,2,0.09999999999999994,0.025251380021400077
"Berrien County, Michigan",26021,31-33,Manufacturing,2.23,2,0.2999999999999998,-0.005903349602514076
"Branch County, Michigan",26023,31-33,Manufacturing,3.07,3,0.20000000000000004,0.014079028133450012
"Calhoun County, Michigan",26025,31-33,Manufacturing,2.28,2,0.3333333333333333,0.029286625855321807
"Cass County, Michigan",26027,31-33,Manufacturing,2.68,2,0.3333333333333333,0.07961368203697437
"Charlevoix County, Michigan",26029,22,Utilities,4.51,3,0.2666666666666666,0.02348554198797019
"Cheboygan County, Michigan",26031,23,Construction,2.29,2,0.5333333333333332,0.022625658981691523
"Chippewa County, Michigan",26033,23,Construction,1.22,1,0.39999999999999974,0.02640315180224653
"Clare County, Michigan",26035,81,Other Services (except Public Administration),1.85,1,0.2333333333333334,0.027526523001486423
"Clinton County, Michigan",26037,99,Unclassified,2.47,2,0.13333333333333344,0.017145296812970195
"Crawford County, Michigan",26039,31-33,Manufacturing,1.91,1,0.3333333333333333,-0.029680087966877454
"Delta County, Michigan",26041,81,Other Services (except Public Administration),1.94,1,0.2666666666666666,0.005712252041756646
"Dickinson County, Michigan",26043,99,Unclassified,3.18,3,0.2666666666666666,-0.02115013378013202
"Eaton County, Michigan",26045,52,Finance & Insurance,2.7,2,0.09999999999999994,0.03166111420523153
"Emmet County, Michigan",26047,71,"Arts, Entertainment & Recreation",2.47,2,0.36666666666666686,0.022833748020207288
"Genesee County, Michigan",26049,56,Administrative & Support & Waste Management,1.41,1,0.36666666666666686,0.018732686803244726
"Gladwin County, Michigan",26051,99,Unclassified,3.5,3,0.3000000000000001,0.03965977103056287
"Gogebic County, Michigan",26053,71,"Arts, Entertainment & Recreation",2.64,2,0.36666666666666686,0.011767016204873965
"Grand Traverse County, Michigan",26055,99,Unclassified,2.1,2,0.13333333333333316,0.03079984983794708
"Gratiot County, Michigan",26057,42,Wholesale Trade,1.83,1,0.2999999999999998,0.013910655208283907
"Hillsdale County, Michigan",26059,31-33,Manufacturing,3.59,3,0.3333333333333333,0.01000271923886082
"Houghton County, Michigan",26061,23,Construction,1.36,1,0.3000000000000001,0.024219577597572026
"Huron County, Michigan",26063,99,Unclassified,1.83,1,0.3333333333333333,0.050914737602661055
"Ingham County, Michigan",26065,81,Other Services (except Public Administration),1.27,1,0.2333333333333334,0.01935128036237331
"Ionia County, Michigan",26067,11,"Agriculture, Forestry, Fishing & Hunting",7.36,4,0.3333333333333333,0.051024615457341174
"Iosco County, Michigan",26069,48-49,Transportation & Warehousing,4.33,3,0.4666666666666665,0.03100524485859886
"Iron County, Michigan",26071,99,Unclassified,4.44,3,0.4666666666666665,0.003413398524671783
"Isabella County, Michigan",26073,21,"Mining, Quarrying, Oil & Gas",3.11,3,0.3333333333333333,0.00436057508511588
"Jackson County, Michigan",26075,31-33,Manufacturing,2.03,2,0.3000000000000001,0.017275563998300936
"Kalamazoo County, Michigan",26077,31-33,Manufacturing,2.13,2,0.2999999999999998,0.014115852387705323
"Kalkaska County, Michigan",26079,21,"Mining, Quarrying, Oil & Gas",16.99,4,0.16666666666666666,0.0278856667642031
"Kent County, Michigan",26081,56,Administrative & Support & Waste Management,2.09,2,0.3000000000000001,0.01768479861700527
"Keweenaw County, Michigan",26083,31-33,Manufacturing,1.72,1,0.16666666666666666,0.021107059145132116
"Lake County, Michigan",26085,99,Unclassified,1.99,2,0.6,-0.009064563806938188
"Lapeer County, Michigan",26087,31-33,Manufacturing,2.51,2,0.3333333333333333,0.033966619571012914
"Leelanau County, Michigan",26089,99,Unclassified,2.57,2,0.16666666666666666,0.02516942023608369
"Lenawee County, Michigan",26091,61,Educational Services,2.9,3,0.2666666666666666,0.014956346101794577
"Livingston County, Michigan",26093,99,Unclassified,3.03,3,0.20000000000000004,0.015224140253719693
"Luce County, Michigan",26095,11,"Agriculture, Forestry, Fishing & Hunting",3.51,3,0.2333333333333334,0.00878580652126074
"Mackinac County, Michigan",26097,72,Accommodation & Food Services,2.0,2,0.6333333333333334,0.030662492976964443
"Macomb County, Michigan",26099,31-33,Manufacturing,2.34,2,0.36666666666666686,0.0234903851509473
"Manistee County, Michigan",26101,31-33,Manufacturing,2.29,2,0.2999999999999998,0.018431969578109005
"Marquette County, Michigan",26103,21,"Mining, Quarrying, Oil & Gas",13.38,4,0.2999999999999998,-0.015948650578999208
"Mason County, Michigan",26105,22,Utilities,3.38,3,0.3333333333333333,0.00958874974695643
"Mecosta County, Michigan",26107,99,Unclassified,2.21,2,0.5333333333333332,-0.007224303573623546
"Menominee County, Michigan",26109,31-33,Manufacturing,3.82,3,0.20000000000000018,0.023462748823214124
"Midland County, Michigan",26111,55,Management of Companies & Enterprises,6.26,4,0.2333333333333334,0.029250323146038797
"Missaukee County, Michigan",26113,11,"Agriculture, Forestry, Fishing & Hunting",30.31,4,0.3000000000000001,0.058901739164203354
"Monroe County, Michigan",26115,99,Unclassified,1.91,1,0.2666666666666666,0.025509789200770808
"Montcalm County, Michigan",26117,11,"Agriculture, Forestry, Fishing & Hunting",3.59,3,0.2999999999999998,0.0014056854466810544
"Montmorency County, Michigan",26119,31-33,Manufacturing,2.68,2,0.4666666666666665,-0.01080564228839303
"Muskegon County, Michigan",26121,31-33,Manufacturing,2.77,2,0.3333333333333333,0.031457515904018386
"Newaygo County, Michigan",26123,11,"Agriculture, Forestry, Fishing & Hunting",5.58,4,0.2666666666666666,0.035373809939250996
"Oakland County, Michigan",26125,54,"Professional, Scientific & Technical Services",1.78,1,0.3,0.01876700276820631
"Oceana County, Michigan",26127,99,Unclassified,3.39,3,0.20000000000000018,0.013721130788104174
"Ogemaw County, Michigan",26129,99,Unclassified,2.26,2,0.6000000000000002,0.028424456103813778
"Ontonagon County, Michigan",26131,44-45,Retail Trade,2.85,2,0.2666666666666666,-0.005499551031102225
"Osceola County, Michigan",26133,31-33,Manufacturing,3.56,3,0.6666666666666666,0.03612495113825542
"Oscoda County, Michigan",26135,99,Unclassified,2.65,2,0.8333333333333334,0.018770523801869245
"Otsego County, Michigan",26137,22,Utilities,2.58,2,0.2666666666666669,0.009315666059292748
"Ottawa County, Michigan",26139,31-33,Manufacturing,3.63,3,0.3000000000000001,0.007932991420225383
"Presque Isle County, Michigan",26141,99,Unclassified,3.09,3,0.6333333333333332,-0.013546492508466557
"Roscommon County, Michigan",26143,72,Accommodation & Food Services,2.74,2,0.36666666666666686,0.03393240030402636
"Saginaw County, Michigan",26145,31-33,Manufacturing,1.81,1,0.36666666666666653,0.0055455022068477975
"St. Clair County, Michigan",26147,31-33,Manufacturing,1.76,1,0.3666666666666667,0.012026488815789098
"St. Joseph County, Michigan",26149,31-33,Manufacturing,4.31,3,0.36666666666666686,0.017621738196322397
"Sanilac County, Michigan",26151,31-33,Manufacturing,3.26,3,0.4666666666666668,0.0264168597965953
"Schoolcraft County, Michigan",26153,23,Construction,1.08,1,0.3000000000000001,-0.01742067657506284
"Shiawassee County, Michigan",26155,31-33,Manufacturing,1.53,1,0.3000000000000001,0.02938652162731589
"Tuscola County, Michigan",26157,31-33,Manufacturing,1.33,1,0.36666666666666686,0.011890358430162272
"Van Buren County, Michigan",26159,11,"Agriculture, Forestry, Fishing & Hunting",6.17,4,0.3333333333333333,-0.050581369617035805
"Washtenaw County, Michigan",26161,54,"Professional, Scientific & Technical Services",1.17,1,0.2666666666666666,0.02115991750517918
"Wayne County, Michigan",26163,48-49,Transportation & Warehousing,1.83,1,0.4333333333333333,0.02747393398105804
"Wexford County, Michigan",26165,31-33,Manufacturing,2.85,2,0.5,0.006389290700624115
"Aitkin County, Minnesota",27001,72,Accommodation & Food Services,1.4,1,0.7333333333333334,0.0034083363975588444
"Anoka County, Minnesota",27003,31-33,Manufacturing,2.15,2,0.5,-0.0009263061812413379
"Becker County, Minnesota",27005,31-33,Manufacturing,2.0,2,0.5333333333333333,0.017750879546130322
"Beltrami County, Minnesota",27007,22,Utilities,1.57,1,0.6,0.014003255000504757
"Benton County, Minnesota",27009,31-33,Manufacturing,2.45,2,0.5666666666666668,-0.0035975260064487237
"Big Stone County, Minnesota",27011,23,Construction,1.37,1,0.4000000000000001,0.020428293667730288
"Blue Earth County, Minnesota",27013,62,Health Care & Social Assistance,1.57,1,0.4333333333333333,0.021544877745015636
"Brown County, Minnesota",27015,31-33,Manufacturing,2.16,2,0.4666666666666666,0.025595316566645387
"Carlton County, Minnesota",27017,22,Utilities,1.78,1,0.6,-0.002621386693383799
"Carver County, Minnesota",27019,31-33,Manufacturing,2.49,2,0.5,0.01820747733903305
"Cass County, Minnesota",27021,53,Real Estate & Rental & Leasing,1.65,1,0.7666666666666666,-0.08459305390704427
"Chippewa County, Minnesota",27023,31-33,Manufacturing,2.12,2,0.6666666666666669,0.00015933282074660752
"Chisago County, Minnesota",27025,31-33,Manufacturing,2.03,2,0.5666666666666668,0.01005223934356896
"Clay County, Minnesota",27027,61,Educational Services,2.09,2,0.4333333333333333,0.007705794787795888
"Clearwater County, Minnesota",27029,23,Construction,3.0,3,0.6,-0.011918349926116577
"Cook County, Minnesota",27031,53,Real Estate & Rental & Leasing,4.36,3,0.5333333333333335,0.044218747528968955
"Cottonwood County, Minnesota",27033,31-33,Manufacturing,2.18,2,0.7000000000000001,-0.01018318844829447
"Crow Wing County, Minnesota",27035,44-45,Retail Trade,1.53,1,0.6,0.02379095862476957
"Dakota County, Minnesota",27037,48-49,Transportation & Warehousing,1.38,1,0.5,0.0330777668785359
"Dodge County, Minnesota",27039,31-33,Manufacturing,3.19,3,0.4666666666666666,-0.01853731698171875
"Douglas County, Minnesota",27041,31-33,Manufacturing,2.28,2,0.4666666666666666,0.01308217562747367
"Faribault County, Minnesota",27043,11,"Agriculture, Forestry, Fishing & Hunting",4.23,3,0.6,0.021939291384286883
"Fillmore County, Minnesota",27045,22,Utilities,3.0,3,0.4333333333333334,-0.0005971176111188125
"Freeborn County, Minnesota",27047,31-33,Manufacturing,2.8,2,0.4666666666666666,0.004166175641342432
"Goodhue County, Minnesota",27049,31-33,Manufacturing,2.74,2,0.4666666666666666,0.007938520453217916
"Grant County, Minnesota",27051,11,"Agriculture, Forestry, Fishing & Hunting",8.92,4,0.7333333333333334,-0.01046875194638564
"Hennepin County, Minnesota",27053,55,Management of Companies & Enterprises,3.2,3,0.4666666666666666,0.016721818258853285
"Houston County, Minnesota",27055,11,"Agriculture, Forestry, Fishing & Hunting",3.72,3,0.36666666666666653,0.022351764177623027
"Hubbard County, Minnesota",27057,11,"Agriculture, Forestry, Fishing & Hunting",4.55,3,0.7000000000000002,-0.02722143008960482
"Isanti County, Minnesota",27059,44-45,Retail Trade,1.96,2,0.7333333333333333,0.018079180384971028
"Itasca County, Minnesota",27061,22,Utilities,5.11,4,0.6,-0.025729829309093333
"Jackson County, Minnesota",27063,11,"Agriculture, Forestry, Fishing & Hunting",6.04,4,0.5666666666666665,0.013865867054296013
"Kanabec County, Minnesota",27065,62,Health Care & Social Assistance,1.86,1,0.9333333333333332,-0.020479316672001095
"Kandiyohi County, Minnesota",27067,62,Health Care & Social Assistance,1.61,1,0.5,0.026708756523123933
"Kittson County, Minnesota",27069,42,Wholesale Trade,2.03,2,0.4666666666666666,-0.23718476129660787
"Koochiching County, Minnesota",27071,72,Accommodation & Food Services,1.41,1,0.6333333333333333,0.010717065185304459
"Lac qui Parle County, Minnesota",27073,42,Wholesale Trade,2.59,2,0.3666666666666667,0.011059644199741727
"Lake County, Minnesota",27075,31-33,Manufacturing,1.64,1,-0.13333333333333316,-0.0582054903488693
"Lake of the Woods County, Minnesota",27077,11,"Agriculture, Forestry, Fishing & Hunting",4.53,3,0.5333333333333333,-0.01862814617445242
"Le Sueur County, Minnesota",27079,31-33,Manufacturing,3.91,3,0.6666666666666666,0.0007588421138134915
"Lincoln County, Minnesota",27081,11,"Agriculture, Forestry, Fishing & Hunting",14.28,4,0.5666666666666668,0.03804307184737162
"Lyon County, Minnesota",27083,11,"Agriculture, Forestry, Fishing & Hunting",1.95,1,0.5,0.018361301734624805
"McLeod County, Minnesota",27085,31-33,Manufacturing,3.55,3,0.5666666666666665,0.006150366033488356
"Mahnomen County, Minnesota",27087,11,"Agriculture, Forestry, Fishing & Hunting",9.84,4,0.4000000000000001,-0.018589253883371532
"Marshall County, Minnesota",27089,42,Wholesale Trade,1.68,1,0.7000000000000001,-0.16679810300730655
"Martin County, Minnesota",27091,11,"Agriculture, Forestry, Fishing & Hunting",6.96,4,0.5333333333333333,-0.00039267786671204276
"Meeker County, Minnesota",27093,31-33,Manufacturing,3.15,3,0.6000000000000001,0.02529197204461933
"Mille Lacs County, Minnesota",27095,44-45,Retail Trade,1.21,1,0.8333333333333334,0.017045399144804886
"Morrison County, Minnesota",27097,44-45,Retail Trade,1.44,1,0.5666666666666668,0.02391434614590384
"Mower County, Minnesota",27099,31-33,Manufacturing,2.93,3,0.4333333333333334,0.02946793683490702
"Murray County, Minnesota",27101,11,"Agriculture, Forestry, Fishing & Hunting",3.27,3,0.5333333333333333,0.057589128836044966
"Nicollet County, Minnesota",27103,31-33,Manufacturing,2.8,2,0.4333333333333334,-0.000647414086312248
"Nobles County, Minnesota",27105,11,"Agriculture, Forestry, Fishing & Hunting",4.41,3,0.5,0.04921397234398701
"Norman County, Minnesota",27107,11,"Agriculture, Forestry, Fishing & Hunting",17.95,4,0.23333333333333325,-0.18314768249344818
"Olmsted County, Minnesota",27109,62,Health Care & Social Assistance,3.25,3,0.3666666666666667,0.026819376569218015
"Otter Tail County, Minnesota",27111,22,Utilities,5.88,4,0.5666666666666665,0.010681713247825464
"Pennington County, Minnesota",27113,44-45,Retail Trade,1.0,1,0.7666666666666667,-0.007527527745499584
"Pine County, Minnesota",27115,44-45,Retail Trade,1.49,1,0.9,0.010594501135203405
"Pipestone County, Minnesota",27117,22,Utilities,2.4,2,0.6,0.057423229970907465
"Polk County, Minnesota",27119,31-33,Manufacturing,1.94,1,0.5,-0.06312524882554343
"Pope County, Minnesota",27121,42,Wholesale Trade,2.4,2,0.5333333333333333,-0.01293589505906568
"Ramsey County, Minnesota",27123,55,Management of Companies & Enterprises,2.58,2,0.4666666666666666,0.01970636253700961
"Red Lake County, Minnesota",27125,11,"Agriculture, Forestry, Fishing & Hunting",5.79,4,0.9,-0.007905737616149364
"Redwood County, Minnesota",27127,31-33,Manufacturing,2.26,2,0.5333333333333333,0.055757907091347064
"Renville County, Minnesota",27129,31-33,Manufacturing,2.24,2,0.6666666666666665,0.031852177212844855
"Rice County, Minnesota",27131,61,Educational Services,4.1,3,0.4333333333333333,0.030202170883717606
"Rock County, Minnesota",27133,31-33,Manufacturing,2.09,2,0.36666666666666664,0.0916723161520499
"Roseau County, Minnesota",27135,31-33,Manufacturing,6.12,4,0.7333333333333334,0.006894962653743422
"St. Louis County, Minnesota",27137,21,"Mining, Quarrying, Oil & Gas",8.34,4,0.5333333333333332,0.013397288163751037
"Scott County, Minnesota",27139,48-49,Transportation & Warehousing,4.03,3,0.4666666666666666,0.04283665418097527
"Sherburne County, Minnesota",27141,31-33,Manufacturing,1.77,1,0.5333333333333332,0.013247219461294896
"Sibley County, Minnesota",27143,11,"Agriculture, Forestry, Fishing & Hunting",31.06,4,0.5666666666666665,0.06162509841600278
"Stearns County, Minnesota",27145,11,"Agriculture, Forestry, Fishing & Hunting",1.77,1,0.5,0.029651826752040582
"Steele County, Minnesota",27147,31-33,Manufacturing,2.92,3,0.6,-0.007349265081096834
"Stevens County, Minnesota",27149,31-33,Manufacturing,1.97,2,0.4000000000000001,-0.00469748802980566
"Swift County, Minnesota",27151,42,Wholesale Trade,2.48,2,0.8333333333333331,0.047657045172101606
"Todd County, Minnesota",27153,31-33,Manufacturing,2.92,3,0.6666666666666666,0.03576356653890717
"Traverse County, Minnesota",27155,11,"Agriculture, Forestry, Fishing & Hunting",13.09,4,0.4333333333333333,0.08106617310673495
"Wabasha County, Minnesota",27157,31-33,Manufacturing,2.2,2,0.4333333333333334,0.014302600329609576
"Wadena County, Minnesota",27159,22,Utilities,2.29,2,0.8333333333333334,0.027026931304631165
"Waseca County, Minnesota",27161,31-33,Manufacturing,1.55,1,0.5666666666666665,0.07498003352288488
"Washington County, Minnesota",27163,11,"Agriculture, Forestry, Fishing & Hunting",1.76,1,0.4666666666666666,0.032130887383393564
"Watonwan County, Minnesota",27165,31-33,Manufacturing,3.8,3,0.5,-0.006900323917823284
"Wilkin County, Minnesota",27167,42,Wholesale Trade,2.43,2,0.5,-0.05449036846621321
"Winona County, Minnesota",27169,31-33,Manufacturing,2.79,2,0.4333333333333334,-0.004437304217667947
"Wright County, Minnesota",27171,31-33,Manufacturing,1.69,1,0.5333333333333332,0.011745358910137985
"Yellow Medicine County, Minnesota",27173,42,Wholesale Trade,1.38,1,0.5333333333333333,0.04339298579291663
"Adams County, Mississippi",28001,21,"Mining, Quarrying, Oil & Gas",4.71,3,0.13333333333333344,0.012198893778029388
"Alcorn County, Mississippi",28003,31-33,Manufacturing,2.59,2,0.0,-0.0063567354134063695
"Amite County, Mississippi",28005,11,"Agriculture, Forestry, Fishing & Hunting",6.78,4,-0.13333333333333344,0.05196041499645298
"Attala County, Mississippi",28007,22,Utilities,3.18,3,0.0,-0.01346884828817821
"Benton County, Mississippi",28009,31-33,Manufacturing,2.13,2,-0.033333333333333215,0.06321217824804151
"Bolivar County, Mississippi",28011,11,"Agriculture, Forestry, Fishing & Hunting",2.92,3,-0.03333333333333351,0.00496128553661524
"Calhoun County, Mississippi",28013,11,"Agriculture, Forestry, Fishing & Hunting",15.35,4,-0.03333333333333336,-0.03237835839675952
"Carroll County, Mississippi",28015,23,Construction,2.92,3,0.06666666666666672,-0.0092093028946145
"Chickasaw County, Mississippi",28017,11,"Agriculture, Forestry, Fishing & Hunting",5.6,4,0.13333333333333344,-0.07815780755838479
"Choctaw County, Mississippi",28019,31-33,Manufacturing,1.41,1,0.06666666666666672,-0.011093903010175842
"Claiborne County, Mississippi",28021,31-33,Manufacturing,0.49,1,0.2666666666666669,-0.030184162857966896
"Clarke County, Mississippi",28023,21,"Mining, Quarrying, Oil & Gas",11.61,4,-0.03333333333333351,0.04119530796833518
"Clay County, Mississippi",28025,31-33,Manufacturing,3.85,3,0.16666666666666666,-0.011217679609792672
"Coahoma County, Mississippi",28027,22,Utilities,1.73,1,0.4333333333333333,-0.016354194869236408
"Copiah County, Mississippi",28029,11,"Agriculture, Forestry, Fishing & Hunting",3.97,3,-0.06666666666666672,0.0032108713262331127
"Covington County, Mississippi",28031,31-33,Manufacturing,3.51,3,0.033333333333333215,0.05220093841613307
"DeSoto County, Mississippi",28033,48-49,Transportation & Warehousing,5.16,4,0.16666666666666666,0.026171809284562
"Forrest County, Mississippi",28035,22,Utilities,3.58,3,0.0,0.008639717837137824
"Franklin County, Mississippi",28037,11,"Agriculture, Forestry, Fishing & Hunting",10.31,4,0.0,0.024544827071596463
"George County, Mississippi",28039,44-45,Retail Trade,1.89,1,-0.03333333333333351,0.02237489333686059
"Greene County, Mississippi",28041,81,Other Services (except Public Administration),1.48,1,-0.4666666666666668,0.039434308604656874
"Grenada County, Mississippi",28043,31-33,Manufacturing,3.66,3,0.10000000000000009,-0.02570966198817315
"Hancock County, Mississippi",28045,22,Utilities,3.59,3,-0.06666666666666658,0.023880008651290165
"Harrison County, Mississippi",28047,22,Utilities,3.27,3,-0.03333333333333336,0.014806826363636942
"Hinds County, Mississippi",28049,62,Health Care & Social Assistance,1.42,1,0.0,-0.0035372658402260653
"Holmes County, Mississippi",28051,31-33,Manufacturing,1.54,1,0.2333333333333331,-0.04005388675345492
"Humphreys County, Mississippi",28053,11,"Agriculture, Forestry, Fishing & Hunting",6.48,4,0.19999999999999987,-0.06718589915749058
"Issaquena County, Mississippi",28055,11,"Agriculture, Forestry, Fishing & Hunting",13.97,4,0.666666666666667,-0.192553033674529
"Itawamba County, Mississippi",28057,31-33,Manufacturing,3.58,3,0.03333333333333336,0.009073383998254777
"Jackson County, Mississippi",28059,31-33,Manufacturing,3.45,3,0.0,0.056345981293305904
"Jasper County, Mississippi",28061,21,"Mining, Quarrying, Oil & Gas",7.33,4,-0.13333333333333344,0.030813280287885898
"Jefferson County, Mississippi",28063,22,Utilities,31.12,4,-0.033333333333333215,0.03463097914917057
"Jefferson Davis County, Mississippi",28065,23,Construction,6.25,4,-0.13333333333333344,0.07341654788301129
"Jones County, Mississippi",28067,21,"Mining, Quarrying, Oil & Gas",5.34,4,-0.09999999999999994,0.03339134148971712
"Kemper County, Mississippi",28069,22,Utilities,12.36,4,-0.16666666666666666,-0.02180720062864152
"Lafayette County, Mississippi",28071,72,Accommodation & Food Services,2.17,2,-0.09999999999999994,0.030669966831904972
"Lamar County, Mississippi",28073,44-45,Retail Trade,2.55,2,0.033333333333333215,0.0451354429830353
"Lauderdale County, Mississippi",28075,22,Utilities,1.95,1,0.0,0.02660066134986375
"Lawrence County, Mississippi",28077,31-33,Manufacturing,3.84,3,-0.13333333333333344,0.04806333679166049
"Leake County, Mississippi",28079,22,Utilities,4.02,3,-0.1333333333333333,0.04918982905352022
"Lee County, Mississippi",28081,31-33,Manufacturing,2.22,2,0.06666666666666672,-0.0029956041191193635
"Leflore County, Mississippi",28083,11,"Agriculture, Forestry, Fishing & Hunting",4.5,3,0.4000000000000001,-0.06658368003509219
"Lincoln County, Mississippi",28085,11,"Agriculture, Forestry, Fishing & Hunting",3.17,3,0.06666666666666672,0.014987456803212824
"Lowndes County, Mississippi",28087,22,Utilities,2.36,2,-0.03333333333333336,0.026352005475265474
"Madison County, Mississippi",28089,48-49,Transportation & Warehousing,2.39,2,0.03333333333333336,0.04382889348644092
"Marion County, Mississippi",28091,23,Construction,3.03,3,-0.06666666666666672,0.019349761629473026
"Marshall County, Mississippi",28093,48-49,Transportation & Warehousing,7.65,4,0.16666666666666682,0.0200061381364812
"Monroe County, Mississippi",28095,31-33,Manufacturing,3.24,3,0.13333333333333344,0.0007885441871041942
"Montgomery County, Mississippi",28097,11,"Agriculture, Forestry, Fishing & Hunting",7.09,4,-0.033333333333333215,0.01293869355759547
"Neshoba County, Mississippi",28099,23,Construction,2.81,2,-0.09999999999999994,0.031233593570803565
"Newton County, Mississippi",28101,22,Utilities,2.87,2,-0.09999999999999994,0.03335513829149946
"Noxubee County, Mississippi",28103,11,"Agriculture, Forestry, Fishing & Hunting",7.08,4,0.033333333333333215,-0.02514385016412435
"Oktibbeha County, Mississippi",28105,72,Accommodation & Food Services,1.87,1,0.0,0.04580198867356112
"Panola County, Mississippi",28107,22,Utilities,3.91,3,-0.03333333333333351,0.012941963970436966
"Pearl River County, Mississippi",28109,21,"Mining, Quarrying, Oil & Gas",2.36,2,-0.06666666666666658,0.036506252128933776
"Perry County, Mississippi",28111,11,"Agriculture, Forestry, Fishing & Hunting",4.69,3,-0.09999999999999994,0.0005469761336080369
"Pike County, Mississippi",28113,11,"Agriculture, Forestry, Fishing & Hunting",2.81,2,0.06666666666666672,0.018116032550007856
"Pontotoc County, Mississippi",28115,31-33,Manufacturing,5.5,4,0.0,-0.021175820461357426
"Prentiss County, Mississippi",28117,31-33,Manufacturing,2.63,2,0.0,0.0014980042134792983
"Quitman County, Mississippi",28119,44-45,Retail Trade,1.17,1,-0.13333333333333344,-0.06582010820051963
"Rankin County, Mississippi",28121,48-49,Transportation & Warehousing,1.76,1,-0.03333333333333336,0.028314407203994273
"Scott County, Mississippi",28123,31-33,Manufacturing,6.4,4,-0.13333333333333344,0.01725451704141859
"Sharkey County, Mississippi",28125,44-45,Retail Trade,1.32,1,0.4000000000000001,-0.12839861969587804
"Simpson County, Mississippi",28127,22,Utilities,1.72,1,0.0,0.0519592845667696
"Smith County, Mississippi",28129,22,Utilities,14.67,4,-0.09999999999999994,0.06296252114230207
"Stone County, Mississippi",28131,11,"Agriculture, Forestry, Fishing & Hunting",5.57,4,0.03333333333333336,0.025274779506630665
"Sunflower County, Mississippi",28133,11,"Agriculture, Forestry, Fishing & Hunting",4.57,3,0.0,-0.036217903792354185
"Tallahatchie County, Mississippi",28135,11,"Agriculture, Forestry, Fishing & Hunting",5.01,4,-0.3,0.028883064225906287
"Tate County, Mississippi",28137,31-33,Manufacturing,2.07,2,0.0,0.0353821486973739
"Tippah County, Mississippi",28139,21,"Mining, Quarrying, Oil & Gas",9.88,4,0.03333333333333336,-0.019516665500857122
"Tishomingo County, Mississippi",28141,31-33,Manufacturing,5.29,4,0.0,0.026367173581517325
"Tunica County, Mississippi",28143,11,"Agriculture, Forestry, Fishing & Hunting",6.0,4,0.16666666666666666,0.022259172260491903
"Union County, Mississippi",28145,31-33,Manufacturing,4.32,3,0.03333333333333336,0.007985875535433194
"Walthall County, Mississippi",28147,22,Utilities,1.8,1,0.09999999999999994,0.023362082329232373
"Warren County, Mississippi",28149,72,Accommodation & Food Services,1.72,1,0.09999999999999994,0.04841961945753472
"Washington County, Mississippi",28151,11,"Agriculture, Forestry, Fishing & Hunting",2.99,3,0.06666666666666672,-0.030632434286895913
"Wayne County, Mississippi",28153,11,"Agriculture, Forestry, Fishing & Hunting",5.27,4,-0.09999999999999994,0.05342071293813921
"Webster County, Mississippi",28155,22,Utilities,2.16,2,0.0,0.01373502634972203
"Wilkinson County, Mississippi",28157,22,Utilities,3.5,3,-0.16666666666666666,0.0012530833311387916
"Winston County, Mississippi",28159,11,"Agriculture, Forestry, Fishing & Hunting",2.62,2,-0.033333333333333215,0.008813417595317348
"Yalobusha County, Mississippi",28161,31-33,Manufacturing,3.92,3,0.0,-0.030806725695376087
"Yazoo County, Mississippi",28163,21,"Mining, Quarrying, Oil & Gas",3.85,3,0.09999999999999994,0.041571640433195
"Adair County, Missouri",29001,44-45,Retail Trade,1.62,1,0.6333333333333334,0.0252284033955355
"Andrew County, Missouri",29003,23,Construction,1.65,1,0.4333333333333334,-0.019787803804760043
"Atchison County, Missouri",29005,11,"Agriculture, Forestry, Fishing & Hunting",15.63,4,0.3000000000000001,-0.05144084868621321
"Audrain County, Missouri",29007,11,"Agriculture, Forestry, Fishing & Hunting",3.18,3,0.3333333333333333,0.007617833755972638
"Barry County, Missouri",29009,31-33,Manufacturing,4.41,3,0.5666666666666668,0.033508211460654816
"Barton County, Missouri",29011,11,"Agriculture, Forestry, Fishing & Hunting",6.76,4,0.5666666666666665,0.02433376516210681
"Bates County, Missouri",29013,22,Utilities,3.35,3,0.3666666666666667,0.014299683344599835
"Benton County, Missouri",29015,44-45,Retail Trade,1.81,1,0.5000000000000001,0.042350888997940636
"Bollinger County, Missouri",29017,48-49,Transportation & Warehousing,1.96,2,0.3999999999999999,-0.026953715537358952
"Boone County, Missouri",29019,55,Management of Companies & Enterprises,1.74,1,0.4333333333333333,0.0296565260974302
"Buchanan County, Missouri",29021,31-33,Manufacturing,3.3,3,0.4666666666666668,0.011808555279827972
"Butler County, Missouri",29023,22,Utilities,1.89,1,0.6666666666666666,0.0061945444207515046
"Caldwell County, Missouri",29025,44-45,Retail Trade,2.42,2,0.4000000000000001,-0.024978450431229492
"Callaway County, Missouri",29027,31-33,Manufacturing,2.13,2,0.3,0.07994248695766598
"Camden County, Missouri",29029,22,Utilities,2.05,2,0.4666666666666665,0.027378144137360977
"Cape Girardeau County, Missouri",29031,62,Health Care & Social Assistance,1.7,1,0.4333333333333334,0.004748685032292069
"Carroll County, Missouri",29033,11,"Agriculture, Forestry, Fishing & Hunting",12.23,4,0.36666666666666653,-0.02227934600753948
"Carter County, Missouri",29035,31-33,Manufacturing,1.71,1,0.3000000000000001,-0.003437819255031054
"Cass County, Missouri",29037,48-49,Transportation & Warehousing,3.14,3,0.3666666666666667,0.030839310779948552
"Cedar County, Missouri",29039,31-33,Manufacturing,1.45,1,0.5333333333333332,0.05121857213454761
"Chariton County, Missouri",29041,11,"Agriculture, Forestry, Fishing & Hunting",5.47,4,0.5333333333333333,-0.005850426446747022
"Christian County, Missouri",29043,23,Construction,1.97,2,0.4000000000000001,0.05081255242309716
"Clark County, Missouri",29045,42,Wholesale Trade,1.63,1,0.5333333333333332,-0.02054491603790021
"Clay County, Missouri",29047,31-33,Manufacturing,1.82,1,0.3999999999999999,0.02369167624722675
"Clinton County, Missouri",29049,23,Construction,1.16,1,0.3333333333333332,0.019975383176670403
"Cole County, Missouri",29051,22,Utilities,1.3,1,0.3666666666666667,0.028334472582498698
"Cooper County, Missouri",29053,44-45,Retail Trade,1.62,1,0.4333333333333334,0.022774210192370713
"Crawford County, Missouri",29055,22,Utilities,3.34,3,0.4666666666666665,0.02255584665357181
"Dade County, Missouri",29057,42,Wholesale Trade,2.36,2,0.4333333333333333,0.031121364491622838
"Dallas County, Missouri",29059,44-45,Retail Trade,1.86,1,0.6,0.04740995913609486
"Daviess County, Missouri",29061,11,"Agriculture, Forestry, Fishing & Hunting",15.41,4,0.2666666666666666,0.05190073141053926
"DeKalb County, Missouri",29063,22,Utilities,10.74,4,0.4666666666666666,-0.003013675985325814
"Dent County, Missouri",29065,44-45,Retail Trade,1.47,1,0.3666666666666667,0.014002451589301461
"Douglas County, Missouri",29067,31-33,Manufacturing,2.44,2,0.6333333333333334,-0.009575157213833894
"Dunklin County, Missouri",29069,11,"Agriculture, Forestry, Fishing & Hunting",5.77,4,0.5333333333333333,0.04865038531123395
"Franklin County, Missouri",29071,31-33,Manufacturing,2.81,2,0.4000000000000001,0.008354890343571255
"Gasconade County, Missouri",29073,31-33,Manufacturing,3.11,3,0.4333333333333334,-0.01774938781243175
"Gentry County, Missouri",29075,62,Health Care & Social Assistance,1.94,1,0.4000000000000001,-5.851032707272834e-05
"Greene County, Missouri",29077,48-49,Transportation & Warehousing,1.62,1,0.5,0.010610720338869596
"Grundy County, Missouri",29079,31-33,Manufacturing,1.52,1,0.5333333333333332,0.004359242721016122
"Harrison County, Missouri",29081,44-45,Retail Trade,2.49,2,0.4666666666666666,-0.024399955821402208
"Henry County, Missouri",29083,31-33,Manufacturing,1.66,1,0.3999999999999999,0.024618200261814875
"Hickory County, Missouri",29085,71,"Arts, Entertainment & Recreation",2.87,2,0.9,0.03548918332210495
"Holt County, Missouri",29087,56,Administrative & Support & Waste Management,1.67,1,0.5,-0.024058892481664144
"Howard County, Missouri",29089,31-33,Manufacturing,1.5,1,0.4666666666666666,-0.016688096861429767
"Howell County, Missouri",29091,31-33,Manufacturing,1.75,1,0.5333333333333332,0.02679844826486426
"Iron County, Missouri",29093,21,"Mining, Quarrying, Oil & Gas",50.92,4,0.5333333333333333,-0.1397131784621964
"Jackson County, Missouri",29095,52,Finance & Insurance,1.36,1,0.4333333333333334,0.01918423043496549
"Jasper County, Missouri",29097,31-33,Manufacturing,2.33,2,0.4666666666666666,0.013264432623928003
"Jefferson County, Missouri",29099,23,Construction,1.73,1,0.4000000000000001,-0.01656450726056343
"Johnson County, Missouri",29101,22,Utilities,1.29,1,0.4666666666666666,0.022809307207492486
"Knox County, Missouri",29103,42,Wholesale Trade,2.71,2,0.5666666666666668,-0.0014711422388310057
"Laclede County, Missouri",29105,31-33,Manufacturing,4.07,3,0.7999999999999999,0.025718553189025797
"Lafayette County, Missouri",29107,11,"Agriculture, Forestry, Fishing & Hunting",2.47,2,0.3666666666666667,-0.005170163734664891
"Lawrence County, Missouri",29109,22,Utilities,2.53,2,0.5333333333333333,0.054189867267618236
"Lewis County, Missouri",29111,48-49,Transportation & Warehousing,1.3,1,0.6333333333333332,-0.020807353009098885
"Lincoln County, Missouri",29113,22,Utilities,2.51,2,0.4333333333333333,0.03014590393023992
"Linn County, Missouri",29115,11,"Agriculture, Forestry, Fishing & Hunting",3.22,3,0.4666666666666666,0.004119363599201868
"Livingston County, Missouri",29117,22,Utilities,2.22,2,0.4666666666666666,-0.00812698253638204
"McDonald County, Missouri",29119,11,"Agriculture, Forestry, Fishing & Hunting",7.14,4,0.6666666666666669,0.022971384501162137
"Macon County, Missouri",29121,11,"Agriculture, Forestry, Fishing & Hunting",6.54,4,0.5,0.002059762412007639
"Madison County, Missouri",29123,31-33,Manufacturing,2.01,2,0.5666666666666665,0.019856361254163075
"Maries County, Missouri",29125,11,"Agriculture, Forestry, Fishing & Hunting",7.28,4,0.3999999999999999,0.042617920114132755
"Marion County, Missouri",29127,22,Utilities,2.2,2,0.5333333333333333,0.008083956640961933
"Mercer County, Missouri",29129,44-45,Retail Trade,1.03,1,0.4333333333333333,-0.032021438973172604
"Miller County, Missouri",29131,23,Construction,2.26,2,0.36666666666666653,0.0471789427030915
"Mississippi County, Missouri",29133,11,"Agriculture, Forestry, Fishing & Hunting",14.65,4,0.5666666666666664,-0.05751304875143483
"Moniteau County, Missouri",29135,31-33,Manufacturing,2.31,2,0.3,0.04852614512131536
"Monroe County, Missouri",29137,42,Wholesale Trade,1.74,1,0.5,0.03939085410171853
"Montgomery County, Missouri",29139,21,"Mining, Quarrying, Oil & Gas",3.06,3,0.3,-0.011546603435040987
"Morgan County, Missouri",29141,44-45,Retail Trade,1.95,1,0.6666666666666665,0.06771991054924316
"New Madrid County, Missouri",29143,44-45,Retail Trade,1.85,1,0.6,0.018359805588951585
"Newton County, Missouri",29145,22,Utilities,3.27,3,0.4333333333333333,0.030468805355508128
"Nodaway County, Missouri",29147,22,Utilities,3.06,3,0.4000000000000001,0.012433514391284905
"Oregon County, Missouri",29149,62,Health Care & Social Assistance,2.4,2,0.4333333333333333,0.04003615069761883
"Osage County, Missouri",29151,31-33,Manufacturing,5.14,4,0.3666666666666667,0.03499189571886172
"Ozark County, Missouri",29153,11,"Agriculture, Forestry, Fishing & Hunting",2.38,2,0.7333333333333334,0.009076756464058481
"Pemiscot County, Missouri",29155,11,"Agriculture, Forestry, Fishing & Hunting",5.49,4,0.6,-0.029542680738028574
"Perry County, Missouri",29157,31-33,Manufacturing,3.51,3,0.3333333333333333,0.0028853652375436124
"Pettis County, Missouri",29159,31-33,Manufacturing,3.05,3,0.4333333333333333,0.07432858361413391
"Phelps County, Missouri",29161,48-49,Transportation & Warehousing,2.14,2,0.4666666666666666,0.01995424496606613
"Pike County, Missouri",29163,22,Utilities,2.07,2,0.5000000000000001,0.0022176708655163337
"Platte County, Missouri",29165,48-49,Transportation & Warehousing,2.19,2,0.3333333333333333,0.0012987018285868632
"Polk County, Missouri",29167,61,Educational Services,2.5,2,0.5333333333333333,0.03442697971582789
"Pulaski County, Missouri",29169,22,Utilities,2.46,2,0.5333333333333332,0.0026951944215443803
"Putnam County, Missouri",29171,11,"Agriculture, Forestry, Fishing & Hunting",18.75,4,0.5,0.04084765935869175
"Ralls County, Missouri",29173,31-33,Manufacturing,6.87,4,0.3999999999999999,-0.02288637209217616
"Randolph County, Missouri",29175,48-49,Transportation & Warehousing,1.8,1,0.4666666666666666,-0.02662588986149201
"Ray County, Missouri",29177,81,Other Services (except Public Administration),1.68,1,0.2666666666666668,0.005159447385472103
"Reynolds County, Missouri",29179,31-33,Manufacturing,2.43,2,0.5,-0.15079488535606508
"Ripley County, Missouri",29181,31-33,Manufacturing,2.06,2,0.6000000000000001,0.009997801660210979
"St. Charles County, Missouri",29183,51,Information,2.15,2,0.3999999999999999,0.03421291622459679
"St. Clair County, Missouri",29185,44-45,Retail Trade,1.67,1,0.4666666666666666,0.059810699463967845
"Ste. Genevieve County, Missouri",29186,21,"Mining, Quarrying, Oil & Gas",10.84,4,0.3666666666666667,-0.0322240694811625
"St. Francois County, Missouri",29187,52,Finance & Insurance,1.5,1,0.4666666666666668,0.019454630754163288
"St. Louis County, Missouri",29189,55,Management of Companies & Enterprises,2.53,2,0.49999999999999983,0.02244397088799026
"Saline County, Missouri",29195,11,"Agriculture, Forestry, Fishing & Hunting",4.27,3,0.4000000000000001,0.012763228893673971
"Schuyler County, Missouri",29197,31-33,Manufacturing,5.26,4,0.3999999999999999,0.053306855951777365
"Scotland County, Missouri",29199,42,Wholesale Trade,3.57,3,0.4333333333333334,0.04431222938807642
"Scott County, Missouri",29201,11,"Agriculture, Forestry, Fishing & Hunting",3.45,3,0.4666666666666666,0.015413902542752909
"Shannon County, Missouri",29203,31-33,Manufacturing,3.44,3,0.6,0.023868651496760932
"Shelby County, Missouri",29205,81,Other Services (except Public Administration),2.92,3,0.4000000000000001,-0.04468505470091776
"Stoddard County, Missouri",29207,31-33,Manufacturing,2.74,2,0.5,-0.007781277518119623
"Stone County, Missouri",29209,71,"Arts, Entertainment & Recreation",12.17,4,0.6000000000000001,0.039605953538260324
"Sullivan County, Missouri",29211,44-45,Retail Trade,0.65,1,0.3666666666666667,0.025260671179570815
"Taney County, Missouri",29213,71,"Arts, Entertainment & Recreation",4.94,4,0.6333333333333334,0.033527688833231505
"Texas County, Missouri",29215,31-33,Manufacturing,1.8,1,0.5333333333333335,0.03153300657428923
"Vernon County, Missouri",29217,31-33,Manufacturing,1.58,1,0.4333333333333333,0.03696072971296831
"Warren County, Missouri",29219,31-33,Manufacturing,2.98,3,0.3666666666666667,0.014077566890023055
"Washington County, Missouri",29221,21,"Mining, Quarrying, Oil & Gas",1.39,1,0.5000000000000001,0.01823603001558693
"Wayne County, Missouri",29223,31-33,Manufacturing,1.43,1,0.4666666666666665,-0.025416871466163782
"Webster County, Missouri",29225,31-33,Manufacturing,2.46,2,0.5,0.027858159401182265
"Worth County, Missouri",29227,44-45,Retail Trade,1.22,1,0.4333333333333333,0.05665832246236294
"Wright County, Missouri",29229,22,Utilities,2.48,2,0.7333333333333334,0.018851160209124113
"St. Louis City, Missouri",29510,61,Educational Services,3.81,3,0.5333333333333332,0.023403516578410666
"Beaverhead County, Montana",30001,11,"Agriculture, Forestry, Fishing & Hunting",10.45,4,0.06666666666666658,0.08340004338553035
"Big Horn County, Montana",30003,21,"Mining, Quarrying, Oil & Gas",26.35,4,0.4666666666666665,0.0748911877654863
"Blaine County, Montana",30005,11,"Agriculture, Forestry, Fishing & Hunting",6.93,4,0.1333333333333333,0.021628339167018208
"Broadwater County, Montana",30007,72,Accommodation & Food Services,1.89,1,0.03333333333333336,0.060568241481111694
"Carbon County, Montana",30009,11,"Agriculture, Forestry, Fishing & Hunting",9.55,4,0.16666666666666666,0.03412644535650861
"Carter County, Montana",30011,11,"Agriculture, Forestry, Fishing & Hunting",12.24,4,-0.06666666666666672,0.1854349079378806
"Cascade County, Montana",30013,71,"Arts, Entertainment & Recreation",1.45,1,0.23333333333333325,0.04586834495456604
"Chouteau County, Montana",30015,11,"Agriculture, Forestry, Fishing & Hunting",14.18,4,0.16666666666666666,0.046878689091946285
"Custer County, Montana",30017,11,"Agriculture, Forestry, Fishing & Hunting",2.64,2,0.1333333333333333,0.027909306657625775
"Daniels County, Montana",30019,42,Wholesale Trade,2.51,2,0.1333333333333333,-0.0545251236176368
"Dawson County, Montana",30021,21,"Mining, Quarrying, Oil & Gas",6.71,4,0.13333333333333344,-0.01776046142589405
"Deer Lodge County, Montana",30023,62,Health Care & Social Assistance,1.67,1,0.3,0.05051681352132314
"Fallon County, Montana",30025,21,"Mining, Quarrying, Oil & Gas",25.0,4,0.16666666666666674,0.030965041646760692
"Fergus County, Montana",30027,11,"Agriculture, Forestry, Fishing & Hunting",2.7,2,0.16666666666666666,0.022403504717080244
"Flathead County, Montana",30029,71,"Arts, Entertainment & Recreation",1.98,2,0.20000000000000004,0.03701988954826762
"Gallatin County, Montana",30031,71,"Arts, Entertainment & Recreation",2.06,2,0.16666666666666666,0.05851820778185107
"Garfield County, Montana",30033,11,"Agriculture, Forestry, Fishing & Hunting",10.4,4,0.0,-0.019208663561013976
"Glacier County, Montana",30035,21,"Mining, Quarrying, Oil & Gas",4.8,3,0.06666666666666672,0.09286845162855428
"Golden Valley County, Montana",30037,99,Unclassified,9.18,4,-0.10000000000000009,0.07365693739424703
"Granite County, Montana",30039,11,"Agriculture, Forestry, Fishing & Hunting",12.05,4,0.16666666666666666,0.0418467562760899
"Hill County, Montana",30041,22,Utilities,2.6,2,0.20000000000000004,0.03588770061905631
"Jefferson County, Montana",30043,23,Construction,2.92,3,0.1333333333333333,0.042440965950899724
"Judith Basin County, Montana",30045,71,"Arts, Entertainment & Recreation",2.3,2,0.2666666666666666,0.10043086351346033
"Lake County, Montana",30047,21,"Mining, Quarrying, Oil & Gas",2.49,2,0.3,0.02993067216043945
"Lewis and Clark County, Montana",30049,81,Other Services (except Public Administration),1.74,1,0.20000000000000004,0.04900317128974984
"Liberty County, Montana",30051,48-49,Transportation & Warehousing,1.58,1,0.0,0.04774293270284745
"Lincoln County, Montana",30053,99,Unclassified,2.38,2,0.36666666666666653,0.04474384711738694
"McCone County, Montana",30055,42,Wholesale Trade,3.42,3,0.2666666666666666,0.036543547971818455
"Madison County, Montana",30057,21,"Mining, Quarrying, Oil & Gas",14.98,4,0.9666666666666668,-0.0395913882605565
"Meagher County, Montana",30059,11,"Agriculture, Forestry, Fishing & Hunting",19.16,4,0.1333333333333333,0.018389580995674733
"Mineral County, Montana",30061,42,Wholesale Trade,2.11,2,0.06666666666666672,0.01389025523309832
"Missoula County, Montana",30063,44-45,Retail Trade,1.38,1,0.2333333333333334,0.033734759004385814
"Musselshell County, Montana",30065,21,"Mining, Quarrying, Oil & Gas",63.21,4,0.4333333333333333,0.07219453545894251
"Park County, Montana",30067,99,Unclassified,5.63,4,0.06666666666666672,-0.0005799040927846549
"Petroleum County, Montana",30069,23,Construction,0.0,1,0.3,0.1788289485339711
"Phillips County, Montana",30071,22,Utilities,3.77,3,0.16666666666666666,-0.004610794684024953
"Pondera County, Montana",30073,11,"Agriculture, Forestry, Fishing & Hunting",5.74,4,0.2666666666666666,0.0702207279395972
"Powder River County, Montana",30075,44-45,Retail Trade,1.32,1,-0.06666666666666672,0.06516022641173062
"Powell County, Montana",30077,11,"Agriculture, Forestry, Fishing & Hunting",8.02,4,0.3,0.07538193287255057
"Prairie County, Montana",30079,81,Other Services (except Public Administration),0.86,1,-0.3,0.12387587999709691
"Ravalli County, Montana",30081,11,"Agriculture, Forestry, Fishing & Hunting",2.38,2,0.23333333333333325,0.03649845476233506
"Richland County, Montana",30083,21,"Mining, Quarrying, Oil & Gas",20.48,4,-0.03333333333333336,0.07329775877629378
"Roosevelt County, Montana",30085,21,"Mining, Quarrying, Oil & Gas",3.76,3,0.16666666666666666,0.008862590282127172
"Rosebud County, Montana",30087,22,Utilities,23.77,4,0.03333333333333336,0.05076720156832212
"Sanders County, Montana",30089,21,"Mining, Quarrying, Oil & Gas",6.36,4,0.3333333333333333,0.020768523924841825
"Sheridan County, Montana",30091,21,"Mining, Quarrying, Oil & Gas",7.07,4,0.3,-0.013982841965770152
"Silver Bow County, Montana",30093,21,"Mining, Quarrying, Oil & Gas",8.63,4,0.2333333333333334,0.017948972964235643
"Stillwater County, Montana",30095,99,Unclassified,1.64,1,0.4000000000000001,-0.16868823179202222
"Sweet Grass County, Montana",30097,23,Construction,1.3,1,0.4333333333333333,-0.11114618021248826
"Teton County, Montana",30099,42,Wholesale Trade,2.01,2,0.06666666666666658,0.028634389075449677
"Toole County, Montana",30101,21,"Mining, Quarrying, Oil & Gas",11.16,4,0.2666666666666666,0.08686286783389999
"Treasure County, Montana",30103,99,Unclassified,15.34,4,0.09999999999999994,0.14316177790018822
"Valley County, Montana",30105,11,"Agriculture, Forestry, Fishing & Hunting",3.71,3,0.1333333333333333,-0.1307073253390157
"Wheatland County, Montana",30107,11,"Agriculture, Forestry, Fishing & Hunting",21.21,4,0.5,0.014727015957028257
"Wibaux County, Montana",30109,72,Accommodation & Food Services,1.13,1,0.2333333333333334,-0.007469014281817043
"Yellowstone County, Montana",30111,42,Wholesale Trade,1.62,1,0.2666666666666668,0.04178405472279964
"Adams County, Nebraska",31001,31-33,Manufacturing,2.27,2,0.2666666666666666,0.005942393598178719
"Antelope County, Nebraska",31003,11,"Agriculture, Forestry, Fishing & Hunting",15.69,4,0.20000000000000004,-0.0011879853997981118
"Arthur County, Nebraska",31005,81,Other Services (except Public Administration),0.0,1,0.23333333333333325,0.11597633136094675
"Banner County, Nebraska",31007,,Not classified,,,0.0,-0.016968537893276334
"Blaine County, Nebraska",31009,48-49,Transportation & Warehousing,0.79,1,0.033333333333333215,0.14455911367430566
"Boone County, Nebraska",31011,11,"Agriculture, Forestry, Fishing & Hunting",20.52,4,0.16666666666666674,-0.03914116953945328
"Box Butte County, Nebraska",31013,11,"Agriculture, Forestry, Fishing & Hunting",8.43,4,0.2333333333333334,-0.016597553979604957
"Boyd County, Nebraska",31015,52,Finance & Insurance,1.64,1,0.3000000000000001,-0.030881884750079594
"Brown County, Nebraska",31017,11,"Agriculture, Forestry, Fishing & Hunting",24.09,4,0.06666666666666672,0.012051786886223973
"Buffalo County, Nebraska",31019,11,"Agriculture, Forestry, Fishing & Hunting",2.07,2,0.20000000000000004,0.005009545700318412
"Burt County, Nebraska",31021,11,"Agriculture, Forestry, Fishing & Hunting",10.38,4,0.3,-0.016330664400998618
"Butler County, Nebraska",31023,42,Wholesale Trade,1.52,1,0.19999999999999996,0.039209937988277974
"Cass County, Nebraska",31025,21,"Mining, Quarrying, Oil & Gas",8.36,4,0.3,-0.006532304686721288
"Cedar County, Nebraska",31027,42,Wholesale Trade,2.0,2,0.2333333333333333,-0.060369869410495464
"Chase County, Nebraska",31029,11,"Agriculture, Forestry, Fishing & Hunting",28.2,4,0.2666666666666666,-0.026557765062884642
"Cherry County, Nebraska",31031,11,"Agriculture, Forestry, Fishing & Hunting",16.06,4,0.1333333333333334,0.08145014098742269
"Cheyenne County, Nebraska",31033,22,Utilities,3.51,3,0.19999999999999987,-0.0018029243063917128
"Clay County, Nebraska",31035,42,Wholesale Trade,2.19,2,0.2666666666666666,-0.04009088864680473
"Colfax County, Nebraska",31037,42,Wholesale Trade,1.67,1,0.2666666666666666,-0.02197080497330809
"Cuming County, Nebraska",31039,52,Finance & Insurance,1.46,1,0.16666666666666674,0.0198957320208143
"Custer County, Nebraska",31041,11,"Agriculture, Forestry, Fishing & Hunting",18.02,4,0.19999999999999996,-0.014362055487558496
"Dakota County, Nebraska",31043,31-33,Manufacturing,5.33,4,0.23333333333333325,0.030592379878403242
"Dawes County, Nebraska",31045,44-45,Retail Trade,1.98,2,0.23333333333333325,0.014322726851054244
"Dawson County, Nebraska",31047,31-33,Manufacturing,3.99,3,0.20000000000000004,0.008340584968444547
"Deuel County, Nebraska",31049,11,"Agriculture, Forestry, Fishing & Hunting",11.71,4,0.20000000000000004,-0.08496863625803454
"Dixon County, Nebraska",31051,11,"Agriculture, Forestry, Fishing & Hunting",25.44,4,0.2666666666666668,0.005345520539127704
"Dodge County, Nebraska",31053,31-33,Manufacturing,3.18,3,0.2666666666666666,0.006520792597748149
"Douglas County, Nebraska",31055,55,Management of Companies & Enterprises,1.97,2,0.2666666666666666,0.04932040436972288
"Dundy County, Nebraska",31057,11,"Agriculture, Forestry, Fishing & Hunting",26.13,4,0.10000000000000002,0.020531941337310466
"Fillmore County, Nebraska",31059,11,"Agriculture, Forestry, Fishing & Hunting",9.34,4,0.1333333333333334,-0.01738023431249469
"Franklin County, Nebraska",31061,44-45,Retail Trade,1.27,1,0.20000000000000004,-0.08074669623879493
"Frontier County, Nebraska",31063,11,"Agriculture, Forestry, Fishing & Hunting",16.26,4,0.2333333333333334,-0.16758930436599123
"Furnas County, Nebraska",31065,51,Information,2.5,2,0.2666666666666668,-0.0885967018892091
"Gage County, Nebraska",31067,31-33,Manufacturing,2.19,2,0.3000000000000001,0.03333864421423327
"Garden County, Nebraska",31069,11,"Agriculture, Forestry, Fishing & Hunting",28.12,4,0.23333333333333325,0.02688403568132882
"Garfield County, Nebraska",31071,42,Wholesale Trade,1.76,1,0.2333333333333334,0.020962256129245595
"Gosper County, Nebraska",31073,11,"Agriculture, Forestry, Fishing & Hunting",15.18,4,0.3,-0.0356825574230896
"Grant County, Nebraska",31075,11,"Agriculture, Forestry, Fishing & Hunting",65.37,4,0.3666666666666667,0.11006405844671502
"Greeley County, Nebraska",31077,11,"Agriculture, Forestry, Fishing & Hunting",21.22,4,0.2666666666666668,0.049535179612912816
"Hall County, Nebraska",31079,31-33,Manufacturing,2.61,2,0.4666666666666668,0.014004033819620473
"Hamilton County, Nebraska",31081,42,Wholesale Trade,2.4,2,0.1333333333333333,-0.015121127605850741
"Harlan County, Nebraska",31083,44-45,Retail Trade,1.24,1,0.1666666666666666,0.029054878857840406
"Hayes County, Nebraska",31085,,Not classified,,,0.43333333333333335,-0.10172855963023603
"Hitchcock County, Nebraska",31087,21,"Mining, Quarrying, Oil & Gas",23.59,4,0.23333333333333325,-0.06667770006428154
"Holt County, Nebraska",31089,11,"Agriculture, Forestry, Fishing & Hunting",11.71,4,0.1666666666666666,-0.0075534034264815
"Hooker County, Nebraska",31091,11,"Agriculture, Forestry, Fishing & Hunting",10.89,4,0.3999999999999999,0.022936829340837853
"Howard County, Nebraska",31093,42,Wholesale Trade,1.96,2,0.16666666666666666,-0.028700414721690132
"Jefferson County, Nebraska",31095,31-33,Manufacturing,2.39,2,0.2666666666666668,-0.04303250266773456
"Johnson County, Nebraska",31097,42,Wholesale Trade,1.16,1,0.3333333333333333,0.0019313197120829377
"Kearney County, Nebraska",31099,31-33,Manufacturing,2.26,2,0.20000000000000004,0.06379168886599239
"Keith County, Nebraska",31101,11,"Agriculture, Forestry, Fishing & Hunting",7.03,4,0.20000000000000004,-0.014365291740400283
"Keya Paha County, Nebraska",31103,11,"Agriculture, Forestry, Fishing & Hunting",34.45,4,0.03333333333333336,0.0824123345613317
"Kimball County, Nebraska",31105,21,"Mining, Quarrying, Oil & Gas",6.05,4,0.2333333333333333,0.027745339734440554
"Knox County, Nebraska",31107,42,Wholesale Trade,1.6,1,0.20000000000000004,0.010499550358622328
"Lancaster County, Nebraska",31109,71,"Arts, Entertainment & Recreation",1.28,1,0.2666666666666666,0.03529899643142062
"Lincoln County, Nebraska",31111,11,"Agriculture, Forestry, Fishing & Hunting",3.51,3,0.20000000000000004,0.03632790306851913
"Logan County, Nebraska",31113,11,"Agriculture, Forestry, Fishing & Hunting",18.63,4,0.06666666666666658,0.03564172394414905
"Loup County, Nebraska",31115,11,"Agriculture, Forestry, Fishing & Hunting",24.99,4,0.3,0.1335612239746724
"McPherson County, Nebraska",31117,52,Finance & Insurance,0.0,1,0.23333333333333325,0.09624566388899557
"Madison County, Nebraska",31119,31-33,Manufacturing,2.06,2,0.2666666666666666,0.00048496866708828474
"Merrick County, Nebraska",31121,23,Construction,2.3,2,0.19999999999999996,0.012731692716508128
"Morrill County, Nebraska",31123,42,Wholesale Trade,1.91,1,0.20000000000000004,0.03858547670812448
"Nance County, Nebraska",31125,81,Other Services (except Public Administration),1.17,1,0.09999999999999994,-0.0046329182355936355
"Nemaha County, Nebraska",31127,11,"Agriculture, Forestry, Fishing & Hunting",2.0,2,0.3333333333333333,0.05087062907160595
"Nuckolls County, Nebraska",31129,11,"Agriculture, Forestry, Fishing & Hunting",4.97,4,0.09999999999999994,0.008739583404465507
"Otoe County, Nebraska",31131,11,"Agriculture, Forestry, Fishing & Hunting",3.83,3,0.19999999999999987,0.021245559946902234
"Pawnee County, Nebraska",31133,31-33,Manufacturing,2.25,2,0.20000000000000004,-0.0830486078338839
"Perkins County, Nebraska",31135,42,Wholesale Trade,4.12,3,0.16666666666666666,-0.04326252502276347
"Phelps County, Nebraska",31137,11,"Agriculture, Forestry, Fishing & Hunting",12.16,4,0.1333333333333333,-0.018460186129109303
"Pierce County, Nebraska",31139,11,"Agriculture, Forestry, Fishing & Hunting",5.93,4,0.16666666666666666,0.09645402343501691
"Platte County, Nebraska",31141,31-33,Manufacturing,3.73,3,0.2333333333333334,-0.00044119274964879185
"Polk County, Nebraska",31143,42,Wholesale Trade,1.7,1,0.16666666666666666,0.03812045276117991
"Red Willow County, Nebraska",31145,11,"Agriculture, Forestry, Fishing & Hunting",4.83,3,0.16666666666666666,-0.0019115046384316852
"Richardson County, Nebraska",31147,42,Wholesale Trade,1.36,1,0.23333333333333325,-0.04303804047339336
"Rock County, Nebraska",31149,11,"Agriculture, Forestry, Fishing & Hunting",10.61,4,0.033333333333333215,0.05094434905565094
"Saline County, Nebraska",31151,31-33,Manufacturing,4.96,4,0.2666666666666666,-0.008518864177530469
"Sarpy County, Nebraska",31153,48-49,Transportation & Warehousing,3.02,3,0.23333333333333325,0.01692845469041188
"Saunders County, Nebraska",31155,23,Construction,2.33,2,0.2333333333333333,-0.0017499016345653476
"Scotts Bluff County, Nebraska",31157,23,Construction,1.4,1,0.2666666666666666,0.017707668195806957
"Seward County, Nebraska",31159,11,"Agriculture, Forestry, Fishing & Hunting",6.14,4,0.2333333333333334,0.023869639796885476
"Sheridan County, Nebraska",31161,42,Wholesale Trade,2.39,2,0.16666666666666666,-0.0006858529119844959
"Sherman County, Nebraska",31163,11,"Agriculture, Forestry, Fishing & Hunting",6.08,4,0.20000000000000004,-0.03322679852861364
"Sioux County, Nebraska",31165,11,"Agriculture, Forestry, Fishing & Hunting",49.32,4,0.39999999999999997,0.10192607264811777
"Stanton County, Nebraska",31167,42,Wholesale Trade,1.12,1,0.2333333333333334,0.07359208035433804
"Thayer County, Nebraska",31169,42,Wholesale Trade,2.73,2,0.16666666666666666,-0.014348034589978806
"Thomas County, Nebraska",31171,44-45,Retail Trade,1.72,1,0.36666666666666653,0.06493875652488501
"Thurston County, Nebraska",31173,11,"Agriculture, Forestry, Fishing & Hunting",3.8,3,0.03333333333333336,0.025364433556999327
"Valley County, Nebraska",31175,42,Wholesale Trade,2.12,2,0.2333333333333334,-0.007147711615089561
"Washington County, Nebraska",31177,48-49,Transportation & Warehousing,2.31,2,0.2333333333333334,0.01150981370960933
"Wayne County, Nebraska",31179,11,"Agriculture, Forestry, Fishing & Hunting",5.34,4,0.3333333333333333,0.05652418132674437
"Webster County, Nebraska",31181,11,"Agriculture, Forestry, Fishing & Hunting",16.2,4,0.2333333333333334,0.04130753823134325
"Wheeler County, Nebraska",31183,11,"Agriculture, Forestry, Fishing & Hunting",66.29,4,0.16666666666666666,-0.014616125183680427
"York County, Nebraska",31185,31-33,Manufacturing,1.67,1,0.16666666666666666,-0.00013808310522721667
"Churchill County, Nevada",32001,11,"Agriculture, Forestry, Fishing & Hunting",4.67,3,0.033333333333333215,0.008486121618938771
"Clark County, Nevada",32003,72,Accommodation & Food Services,2.55,2,0.0,0.0478935234704815
"Douglas County, Nevada",32005,71,"Arts, Entertainment & Recreation",3.7,3,-0.09999999999999994,0.025502779033647564
"Elko County, Nevada",32007,21,"Mining, Quarrying, Oil & Gas",20.61,4,0.06666666666666658,0.019951825947717515
"Esmeralda County, Nevada",32009,21,"Mining, Quarrying, Oil & Gas",108.15,4,0.5333333333333332,-0.11472448057813912
"Eureka County, Nevada",32011,21,"Mining, Quarrying, Oil & Gas",248.09,4,0.2333333333333334,-0.19881478570419597
"Humboldt County, Nevada",32013,21,"Mining, Quarrying, Oil & Gas",68.96,4,0.033333333333333215,-0.0184304577051734
"Lander County, Nevada",32015,11,"Agriculture, Forestry, Fishing & Hunting",2.42,2,-0.13333333333333344,-0.12731039895813376
"Lincoln County, Nevada",32017,44-45,Retail Trade,1.39,1,-0.033333333333333215,0.04138001221249746
"Lyon County, Nevada",32019,11,"Agriculture, Forestry, Fishing & Hunting",6.02,4,0.033333333333333215,0.010011868189277745
"Mineral County, Nevada",32021,44-45,Retail Trade,1.28,1,1.3666666666666665,-0.10726484303068104
"Nye County, Nevada",32023,21,"Mining, Quarrying, Oil & Gas",21.3,4,0.09999999999999994,0.03372905383540064
"Pershing County, Nevada",32027,21,"Mining, Quarrying, Oil & Gas",121.74,4,-0.16666666666666666,0.028753290356234792
"Storey County, Nevada",32029,31-33,Manufacturing,8.78,4,0.033333333333333215,-0.06525948083883072
"Washoe County, Nevada",32031,23,Construction,1.78,1,0.09999999999999994,0.02850149567295918
"White Pine County, Nevada",32033,21,"Mining, Quarrying, Oil & Gas",85.23,4,-0.06666666666666672,0.07613276197398994
"Carson City, Nevada",32510,71,"Arts, Entertainment & Recreation",1.68,1,0.0,0.04274388340794892
"Belknap County, New Hampshire",33001,71,"Arts, Entertainment & Recreation",2.13,2,0.20000000000000004,0.028418091524221145
"Carroll County, New Hampshire",33003,71,"Arts, Entertainment & Recreation",4.25,3,0.16666666666666666,0.03759897735415667
"Cheshire County, New Hampshire",33005,31-33,Manufacturing,1.88,1,0.16666666666666666,-0.0050395803274938394
"Coos County, New Hampshire",33007,71,"Arts, Entertainment & Recreation",3.67,3,0.03333333333333336,0.026798613786233418
"Grafton County, New Hampshire",33009,61,Educational Services,5.26,4,0.13333333333333344,0.02668486342327454
"Hillsborough County, New Hampshire",33011,31-33,Manufacturing,1.53,1,0.3333333333333333,0.011997632264234157
"Merrimack County, New Hampshire",33013,71,"Arts, Entertainment & Recreation",1.58,1,0.19999999999999987,0.025945644302536732
"Rockingham County, New Hampshire",33015,44-45,Retail Trade,1.55,1,0.2666666666666666,0.01449118454042817
"Strafford County, New Hampshire",33017,44-45,Retail Trade,1.49,1,0.19999999999999987,0.013681092349668932
"Sullivan County, New Hampshire",33019,31-33,Manufacturing,2.93,3,0.10000000000000009,0.0023461756428823995
"Atlantic County, New Jersey",34001,72,Accommodation & Food Services,2.96,3,0.5666666666666668,0.02150738672195966
"Bergen County, New Jersey",34003,99,Unclassified,3.23,3,0.3,0.011747061070181844
"Burlington County, New Jersey",34005,99,Unclassified,2.1,2,0.3999999999999999,0.021967574174580853
"Camden County, New Jersey",34007,99,Unclassified,2.54,2,0.4666666666666668,0.01906966643677836
"Cape May County, New Jersey",34009,72,Accommodation & Food Services,2.51,2,0.6666666666666664,0.018851194426428648
"Cumberland County, New Jersey",34011,11,"Agriculture, Forestry, Fishing & Hunting",5.66,4,0.7999999999999998,-5.8443236378107933e-05
"Essex County, New Jersey",34013,48-49,Transportation & Warehousing,2.28,2,0.6,0.0340785729540477
"Gloucester County, New Jersey",34015,48-49,Transportation & Warehousing,2.71,2,0.3999999999999999,0.008939965608933526
"Hudson County, New Jersey",34017,52,Finance & Insurance,3.31,3,0.3666666666666667,0.02372580409526528
"Hunterdon County, New Jersey",34019,11,"Agriculture, Forestry, Fishing & Hunting",2.81,2,0.3666666666666667,0.010555983796788184
"Mercer County, New Jersey",34021,61,Educational Services,2.68,2,0.5333333333333332,0.039775684746073924
"Middlesex County, New Jersey",34023,48-49,Transportation & Warehousing,2.68,2,0.5,0.016384619709478337
"Monmouth County, New Jersey",34025,99,Unclassified,3.0,3,0.3666666666666667,0.023073299421253145
"Morris County, New Jersey",34027,55,Management of Companies & Enterprises,2.43,2,0.4000000000000001,0.015071757413967286
"Ocean County, New Jersey",34029,99,Unclassified,4.33,3,0.4000000000000001,0.01937577388751719
"Passaic County, New Jersey",34031,99,Unclassified,3.64,3,0.5,0.014714455432893491
"Salem County, New Jersey",34033,48-49,Transportation & Warehousing,4.31,3,0.6,0.013323019906478965
"Somerset County, New Jersey",34035,55,Management of Companies & Enterprises,2.72,2,0.4666666666666666,0.02936798607487688
"Sussex County, New Jersey",34037,71,"Arts, Entertainment & Recreation",2.46,2,0.4000000000000001,0.010908294498975775
"Union County, New Jersey",34039,99,Unclassified,2.74,2,0.5,0.031867389038201986
"Warren County, New Jersey",34041,44-45,Retail Trade,1.67,1,0.4666666666666666,0.05786643756472739
"Bernalillo County, New Mexico",35001,54,"Professional, Scientific & Technical Services",1.41,1,0.09999999999999994,0.028887772665394544
"Catron County, New Mexico",35003,22,Utilities,3.43,3,0.0,0.06053777178413419
"Chaves County, New Mexico",35005,21,"Mining, Quarrying, Oil & Gas",7.49,4,0.0,0.02857172172649983
"Cibola County, New Mexico",35006,22,Utilities,2.99,3,0.06666666666666672,0.03186052158420738
"Colfax County, New Mexico",35007,72,Accommodation & Food Services,3.23,3,0.09999999999999994,0.018994615286032728
"Curry County, New Mexico",35009,22,Utilities,3.47,3,0.0,0.02348371318741627
"De Baca County, New Mexico",35011,51,Information,1.58,1,0.10000000000000024,0.033141238792841615
"Doña Ana County, New Mexico",35013,11,"Agriculture, Forestry, Fishing & Hunting",3.68,3,0.10000000000000024,0.03286275843036439
"Eddy County, New Mexico",35015,21,"Mining, Quarrying, Oil & Gas",63.07,4,-0.16666666666666666,0.10894656639298153
"Grant County, New Mexico",35017,56,Administrative & Support & Waste Management,1.64,1,-0.20000000000000018,-0.04055910142679208
"Guadalupe County, New Mexico",35019,72,Accommodation & Food Services,2.25,2,-0.5333333333333332,0.08349531937476475
"Harding County, New Mexico",35021,,Not classified,,,0.16666666666666666,-0.05584141255483941
"Hidalgo County, New Mexico",35023,22,Utilities,2.17,2,0.4666666666666668,-0.00525840690740573
"Lea County, New Mexico",35025,21,"Mining, Quarrying, Oil & Gas",61.63,4,-0.19999999999999987,0.14927188949975131
"Lincoln County, New Mexico",35027,71,"Arts, Entertainment & Recreation",3.38,3,0.0,0.020552202847962688
"Los Alamos County, New Mexico",35028,56,Administrative & Support & Waste Management,1.08,1,-0.06666666666666665,0.07521491868040908
"Luna County, New Mexico",35029,22,Utilities,2.21,2,0.8000000000000002,0.0324081668190327
"McKinley County, New Mexico",35031,44-45,Retail Trade,1.6,1,0.0,-0.008747772097807503
"Mora County, New Mexico",35033,11,"Agriculture, Forestry, Fishing & Hunting",6.36,4,-0.3000000000000001,0.05431557014774593
"Otero County, New Mexico",35035,22,Utilities,1.83,1,0.06666666666666672,0.010479425271339852
"Quay County, New Mexico",35037,22,Utilities,12.19,4,0.03333333333333336,-0.030504400118070252
"Rio Arriba County, New Mexico",35039,22,Utilities,3.09,3,-0.2333333333333334,0.014430643796669015
"Roosevelt County, New Mexico",35041,22,Utilities,3.6,3,0.033333333333333215,0.031596284691096564
"Sandoval County, New Mexico",35043,31-33,Manufacturing,1.44,1,0.13333333333333316,0.06287456400112566
"San Juan County, New Mexico",35045,21,"Mining, Quarrying, Oil & Gas",25.34,4,-0.09999999999999994,0.014297824254390629
"San Miguel County, New Mexico",35047,62,Health Care & Social Assistance,1.81,1,-0.16666666666666666,0.05187118256286642
"Santa Fe County, New Mexico",35049,71,"Arts, Entertainment & Recreation",1.88,1,0.0,0.020784551207832302
"Sierra County, New Mexico",35051,22,Utilities,1.87,1,0.06666666666666643,0.008869129607765971
"Socorro County, New Mexico",35053,44-45,Retail Trade,0.9,1,0.09999999999999994,0.022990752719083896
"Taos County, New Mexico",35055,71,"Arts, Entertainment & Recreation",6.75,4,-0.13333333333333344,0.041677090920268764
"Torrance County, New Mexico",35057,44-45,Retail Trade,1.66,1,0.13333333333333316,0.08923946372492188
"Union County, New Mexico",35059,44-45,Retail Trade,1.29,1,0.10000000000000009,-0.05753887169906786
"Valencia County, New Mexico",35061,23,Construction,2.21,2,0.09999999999999994,0.03508465631416096
"Albany County, New York",36001,99,Unclassified,1.93,1,0.09999999999999994,0.015057334849090356
"Allegany County, New York",36003,99,Unclassified,2.97,3,0.16666666666666666,0.011626637316177274
"Bronx County, New York",36005,99,Unclassified,2.94,3,-0.3000000000000001,0.013366347884497053
"Broome County, New York",36007,62,Health Care & Social Assistance,1.33,1,0.16666666666666666,0.013793218695860364
"Cattaraugus County, New York",36009,11,"Agriculture, Forestry, Fishing & Hunting",1.63,1,0.03333333333333351,0.0221486986767211
"Cayuga County, New York",36011,99,Unclassified,1.95,1,0.06666666666666672,0.017871091108195736
"Chautauqua County, New York",36013,31-33,Manufacturing,2.09,2,0.16666666666666666,0.01760761859044612
"Chemung County, New York",36015,99,Unclassified,2.02,2,0.1333333333333333,0.0020320650868223804
"Chenango County, New York",36017,31-33,Manufacturing,3.93,3,0.06666666666666672,0.037862294424089775
"Clinton County, New York",36019,44-45,Retail Trade,1.58,1,0.23333333333333325,0.0166716140471742
"Columbia County, New York",36021,99,Unclassified,4.55,3,0.1333333333333333,-0.004902146431173773
"Cortland County, New York",36023,71,"Arts, Entertainment & Recreation",3.03,3,0.19999999999999987,0.0030999112634332126
"Delaware County, New York",36025,99,Unclassified,4.55,3,0.16666666666666666,0.03742530362231554
"Dutchess County, New York",36027,61,Educational Services,3.83,3,0.09999999999999994,0.02571862745656497
"Erie County, New York",36029,99,Unclassified,1.85,1,0.16666666666666666,0.014289091138498652
"Essex County, New York",36031,99,Unclassified,2.12,2,0.03333333333333336,0.015941709546490157
"Franklin County, New York",36033,62,Health Care & Social Assistance,1.45,1,0.16666666666666666,0.02899931166047161
"Fulton County, New York",36035,48-49,Transportation & Warehousing,2.34,2,0.16666666666666652,0.008001873152457048
"Genesee County, New York",36037,99,Unclassified,2.2,2,0.06666666666666658,0.03154367472716245
"Greene County, New York",36039,71,"Arts, Entertainment & Recreation",4.34,3,0.06666666666666672,0.04038102356488846
"Hamilton County, New York",36041,71,"Arts, Entertainment & Recreation",5.39,4,0.2333333333333331,0.0001933083340600564
"Herkimer County, New York",36043,99,Unclassified,3.7,3,0.09999999999999994,0.0015028940435386684
"Jefferson County, New York",36045,99,Unclassified,2.12,2,0.13333333333333344,0.000831265160974911
"Kings County, New York",36047,99,Unclassified,4.86,3,-0.06666666666666643,0.0316105809736383
"Lewis County, New York",36049,31-33,Manufacturing,1.95,1,0.1333333333333333,0.048011118261832096
"Livingston County, New York",36051,99,Unclassified,2.38,2,0.1333333333333333,0.02931380821824142
"Madison County, New York",36053,99,Unclassified,3.26,3,0.1333333333333333,0.017514550220474715
"Monroe County, New York",36055,61,Educational Services,3.54,3,0.1333333333333333,0.01359063795413628
"Montgomery County, New York",36057,48-49,Transportation & Warehousing,3.12,3,0.06666666666666672,0.01809730408979717
"Nassau County, New York",36059,99,Unclassified,4.32,3,0.09999999999999994,-0.004187053123118371
"New York County, New York",36061,51,Information,4.11,3,0.0,0.014852162318942244
"Niagara County, New York",36063,99,Unclassified,2.6,2,0.20000000000000018,0.02108638614420883
"Oneida County, New York",36065,99,Unclassified,1.7,1,0.1333333333333333,0.014196834833028502
"Onondaga County, New York",36067,22,Utilities,2.23,2,0.10000000000000009,0.010710085859568692
"Ontario County, New York",36069,99,Unclassified,1.52,1,0.06666666666666658,0.017614997103585522
"Orange County, New York",36071,99,Unclassified,3.46,3,0.16666666666666666,0.017817257654154046
"Orleans County, New York",36073,11,"Agriculture, Forestry, Fishing & Hunting",7.94,4,0.13333333333333316,0.0020608542249913805
"Oswego County, New York",36075,99,Unclassified,2.02,2,0.09999999999999994,0.017353159866414933
"Otsego County, New York",36077,61,Educational Services,2.16,2,0.19999999999999987,0.011592128584262024
"Putnam County, New York",36079,99,Unclassified,5.23,4,0.10000000000000009,0.025242333268612995
"Queens County, New York",36081,99,Unclassified,4.27,3,-0.19999999999999987,0.033921086185716987
"Rensselaer County, New York",36083,22,Utilities,3.69,3,0.09999999999999994,0.03376548270474697
"Richmond County, New York",36085,48-49,Transportation & Warehousing,2.27,2,-0.2333333333333334,0.01919578383334687
"Rockland County, New York",36087,99,Unclassified,5.86,4,0.10000000000000009,0.004080212009776096
"St. Lawrence County, New York",36089,11,"Agriculture, Forestry, Fishing & Hunting",2.4,2,0.16666666666666666,0.02883734126286118
"Saratoga County, New York",36091,99,Unclassified,2.4,2,0.09999999999999994,0.018767018071346953
"Schenectady County, New York",36093,99,Unclassified,2.59,2,0.10000000000000009,0.019852113652297446
"Schoharie County, New York",36095,11,"Agriculture, Forestry, Fishing & Hunting",2.35,2,0.06666666666666672,0.01070715062802888
"Schuyler County, New York",36097,31-33,Manufacturing,1.94,1,0.19999999999999987,0.021444289028905456
"Seneca County, New York",36099,31-33,Manufacturing,2.14,2,0.1333333333333333,0.006138360625246182
"Steuben County, New York",36101,99,Unclassified,2.19,2,0.1333333333333333,0.016081599031123106
"Suffolk County, New York",36103,99,Unclassified,3.72,3,0.09999999999999994,0.009899385318623678
"Sullivan County, New York",36105,99,Unclassified,4.75,3,0.03333333333333336,0.03034151188271246
"Tioga County, New York",36107,31-33,Manufacturing,3.28,3,0.10000000000000009,0.01246340160248423
"Tompkins County, New York",36109,99,Unclassified,1.75,1,0.16666666666666666,0.019526348767361503
"Ulster County, New York",36111,99,Unclassified,3.63,3,0.10000000000000009,0.021552219108691737
"Warren County, New York",36113,71,"Arts, Entertainment & Recreation",1.87,1,0.1333333333333333,-0.009968858335892648
"Washington County, New York",36115,11,"Agriculture, Forestry, Fishing & Hunting",3.86,3,0.09999999999999994,-0.007581027400127165
"Wayne County, New York",36117,31-33,Manufacturing,2.38,2,0.1333333333333333,0.00701256273885166
"Westchester County, New York",36119,99,Unclassified,3.84,3,0.1333333333333333,0.020560987420244925
"Wyoming County, New York",36121,99,Unclassified,3.7,3,0.1333333333333333,8.036932542674922e-05
"Yates County, New York",36123,31-33,Manufacturing,2.2,2,0.09999999999999994,-0.009594135512855376
"Alamance County, North Carolina",37001,61,Educational Services,1.69,1,0.03333333333333336,0.013999706358089555
"Alexander County, North Carolina",37003,31-33,Manufacturing,4.3,3,0.06666666666666672,0.015632157772776975
"Alleghany County, North Carolina",37005,71,"Arts, Entertainment & Recreation",3.93,3,0.033333333333333215,0.015470404984423676
"Anson County, North Carolina",37007,22,Utilities,3.1,3,-0.09999999999999994,0.04664573576812776
"Ashe County, North Carolina",37009,23,Construction,2.09,2,-0.06666666666666672,0.022592639324982976
"Avery County, North Carolina",37011,71,"Arts, Entertainment & Recreation",8.07,4,0.1333333333333333,0.020629218618081244
"Beaufort County, North Carolina",37013,31-33,Manufacturing,1.93,1,-0.1333333333333333,0.011387880411088902
"Bertie County, North Carolina",37015,11,"Agriculture, Forestry, Fishing & Hunting",7.04,4,-0.16666666666666666,-0.00016923194973075302
"Bladen County, North Carolina",37017,31-33,Manufacturing,5.36,4,0.13333333333333316,0.006538842012852733
"Brunswick County, North Carolina",37019,22,Utilities,5.8,4,-0.03333333333333351,0.03720554325424999
"Buncombe County, North Carolina",37021,71,"Arts, Entertainment & Recreation",1.59,1,0.5666666666666665,0.02964471006465487
"Burke County, North Carolina",37023,31-33,Manufacturing,2.85,2,0.1333333333333333,0.029467154899572016
"Cabarrus County, North Carolina",37025,71,"Arts, Entertainment & Recreation",2.2,2,0.06666666666666672,0.04882276576606662
"Caldwell County, North Carolina",37027,31-33,Manufacturing,2.7,2,0.1333333333333333,0.012698325344954534
"Camden County, North Carolina",37029,11,"Agriculture, Forestry, Fishing & Hunting",8.97,4,-0.1333333333333333,-0.010490697678930712
"Carteret County, North Carolina",37031,71,"Arts, Entertainment & Recreation",2.1,2,-0.03333333333333336,0.04200977867030591
"Caswell County, North Carolina",37033,23,Construction,2.48,2,-0.13333333333333316,0.040452645979516526
"Catawba County, North Carolina",37035,31-33,Manufacturing,3.24,3,0.03333333333333336,0.010008431253606512
"Chatham County, North Carolina",37037,23,Construction,1.84,1,0.033333333333333215,0.05659713510218842
"Cherokee County, North Carolina",37039,44-45,Retail Trade,1.8,1,0.0,0.03599691552999669
"Chowan County, North Carolina",37041,11,"Agriculture, Forestry, Fishing & Hunting",4.27,3,-0.06666666666666672,0.020640106298724224
"Clay County, North Carolina",37043,44-45,Retail Trade,1.98,2,0.03333333333333336,0.043214289079779714
"Cleveland County, North Carolina",37045,31-33,Manufacturing,2.09,2,0.03333333333333351,0.031206756631594744
"Columbus County, North Carolina",37047,31-33,Manufacturing,1.35,1,-0.06666666666666672,-0.0107685250346768
"Craven County, North Carolina",37049,44-45,Retail Trade,1.3,1,0.0,0.013093965740083854
"Cumberland County, North Carolina",37051,44-45,Retail Trade,1.33,1,-0.03333333333333351,0.012232138398791012
"Currituck County, North Carolina",37053,53,Real Estate & Rental & Leasing,3.59,3,-0.16666666666666666,0.017710089946206174
"Dare County, North Carolina",37055,53,Real Estate & Rental & Leasing,4.55,3,-0.09999999999999994,-0.010011700339335221
"Davidson County, North Carolina",37057,31-33,Manufacturing,2.58,2,0.06666666666666658,0.025208133424382072
"Davie County, North Carolina",37059,31-33,Manufacturing,3.52,3,0.06666666666666672,0.010754983117490818
"Duplin County, North Carolina",37061,11,"Agriculture, Forestry, Fishing & Hunting",7.57,4,-0.13333333333333344,0.011898175874522366
"Durham County, North Carolina",37063,61,Educational Services,4.39,3,0.06666666666666658,0.042383086455945185
"Edgecombe County, North Carolina",37065,31-33,Manufacturing,2.75,2,-0.2333333333333334,-0.006466047854278076
"Forsyth County, North Carolina",37067,61,Educational Services,1.63,1,0.03333333333333336,0.01571196545718199
"Franklin County, North Carolina",37069,23,Construction,2.71,2,-0.03333333333333336,0.045822673627247935
"Gaston County, North Carolina",37071,31-33,Manufacturing,1.99,2,0.06666666666666672,0.032853817167175635
"Gates County, North Carolina",37073,11,"Agriculture, Forestry, Fishing & Hunting",19.02,4,-0.03333333333333336,-0.03472818527046564
"Graham County, North Carolina",37075,23,Construction,4.54,3,-0.2333333333333334,0.01133213892615832
"Granville County, North Carolina",37077,31-33,Manufacturing,2.59,2,0.0,0.029985767539994265
"Greene County, North Carolina",37079,53,Real Estate & Rental & Leasing,2.32,2,0.0,0.009632131197797244
"Guilford County, North Carolina",37081,42,Wholesale Trade,1.7,1,0.06666666666666672,0.026484074952765647
"Halifax County, North Carolina",37083,11,"Agriculture, Forestry, Fishing & Hunting",2.65,2,-0.13333333333333316,0.008832087222574586
"Harnett County, North Carolina",37085,61,Educational Services,2.53,2,0.03333333333333336,0.030995614780374263
"Haywood County, North Carolina",37087,44-45,Retail Trade,1.81,1,0.16666666666666666,0.01245521324248737
"Henderson County, North Carolina",37089,31-33,Manufacturing,1.54,1,0.1333333333333333,0.045921441607405994
"Hertford County, North Carolina",37091,11,"Agriculture, Forestry, Fishing & Hunting",2.55,2,-0.13333333333333344,0.018954354573946435
"Hoke County, North Carolina",37093,31-33,Manufacturing,2.59,2,-0.09999999999999994,0.05039303979879539
"Hyde County, North Carolina",37095,11,"Agriculture, Forestry, Fishing & Hunting",26.87,4,-0.06666666666666643,-0.003885583444639109
"Iredell County, North Carolina",37097,55,Management of Companies & Enterprises,2.96,3,0.10000000000000009,0.009973799891066408
"Jackson County, North Carolina",37099,71,"Arts, Entertainment & Recreation",2.39,2,-0.09999999999999994,0.009039002603253458
"Johnston County, North Carolina",37101,31-33,Manufacturing,1.59,1,0.0,0.053090960352380936
"Jones County, North Carolina",37103,11,"Agriculture, Forestry, Fishing & Hunting",6.62,4,0.033333333333333215,0.0036851974597347566
"Lee County, North Carolina",37105,31-33,Manufacturing,3.89,3,-0.03333333333333336,0.04701269915661872
"Lenoir County, North Carolina",37107,31-33,Manufacturing,3.43,3,-0.06666666666666672,0.010161047571454892
"Lincoln County, North Carolina",37109,31-33,Manufacturing,2.06,2,0.03333333333333336,0.044956442159239364
"McDowell County, North Carolina",37111,31-33,Manufacturing,3.95,3,0.2666666666666668,0.053562744648069406
"Macon County, North Carolina",37113,71,"Arts, Entertainment & Recreation",1.85,1,0.0,0.03929956234976837
"Madison County, North Carolina",37115,61,Educational Services,3.37,3,0.4666666666666668,0.04056154010201863
"Martin County, North Carolina",37117,11,"Agriculture, Forestry, Fishing & Hunting",6.13,4,-0.033333333333333215,-0.016460034495268037
"Mecklenburg County, North Carolina",37119,52,Finance & Insurance,2.82,2,0.06666666666666658,0.04157088999241815
"Mitchell County, North Carolina",37121,81,Other Services (except Public Administration),1.8,1,0.5,-0.028993114542198096
"Montgomery County, North Carolina",37123,31-33,Manufacturing,3.55,3,0.09999999999999994,0.030828331524487378
"Moore County, North Carolina",37125,71,"Arts, Entertainment & Recreation",1.87,1,-0.06666666666666672,0.04291766217810052
"Nash County, North Carolina",37127,31-33,Manufacturing,2.3,2,-0.06666666666666672,0.02488431011276313
"New Hanover County, North Carolina",37129,53,Real Estate & Rental & Leasing,1.56,1,0.0,0.034879838761049525
"Northampton County, North Carolina",37131,42,Wholesale Trade,4.88,4,0.033333333333333215,0.017902670258029545
"Onslow County, North Carolina",37133,72,Accommodation & Food Services,1.85,1,0.03333333333333336,0.018477679147341376
"Orange County, North Carolina",37135,61,Educational Services,0.98,1,0.033333333333333215,0.03415123846318994
"Pamlico County, North Carolina",37137,71,"Arts, Entertainment & Recreation",8.9,4,-0.13333333333333316,-0.010102335496064152
"Pasquotank County, North Carolina",37139,44-45,Retail Trade,1.62,1,-0.09999999999999994,0.021344230384974676
"Pender County, North Carolina",37141,11,"Agriculture, Forestry, Fishing & Hunting",2.98,3,0.0,0.02489915435118903
"Perquimans County, North Carolina",37143,11,"Agriculture, Forestry, Fishing & Hunting",6.73,4,-0.03333333333333336,-0.00019910890232968794
"Person County, North Carolina",37145,22,Utilities,6.47,4,-0.03333333333333336,0.03720700919067458
"Pitt County, North Carolina",37147,72,Accommodation & Food Services,1.2,1,-0.06666666666666672,0.024231153089633025
"Polk County, North Carolina",37149,71,"Arts, Entertainment & Recreation",4.05,3,0.0,0.02811714786896127
"Randolph County, North Carolina",37151,31-33,Manufacturing,3.47,3,0.0,0.02017231637222374
"Richmond County, North Carolina",37153,21,"Mining, Quarrying, Oil & Gas",3.45,3,-0.033333333333333215,0.028889266935340368
"Robeson County, North Carolina",37155,31-33,Manufacturing,2.14,2,-0.06666666666666672,0.006740050752689047
"Rockingham County, North Carolina",37157,31-33,Manufacturing,2.43,2,0.03333333333333351,0.016152137977124042
"Rowan County, North Carolina",37159,55,Management of Companies & Enterprises,1.58,1,0.033333333333333215,0.017404410428536306
"Rutherford County, North Carolina",37161,22,Utilities,2.26,2,0.19999999999999987,0.017120322152215536
"Sampson County, North Carolina",37163,31-33,Manufacturing,2.04,2,-0.033333333333333215,0.00031385695890720646
"Scotland County, North Carolina",37165,31-33,Manufacturing,2.42,2,-0.03333333333333351,0.021220283861219442
"Stanly County, North Carolina",37167,56,Administrative & Support & Waste Management,2.99,3,-0.06666666666666658,0.04127705297338324
"Stokes County, North Carolina",37169,44-45,Retail Trade,1.75,1,0.06666666666666672,0.04650907620610259
"Surry County, North Carolina",37171,31-33,Manufacturing,1.74,1,0.0,0.015842095092781755
"Swain County, North Carolina",37173,71,"Arts, Entertainment & Recreation",5.37,4,0.0,-5.812928524802622e-05
"Transylvania County, North Carolina",37175,61,Educational Services,2.18,2,0.06666666666666672,0.028959285442097048
"Tyrrell County, North Carolina",37177,23,Construction,3.38,3,-0.13333333333333316,-0.07123029624495744
"Union County, North Carolina",37179,23,Construction,2.52,2,0.03333333333333336,0.05571974572775864
"Vance County, North Carolina",37181,48-49,Transportation & Warehousing,2.59,2,-0.13333333333333344,0.005768800516215872
"Wake County, North Carolina",37183,51,Information,2.05,2,0.03333333333333336,0.04247206358045284
"Warren County, North Carolina",37185,11,"Agriculture, Forestry, Fishing & Hunting",4.3,3,-0.16666666666666666,-0.015475431786433892
"Washington County, North Carolina",37187,31-33,Manufacturing,2.73,2,-0.16666666666666666,-0.02470261735949712
"Watauga County, North Carolina",37189,71,"Arts, Entertainment & Recreation",2.11,2,-0.06666666666666672,0.022716946352003123
"Wayne County, North Carolina",37191,31-33,Manufacturing,1.64,1,-0.03333333333333336,0.012602528659523665
"Wilkes County, North Carolina",37193,31-33,Manufacturing,2.27,2,0.06666666666666672,0.01196088068941631
"Wilson County, North Carolina",37195,31-33,Manufacturing,2.29,2,0.09999999999999994,0.016796107279846772
"Yadkin County, North Carolina",37197,31-33,Manufacturing,3.13,3,-0.03333333333333336,0.020056559068894027
"Yancey County, North Carolina",37199,31-33,Manufacturing,3.61,3,0.20000000000000018,0.024367962655910905
"Adams County, North Dakota",38001,62,Health Care & Social Assistance,2.13,2,0.0,0.07135100639709326
"Barnes County, North Dakota",38003,42,Wholesale Trade,1.7,1,0.3333333333333333,-0.0068088404066511034
"Benson County, North Dakota",38005,42,Wholesale Trade,1.47,1,0.16666666666666666,0.022942069438323297
"Billings County, North Dakota",38007,23,Construction,6.23,4,0.1333333333333334,0.005092589959293408
"Bottineau County, North Dakota",38009,21,"Mining, Quarrying, Oil & Gas",24.99,4,0.03333333333333336,0.024853801169590642
"Bowman County, North Dakota",38011,21,"Mining, Quarrying, Oil & Gas",9.24,4,-0.03333333333333329,-0.06472976764623359
"Burke County, North Dakota",38013,42,Wholesale Trade,3.41,3,0.10000000000000009,0.058718142604272286
"Burleigh County, North Dakota",38015,55,Management of Companies & Enterprises,1.45,1,0.1333333333333333,0.013967837296644602
"Cass County, North Dakota",38017,42,Wholesale Trade,1.56,1,0.2333333333333333,0.025773425855966682
"Cavalier County, North Dakota",38019,22,Utilities,5.1,4,0.16666666666666666,0.08048532020320717
"Dickey County, North Dakota",38021,11,"Agriculture, Forestry, Fishing & Hunting",8.31,4,0.09999999999999994,0.07450831061942173
"Divide County, North Dakota",38023,52,Finance & Insurance,1.36,1,0.06666666666666672,0.0788298120016297
"Dunn County, North Dakota",38025,21,"Mining, Quarrying, Oil & Gas",65.93,4,0.20000000000000004,0.08635125047496806
"Eddy County, North Dakota",38027,81,Other Services (except Public Administration),1.5,1,-0.1333333333333333,0.10242540499537317
"Emmons County, North Dakota",38029,22,Utilities,3.87,3,0.16666666666666666,-0.219048370966893
"Foster County, North Dakota",38031,11,"Agriculture, Forestry, Fishing & Hunting",5.52,4,0.03333333333333336,-0.06159330183204841
"Golden Valley County, North Dakota",38033,21,"Mining, Quarrying, Oil & Gas",9.49,4,0.3,0.018887790541333847
"Grand Forks County, North Dakota",38035,22,Utilities,1.96,2,0.1333333333333333,0.039410677057236554
"Grant County, North Dakota",38037,62,Health Care & Social Assistance,1.8,1,0.09999999999999994,-0.12688389554061197
"Griggs County, North Dakota",38039,42,Wholesale Trade,2.19,2,0.1333333333333333,0.0007912957467853611
"Hettinger County, North Dakota",38041,11,"Agriculture, Forestry, Fishing & Hunting",7.66,4,0.06666666666666672,0.07519340266270157
"Kidder County, North Dakota",38043,42,Wholesale Trade,1.34,1,-0.06666666666666672,0.008071886486594664
"LaMoure County, North Dakota",38045,11,"Agriculture, Forestry, Fishing & Hunting",11.53,4,0.19999999999999996,0.017451736428561963
"Logan County, North Dakota",38047,11,"Agriculture, Forestry, Fishing & Hunting",7.49,4,0.3,-0.06622556032427278
"McHenry County, North Dakota",38049,11,"Agriculture, Forestry, Fishing & Hunting",10.86,4,0.033333333333333215,-0.15501453116989516
"McIntosh County, North Dakota",38051,11,"Agriculture, Forestry, Fishing & Hunting",7.82,4,0.2333333333333333,-0.18526688201815106
"McKenzie County, North Dakota",38053,21,"Mining, Quarrying, Oil & Gas",44.73,4,0.03333333333333336,0.01014127746386164
"McLean County, North Dakota",38055,22,Utilities,18.97,4,-0.10000000000000009,-0.05991191852463529
"Mercer County, North Dakota",38057,22,Utilities,60.09,4,0.033333333333333215,-0.00657903601665144
"Morton County, North Dakota",38059,71,"Arts, Entertainment & Recreation",1.84,1,0.16666666666666666,0.006694701708009523
"Mountrail County, North Dakota",38061,21,"Mining, Quarrying, Oil & Gas",46.48,4,0.16666666666666666,0.022337904319273093
"Nelson County, North Dakota",38063,11,"Agriculture, Forestry, Fishing & Hunting",7.05,4,-0.03333333333333336,0.07190566062991072
"Oliver County, North Dakota",38065,42,Wholesale Trade,0.8,1,0.20000000000000004,-0.006545079127285377
"Pembina County, North Dakota",38067,11,"Agriculture, Forestry, Fishing & Hunting",14.21,4,0.0,0.06527037217643407
"Pierce County, North Dakota",38069,42,Wholesale Trade,3.13,3,0.20000000000000004,-0.10174121900564156
"Ramsey County, North Dakota",38071,22,Utilities,2.32,2,0.09999999999999994,0.021604362370523846
"Ransom County, North Dakota",38073,42,Wholesale Trade,2.07,2,0.49999999999999994,0.03171812497965132
"Renville County, North Dakota",38075,42,Wholesale Trade,4.66,3,0.06666666666666672,0.0745783101119913
"Richland County, North Dakota",38077,31-33,Manufacturing,2.95,3,0.2666666666666666,0.058852083958560744
"Rolette County, North Dakota",38079,44-45,Retail Trade,1.06,1,-0.20000000000000018,0.05519578949823202
"Sargent County, North Dakota",38081,42,Wholesale Trade,1.43,1,0.7666666666666667,0.012073640017556519
"Sheridan County, North Dakota",38083,81,Other Services (except Public Administration),0.96,1,0.23333333333333325,-0.18700492617513334
"Sioux County, North Dakota",38085,11,"Agriculture, Forestry, Fishing & Hunting",2.01,2,0.16666666666666666,-0.014280446418797065
"Slope County, North Dakota",38087,,Not classified,,,-0.06666666666666672,0.05476939946497272
"Stark County, North Dakota",38089,21,"Mining, Quarrying, Oil & Gas",31.8,4,0.09999999999999994,0.05121651033509095
"Steele County, North Dakota",38091,11,"Agriculture, Forestry, Fishing & Hunting",16.2,4,0.4000000000000001,0.012665253486520353
"Stutsman County, North Dakota",38093,61,Educational Services,3.61,3,0.1333333333333333,0.04722276285112713
"Towner County, North Dakota",38095,11,"Agriculture, Forestry, Fishing & Hunting",16.11,4,0.16666666666666666,0.10578745825219399
"Traill County, North Dakota",38097,42,Wholesale Trade,2.57,2,0.10000000000000009,0.020382274792148797
"Walsh County, North Dakota",38099,42,Wholesale Trade,1.78,1,0.09999999999999994,0.07199289963038458
"Ward County, North Dakota",38101,21,"Mining, Quarrying, Oil & Gas",12.73,4,0.16666666666666666,0.01679469285429783
"Wells County, North Dakota",38103,42,Wholesale Trade,3.95,3,-0.09999999999999994,0.0546884552368376
"Williams County, North Dakota",38105,21,"Mining, Quarrying, Oil & Gas",75.51,4,0.06666666666666658,0.09453211452626277
"Adams County, Ohio",39001,22,Utilities,1.61,1,0.36666666666666653,0.014448772043708754
"Allen County, Ohio",39003,31-33,Manufacturing,2.23,2,0.19999999999999987,0.012802908955830162
"Ashland County, Ohio",39005,31-33,Manufacturing,2.06,2,0.3000000000000001,9.929114754664525e-05
"Ashtabula County, Ohio",39007,31-33,Manufacturing,2.94,3,-0.09999999999999994,0.01978072967204145
"Athens County, Ohio",39009,72,Accommodation & Food Services,1.45,1,0.39999999999999974,0.0165198838706017
"Auglaize County, Ohio",39011,31-33,Manufacturing,4.97,4,0.19999999999999987,0.025841236501537267
"Belmont County, Ohio",39013,21,"Mining, Quarrying, Oil & Gas",10.49,4,0.19999999999999987,-0.021438079254925083
"Brown County, Ohio",39015,44-45,Retail Trade,1.33,1,0.2999999999999998,0.0010442556349598048
"Butler County, Ohio",39017,42,Wholesale Trade,2.03,2,0.2999999999999998,0.01767169645793768
"Carroll County, Ohio",39019,21,"Mining, Quarrying, Oil & Gas",7.82,4,0.19999999999999987,0.10243915145319554
"Champaign County, Ohio",39021,31-33,Manufacturing,4.63,3,0.23333333333333325,0.005503587089556308
"Clark County, Ohio",39023,31-33,Manufacturing,1.79,1,0.36666666666666653,0.00351194525613778
"Clermont County, Ohio",39025,44-45,Retail Trade,1.47,1,0.2666666666666668,-0.019860307232586135
"Clinton County, Ohio",39027,48-49,Transportation & Warehousing,5.47,4,0.19999999999999987,0.006710027528701139
"Columbiana County, Ohio",39029,31-33,Manufacturing,2.58,2,0.2333333333333334,0.050302807456758074
"Coshocton County, Ohio",39031,31-33,Manufacturing,3.69,3,0.2666666666666666,0.03447703497499215
"Crawford County, Ohio",39033,31-33,Manufacturing,1.71,1,0.2666666666666666,-0.020309785865450986
"Cuyahoga County, Ohio",39035,55,Management of Companies & Enterprises,1.92,1,-0.16666666666666666,0.01666291446961227
"Darke County, Ohio",39037,31-33,Manufacturing,2.61,2,0.2666666666666668,0.051734934078290565
"Defiance County, Ohio",39039,31-33,Manufacturing,2.45,2,0.2666666666666666,0.0010087604546917051
"Delaware County, Ohio",39041,55,Management of Companies & Enterprises,7.73,4,0.2666666666666666,0.03458259292557821
"Erie County, Ohio",39043,71,"Arts, Entertainment & Recreation",3.02,3,0.16666666666666666,-0.0007358590323262752
"Fairfield County, Ohio",39045,72,Accommodation & Food Services,1.53,1,0.2666666666666666,0.0180265750232564
"Fayette County, Ohio",39047,48-49,Transportation & Warehousing,2.45,2,0.2333333333333334,-0.01323840019011212
"Franklin County, Ohio",39049,55,Management of Companies & Enterprises,1.85,1,0.3000000000000001,0.01546975053365815
"Fulton County, Ohio",39051,31-33,Manufacturing,3.56,3,0.36666666666666653,-0.007000933457794373
"Gallia County, Ohio",39053,22,Utilities,11.49,4,0.3000000000000001,-0.03933164232206225
"Geauga County, Ohio",39055,31-33,Manufacturing,2.24,2,-0.09999999999999994,0.00861604399025256
"Greene County, Ohio",39057,54,"Professional, Scientific & Technical Services",2.12,2,0.2666666666666668,0.0311742673671292
"Guernsey County, Ohio",39059,31-33,Manufacturing,2.35,2,0.2333333333333334,0.11020497281476807
"Hamilton County, Ohio",39061,55,Management of Companies & Enterprises,3.09,3,0.3333333333333332,0.012486867944928802
"Hancock County, Ohio",39063,31-33,Manufacturing,2.98,3,0.3000000000000001,0.012460071867232081
"Hardin County, Ohio",39065,31-33,Manufacturing,2.84,2,0.36666666666666653,0.040123154450606185
"Harrison County, Ohio",39067,21,"Mining, Quarrying, Oil & Gas",13.43,4,0.0,0.09544683807336099
"Henry County, Ohio",39069,31-33,Manufacturing,3.32,3,0.4000000000000001,-0.055529709495787366
"Highland County, Ohio",39071,31-33,Manufacturing,2.18,2,0.2999999999999998,0.00477720068715159
"Hocking County, Ohio",39073,72,Accommodation & Food Services,1.97,2,0.2333333333333334,0.0014914207844904848
"Holmes County, Ohio",39075,31-33,Manufacturing,4.65,3,0.1333333333333333,0.02709284997385905
"Huron County, Ohio",39077,31-33,Manufacturing,3.62,3,0.2666666666666666,-0.016190515098472396
"Jackson County, Ohio",39079,31-33,Manufacturing,2.93,3,0.5,0.00015390074676171263
"Jefferson County, Ohio",39081,22,Utilities,4.7,3,0.2666666666666666,-0.02563097454159585
"Knox County, Ohio",39083,61,Educational Services,2.92,3,0.3,0.029576976197504476
"Lake County, Ohio",39085,31-33,Manufacturing,2.64,2,-0.13333333333333344,0.011659697563754344
"Lawrence County, Ohio",39087,22,Utilities,2.54,2,0.2999999999999998,-0.025566483483538748
"Licking County, Ohio",39089,48-49,Transportation & Warehousing,3.07,3,0.2666666666666668,0.02782112615454402
"Logan County, Ohio",39091,31-33,Manufacturing,3.19,3,0.2666666666666666,0.02442238742918627
"Lorain County, Ohio",39093,31-33,Manufacturing,1.91,1,-0.20000000000000018,0.014838649307758406
"Lucas County, Ohio",39095,31-33,Manufacturing,1.49,1,0.5,0.0022584529384629118
"Madison County, Ohio",39097,48-49,Transportation & Warehousing,7.99,4,0.23333333333333325,0.032248238734537686
"Mahoning County, Ohio",39099,62,Health Care & Social Assistance,1.45,1,0.2666666666666669,0.011416546648350593
"Marion County, Ohio",39101,31-33,Manufacturing,2.6,2,0.09999999999999994,0.0005530479531990868
"Medina County, Ohio",39103,55,Management of Companies & Enterprises,2.29,2,-0.1333333333333333,0.008115917988846375
"Meigs County, Ohio",39105,11,"Agriculture, Forestry, Fishing & Hunting",2.31,2,0.39999999999999974,-0.005808361564185404
"Mercer County, Ohio",39107,31-33,Manufacturing,3.44,3,0.20000000000000004,0.08545831128152334
"Miami County, Ohio",39109,31-33,Manufacturing,2.95,3,0.2666666666666668,0.007229512400692981
"Monroe County, Ohio",39111,22,Utilities,4.14,3,0.3000000000000001,-0.01636033356152042
"Montgomery County, Ohio",39113,62,Health Care & Social Assistance,1.42,1,0.3333333333333333,0.014984951401495512
"Morgan County, Ohio",39115,42,Wholesale Trade,2.9,3,0.09999999999999994,-0.004250226953866469
"Morrow County, Ohio",39117,11,"Agriculture, Forestry, Fishing & Hunting",3.01,3,0.20000000000000004,0.010894623958134663
"Muskingum County, Ohio",39119,21,"Mining, Quarrying, Oil & Gas",5.0,4,0.2333333333333334,0.01074396258026497
"Noble County, Ohio",39121,22,Utilities,1.29,1,0.16666666666666666,0.05367563427696141
"Ottawa County, Ohio",39123,71,"Arts, Entertainment & Recreation",2.39,2,0.36666666666666653,-0.010889071554683251
"Paulding County, Ohio",39125,22,Utilities,4.82,3,0.3000000000000001,-0.01173870400893599
"Perry County, Ohio",39127,31-33,Manufacturing,1.53,1,0.36666666666666653,-0.00842676917039861
"Pickaway County, Ohio",39129,48-49,Transportation & Warehousing,2.8,2,0.2999999999999998,-0.009868970509084835
"Pike County, Ohio",39131,56,Administrative & Support & Waste Management,3.69,3,0.6333333333333332,0.01602173105374833
"Portage County, Ohio",39133,31-33,Manufacturing,2.26,2,0.3,0.008908124946186886
"Preble County, Ohio",39135,31-33,Manufacturing,3.98,3,0.2666666666666666,-0.02516862202579806
"Putnam County, Ohio",39137,31-33,Manufacturing,4.12,3,0.19999999999999987,-0.01946631653476491
"Richland County, Ohio",39139,31-33,Manufacturing,2.39,2,0.2666666666666666,0.004315056116093658
"Ross County, Ohio",39141,22,Utilities,1.67,1,0.5,0.009438894591301011
"Sandusky County, Ohio",39143,31-33,Manufacturing,3.97,3,0.19999999999999987,-0.004753070892550203
"Scioto County, Ohio",39145,62,Health Care & Social Assistance,2.41,2,0.5333333333333335,0.0037281141944445983
"Seneca County, Ohio",39147,31-33,Manufacturing,2.91,3,0.3000000000000001,-0.008877309953163583
"Shelby County, Ohio",39149,31-33,Manufacturing,5.46,4,0.2666666666666668,-0.007215707855032667
"Stark County, Ohio",39151,31-33,Manufacturing,1.89,1,0.2666666666666669,0.008911788947128319
"Summit County, Ohio",39153,55,Management of Companies & Enterprises,2.03,2,0.3000000000000001,0.004609372265623506
"Trumbull County, Ohio",39155,31-33,Manufacturing,1.96,2,0.4000000000000001,0.028818726619129216
"Tuscarawas County, Ohio",39157,21,"Mining, Quarrying, Oil & Gas",5.21,4,0.2333333333333334,0.01483334345614159
"Union County, Ohio",39159,31-33,Manufacturing,2.9,3,0.2666666666666668,0.027047262765328303
"Van Wert County, Ohio",39161,31-33,Manufacturing,3.27,3,0.3,0.00027220785853362695
"Vinton County, Ohio",39163,31-33,Manufacturing,2.36,2,0.43333333333333357,0.08506091324873387
"Warren County, Ohio",39165,55,Management of Companies & Enterprises,4.54,3,0.2999999999999998,0.023192271109290216
"Washington County, Ohio",39167,21,"Mining, Quarrying, Oil & Gas",2.58,2,0.13333333333333344,0.016270143208286087
"Wayne County, Ohio",39169,31-33,Manufacturing,3.51,3,0.2333333333333334,0.019814388969496635
"Williams County, Ohio",39171,31-33,Manufacturing,4.42,3,0.4333333333333334,-0.023006668371223365
"Wood County, Ohio",39173,48-49,Transportation & Warehousing,3.5,3,0.3,0.019620938935278182
"Wyandot County, Ohio",39175,31-33,Manufacturing,4.1,3,0.2333333333333334,-0.009725079424994496
"Adair County, Oklahoma",40001,31-33,Manufacturing,3.17,3,0.2666666666666668,0.01691984118655333
"Alfalfa County, Oklahoma",40003,11,"Agriculture, Forestry, Fishing & Hunting",3.39,3,0.09999999999999994,-0.054881780088235126
"Atoka County, Oklahoma",40005,44-45,Retail Trade,1.64,1,0.0,0.02162889508441403
"Beaver County, Oklahoma",40007,21,"Mining, Quarrying, Oil & Gas",22.71,4,0.20000000000000004,0.0007184860945306628
"Beckham County, Oklahoma",40009,21,"Mining, Quarrying, Oil & Gas",30.1,4,0.033333333333333215,0.05285097128645837
"Blaine County, Oklahoma",40011,21,"Mining, Quarrying, Oil & Gas",15.81,4,-0.03333333333333336,-0.014199463206221348
"Bryan County, Oklahoma",40013,11,"Agriculture, Forestry, Fishing & Hunting",1.33,1,0.2666666666666668,0.03346041852954567
"Caddo County, Oklahoma",40015,22,Utilities,15.59,4,0.03333333333333336,0.01982468072392824
"Canadian County, Oklahoma",40017,21,"Mining, Quarrying, Oil & Gas",10.61,4,0.16666666666666666,0.0576112257619395
"Carter County, Oklahoma",40019,21,"Mining, Quarrying, Oil & Gas",12.04,4,0.3000000000000001,0.04141059874490154
"Cherokee County, Oklahoma",40021,53,Real Estate & Rental & Leasing,1.21,1,0.06666666666666658,0.028725307007464104
"Choctaw County, Oklahoma",40023,22,Utilities,6.86,4,-0.3333333333333333,0.03202485165296738
"Cimarron County, Oklahoma",40025,44-45,Retail Trade,1.43,1,0.3333333333333333,0.028216070099773723
"Cleveland County, Oklahoma",40027,72,Accommodation & Food Services,1.58,1,0.16666666666666666,0.018812093793012827
"Coal County, Oklahoma",40029,21,"Mining, Quarrying, Oil & Gas",12.53,4,0.2666666666666666,-0.06313317964555923
"Comanche County, Oklahoma",40031,22,Utilities,1.63,1,0.06666666666666658,0.008025788637418745
"Cotton County, Oklahoma",40033,23,Construction,1.05,1,-0.03333333333333336,0.04160515091863517
"Craig County, Oklahoma",40035,22,Utilities,8.76,4,0.16666666666666666,0.014390186364708657
"Creek County, Oklahoma",40037,31-33,Manufacturing,2.27,2,0.03333333333333336,0.020715016418747224
"Custer County, Oklahoma",40039,21,"Mining, Quarrying, Oil & Gas",16.09,4,0.0,-0.001825160605455813
"Delaware County, Oklahoma",40041,11,"Agriculture, Forestry, Fishing & Hunting",1.78,1,0.16666666666666666,0.04427604793022009
"Dewey County, Oklahoma",40043,21,"Mining, Quarrying, Oil & Gas",110.39,4,-0.16666666666666666,0.038930497869218914
"Ellis County, Oklahoma",40045,21,"Mining, Quarrying, Oil & Gas",11.17,4,0.03333333333333336,0.1554804138519454
"Garfield County, Oklahoma",40047,21,"Mining, Quarrying, Oil & Gas",8.24,4,0.1333333333333333,0.011945701922644148
"Garvin County, Oklahoma",40049,21,"Mining, Quarrying, Oil & Gas",15.28,4,0.23333333333333325,-0.03300344062697231
"Grady County, Oklahoma",40051,21,"Mining, Quarrying, Oil & Gas",8.79,4,0.13333333333333344,0.06616268963330302
"Grant County, Oklahoma",40053,21,"Mining, Quarrying, Oil & Gas",23.58,4,0.09999999999999994,-0.03301022329094728
"Greer County, Oklahoma",40055,44-45,Retail Trade,1.21,1,0.13333333333333344,0.022934341885583836
"Harmon County, Oklahoma",40057,11,"Agriculture, Forestry, Fishing & Hunting",16.48,4,-0.06666666666666658,0.10406342913776016
"Harper County, Oklahoma",40059,22,Utilities,18.65,4,0.1333333333333333,0.07527974121812624
"Haskell County, Oklahoma",40061,21,"Mining, Quarrying, Oil & Gas",11.24,4,0.3333333333333332,0.002817723723880474
"Hughes County, Oklahoma",40063,11,"Agriculture, Forestry, Fishing & Hunting",6.91,4,0.06666666666666672,-0.0415796743816265
"Jackson County, Oklahoma",40065,11,"Agriculture, Forestry, Fishing & Hunting",3.04,3,0.06666666666666672,0.01656876334554895
"Jefferson County, Oklahoma",40067,11,"Agriculture, Forestry, Fishing & Hunting",8.28,4,0.5333333333333335,0.05053740881802337
"Johnston County, Oklahoma",40069,21,"Mining, Quarrying, Oil & Gas",26.09,4,0.2666666666666668,0.0217299705468103
"Kay County, Oklahoma",40071,21,"Mining, Quarrying, Oil & Gas",4.61,3,0.06666666666666672,2.4603493157265707e-05
"Kingfisher County, Oklahoma",40073,21,"Mining, Quarrying, Oil & Gas",30.18,4,0.09999999999999994,0.04271863793054694
"Kiowa County, Oklahoma",40075,21,"Mining, Quarrying, Oil & Gas",13.71,4,0.033333333333333215,-0.08203265019192689
"Latimer County, Oklahoma",40077,22,Utilities,6.17,4,-0.16666666666666666,-0.06988129071865953
"Le Flore County, Oklahoma",40079,21,"Mining, Quarrying, Oil & Gas",4.21,3,0.1333333333333333,0.01357895233639195
"Lincoln County, Oklahoma",40081,21,"Mining, Quarrying, Oil & Gas",2.74,2,0.1333333333333333,-0.04043460976267074
"Logan County, Oklahoma",40083,21,"Mining, Quarrying, Oil & Gas",5.37,4,0.19999999999999987,0.04173701189673899
"Love County, Oklahoma",40085,72,Accommodation & Food Services,3.39,3,0.6333333333333333,0.053840112376973
"McClain County, Oklahoma",40087,21,"Mining, Quarrying, Oil & Gas",8.54,4,0.06666666666666658,0.07727707945008748
"McCurtain County, Oklahoma",40089,31-33,Manufacturing,2.61,2,-0.06666666666666672,0.029030172834346436
"McIntosh County, Oklahoma",40091,44-45,Retail Trade,2.49,2,0.09999999999999994,0.0019311246469515698
"Major County, Oklahoma",40093,21,"Mining, Quarrying, Oil & Gas",42.86,4,0.16666666666666666,0.04943807128830369
"Marshall County, Oklahoma",40095,31-33,Manufacturing,4.54,3,0.20000000000000004,0.03770204502984999
"Mayes County, Oklahoma",40097,21,"Mining, Quarrying, Oil & Gas",3.07,3,0.0,0.0331255670502712
"Murray County, Oklahoma",40099,21,"Mining, Quarrying, Oil & Gas",11.34,4,0.20000000000000004,0.039679954321019284
"Muskogee County, Oklahoma",40101,22,Utilities,2.21,2,0.3333333333333333,0.00746578526801783
"Noble County, Oklahoma",40103,21,"Mining, Quarrying, Oil & Gas",3.99,3,0.16666666666666666,-0.001239341584135176
"Nowata County, Oklahoma",40105,21,"Mining, Quarrying, Oil & Gas",3.36,3,0.1333333333333333,0.030546733766551034
"Okfuskee County, Oklahoma",40107,11,"Agriculture, Forestry, Fishing & Hunting",3.41,3,-0.03333333333333351,0.014142603793080416
"Oklahoma County, Oklahoma",40109,56,Administrative & Support & Waste Management,1.24,1,0.16666666666666666,0.010726150498692452
"Okmulgee County, Oklahoma",40111,21,"Mining, Quarrying, Oil & Gas",1.47,1,0.0,0.029944059088487646
"Osage County, Oklahoma",40113,21,"Mining, Quarrying, Oil & Gas",10.44,4,0.033333333333333215,0.01984662534198851
"Ottawa County, Oklahoma",40115,11,"Agriculture, Forestry, Fishing & Hunting",2.82,2,0.20000000000000004,0.011672236585468369
"Pawnee County, Oklahoma",40117,22,Utilities,6.39,4,0.03333333333333336,0.011821502302683817
"Payne County, Oklahoma",40119,21,"Mining, Quarrying, Oil & Gas",2.67,2,0.16666666666666666,0.022977205824893557
"Pittsburg County, Oklahoma",40121,21,"Mining, Quarrying, Oil & Gas",4.16,3,0.06666666666666672,0.002498773560076086
"Pontotoc County, Oklahoma",40123,31-33,Manufacturing,0.87,1,0.03333333333333336,0.026616308586965044
"Pottawatomie County, Oklahoma",40125,22,Utilities,1.88,1,0.06666666666666658,-0.05775784074382853
"Pushmataha County, Oklahoma",40127,44-45,Retail Trade,1.19,1,0.3333333333333333,-0.021109550867567977
"Roger Mills County, Oklahoma",40129,48-49,Transportation & Warehousing,1.56,1,0.06666666666666672,0.026625589199547973
"Rogers County, Oklahoma",40131,31-33,Manufacturing,2.61,2,0.06666666666666672,0.020854728748346662
"Seminole County, Oklahoma",40133,21,"Mining, Quarrying, Oil & Gas",6.75,4,0.2666666666666666,0.02097318773557697
"Sequoyah County, Oklahoma",40135,11,"Agriculture, Forestry, Fishing & Hunting",4.14,3,0.20000000000000004,-0.01761589925546924
"Stephens County, Oklahoma",40137,21,"Mining, Quarrying, Oil & Gas",13.35,4,0.16666666666666666,0.05302797613687621
"Texas County, Oklahoma",40139,11,"Agriculture, Forestry, Fishing & Hunting",14.11,4,0.09999999999999994,0.017802482777070507
"Tillman County, Oklahoma",40141,22,Utilities,9.38,4,0.1333333333333333,-0.11584123962459189
"Tulsa County, Oklahoma",40143,22,Utilities,1.78,1,0.09999999999999994,0.031008319066079842
"Wagoner County, Oklahoma",40145,23,Construction,3.22,3,0.06666666666666672,0.03689448994128354
"Washington County, Oklahoma",40147,22,Utilities,1.74,1,0.1333333333333333,0.10188888918570203
"Washita County, Oklahoma",40149,21,"Mining, Quarrying, Oil & Gas",8.46,4,0.0,-0.027019326802358166
"Woods County, Oklahoma",40151,21,"Mining, Quarrying, Oil & Gas",24.79,4,0.20000000000000004,0.03481364679364657
"Woodward County, Oklahoma",40153,21,"Mining, Quarrying, Oil & Gas",29.35,4,0.033333333333333215,0.012454106774487265
"Baker County, Oregon",41001,22,Utilities,5.71,4,0.19999999999999987,0.0521182093132741
"Benton County, Oregon",41003,81,Other Services (except Public Administration),1.37,1,0.2666666666666666,0.022289378887718717
"Clackamas County, Oregon",41005,11,"Agriculture, Forestry, Fishing & Hunting",3.3,3,0.4333333333333334,0.021377144901560598
"Clatsop County, Oregon",41007,72,Accommodation & Food Services,2.59,2,0.3333333333333333,0.0014170079166677051
"Columbia County, Oregon",41009,11,"Agriculture, Forestry, Fishing & Hunting",3.65,3,0.5333333333333332,0.022153771718771382
"Coos County, Oregon",41011,11,"Agriculture, Forestry, Fishing & Hunting",3.73,3,0.2999999999999998,0.012937645094728794
"Crook County, Oregon",41013,11,"Agriculture, Forestry, Fishing & Hunting",2.49,2,0.2999999999999998,0.09934064116548327
"Curry County, Oregon",41015,72,Accommodation & Food Services,1.82,1,0.2666666666666669,0.006422853389151153
"Deschutes County, Oregon",41017,23,Construction,1.55,1,0.3,0.038960707372939676
"Douglas County, Oregon",41019,11,"Agriculture, Forestry, Fishing & Hunting",4.09,3,0.36666666666666686,0.006639552247463824
"Gilliam County, Oregon",41021,56,Administrative & Support & Waste Management,4.08,3,0.4333333333333334,0.053015078733470354
"Grant County, Oregon",41023,11,"Agriculture, Forestry, Fishing & Hunting",13.1,4,0.4666666666666668,0.029850040210038318
"Harney County, Oregon",41025,11,"Agriculture, Forestry, Fishing & Hunting",10.21,4,0.03333333333333351,0.06661485888922032
"Hood River County, Oregon",41027,11,"Agriculture, Forestry, Fishing & Hunting",16.8,4,0.16666666666666652,0.025253858172344466
"Jackson County, Oregon",41029,11,"Agriculture, Forestry, Fishing & Hunting",3.79,3,0.4000000000000001,0.016204849186359848
"Jefferson County, Oregon",41031,31-33,Manufacturing,2.03,2,0.19999999999999987,0.04263760776306446
"Josephine County, Oregon",41033,62,Health Care & Social Assistance,2.23,2,0.5333333333333332,-0.002761511950248531
"Klamath County, Oregon",41035,11,"Agriculture, Forestry, Fishing & Hunting",4.54,3,0.4000000000000001,0.03142411850586178
"Lake County, Oregon",41037,11,"Agriculture, Forestry, Fishing & Hunting",24.02,4,0.3000000000000001,0.05201540376842191
"Lane County, Oregon",41039,11,"Agriculture, Forestry, Fishing & Hunting",1.83,1,0.2666666666666666,0.016771111719220477
"Lincoln County, Oregon",41041,72,Accommodation & Food Services,2.66,2,0.3000000000000001,0.020367985796325153
"Linn County, Oregon",41043,31-33,Manufacturing,2.13,2,0.36666666666666653,0.028612529353621657
"Malheur County, Oregon",41045,44-45,Retail Trade,1.67,1,0.16666666666666666,0.0013246700580002717
"Marion County, Oregon",41047,11,"Agriculture, Forestry, Fishing & Hunting",6.26,4,0.3333333333333333,0.0157987040986741
"Morrow County, Oregon",41049,22,Utilities,3.77,3,0.4333333333333333,0.0769985079853965
"Multnomah County, Oregon",41051,55,Management of Companies & Enterprises,1.85,1,0.4666666666666665,0.011457128743572223
"Polk County, Oregon",41053,62,Health Care & Social Assistance,1.32,1,0.3000000000000001,0.041131725301692415
"Sherman County, Oregon",41055,44-45,Retail Trade,1.43,1,0.5000000000000001,0.040164159943875406
"Tillamook County, Oregon",41057,11,"Agriculture, Forestry, Fishing & Hunting",8.64,4,0.2666666666666666,-0.02259911036753536
"Umatilla County, Oregon",41059,11,"Agriculture, Forestry, Fishing & Hunting",11.01,4,0.2999999999999998,0.006114447985500978
"Union County, Oregon",41061,11,"Agriculture, Forestry, Fishing & Hunting",4.38,3,0.36666666666666686,0.01351155775472039
"Wallowa County, Oregon",41063,11,"Agriculture, Forestry, Fishing & Hunting",7.21,4,0.16666666666666666,0.10005253111987546
"Wasco County, Oregon",41065,62,Health Care & Social Assistance,1.44,1,0.2999999999999998,0.06275658377002145
"Washington County, Oregon",41067,55,Management of Companies & Enterprises,3.19,3,0.5333333333333335,0.0031405250105608616
"Wheeler County, Oregon",41069,,Not classified,,,0.16666666666666666,0.0737236302080838
"Yamhill County, Oregon",41071,11,"Agriculture, Forestry, Fishing & Hunting",11.46,4,0.36666666666666686,0.009332219281486398
"Adams County, Pennsylvania",42001,31-33,Manufacturing,2.66,2,0.10000000000000009,-0.012459908929743873
"Allegheny County, Pennsylvania",42003,61,Educational Services,2.55,2,0.0,0.017082693537624597
"Armstrong County, Pennsylvania",42005,21,"Mining, Quarrying, Oil & Gas",13.38,4,-0.06666666666666643,0.029997931281826654
"Beaver County, Pennsylvania",42007,22,Utilities,5.14,4,-0.19999999999999987,-0.03878015399513367
"Bedford County, Pennsylvania",42009,48-49,Transportation & Warehousing,2.51,2,-0.033333333333333215,0.007118045430365497
"Berks County, Pennsylvania",42011,31-33,Manufacturing,2.19,2,0.10000000000000024,0.011725899246357158
"Blair County, Pennsylvania",42013,31-33,Manufacturing,1.59,1,-0.10000000000000024,0.008585845214123745
"Bradford County, Pennsylvania",42015,21,"Mining, Quarrying, Oil & Gas",6.79,4,0.0,0.09040286293907136
"Bucks County, Pennsylvania",42017,62,Health Care & Social Assistance,1.47,1,0.033333333333333215,0.02493315119801719
"Butler County, Pennsylvania",42019,55,Management of Companies & Enterprises,3.27,3,-0.06666666666666672,0.026568746392625117
"Cambria County, Pennsylvania",42021,61,Educational Services,1.74,1,0.0,0.018461995097462245
"Cameron County, Pennsylvania",42023,31-33,Manufacturing,4.55,3,0.2333333333333334,0.009426252842612223
"Carbon County, Pennsylvania",42025,71,"Arts, Entertainment & Recreation",6.94,4,-0.10000000000000024,-0.026491459604472595
"Centre County, Pennsylvania",42027,72,Accommodation & Food Services,1.19,1,-0.03333333333333336,0.007173883041337152
"Chester County, Pennsylvania",42029,11,"Agriculture, Forestry, Fishing & Hunting",2.65,2,0.03333333333333336,0.026461700307259747
"Clarion County, Pennsylvania",42031,21,"Mining, Quarrying, Oil & Gas",3.76,3,-0.13333333333333316,-0.0018271666841794462
"Clearfield County, Pennsylvania",42033,21,"Mining, Quarrying, Oil & Gas",3.35,3,-0.13333333333333344,0.03374915854848824
"Clinton County, Pennsylvania",42035,31-33,Manufacturing,2.92,3,-0.09999999999999994,0.02994104947335667
"Columbia County, Pennsylvania",42037,55,Management of Companies & Enterprises,2.75,2,0.13333333333333344,0.018750065048178055
"Crawford County, Pennsylvania",42039,31-33,Manufacturing,2.96,3,-0.033333333333333215,0.0004483853875948126
"Cumberland County, Pennsylvania",42041,48-49,Transportation & Warehousing,3.28,3,0.06666666666666672,0.019123811779049166
"Dauphin County, Pennsylvania",42043,71,"Arts, Entertainment & Recreation",1.85,1,0.20000000000000018,0.006438307795663912
"Delaware County, Pennsylvania",42045,61,Educational Services,2.75,2,0.06666666666666672,0.002904993372945331
"Elk County, Pennsylvania",42047,31-33,Manufacturing,5.15,4,-0.033333333333333215,-0.000393740763166917
"Erie County, Pennsylvania",42049,31-33,Manufacturing,1.97,2,-0.06666666666666672,0.01445315658367094
"Fayette County, Pennsylvania",42051,21,"Mining, Quarrying, Oil & Gas",4.99,4,-0.09999999999999994,0.015545098894595799
"Forest County, Pennsylvania",42053,31-33,Manufacturing,0.93,1,-0.03333333333333351,-0.00038916145946576167
"Franklin County, Pennsylvania",42055,48-49,Transportation & Warehousing,3.61,3,0.06666666666666658,0.00858879046157614
"Fulton County, Pennsylvania",42057,31-33,Manufacturing,5.27,4,0.0,-0.02770284010031858
"Greene County, Pennsylvania",42059,23,Construction,1.72,1,-0.2666666666666666,0.05228651916635513
"Huntingdon County, Pennsylvania",42061,11,"Agriculture, Forestry, Fishing & Hunting",3.05,3,-0.13333333333333344,0.015215708317231813
"Indiana County, Pennsylvania",42063,21,"Mining, Quarrying, Oil & Gas",8.85,4,-0.09999999999999994,-0.03504660215907749
"Jefferson County, Pennsylvania",42065,21,"Mining, Quarrying, Oil & Gas",7.29,4,0.0,0.009635032079145239
"Juniata County, Pennsylvania",42067,31-33,Manufacturing,3.56,3,0.3333333333333333,0.008095026846502346
"Lackawanna County, Pennsylvania",42069,61,Educational Services,1.91,1,0.03333333333333351,0.008887019032991909
"Lancaster County, Pennsylvania",42071,11,"Agriculture, Forestry, Fishing & Hunting",1.82,1,0.0,0.011588372755824012
"Lawrence County, Pennsylvania",42073,22,Utilities,2.18,2,-0.033333333333333215,-0.0027440531419095225
"Lebanon County, Pennsylvania",42075,31-33,Manufacturing,2.23,2,0.06666666666666658,0.011474885980494228
"Lehigh County, Pennsylvania",42077,55,Management of Companies & Enterprises,2.05,2,0.09999999999999994,0.016383768082446844
"Luzerne County, Pennsylvania",42079,48-49,Transportation & Warehousing,3.09,3,0.06666666666666672,0.01570572793095301
"Lycoming County, Pennsylvania",42081,21,"Mining, Quarrying, Oil & Gas",3.2,3,-0.033333333333333215,0.02156209319545521
"McKean County, Pennsylvania",42083,21,"Mining, Quarrying, Oil & Gas",7.57,4,-0.09999999999999994,-0.014504740203111374
"Mercer County, Pennsylvania",42085,31-33,Manufacturing,2.38,2,-0.03333333333333351,0.017051550586897876
"Mifflin County, Pennsylvania",42087,31-33,Manufacturing,3.18,3,-0.10000000000000009,0.027531767912721744
"Monroe County, Pennsylvania",42089,72,Accommodation & Food Services,1.94,1,-0.16666666666666666,0.017036162512722792
"Montgomery County, Pennsylvania",42091,55,Management of Companies & Enterprises,1.81,1,0.03333333333333336,0.013900506868861243
"Montour County, Pennsylvania",42093,62,Health Care & Social Assistance,3.65,3,0.033333333333333215,0.04339284359260252
"Northampton County, Pennsylvania",42095,48-49,Transportation & Warehousing,3.16,3,0.06666666666666672,0.019430913165981317
"Northumberland County, Pennsylvania",42097,22,Utilities,3.61,3,0.06666666666666672,0.0393279296216747
"Perry County, Pennsylvania",42099,48-49,Transportation & Warehousing,3.4,3,0.033333333333333215,0.011135416316110825
"Philadelphia County, Pennsylvania",42101,61,Educational Services,3.79,3,0.13333333333333316,0.013189430786482654
"Pike County, Pennsylvania",42103,81,Other Services (except Public Administration),2.38,2,-0.033333333333333215,0.03318995700438077
"Potter County, Pennsylvania",42105,51,Information,3.2,3,-0.033333333333333215,-0.017404152999211737
"Schuylkill County, Pennsylvania",42107,21,"Mining, Quarrying, Oil & Gas",3.88,3,0.03333333333333351,0.016531837470307852
"Snyder County, Pennsylvania",42109,31-33,Manufacturing,2.66,2,0.033333333333333215,0.027761231252124572
"Somerset County, Pennsylvania",42111,21,"Mining, Quarrying, Oil & Gas",4.37,3,-0.09999999999999994,0.0002947776492335136
"Sullivan County, Pennsylvania",42113,44-45,Retail Trade,0.84,1,-0.16666666666666666,0.052734822250573646
"Susquehanna County, Pennsylvania",42115,21,"Mining, Quarrying, Oil & Gas",14.39,4,0.033333333333333215,-0.028816976428806804
"Tioga County, Pennsylvania",42117,22,Utilities,7.25,4,-0.03333333333333351,0.04306176971255308
"Union County, Pennsylvania",42119,31-33,Manufacturing,1.27,1,0.0,0.013059328771265815
"Venango County, Pennsylvania",42121,31-33,Manufacturing,2.39,2,-0.03333333333333351,-0.0007898978385630494
"Warren County, Pennsylvania",42123,21,"Mining, Quarrying, Oil & Gas",4.74,3,-0.03333333333333351,0.007998995454890917
"Washington County, Pennsylvania",42125,21,"Mining, Quarrying, Oil & Gas",11.48,4,-0.06666666666666672,0.03331703312335328
"Wayne County, Pennsylvania",42127,21,"Mining, Quarrying, Oil & Gas",2.16,2,-0.19999999999999987,0.025171888485071087
"Westmoreland County, Pennsylvania",42129,21,"Mining, Quarrying, Oil & Gas",1.7,1,-0.06666666666666672,0.01073728886917228
"Wyoming County, Pennsylvania",42131,21,"Mining, Quarrying, Oil & Gas",5.14,4,-0.16666666666666666,-0.02063926209193078
"York County, Pennsylvania",42133,31-33,Manufacturing,2.16,2,0.13333333333333316,0.01274643194304943
"Bristol County, Rhode Island",44001,61,Educational Services,5.51,4,0.3,0.03176165042658141
"Kent County, Rhode Island",44003,44-45,Retail Trade,1.41,1,0.3999999999999999,0.009628475258107174
"Newport County, Rhode Island",44005,71,"Arts, Entertainment & Recreation",1.93,1,0.3333333333333333,0.013787959921998477
"Providence County, Rhode Island",44007,61,Educational Services,2.92,3,0.4666666666666668,0.01421427766448002
"Washington County, Rhode Island",44009,31-33,Manufacturing,2.7,2,0.2333333333333334,0.01953583786630104
"Abbeville County, South Carolina",45001,31-33,Manufacturing,4.62,3,0.36666666666666653,0.034911840023661114
"Aiken County, South Carolina",45003,56,Administrative & Support & Waste Management,2.84,2,0.3999999999999999,0.021201266059435765
"Allendale County, South Carolina",45005,31-33,Manufacturing,4.32,3,0.36666666666666653,0.04034177601464754
"Anderson County, South Carolina",45007,31-33,Manufacturing,2.72,2,0.3999999999999999,0.025398741459671952
"Bamberg County, South Carolina",45009,61,Educational Services,4.59,3,0.4000000000000001,0.0539067525106007
"Barnwell County, South Carolina",45011,31-33,Manufacturing,2.51,2,0.5333333333333332,0.06270815002164823
"Beaufort County, South Carolina",45013,71,"Arts, Entertainment & Recreation",2.74,2,0.4333333333333334,0.03185513374351663
"Berkeley County, South Carolina",45015,31-33,Manufacturing,1.71,1,0.3666666666666667,0.07699688793102259
"Calhoun County, South Carolina",45017,11,"Agriculture, Forestry, Fishing & Hunting",6.54,4,0.36666666666666653,0.04311348693896237
"Charleston County, South Carolina",45019,53,Real Estate & Rental & Leasing,1.58,1,0.3,0.05372696327286394
"Cherokee County, South Carolina",45021,31-33,Manufacturing,3.73,3,0.5666666666666668,0.017153407367617127
"Chester County, South Carolina",45023,31-33,Manufacturing,4.27,3,0.5333333333333335,0.05910796498756066
"Chesterfield County, South Carolina",45025,31-33,Manufacturing,3.78,3,0.3999999999999999,-0.007514627477834282
"Clarendon County, South Carolina",45027,11,"Agriculture, Forestry, Fishing & Hunting",3.61,3,0.6666666666666666,0.03993465776060197
"Colleton County, South Carolina",45029,22,Utilities,2.51,2,0.5,0.06282816962289851
"Darlington County, South Carolina",45031,31-33,Manufacturing,2.13,2,0.4333333333333333,-0.001347481702646653
"Dillon County, South Carolina",45033,48-49,Transportation & Warehousing,4.0,3,0.4666666666666668,0.007949035991690504
"Dorchester County, South Carolina",45035,31-33,Manufacturing,1.76,1,0.3333333333333333,0.06212383999776125
"Edgefield County, South Carolina",45037,31-33,Manufacturing,3.26,3,0.3,0.027247727637612146
"Fairfield County, South Carolina",45039,61,Educational Services,2.82,2,0.2999999999999998,0.02551577659858467
"Florence County, South Carolina",45041,31-33,Manufacturing,1.38,1,0.4666666666666666,0.02335131631588119
"Georgetown County, South Carolina",45043,71,"Arts, Entertainment & Recreation",3.16,3,0.6333333333333333,0.03440074299745027
"Greenville County, South Carolina",45045,56,Administrative & Support & Waste Management,1.59,1,0.3999999999999999,0.04045432085417536
"Greenwood County, South Carolina",45047,31-33,Manufacturing,2.54,2,0.5333333333333335,0.03132002480008442
"Hampton County, South Carolina",45049,11,"Agriculture, Forestry, Fishing & Hunting",10.32,4,0.4333333333333334,0.051161407209107376
"Horry County, South Carolina",45051,72,Accommodation & Food Services,2.2,2,0.4666666666666668,0.052909854737796476
"Jasper County, South Carolina",45053,22,Utilities,3.66,3,0.4000000000000001,0.061748701510332224
"Kershaw County, South Carolina",45055,11,"Agriculture, Forestry, Fishing & Hunting",3.24,3,0.4000000000000001,0.06265384588190494
"Lancaster County, South Carolina",45057,55,Management of Companies & Enterprises,2.28,2,0.4333333333333334,0.06513486138310928
"Laurens County, South Carolina",45059,31-33,Manufacturing,4.39,3,0.4666666666666666,-0.0006725024480273638
"Lee County, South Carolina",45061,81,Other Services (except Public Administration),1.84,1,0.3000000000000001,0.02435366742126044
"Lexington County, South Carolina",45063,22,Utilities,2.02,2,0.36666666666666653,0.034272735373918034
"McCormick County, South Carolina",45065,81,Other Services (except Public Administration),3.62,3,0.4333333333333333,0.03841050833900797
"Marion County, South Carolina",45067,48-49,Transportation & Warehousing,1.9,1,0.3000000000000001,0.04374063770597047
"Marlboro County, South Carolina",45069,31-33,Manufacturing,2.96,3,0.3333333333333333,-0.0337284661181061
"Newberry County, South Carolina",45071,31-33,Manufacturing,3.64,3,0.5333333333333335,0.025784786674357227
"Oconee County, South Carolina",45073,31-33,Manufacturing,2.94,3,0.4000000000000001,0.03253207492000603
"Orangeburg County, South Carolina",45075,31-33,Manufacturing,1.56,1,0.5666666666666668,0.029113089479104896
"Pickens County, South Carolina",45077,71,"Arts, Entertainment & Recreation",1.71,1,0.4333333333333333,0.04080877113773162
"Richland County, South Carolina",45079,52,Finance & Insurance,2.22,2,0.4666666666666665,0.030249821252617447
"Saluda County, South Carolina",45081,11,"Agriculture, Forestry, Fishing & Hunting",12.22,4,0.3999999999999999,0.008579161477791615
"Spartanburg County, South Carolina",45083,31-33,Manufacturing,2.99,3,0.4666666666666665,0.02500763235960765
"Sumter County, South Carolina",45085,31-33,Manufacturing,2.24,2,0.5333333333333335,0.023300326420405908
"Union County, South Carolina",45087,22,Utilities,3.24,3,0.3333333333333333,-0.0021242456633690995
"Williamsburg County, South Carolina",45089,31-33,Manufacturing,2.21,2,1.0333333333333334,0.03133594397786699
"York County, South Carolina",45091,22,Utilities,2.64,2,0.4333333333333333,0.02910969867901482
"Aurora County, South Dakota",46003,44-45,Retail Trade,1.91,1,-0.03333333333333336,0.022827244524702507
"Beadle County, South Dakota",46005,31-33,Manufacturing,3.0,3,0.03333333333333336,0.01661742813146245
"Bennett County, South Dakota",46007,11,"Agriculture, Forestry, Fishing & Hunting",5.61,4,0.0,0.05618061003732497
"Bon Homme County, South Dakota",46009,42,Wholesale Trade,1.52,1,0.03333333333333336,-0.0075728623240122975
"Brookings County, South Dakota",46011,31-33,Manufacturing,2.75,2,0.06666666666666672,0.026044310511996176
"Brown County, South Dakota",46013,11,"Agriculture, Forestry, Fishing & Hunting",2.44,2,0.03333333333333336,-0.0009512340114488252
"Brule County, South Dakota",46015,71,"Arts, Entertainment & Recreation",2.25,2,0.03333333333333329,0.006657217048964211
"Buffalo County, South Dakota",46017,62,Health Care & Social Assistance,0.16,1,0.0,-0.024521440701323876
"Butte County, South Dakota",46019,42,Wholesale Trade,1.69,1,0.03333333333333329,0.0327984238160722
"Campbell County, South Dakota",46021,11,"Agriculture, Forestry, Fishing & Hunting",29.74,4,0.3333333333333333,-0.20538328908837133
"Charles Mix County, South Dakota",46023,42,Wholesale Trade,1.38,1,0.03333333333333336,0.02549033245235777
"Clark County, South Dakota",46025,11,"Agriculture, Forestry, Fishing & Hunting",19.85,4,-0.06666666666666658,0.010796722761148313
"Clay County, South Dakota",46027,72,Accommodation & Food Services,1.67,1,0.06666666666666672,0.030923415577919236
"Codington County, South Dakota",46029,31-33,Manufacturing,2.46,2,0.03333333333333336,0.012973361230014831
"Corson County, South Dakota",46031,11,"Agriculture, Forestry, Fishing & Hunting",4.1,3,0.3333333333333332,-0.025687846018711893
"Custer County, South Dakota",46033,23,Construction,1.58,1,-0.03333333333333336,0.053519889435317915
"Davison County, South Dakota",46035,31-33,Manufacturing,1.75,1,0.0,0.027051055050117494
"Day County, South Dakota",46037,11,"Agriculture, Forestry, Fishing & Hunting",5.82,4,-0.1333333333333333,-0.009996125070791975
"Deuel County, South Dakota",46039,11,"Agriculture, Forestry, Fishing & Hunting",13.26,4,0.0,0.032918567290210685
"Dewey County, South Dakota",46041,22,Utilities,4.49,3,-0.06666666666666672,-0.0015406842839198152
"Douglas County, South Dakota",46043,42,Wholesale Trade,2.26,2,0.0,0.005014898237462755
"Edmunds County, South Dakota",46045,11,"Agriculture, Forestry, Fishing & Hunting",21.35,4,0.0,-0.19557459738017038
"Fall River County, South Dakota",46047,11,"Agriculture, Forestry, Fishing & Hunting",3.74,3,0.16666666666666666,0.06293176828487328
"Faulk County, South Dakota",46049,11,"Agriculture, Forestry, Fishing & Hunting",13.63,4,-0.06666666666666665,-0.08270389623565912
"Grant County, South Dakota",46051,22,Utilities,9.94,4,0.2333333333333334,0.06308705694790279
"Gregory County, South Dakota",46053,44-45,Retail Trade,1.79,1,0.10000000000000002,0.02188087831823896
"Haakon County, South Dakota",46055,42,Wholesale Trade,3.61,3,-0.1333333333333334,-0.055904841097612915
"Hamlin County, South Dakota",46057,11,"Agriculture, Forestry, Fishing & Hunting",10.25,4,-0.03333333333333329,0.032644945039112486
"Hand County, South Dakota",46059,11,"Agriculture, Forestry, Fishing & Hunting",15.8,4,0.0,0.01934535044670945
"Hanson County, South Dakota",46061,11,"Agriculture, Forestry, Fishing & Hunting",2.91,3,0.0,0.005305441867515538
"Harding County, South Dakota",46063,23,Construction,4.25,3,0.0,0.023160890486622104
"Hughes County, South Dakota",46065,52,Finance & Insurance,1.28,1,0.0,0.016882395758852364
"Hutchinson County, South Dakota",46067,42,Wholesale Trade,3.38,3,-0.03333333333333336,0.01775610930540508
"Hyde County, South Dakota",46069,11,"Agriculture, Forestry, Fishing & Hunting",17.5,4,-0.16666666666666666,0.02175665767852663
"Jackson County, South Dakota",46071,44-45,Retail Trade,1.56,1,-0.10000000000000009,0.04852486631228497
"Jerauld County, South Dakota",46073,42,Wholesale Trade,2.41,2,0.10000000000000002,-0.09945512112510124
"Jones County, South Dakota",46075,44-45,Retail Trade,1.49,1,0.03333333333333336,-0.030676425475844888
"Kingsbury County, South Dakota",46077,11,"Agriculture, Forestry, Fishing & Hunting",12.79,4,0.1333333333333333,0.003757767062080736
"Lake County, South Dakota",46079,11,"Agriculture, Forestry, Fishing & Hunting",4.85,3,0.0,0.045551598036626485
"Lawrence County, South Dakota",46081,21,"Mining, Quarrying, Oil & Gas",7.71,4,0.06666666666666665,0.034880891239418725
"Lincoln County, South Dakota",46083,52,Finance & Insurance,2.53,2,0.06666666666666665,0.03637531190874964
"Lyman County, South Dakota",46085,72,Accommodation & Food Services,1.93,1,0.0,-0.031059455413942633
"McCook County, South Dakota",46087,42,Wholesale Trade,2.51,2,0.06666666666666665,0.04367258758815385
"McPherson County, South Dakota",46089,11,"Agriculture, Forestry, Fishing & Hunting",16.0,4,0.033333333333333215,-0.09399541485781182
"Marshall County, South Dakota",46091,31-33,Manufacturing,2.16,2,0.0,0.05845435562958966
"Meade County, South Dakota",46093,23,Construction,2.14,2,0.03333333333333336,0.042066108648218976
"Mellette County, South Dakota",46095,44-45,Retail Trade,1.21,1,0.06666666666666672,0.07790900590228765
"Miner County, South Dakota",46097,81,Other Services (except Public Administration),2.19,2,0.1333333333333333,0.03983209654448692
"Minnehaha County, South Dakota",46099,52,Finance & Insurance,1.53,1,0.06666666666666665,-0.009835798822438964
"Moody County, South Dakota",46101,11,"Agriculture, Forestry, Fishing & Hunting",23.75,4,0.0,0.03457674264707944
"Oglala Lakota County, South Dakota",46102,61,Educational Services,0.67,1,0.36666666666666686,-0.01609478544794142
"Pennington County, South Dakota",46103,81,Other Services (except Public Administration),1.54,1,0.03333333333333336,0.008976301272882443
"Perkins County, South Dakota",46105,42,Wholesale Trade,2.83,2,0.0,-0.010672083557563309
"Potter County, South Dakota",46107,11,"Agriculture, Forestry, Fishing & Hunting",12.4,4,0.03333333333333336,-0.16287432613505345
"Roberts County, South Dakota",46109,42,Wholesale Trade,1.41,1,0.16666666666666666,0.03275262590886205
"Sanborn County, South Dakota",46111,11,"Agriculture, Forestry, Fishing & Hunting",9.96,4,0.03333333333333329,0.03397725494006078
"Spink County, South Dakota",46115,11,"Agriculture, Forestry, Fishing & Hunting",20.49,4,0.0,-0.01898022551893431
"Stanley County, South Dakota",46117,11,"Agriculture, Forestry, Fishing & Hunting",5.99,4,-0.06666666666666665,-0.005643357148011835
"Sully County, South Dakota",46119,11,"Agriculture, Forestry, Fishing & Hunting",40.64,4,0.03333333333333329,-0.18530193236714976
"Todd County, South Dakota",46121,11,"Agriculture, Forestry, Fishing & Hunting",1.07,1,0.36666666666666653,0.0071969983931355385
"Tripp County, South Dakota",46123,42,Wholesale Trade,2.42,2,-0.03333333333333329,0.03575645134086693
"Turner County, South Dakota",46125,53,Real Estate & Rental & Leasing,1.57,1,0.06666666666666665,0.050628891001525816
"Union County, South Dakota",46127,31-33,Manufacturing,2.99,3,0.0,0.00721293593322528
"Walworth County, South Dakota",46129,22,Utilities,4.78,3,0.033333333333333215,-0.04357807373758231
"Yankton County, South Dakota",46135,31-33,Manufacturing,2.97,3,0.06666666666666665,0.016474424993867916
"Ziebach County, South Dakota",46137,,Not classified,,,-0.1333333333333333,0.007520258815112065
"Anderson County, Tennessee",47001,31-33,Manufacturing,3.83,3,0.0,0.025572093393182584
"Bedford County, Tennessee",47003,31-33,Manufacturing,2.63,2,0.1333333333333333,0.03484296752579189
"Benton County, Tennessee",47005,31-33,Manufacturing,2.17,2,-0.03333333333333351,0.03208161444977144
"Bledsoe County, Tennessee",47007,99,Unclassified,1.93,1,-0.03333333333333336,0.07150571717029419
"Blount County, Tennessee",47009,48-49,Transportation & Warehousing,2.33,2,-0.03333333333333336,0.048419738379920405
"Bradley County, Tennessee",47011,31-33,Manufacturing,2.25,2,0.06666666666666658,0.016737925182029784
"Campbell County, Tennessee",47013,99,Unclassified,2.55,2,-0.06666666666666658,0.03755054309937707
"Cannon County, Tennessee",47015,48-49,Transportation & Warehousing,2.49,2,0.03333333333333336,0.026229936849914412
"Carroll County, Tennessee",47017,99,Unclassified,2.57,2,0.10000000000000009,0.0434153457364785
"Carter County, Tennessee",47019,31-33,Manufacturing,2.0,2,0.06666666666666658,0.019953975979630004
"Cheatham County, Tennessee",47021,31-33,Manufacturing,3.65,3,0.06666666666666658,0.03047335651682699
"Chester County, Tennessee",47023,31-33,Manufacturing,2.37,2,0.16666666666666652,0.02000018450354708
"Claiborne County, Tennessee",47025,31-33,Manufacturing,3.15,3,0.13333333333333316,0.017661043267870793
"Clay County, Tennessee",47027,71,"Arts, Entertainment & Recreation",3.22,3,0.09999999999999994,0.09302155949440953
"Cocke County, Tennessee",47029,99,Unclassified,2.57,2,0.0,0.03590050057736679
"Coffee County, Tennessee",47031,31-33,Manufacturing,2.1,2,0.10000000000000009,0.027938057409873922
"Crockett County, Tennessee",47033,11,"Agriculture, Forestry, Fishing & Hunting",4.51,3,0.06666666666666672,0.01959958489447155
"Cumberland County, Tennessee",47035,99,Unclassified,2.62,2,0.033333333333333215,0.04120395333142348
"Davidson County, Tennessee",47037,99,Unclassified,1.76,1,0.06666666666666672,0.04657225872276172
"Decatur County, Tennessee",47039,31-33,Manufacturing,2.25,2,0.0,0.03537080387928549
"DeKalb County, Tennessee",47041,31-33,Manufacturing,4.48,3,0.16666666666666652,-0.01419772740042327
"Dickson County, Tennessee",47043,31-33,Manufacturing,2.18,2,0.03333333333333336,0.033273747232424045
"Dyer County, Tennessee",47045,31-33,Manufacturing,3.69,3,0.06666666666666672,-0.01811813305625191
"Fayette County, Tennessee",47047,99,Unclassified,2.23,2,0.10000000000000009,0.05036103031799529
"Fentress County, Tennessee",47049,62,Health Care & Social Assistance,3.07,3,-0.06666666666666658,0.0554274969755195
"Franklin County, Tennessee",47051,21,"Mining, Quarrying, Oil & Gas",2.29,2,0.06666666666666658,0.034519806628062255
"Gibson County, Tennessee",47053,31-33,Manufacturing,3.11,3,0.06666666666666658,-0.014022287814305175
"Giles County, Tennessee",47055,31-33,Manufacturing,3.78,3,0.19999999999999987,0.024188174279440647
"Grainger County, Tennessee",47057,99,Unclassified,6.18,4,-0.03333333333333336,0.03618694079225803
"Greene County, Tennessee",47059,31-33,Manufacturing,2.69,2,0.2333333333333334,0.017098042419825467
"Grundy County, Tennessee",47061,81,Other Services (except Public Administration),1.63,1,0.0,0.023535352772131847
"Hamblen County, Tennessee",47063,31-33,Manufacturing,3.69,3,0.033333333333333215,0.026027039591413052
"Hamilton County, Tennessee",47065,99,Unclassified,1.94,1,0.0,0.014899921461847133
"Hancock County, Tennessee",47067,44-45,Retail Trade,1.12,1,0.16666666666666666,0.0365977658060091
"Hardeman County, Tennessee",47069,31-33,Manufacturing,3.06,3,0.2666666666666666,0.016870533827666567
"Hardin County, Tennessee",47071,31-33,Manufacturing,2.92,3,0.0,-0.009791821661389637
"Hawkins County, Tennessee",47073,31-33,Manufacturing,3.37,3,-0.033333333333333215,0.027772531563370735
"Haywood County, Tennessee",47075,31-33,Manufacturing,4.23,3,-0.20000000000000004,0.08816007776724787
"Henderson County, Tennessee",47077,48-49,Transportation & Warehousing,2.47,2,0.16666666666666652,-0.001232541093070659
"Henry County, Tennessee",47079,31-33,Manufacturing,2.6,2,-0.06666666666666672,-0.006318970530285024
"Hickman County, Tennessee",47081,99,Unclassified,1.97,2,0.09999999999999994,0.015198883837715104
"Houston County, Tennessee",47083,99,Unclassified,2.3,2,0.06666666666666658,0.02511947339997351
"Humphreys County, Tennessee",47085,31-33,Manufacturing,3.42,3,0.0,0.016385618067340974
"Jackson County, Tennessee",47087,31-33,Manufacturing,1.37,1,0.10000000000000009,0.013689838378426645
"Jefferson County, Tennessee",47089,48-49,Transportation & Warehousing,2.09,2,0.06666666666666672,0.023528482787845265
"Johnson County, Tennessee",47091,31-33,Manufacturing,1.87,1,0.2999999999999998,0.006880713666825809
"Knox County, Tennessee",47093,99,Unclassified,1.86,1,0.03333333333333336,0.03704562701791529
"Lake County, Tennessee",47095,11,"Agriculture, Forestry, Fishing & Hunting",7.12,4,-0.06666666666666672,-0.10757485181318795
"Lauderdale County, Tennessee",47097,48-49,Transportation & Warehousing,2.49,2,0.06666666666666672,-0.030118944187013608
"Lawrence County, Tennessee",47099,99,Unclassified,3.78,3,0.20000000000000004,0.018044092978281447
"Lewis County, Tennessee",47101,99,Unclassified,2.77,2,0.20000000000000004,0.05017434523872292
"Lincoln County, Tennessee",47103,31-33,Manufacturing,3.55,3,0.13333333333333344,0.05228122685244551
"Loudon County, Tennessee",47105,11,"Agriculture, Forestry, Fishing & Hunting",3.7,3,0.033333333333333215,-0.005659382105456507
"McMinn County, Tennessee",47107,31-33,Manufacturing,3.72,3,0.10000000000000024,-0.014220861168378257
"McNairy County, Tennessee",47109,99,Unclassified,2.97,3,0.13333333333333344,0.013805800529906974
"Macon County, Tennessee",47111,31-33,Manufacturing,2.18,2,0.06666666666666672,0.05342213243392856
"Madison County, Tennessee",47113,31-33,Manufacturing,2.21,2,0.03333333333333336,0.012741243319447492
"Marion County, Tennessee",47115,31-33,Manufacturing,3.39,3,0.033333333333333215,0.028312209271890702
"Marshall County, Tennessee",47117,31-33,Manufacturing,3.73,3,0.23333333333333325,0.009948160200709889
"Maury County, Tennessee",47119,99,Unclassified,2.17,2,0.20000000000000004,0.0620943296208221
"Meigs County, Tennessee",47121,31-33,Manufacturing,4.43,3,0.13333333333333316,-0.0003564219736022631
"Monroe County, Tennessee",47123,31-33,Manufacturing,4.5,3,0.1333333333333333,0.06140812179204527
"Montgomery County, Tennessee",47125,99,Unclassified,2.89,3,0.06666666666666672,0.038011424074244196
"Moore County, Tennessee",47127,99,Unclassified,1.3,1,0.09999999999999994,-0.007598817002353043
"Morgan County, Tennessee",47129,56,Administrative & Support & Waste Management,1.36,1,0.03333333333333336,0.05930618136957002
"Obion County, Tennessee",47131,31-33,Manufacturing,3.35,3,0.03333333333333336,0.0011503834740344775
"Overton County, Tennessee",47133,21,"Mining, Quarrying, Oil & Gas",4.36,3,0.06666666666666672,0.018008460123305398
"Perry County, Tennessee",47135,99,Unclassified,3.21,3,-0.19999999999999987,0.05690593078408059
"Pickett County, Tennessee",47137,31-33,Manufacturing,1.83,1,0.13333333333333316,0.05481173361064171
"Polk County, Tennessee",47139,44-45,Retail Trade,1.73,1,0.06666666666666658,0.008623819411283934
"Putnam County, Tennessee",47141,99,Unclassified,1.8,1,0.09999999999999994,0.02501772393063464
"Rhea County, Tennessee",47143,31-33,Manufacturing,3.69,3,0.03333333333333351,-0.006712974224989978
"Roane County, Tennessee",47145,54,"Professional, Scientific & Technical Services",5.66,4,0.0,0.008879639362801343
"Robertson County, Tennessee",47147,31-33,Manufacturing,2.71,2,0.03333333333333336,0.025979791609680093
"Rutherford County, Tennessee",47149,31-33,Manufacturing,2.25,2,0.06666666666666658,0.033834104984786
"Scott County, Tennessee",47151,31-33,Manufacturing,2.61,2,-0.10000000000000024,0.026614551476182663
"Sequatchie County, Tennessee",47153,31-33,Manufacturing,1.97,2,0.0,0.030299768580808354
"Sevier County, Tennessee",47155,71,"Arts, Entertainment & Recreation",7.98,4,-0.03333333333333336,0.0482459028315149
"Shelby County, Tennessee",47157,48-49,Transportation & Warehousing,3.13,3,0.06666666666666643,0.005417727175190422
"Smith County, Tennessee",47159,31-33,Manufacturing,3.25,3,0.1333333333333333,-0.027575871262113767
"Stewart County, Tennessee",47161,31-33,Manufacturing,2.45,2,0.09999999999999994,-0.05253482218214984
"Sullivan County, Tennessee",47163,31-33,Manufacturing,2.04,2,0.0,0.024346493862487783
"Sumner County, Tennessee",47165,99,Unclassified,2.35,2,0.06666666666666672,0.046697588721649266
"Tipton County, Tennessee",47167,99,Unclassified,3.69,3,0.09999999999999994,0.005678253285666126
"Trousdale County, Tennessee",47169,99,Unclassified,4.44,3,0.20000000000000004,0.040157702219394346
"Unicoi County, Tennessee",47171,31-33,Manufacturing,4.14,3,0.23333333333333325,0.02126945141147371
"Union County, Tennessee",47173,99,Unclassified,3.61,3,0.10000000000000009,0.0280252602833248
"Van Buren County, Tennessee",47175,99,Unclassified,8.73,4,0.10000000000000009,-0.008698482203615491
"Warren County, Tennessee",47177,11,"Agriculture, Forestry, Fishing & Hunting",6.5,4,-0.03333333333333336,0.009103495553388718
"Washington County, Tennessee",47179,99,Unclassified,1.44,1,0.06666666666666658,0.02757192862928035
"Wayne County, Tennessee",47181,62,Health Care & Social Assistance,2.08,2,-0.20000000000000018,0.059290965705314135
"Weakley County, Tennessee",47183,21,"Mining, Quarrying, Oil & Gas",2.9,3,0.19999999999999987,-0.04197706482599722
"White County, Tennessee",47185,31-33,Manufacturing,3.15,3,0.16666666666666666,0.013099845981883292
"Williamson County, Tennessee",47187,99,Unclassified,2.89,3,0.09999999999999994,0.043036084154303364
"Wilson County, Tennessee",47189,48-49,Transportation & Warehousing,5.44,4,0.06666666666666658,0.04913319807002458
"Anderson County, Texas",48001,21,"Mining, Quarrying, Oil & Gas",3.08,3,0.03333333333333351,0.012160004663448763
"Andrews County, Texas",48003,21,"Mining, Quarrying, Oil & Gas",59.25,4,-0.03333333333333336,0.12507489493601884
"Angelina County, Texas",48005,62,Health Care & Social Assistance,1.4,1,-0.033333333333333215,0.032147368497351954
"Aransas County, Texas",48007,21,"Mining, Quarrying, Oil & Gas",4.96,4,-0.16666666666666666,0.01032856526887706
"Archer County, Texas",48009,21,"Mining, Quarrying, Oil & Gas",42.07,4,0.06666666666666672,0.06444384031294012
"Armstrong County, Texas",48011,99,Unclassified,12.46,4,0.06666666666666672,0.15167320617835678
"Atascosa County, Texas",48013,21,"Mining, Quarrying, Oil & Gas",44.49,4,0.06666666666666672,0.12725800587103017
"Austin County, Texas",48015,99,Unclassified,2.91,3,-0.03333333333333336,0.030551900376227657
"Bailey County, Texas",48017,11,"Agriculture, Forestry, Fishing & Hunting",38.73,4,0.033333333333333215,0.054862244812090816
"Bandera County, Texas",48019,11,"Agriculture, Forestry, Fishing & Hunting",9.63,4,-0.033333333333333215,0.025350058296907653
"Bastrop County, Texas",48021,22,Utilities,2.96,3,0.06666666666666672,0.06478626196831612
"Baylor County, Texas",48023,22,Utilities,37.36,4,0.0,0.026907478505380413
"Bee County, Texas",48025,21,"Mining, Quarrying, Oil & Gas",5.13,4,-0.16666666666666666,0.07482587177796472
"Bell County, Texas",48027,44-45,Retail Trade,1.27,1,0.09999999999999994,0.0389812538747467
"Bexar County, Texas",48029,52,Finance & Insurance,1.62,1,0.09999999999999994,0.04458217392754488
"Blanco County, Texas",48031,11,"Agriculture, Forestry, Fishing & Hunting",6.11,4,0.06666666666666672,0.04990886213076991
"Borden County, Texas",48033,23,Construction,5.14,4,0.06666666666666658,0.20600384677168634
"Bosque County, Texas",48035,22,Utilities,4.81,3,-0.033333333333333215,0.04163321916924762
"Bowie County, Texas",48037,44-45,Retail Trade,1.47,1,-0.13333333333333316,0.027145969520512063
"Brazoria County, Texas",48039,21,"Mining, Quarrying, Oil & Gas",2.77,2,0.0,0.030450485977940926
"Brazos County, Texas",48041,21,"Mining, Quarrying, Oil & Gas",2.49,2,0.06666666666666672,0.03905615507833809
"Brewster County, Texas",48043,72,Accommodation & Food Services,2.32,2,0.0,0.049491568376925754
"Briscoe County, Texas",48045,11,"Agriculture, Forestry, Fishing & Hunting",34.25,4,0.1333333333333333,-0.20105284995591513
"Brooks County, Texas",48047,11,"Agriculture, Forestry, Fishing & Hunting",5.28,4,-0.033333333333333215,-0.02963610576829671
"Brown County, Texas",48049,21,"Mining, Quarrying, Oil & Gas",2.13,2,-0.03333333333333336,0.01872498067713343
"Burleson County, Texas",48051,21,"Mining, Quarrying, Oil & Gas",6.01,4,-0.03333333333333336,0.01972958442394376
"Burnet County, Texas",48053,21,"Mining, Quarrying, Oil & Gas",4.56,3,0.10000000000000009,0.03189640806447129
"Caldwell County, Texas",48055,21,"Mining, Quarrying, Oil & Gas",4.81,3,0.06666666666666672,0.05381870997513802
"Calhoun County, Texas",48057,23,Construction,4.28,3,-0.09999999999999994,0.0264898531609828
"Callahan County, Texas",48059,22,Utilities,16.06,4,0.0,0.10027099636616735
"Cameron County, Texas",48061,62,Health Care & Social Assistance,1.91,1,0.43333333333333357,0.04450268641004945
"Camp County, Texas",48063,42,Wholesale Trade,6.18,4,0.09999999999999994,0.03591374395995393
"Carson County, Texas",48065,22,Utilities,2.57,2,-0.03333333333333336,-0.002028066128412149
"Cass County, Texas",48067,22,Utilities,3.97,3,-0.033333333333333215,0.06083598118506688
"Castro County, Texas",48069,42,Wholesale Trade,1.36,1,-0.03333333333333336,0.06719860150070339
"Chambers County, Texas",48071,21,"Mining, Quarrying, Oil & Gas",5.07,4,0.0,0.04168047099383424
"Cherokee County, Texas",48073,11,"Agriculture, Forestry, Fishing & Hunting",4.93,4,0.033333333333333215,0.04958815906739998
"Childress County, Texas",48075,22,Utilities,6.77,4,-0.09999999999999994,0.033943473283958824
"Clay County, Texas",48077,11,"Agriculture, Forestry, Fishing & Hunting",6.64,4,-0.03333333333333336,0.12007726733431645
"Cochran County, Texas",48079,52,Finance & Insurance,2.39,2,-0.23333333333333325,0.027183571381557296
"Coke County, Texas",48081,23,Construction,1.56,1,0.0,0.09417498869179662
"Coleman County, Texas",48083,21,"Mining, Quarrying, Oil & Gas",8.83,4,-0.03333333333333336,0.014550126591845217
"Collin County, Texas",48085,52,Finance & Insurance,3.01,3,0.20000000000000004,0.060878970036523976
"Collingsworth County, Texas",48087,51,Information,1.68,1,0.10000000000000009,0.0010461141724142126
"Colorado County, Texas",48089,21,"Mining, Quarrying, Oil & Gas",9.66,4,0.0,0.011847423028550276
"Comal County, Texas",48091,21,"Mining, Quarrying, Oil & Gas",2.98,3,0.06666666666666672,0.05191187949066818
"Comanche County, Texas",48093,22,Utilities,5.06,4,0.03333333333333336,0.06420376822691706
"Concho County, Texas",48095,52,Finance & Insurance,2.29,2,-0.10000000000000009,0.1489653226943924
"Cooke County, Texas",48097,21,"Mining, Quarrying, Oil & Gas",27.06,4,0.10000000000000009,0.08101472910321214
"Coryell County, Texas",48099,81,Other Services (except Public Administration),1.45,1,0.09999999999999994,0.013984684764427257
"Cottle County, Texas",48101,53,Real Estate & Rental & Leasing,4.79,3,0.06666666666666658,0.1256187136528277
"Crane County, Texas",48103,21,"Mining, Quarrying, Oil & Gas",56.73,4,-0.20000000000000004,0.14993228640665676
"Crockett County, Texas",48105,21,"Mining, Quarrying, Oil & Gas",27.51,4,-0.20000000000000004,0.04721163234387753
"Crosby County, Texas",48107,42,Wholesale Trade,1.65,1,0.03333333333333351,-0.05662855879407442
"Culberson County, Texas",48109,21,"Mining, Quarrying, Oil & Gas",14.91,4,0.1333333333333333,0.10063670466895455
"Dallam County, Texas",48111,11,"Agriculture, Forestry, Fishing & Hunting",39.0,4,0.09999999999999994,0.03596886657170424
"Dallas County, Texas",48113,53,Real Estate & Rental & Leasing,1.9,1,0.09999999999999994,0.027735381349340282
"Dawson County, Texas",48115,21,"Mining, Quarrying, Oil & Gas",25.6,4,-0.09999999999999994,0.17500071740767456
"Deaf Smith County, Texas",48117,31-33,Manufacturing,3.08,3,0.09999999999999994,0.0462926509586245
"Delta County, Texas",48119,11,"Agriculture, Forestry, Fishing & Hunting",9.14,4,-0.10000000000000024,0.08166872263221302
"Denton County, Texas",48121,48-49,Transportation & Warehousing,1.4,1,0.16666666666666666,0.041486288483406186
"DeWitt County, Texas",48123,21,"Mining, Quarrying, Oil & Gas",22.72,4,0.16666666666666666,0.05778424998515061
"Dickens County, Texas",48125,51,Information,7.36,4,-0.1333333333333333,0.03954197352972569
"Dimmit County, Texas",48127,21,"Mining, Quarrying, Oil & Gas",72.57,4,-0.2666666666666666,0.10255129201629445
"Donley County, Texas",48129,81,Other Services (except Public Administration),1.05,1,0.20000000000000004,0.016717820974749047
"Duval County, Texas",48131,21,"Mining, Quarrying, Oil & Gas",31.91,4,-0.20000000000000018,-0.04215210022916581
"Eastland County, Texas",48133,21,"Mining, Quarrying, Oil & Gas",8.97,4,0.16666666666666666,0.02008953043413939
"Ector County, Texas",48135,21,"Mining, Quarrying, Oil & Gas",40.36,4,-0.09999999999999994,0.06952524264791594
"Edwards County, Texas",48137,11,"Agriculture, Forestry, Fishing & Hunting",9.24,4,0.0,-0.012649793280026862
"Ellis County, Texas",48139,22,Utilities,3.33,3,0.1333333333333333,0.05639095643418233
"El Paso County, Texas",48141,56,Administrative & Support & Waste Management,1.31,1,0.06666666666666672,0.05602852325584145
"Erath County, Texas",48143,11,"Agriculture, Forestry, Fishing & Hunting",6.52,4,0.03333333333333336,0.05789486814070238
"Falls County, Texas",48145,42,Wholesale Trade,1.7,1,-0.10000000000000024,0.08272137276344141
"Fannin County, Texas",48147,21,"Mining, Quarrying, Oil & Gas",5.01,4,0.0,0.049816665549746605
"Fayette County, Texas",48149,21,"Mining, Quarrying, Oil & Gas",5.38,4,-0.06666666666666672,0.011557537075023862
"Fisher County, Texas",48151,11,"Agriculture, Forestry, Fishing & Hunting",14.28,4,-0.03333333333333336,0.09665730765045162
"Floyd County, Texas",48153,11,"Agriculture, Forestry, Fishing & Hunting",32.43,4,0.06666666666666658,-0.07183937973731412
"Foard County, Texas",48155,11,"Agriculture, Forestry, Fishing & Hunting",7.86,4,-0.06666666666666658,0.013052703558822642
"Fort Bend County, Texas",48157,21,"Mining, Quarrying, Oil & Gas",2.71,2,0.1333333333333333,0.051277347739697915
"Franklin County, Texas",48159,48-49,Transportation & Warehousing,5.61,4,0.20000000000000004,0.07483310282292471
"Freestone County, Texas",48161,21,"Mining, Quarrying, Oil & Gas",30.37,4,-0.09999999999999994,0.033232115019467906
"Frio County, Texas",48163,21,"Mining, Quarrying, Oil & Gas",44.66,4,0.5333333333333335,0.05747869969447631
"Gaines County, Texas",48165,21,"Mining, Quarrying, Oil & Gas",25.41,4,-0.033333333333333215,0.0469089946982263
"Galveston County, Texas",48167,72,Accommodation & Food Services,1.69,1,0.0,0.05269777909707026
"Garza County, Texas",48169,21,"Mining, Quarrying, Oil & Gas",45.11,4,-0.03333333333333351,0.032292809819940656
"Gillespie County, Texas",48171,71,"Arts, Entertainment & Recreation",2.0,2,0.03333333333333336,0.02282807031452829
"Glasscock County, Texas",48173,21,"Mining, Quarrying, Oil & Gas",39.46,4,-0.2666666666666668,0.17199506976664328
"Goliad County, Texas",48175,23,Construction,2.82,2,-0.03333333333333351,-0.0365895741689884
"Gonzales County, Texas",48177,11,"Agriculture, Forestry, Fishing & Hunting",16.85,4,0.06666666666666672,0.0700290755507117
"Gray County, Texas",48179,21,"Mining, Quarrying, Oil & Gas",17.53,4,0.0,0.04316581005476337
"Grayson County, Texas",48181,31-33,Manufacturing,1.92,1,0.06666666666666658,0.06314819016240687
"Gregg County, Texas",48183,21,"Mining, Quarrying, Oil & Gas",11.49,4,0.06666666666666643,0.03208123356450485
"Grimes County, Texas",48185,22,Utilities,8.24,4,0.0,0.041691435432545214
"Guadalupe County, Texas",48187,21,"Mining, Quarrying, Oil & Gas",3.2,3,0.1333333333333333,0.0945521462225498
"Hale County, Texas",48189,22,Utilities,3.21,3,0.03333333333333351,0.02066313023992771
"Hall County, Texas",48191,11,"Agriculture, Forestry, Fishing & Hunting",24.11,4,0.19999999999999987,-0.06886820798921561
"Hamilton County, Texas",48193,11,"Agriculture, Forestry, Fishing & Hunting",13.63,4,0.10000000000000009,0.04079779031738769
"Hansford County, Texas",48195,11,"Agriculture, Forestry, Fishing & Hunting",33.26,4,0.20000000000000004,0.10337765999494088
"Hardeman County, Texas",48197,44-45,Retail Trade,1.52,1,0.06666666666666672,0.019774477447744774
"Hardin County, Texas",48199,21,"Mining, Quarrying, Oil & Gas",4.68,3,-0.19999999999999987,0.013847019088945384
"Harris County, Texas",48201,21,"Mining, Quarrying, Oil & Gas",6.7,4,0.09999999999999994,0.03916639186573607
"Harrison County, Texas",48203,21,"Mining, Quarrying, Oil & Gas",10.16,4,0.13333333333333316,0.011490765608578724
"Hartley County, Texas",48205,22,Utilities,1.49,1,0.10000000000000009,0.08550083353804021
"Haskell County, Texas",48207,11,"Agriculture, Forestry, Fishing & Hunting",12.23,4,0.3,0.048630838762482566
"Hays County, Texas",48209,48-49,Transportation & Warehousing,1.91,1,0.09999999999999994,0.06974669844320217
"Hemphill County, Texas",48211,21,"Mining, Quarrying, Oil & Gas",44.94,4,0.3999999999999999,-0.06273949218163702
"Henderson County, Texas",48213,22,Utilities,2.01,2,0.06666666666666672,0.04720600183429534
"Hidalgo County, Texas",48215,62,Health Care & Social Assistance,2.0,2,-0.06666666666666672,0.020050507477965808
"Hill County, Texas",48217,22,Utilities,4.08,3,-0.03333333333333336,0.06706203889234359
"Hockley County, Texas",48219,21,"Mining, Quarrying, Oil & Gas",67.85,4,0.0,0.04222611346787594
"Hood County, Texas",48221,21,"Mining, Quarrying, Oil & Gas",7.91,4,0.0,0.048507399394045476
"Hopkins County, Texas",48223,31-33,Manufacturing,2.57,2,-0.10000000000000009,0.07492333179753276
"Houston County, Texas",48225,21,"Mining, Quarrying, Oil & Gas",9.49,4,-0.033333333333333215,0.02356414632405853
"Howard County, Texas",48227,21,"Mining, Quarrying, Oil & Gas",17.3,4,-0.3000000000000001,0.09977963745599334
"Hudspeth County, Texas",48229,99,Unclassified,0.95,1,-0.19999999999999987,0.028738052249955296
"Hunt County, Texas",48231,31-33,Manufacturing,2.66,2,0.13333333333333344,0.04386843457088019
"Hutchinson County, Texas",48233,21,"Mining, Quarrying, Oil & Gas",37.73,4,0.0,0.13597915845266553
"Irion County, Texas",48235,21,"Mining, Quarrying, Oil & Gas",134.6,4,0.0,0.06322278633360615
"Jack County, Texas",48237,21,"Mining, Quarrying, Oil & Gas",26.71,4,0.3333333333333333,-0.045829365536149684
"Jackson County, Texas",48239,23,Construction,2.81,2,0.09999999999999994,-0.0011234270379831064
"Jasper County, Texas",48241,21,"Mining, Quarrying, Oil & Gas",3.05,3,0.033333333333333215,0.02628239559351808
"Jeff Davis County, Texas",48243,81,Other Services (except Public Administration),2.14,2,-0.3333333333333333,0.04200894207269725
"Jefferson County, Texas",48245,23,Construction,2.56,2,-0.06666666666666672,0.04892098589528936
"Jim Hogg County, Texas",48247,21,"Mining, Quarrying, Oil & Gas",8.79,4,0.03333333333333351,0.011031802587975998
"Jim Wells County, Texas",48249,21,"Mining, Quarrying, Oil & Gas",37.61,4,-0.16666666666666666,0.023668380598731963
"Johnson County, Texas",48251,21,"Mining, Quarrying, Oil & Gas",4.15,3,0.10000000000000009,0.04138742530236503
"Jones County, Texas",48253,21,"Mining, Quarrying, Oil & Gas",7.82,4,-0.03333333333333336,-2.5900417212553933e-05
"Karnes County, Texas",48255,21,"Mining, Quarrying, Oil & Gas",28.98,4,-0.06666666666666672,0.05385338512941895
"Kaufman County, Texas",48257,48-49,Transportation & Warehousing,3.24,3,0.16666666666666652,0.05296825369928623
"Kendall County, Texas",48259,23,Construction,2.34,2,0.06666666666666672,0.05735190921338221
"Kenedy County, Texas",48261,99,Unclassified,8.35,4,0.36666666666666653,-0.07061968629519395
"Kent County, Texas",48263,42,Wholesale Trade,0.86,1,0.3999999999999999,0.15701619469827197
"Kerr County, Texas",48265,23,Construction,2.03,2,0.0,0.03270057719797301
"Kimble County, Texas",48267,44-45,Retail Trade,1.47,1,0.16666666666666666,0.012577731446247253
"King County, Texas",48269,11,"Agriculture, Forestry, Fishing & Hunting",41.13,4,0.5000000000000001,0.09217449348201665
"Kinney County, Texas",48271,44-45,Retail Trade,0.86,1,-0.09999999999999994,0.03817863582763562
"Kleberg County, Texas",48273,11,"Agriculture, Forestry, Fishing & Hunting",3.56,3,-0.09999999999999994,0.036633513863110055
"Knox County, Texas",48275,11,"Agriculture, Forestry, Fishing & Hunting",13.5,4,0.0,0.06524506549036359
"Lamar County, Texas",48277,31-33,Manufacturing,2.58,2,-0.10000000000000024,0.020431241945806096
"Lamb County, Texas",48279,22,Utilities,5.77,4,0.03333333333333336,0.03212191709763114
"Lampasas County, Texas",48281,23,Construction,2.29,2,0.10000000000000009,0.039681199185590654
"La Salle County, Texas",48283,21,"Mining, Quarrying, Oil & Gas",91.46,4,0.3,0.07693501761113504
"Lavaca County, Texas",48285,21,"Mining, Quarrying, Oil & Gas",2.93,3,0.0,0.06433314226538091
"Lee County, Texas",48287,23,Construction,7.61,4,-0.16666666666666652,0.07071705745109864
"Leon County, Texas",48289,21,"Mining, Quarrying, Oil & Gas",7.39,4,-0.3000000000000001,0.0753248710900678
"Liberty County, Texas",48291,21,"Mining, Quarrying, Oil & Gas",3.7,3,-0.06666666666666643,0.040433607797898945
"Limestone County, Texas",48293,21,"Mining, Quarrying, Oil & Gas",24.24,4,0.0,0.07082972209035439
"Lipscomb County, Texas",48295,48-49,Transportation & Warehousing,1.4,1,0.06666666666666672,0.02650159089951871
"Live Oak County, Texas",48297,21,"Mining, Quarrying, Oil & Gas",31.51,4,-0.06666666666666643,0.1643883800190679
"Llano County, Texas",48299,72,Accommodation & Food Services,2.77,2,-0.033333333333333215,0.0388562646866168
"Loving County, Texas",48301,31-33,Manufacturing,1.95,1,-0.5666666666666667,0.1466097042673701
"Lubbock County, Texas",48303,72,Accommodation & Food Services,1.5,1,0.0,0.020371086245406934
"Lynn County, Texas",48305,11,"Agriculture, Forestry, Fishing & Hunting",23.69,4,-0.1333333333333333,-0.035915875938593925
"McCulloch County, Texas",48307,21,"Mining, Quarrying, Oil & Gas",17.46,4,0.06666666666666672,0.015820811976045485
"McLennan County, Texas",48309,61,Educational Services,2.01,2,0.09999999999999994,0.032357054201899056
"McMullen County, Texas",48311,21,"Mining, Quarrying, Oil & Gas",47.79,4,-0.2333333333333334,0.14927932559118742
"Madison County, Texas",48313,11,"Agriculture, Forestry, Fishing & Hunting",11.51,4,0.16666666666666666,0.05784464425064101
"Marion County, Texas",48315,22,Utilities,5.62,4,0.0,0.03173360379080951
"Martin County, Texas",48317,21,"Mining, Quarrying, Oil & Gas",17.21,4,0.033333333333333215,0.17484021360375407
"Mason County, Texas",48319,42,Wholesale Trade,1.78,1,0.10000000000000009,0.02401448186877732
"Matagorda County, Texas",48321,11,"Agriculture, Forestry, Fishing & Hunting",4.98,4,-0.13333333333333344,-0.004913888251820423
"Maverick County, Texas",48323,62,Health Care & Social Assistance,1.62,1,0.4666666666666668,0.053068598051689404
"Medina County, Texas",48325,21,"Mining, Quarrying, Oil & Gas",5.39,4,0.10000000000000009,0.03090388258271446
"Menard County, Texas",48327,44-45,Retail Trade,1.91,1,0.1333333333333333,-0.010080286679523476
"Midland County, Texas",48329,21,"Mining, Quarrying, Oil & Gas",73.47,4,-0.09999999999999994,0.10543537168234494
"Milam County, Texas",48331,11,"Agriculture, Forestry, Fishing & Hunting",5.25,4,0.06666666666666672,0.05344722418573106
"Mills County, Texas",48333,11,"Agriculture, Forestry, Fishing & Hunting",5.89,4,-0.16666666666666666,0.09080948945222683
"Mitchell County, Texas",48335,21,"Mining, Quarrying, Oil & Gas",34.36,4,-0.033333333333333215,0.10174884808133933
"Montague County, Texas",48337,21,"Mining, Quarrying, Oil & Gas",8.65,4,0.09999999999999994,-0.007909629311547244
"Montgomery County, Texas",48339,21,"Mining, Quarrying, Oil & Gas",5.6,4,0.09999999999999994,0.03823498072897595
"Moore County, Texas",48341,11,"Agriculture, Forestry, Fishing & Hunting",22.67,4,0.03333333333333336,0.07688514300696096
"Morris County, Texas",48343,31-33,Manufacturing,4.72,3,-0.09999999999999994,0.08066086565750863
"Motley County, Texas",48345,11,"Agriculture, Forestry, Fishing & Hunting",8.47,4,0.10000000000000009,0.0944448837229734
"Nacogdoches County, Texas",48347,31-33,Manufacturing,2.11,2,0.09999999999999994,0.03389541897845386
"Navarro County, Texas",48349,22,Utilities,2.42,2,0.13333333333333316,0.04483714561714655
"Newton County, Texas",48351,11,"Agriculture, Forestry, Fishing & Hunting",7.03,4,-0.06666666666666672,0.013585484442680804
"Nolan County, Texas",48353,22,Utilities,12.13,4,-0.16666666666666666,-0.004567514165982743
"Nueces County, Texas",48355,21,"Mining, Quarrying, Oil & Gas",3.48,3,-0.16666666666666666,0.03142393115951252
"Ochiltree County, Texas",48357,21,"Mining, Quarrying, Oil & Gas",64.58,4,0.03333333333333336,0.006257302019033592
"Oldham County, Texas",48359,42,Wholesale Trade,1.09,1,0.0,0.016904372981011714
"Orange County, Texas",48361,31-33,Manufacturing,2.24,2,-0.20000000000000018,0.04550114577341598
"Palo Pinto County, Texas",48363,22,Utilities,3.99,3,0.03333333333333336,0.009666539410458487
"Panola County, Texas",48365,21,"Mining, Quarrying, Oil & Gas",31.35,4,0.06666666666666672,-0.08529355607425582
"Parker County, Texas",48367,21,"Mining, Quarrying, Oil & Gas",3.55,3,0.09999999999999994,0.057749904420919713
"Parmer County, Texas",48369,11,"Agriculture, Forestry, Fishing & Hunting",38.58,4,0.09999999999999994,0.03676022955227595
"Pecos County, Texas",48371,21,"Mining, Quarrying, Oil & Gas",13.98,4,-0.06666666666666672,0.013794927258706043
"Polk County, Texas",48373,53,Real Estate & Rental & Leasing,3.01,3,-0.13333333333333316,0.036777103635447214
"Potter County, Texas",48375,22,Utilities,3.74,3,0.0,0.001221027195083866
"Presidio County, Texas",48377,11,"Agriculture, Forestry, Fishing & Hunting",11.09,4,-0.16666666666666666,0.036050429897202474
"Rains County, Texas",48379,23,Construction,2.2,2,-0.06666666666666658,0.054893862991610955
"Randall County, Texas",48381,11,"Agriculture, Forestry, Fishing & Hunting",1.96,2,0.0,0.029981938591210115
"Reagan County, Texas",48383,21,"Mining, Quarrying, Oil & Gas",88.16,4,0.16666666666666666,0.1431983713971627
"Real County, Texas",48385,11,"Agriculture, Forestry, Fishing & Hunting",6.03,4,-0.09999999999999994,-0.012187473097782642
"Red River County, Texas",48387,23,Construction,1.68,1,-0.2333333333333334,0.03641050703202924
"Reeves County, Texas",48389,21,"Mining, Quarrying, Oil & Gas",35.9,4,-0.4000000000000001,0.08733493031624816
"Refugio County, Texas",48391,21,"Mining, Quarrying, Oil & Gas",21.18,4,-0.06666666666666643,0.09972449964970746
"Roberts County, Texas",48393,48-49,Transportation & Warehousing,0.4,1,0.13333333333333316,-0.03307596164915223
"Robertson County, Texas",48395,21,"Mining, Quarrying, Oil & Gas",12.96,4,0.033333333333333215,0.03915719546404205
"Rockwall County, Texas",48397,44-45,Retail Trade,1.65,1,0.16666666666666666,0.07510854781208644
"Runnels County, Texas",48399,11,"Agriculture, Forestry, Fishing & Hunting",7.38,4,0.06666666666666672,0.027635675216683617
"Rusk County, Texas",48401,21,"Mining, Quarrying, Oil & Gas",15.61,4,0.0,-0.03509420393483099
"Sabine County, Texas",48403,21,"Mining, Quarrying, Oil & Gas",7.99,4,-0.2666666666666666,0.07331982481404546
"San Augustine County, Texas",48405,21,"Mining, Quarrying, Oil & Gas",29.87,4,-0.03333333333333351,-0.13630738545036722
"San Jacinto County, Texas",48407,22,Utilities,5.04,4,-0.033333333333333215,0.035896941040239314
"San Patricio County, Texas",48409,21,"Mining, Quarrying, Oil & Gas",8.28,4,-0.3000000000000001,-0.011185940161917691
"San Saba County, Texas",48411,11,"Agriculture, Forestry, Fishing & Hunting",13.75,4,0.03333333333333336,0.010114102281613592
"Schleicher County, Texas",48413,21,"Mining, Quarrying, Oil & Gas",35.29,4,0.13333333333333316,0.062116432591481315
"Scurry County, Texas",48415,21,"Mining, Quarrying, Oil & Gas",43.48,4,-0.09999999999999994,0.06778193004056848
"Shackelford County, Texas",48417,21,"Mining, Quarrying, Oil & Gas",67.44,4,0.033333333333333215,-0.000862864685150406
"Shelby County, Texas",48419,21,"Mining, Quarrying, Oil & Gas",24.31,4,0.0,0.053658943383088
"Sherman County, Texas",48421,11,"Agriculture, Forestry, Fishing & Hunting",56.79,4,0.16666666666666666,0.02756056074146423
"Smith County, Texas",48423,21,"Mining, Quarrying, Oil & Gas",3.62,3,0.06666666666666672,0.034509474006408025
"Somervell County, Texas",48425,21,"Mining, Quarrying, Oil & Gas",7.98,4,0.0,0.025967799046469803
"Starr County, Texas",48427,22,Utilities,2.06,2,-0.39999999999999974,-0.01875302328560119
"Stephens County, Texas",48429,21,"Mining, Quarrying, Oil & Gas",19.61,4,-0.033333333333333215,0.03224841544997721
"Sterling County, Texas",48431,11,"Agriculture, Forestry, Fishing & Hunting",17.36,4,0.0,0.01335712161760333
"Stonewall County, Texas",48433,11,"Agriculture, Forestry, Fishing & Hunting",1.8,1,-0.06666666666666658,0.016800293536727223
"Sutton County, Texas",48435,21,"Mining, Quarrying, Oil & Gas",35.54,4,0.20000000000000018,-0.07209066839746693
"Swisher County, Texas",48437,48-49,Transportation & Warehousing,1.94,1,0.06666666666666672,0.020729751429519955
"Tarrant County, Texas",48439,48-49,Transportation & Warehousing,2.0,2,0.06666666666666658,0.038312698355632634
"Taylor County, Texas",48441,21,"Mining, Quarrying, Oil & Gas",3.92,3,0.0,0.03603742505688386
"Terrell County, Texas",48443,72,Accommodation & Food Services,1.88,1,-0.16666666666666666,-0.21115730377003164
"Terry County, Texas",48445,11,"Agriculture, Forestry, Fishing & Hunting",15.11,4,0.033333333333333215,0.01643756096212549
"Throckmorton County, Texas",48447,11,"Agriculture, Forestry, Fishing & Hunting",15.33,4,0.4333333333333333,0.1460820931257063
"Titus County, Texas",48449,22,Utilities,5.03,4,0.03333333333333336,0.05184304995064119
"Tom Green County, Texas",48451,21,"Mining, Quarrying, Oil & Gas",5.66,4,0.033333333333333215,0.02208445442361381
"Travis County, Texas",48453,51,Information,2.24,2,0.1333333333333333,0.048937494178379996
"Trinity County, Texas",48455,81,Other Services (except Public Administration),1.31,1,-0.06666666666666672,0.011923039108173314
"Tyler County, Texas",48457,21,"Mining, Quarrying, Oil & Gas",5.21,4,-0.19999999999999987,0.07646030117075418
"Upshur County, Texas",48459,22,Utilities,5.46,4,0.03333333333333351,0.017053176163709903
"Upton County, Texas",48461,21,"Mining, Quarrying, Oil & Gas",24.78,4,-0.36666666666666664,0.14394262883360254
"Uvalde County, Texas",48463,11,"Agriculture, Forestry, Fishing & Hunting",5.9,4,-0.03333333333333351,0.01937101192872901
"Val Verde County, Texas",48465,62,Health Care & Social Assistance,1.19,1,0.13333333333333344,0.0160115003838515
"Van Zandt County, Texas",48467,11,"Agriculture, Forestry, Fishing & Hunting",5.54,4,0.06666666666666658,0.048386314444183384
"Victoria County, Texas",48469,21,"Mining, Quarrying, Oil & Gas",11.49,4,0.0,0.022598241129548998
"Walker County, Texas",48471,21,"Mining, Quarrying, Oil & Gas",1.51,1,0.033333333333333215,0.037643096786233864
"Waller County, Texas",48473,21,"Mining, Quarrying, Oil & Gas",4.87,3,0.36666666666666686,0.061695539854769645
"Ward County, Texas",48475,21,"Mining, Quarrying, Oil & Gas",80.21,4,-0.3000000000000001,0.1243735366826401
"Washington County, Texas",48477,31-33,Manufacturing,2.18,2,0.0,0.04389128541564538
"Webb County, Texas",48479,48-49,Transportation & Warehousing,3.6,3,0.13333333333333316,0.04203541800978812
"Wharton County, Texas",48481,11,"Agriculture, Forestry, Fishing & Hunting",12.95,4,0.0,0.037832560333257666
"Wheeler County, Texas",48483,21,"Mining, Quarrying, Oil & Gas",12.77,4,0.0,-0.07987021054388888
"Wichita County, Texas",48485,21,"Mining, Quarrying, Oil & Gas",3.02,3,0.0,0.013686015769425143
"Wilbarger County, Texas",48487,11,"Agriculture, Forestry, Fishing & Hunting",3.92,3,-0.03333333333333336,0.037073162235362764
"Willacy County, Texas",48489,22,Utilities,4.34,3,-0.2333333333333334,-0.009540589587549194
"Williamson County, Texas",48491,23,Construction,1.81,1,0.16666666666666666,0.0673756917089745
"Wilson County, Texas",48493,21,"Mining, Quarrying, Oil & Gas",13.92,4,0.06666666666666672,0.08004477930620388
"Winkler County, Texas",48495,21,"Mining, Quarrying, Oil & Gas",103.04,4,-0.23333333333333325,0.08926054981929331
"Wise County, Texas",48497,21,"Mining, Quarrying, Oil & Gas",21.21,4,0.10000000000000009,0.03183382722030313
"Wood County, Texas",48499,22,Utilities,3.27,3,0.03333333333333351,0.037767365075127964
"Yoakum County, Texas",48501,21,"Mining, Quarrying, Oil & Gas",69.15,4,-0.10000000000000009,0.11094074377083124
"Young County, Texas",48503,21,"Mining, Quarrying, Oil & Gas",21.29,4,0.03333333333333336,0.06159022901762226
"Zapata County, Texas",48505,21,"Mining, Quarrying, Oil & Gas",7.52,4,0.0,-0.037427129297176065
"Zavala County, Texas",48507,21,"Mining, Quarrying, Oil & Gas",15.18,4,0.13333333333333316,0.10531792903683378
"Beaver County, Utah",49001,22,Utilities,29.12,4,0.06666666666666672,-0.046761764223643226
"Box Elder County, Utah",49003,31-33,Manufacturing,3.78,3,0.3333333333333333,0.04804520259575706
"Cache County, Utah",49005,31-33,Manufacturing,2.36,2,0.3333333333333333,0.03707684028340345
"Carbon County, Utah",49007,22,Utilities,2.34,2,0.3333333333333333,-0.05629063990976548
"Daggett County, Utah",49009,,Not classified,,,-0.03333333333333336,0.056032996945167536
"Davis County, Utah",49011,23,Construction,1.59,1,0.36666666666666653,0.024296416613267847
"Duchesne County, Utah",49013,21,"Mining, Quarrying, Oil & Gas",48.95,4,0.19999999999999987,0.10250850961052384
"Emery County, Utah",49015,21,"Mining, Quarrying, Oil & Gas",32.01,4,0.2666666666666666,-0.015286618844521534
"Garfield County, Utah",49017,72,Accommodation & Food Services,4.03,3,0.2666666666666666,0.03899469146912346
"Grand County, Utah",49019,72,Accommodation & Food Services,3.5,3,0.3333333333333335,0.02258396554056675
"Iron County, Utah",49021,23,Construction,2.42,2,0.2333333333333334,0.04549923221723029
"Juab County, Utah",49023,21,"Mining, Quarrying, Oil & Gas",4.59,3,0.4333333333333333,0.030748029133786634
"Kane County, Utah",49025,81,Other Services (except Public Administration),4.41,3,0.3,0.0019816369343658297
"Millard County, Utah",49027,22,Utilities,9.3,4,0.3666666666666667,0.051865453001307134
"Morgan County, Utah",49029,23,Construction,4.17,3,0.3666666666666667,0.022577557614567537
"Piute County, Utah",49031,,Not classified,,,0.6,0.14908472863409816
"Rich County, Utah",49033,22,Utilities,4.86,3,0.1333333333333333,0.07477967392255018
"Salt Lake County, Utah",49035,52,Finance & Insurance,1.57,1,0.4000000000000001,0.027117351304603132
"San Juan County, Utah",49037,21,"Mining, Quarrying, Oil & Gas",25.42,4,0.16666666666666666,0.07628257759483051
"Sanpete County, Utah",49039,11,"Agriculture, Forestry, Fishing & Hunting",4.28,3,0.3333333333333333,0.07833925359342944
"Sevier County, Utah",49041,21,"Mining, Quarrying, Oil & Gas",19.42,4,0.3,0.007846713665772906
"Summit County, Utah",49043,71,"Arts, Entertainment & Recreation",9.63,4,0.20000000000000004,0.03617650583844126
"Tooele County, Utah",49045,48-49,Transportation & Warehousing,1.92,1,0.4666666666666666,0.044078873251497265
"Uintah County, Utah",49047,21,"Mining, Quarrying, Oil & Gas",43.87,4,0.13333333333333344,0.08886000494047416
"Utah County, Utah",49049,51,Information,2.44,2,0.4666666666666666,0.04586807302533591
"Wasatch County, Utah",49051,23,Construction,3.33,3,0.3,0.03677353493487
"Washington County, Utah",49053,23,Construction,2.2,2,0.2666666666666666,0.03617993423568097
"Wayne County, Utah",49055,23,Construction,4.78,3,0.09999999999999994,0.026520730128977554
"Weber County, Utah",49057,31-33,Manufacturing,1.99,2,0.4000000000000001,0.033308296586788744
"Addison County, Vermont",50001,11,"Agriculture, Forestry, Fishing & Hunting",6.61,4,0.1333333333333333,0.03802805400887548
"Bennington County, Vermont",50003,61,Educational Services,3.26,3,0.10000000000000009,0.026269069209530507
"Caledonia County, Vermont",50005,61,Educational Services,2.38,2,0.06666666666666658,0.027295742544775452
"Chittenden County, Vermont",50007,61,Educational Services,1.32,1,0.1333333333333334,0.028941571697954572
"Essex County, Vermont",50009,11,"Agriculture, Forestry, Fishing & Hunting",14.65,4,0.10000000000000009,-0.005931317790349898
"Franklin County, Vermont",50011,11,"Agriculture, Forestry, Fishing & Hunting",5.0,4,0.06666666666666672,0.012705531321393418
"Grand Isle County, Vermont",50013,44-45,Retail Trade,0.94,1,0.1333333333333333,-0.00358080295399818
"Lamoille County, Vermont",50015,72,Accommodation & Food Services,3.17,3,0.06666666666666672,0.028390316011485704
"Orange County, Vermont",50017,11,"Agriculture, Forestry, Fishing & Hunting",5.57,4,0.20000000000000004,0.03138500347145252
"Orleans County, Vermont",50019,72,Accommodation & Food Services,1.61,1,0.1333333333333333,0.024161448250403804
"Rutland County, Vermont",50021,21,"Mining, Quarrying, Oil & Gas",3.38,3,0.03333333333333336,0.03265087469849073
"Washington County, Vermont",50023,61,Educational Services,1.94,1,0.10000000000000009,0.027747278313245874
"Windham County, Vermont",50025,61,Educational Services,2.91,3,0.1333333333333333,0.010024353527225416
"Windsor County, Vermont",50027,71,"Arts, Entertainment & Recreation",1.64,1,0.1333333333333333,0.017815436182290856
"Accomack County, Virginia",51001,31-33,Manufacturing,3.16,3,0.2666666666666666,-0.05962888662882264
"Albemarle County, Virginia",51003,71,"Arts, Entertainment & Recreation",1.73,1,0.20000000000000004,
"Alleghany County, Virginia",51005,62,Health Care & Social Assistance,1.71,1,0.16666666666666666,
"Amelia County, Virginia",51007,23,Construction,3.26,3,0.20000000000000004,-0.003143750797906294
"Amherst County, Virginia",51009,99,Unclassified,3.5,3,0.2333333333333334,0.009418201237228198
"Appomattox County, Virginia",51011,23,Construction,2.27,2,0.19999999999999987,0.02966501121778319
"Arlington County, Virginia",51013,54,"Professional, Scientific & Technical Services",3.83,3,0.3,0.01892088590106174
"Augusta County, Virginia",51015,48-49,Transportation & Warehousing,3.21,3,0.16666666666666666,
"Bath County, Virginia",51017,54,"Professional, Scientific & Technical Services",0.8,1,0.03333333333333336,0.05477152883916634
"Bedford County, Virginia",51019,99,Unclassified,2.84,2,0.19999999999999987,0.00975442027167667
"Bland County, Virginia",51021,31-33,Manufacturing,4.49,3,0.3,0.02172155926809865
"Botetourt County, Virginia",51023,42,Wholesale Trade,3.81,3,0.1333333333333333,0.022766664114092255
"Brunswick County, Virginia",51025,56,Administrative & Support & Waste Management,1.29,1,0.36666666666666686,0.03966838080809936
"Buchanan County, Virginia",51027,61,Educational Services,1.48,1,0.4333333333333333,-0.010450699591163029
"Buckingham County, Virginia",51029,23,Construction,1.13,1,0.1333333333333333,0.02712781200074169
"Campbell County, Virginia",51031,31-33,Manufacturing,3.08,3,0.20000000000000004,
"Caroline County, Virginia",51033,99,Unclassified,6.03,4,0.06666666666666658,0.0527131961517681
"Carroll County, Virginia",51035,99,Unclassified,2.76,2,0.3999999999999999,
"Charles City County, Virginia",51036,48-49,Transportation & Warehousing,6.02,4,0.20000000000000004,0.0481372111741696
"Charlotte County, Virginia",51037,99,Unclassified,4.17,3,0.3,0.013601717318373917
"Chesterfield County, Virginia",51041,48-49,Transportation & Warehousing,2.22,2,0.16666666666666666,0.03145159661082776
"Clarke County, Virginia",51043,61,Educational Services,3.41,3,0.2333333333333334,0.0035470339125298293
"Craig County, Virginia",51045,44-45,Retail Trade,1.42,1,0.16666666666666666,-0.005798736670766784
"Culpeper County, Virginia",51047,11,"Agriculture, Forestry, Fishing & Hunting",2.15,2,0.20000000000000004,0.03313986880827686
"Cumberland County, Virginia",51049,11,"Agriculture, Forestry, Fishing & Hunting",3.66,3,0.06666666666666672,0.04123348217836407
"Dickenson County, Virginia",51051,44-45,Retail Trade,1.06,1,0.3,0.010065701454635319
"Dinwiddie County, Virginia",51053,48-49,Transportation & Warehousing,6.09,4,0.1333333333333333,
"Essex County, Virginia",51057,44-45,Retail Trade,2.21,2,0.20000000000000004,0.05453325065089197
"Fairfax County, Virginia",51059,54,"Professional, Scientific & Technical Services",3.45,3,0.3000000000000001,
"Fauquier County, Virginia",51061,99,Unclassified,2.55,2,0.19999999999999987,0.02655168898390141
"Floyd County, Virginia",51063,81,Other Services (except Public Administration),1.72,1,0.2666666666666668,0.023613246665740596
"Fluvanna County, Virginia",51065,22,Utilities,3.19,3,0.16666666666666666,0.047526864700765524
"Franklin County, Virginia",51067,99,Unclassified,3.11,3,0.2333333333333334,0.01178467225266606
"Frederick County, Virginia",51069,48-49,Transportation & Warehousing,2.79,2,0.2333333333333334,
"Giles County, Virginia",51071,31-33,Manufacturing,2.01,2,0.4333333333333333,0.03603324608428042
"Gloucester County, Virginia",51073,81,Other Services (except Public Administration),1.86,1,0.09999999999999994,0.03598726278182796
"Goochland County, Virginia",51075,55,Management of Companies & Enterprises,6.7,4,0.16666666666666666,-0.025895407248659557
"Grayson County, Virginia",51077,21,"Mining, Quarrying, Oil & Gas",4.87,3,0.2666666666666668,0.044414766224002915
"Greene County, Virginia",51079,99,Unclassified,2.55,2,0.19999999999999987,0.036579581859973974
"Greensville County, Virginia",51081,31-33,Manufacturing,1.98,2,0.8333333333333334,
"Halifax County, Virginia",51083,99,Unclassified,2.44,2,0.3000000000000001,0.028374408244514537
"Hanover County, Virginia",51085,42,Wholesale Trade,2.26,2,0.2333333333333334,0.03701287456343774
"Henrico County, Virginia",51087,55,Management of Companies & Enterprises,2.47,2,0.19999999999999987,-0.015552865395345838
"Henry County, Virginia",51089,31-33,Manufacturing,3.43,3,0.3999999999999999,
"Highland County, Virginia",51091,51,Information,9.82,4,-0.03333333333333336,0.06737400530503979
"Isle of Wight County, Virginia",51093,99,Unclassified,2.58,2,0.19999999999999987,-0.006225204741980259
"James City County, Virginia",51095,71,"Arts, Entertainment & Recreation",5.92,4,0.20000000000000004,
"King and Queen County, Virginia",51097,11,"Agriculture, Forestry, Fishing & Hunting",10.31,4,0.20000000000000004,0.002676495387996014
"King George County, Virginia",51099,54,"Professional, Scientific & Technical Services",3.3,3,0.2333333333333334,0.025097312505045266
"King William County, Virginia",51101,21,"Mining, Quarrying, Oil & Gas",2.23,2,0.1333333333333333,0.05167247368448712
"Lancaster County, Virginia",51103,99,Unclassified,10.39,4,0.2333333333333334,0.024440675808444896
"Lee County, Virginia",51105,21,"Mining, Quarrying, Oil & Gas",4.1,3,0.2333333333333334,0.03443289045615886
"Loudoun County, Virginia",51107,23,Construction,2.4,2,0.3,0.0505314224597666
"Louisa County, Virginia",51109,22,Utilities,25.28,4,0.2333333333333334,0.013062871065964737
"Lunenburg County, Virginia",51111,99,Unclassified,3.64,3,0.19999999999999987,-0.018983285296599206
"Madison County, Virginia",51113,11,"Agriculture, Forestry, Fishing & Hunting",3.95,3,0.20000000000000004,0.0316014883309067
"Mathews County, Virginia",51115,11,"Agriculture, Forestry, Fishing & Hunting",2.61,2,0.20000000000000004,0.01080365853453762
"Mecklenburg County, Virginia",51117,99,Unclassified,3.21,3,0.13333333333333344,0.03476899592306225
"Middlesex County, Virginia",51119,71,"Arts, Entertainment & Recreation",2.62,2,0.09999999999999994,0.02067034938333147
"Montgomery County, Virginia",51121,31-33,Manufacturing,1.46,1,0.3333333333333333,
"Nelson County, Virginia",51125,81,Other Services (except Public Administration),2.4,2,0.16666666666666666,-0.0025544629926061435
"New Kent County, Virginia",51127,23,Construction,2.59,2,0.20000000000000004,0.06572202880186276
"Northampton County, Virginia",51131,11,"Agriculture, Forestry, Fishing & Hunting",21.49,4,0.2333333333333334,0.04459874768821217
"Northumberland County, Virginia",51133,11,"Agriculture, Forestry, Fishing & Hunting",12.23,4,0.43333333333333357,0.010606230459748638
"Nottoway County, Virginia",51135,99,Unclassified,2.39,2,0.1333333333333333,0.015925016094497202
"Orange County, Virginia",51137,81,Other Services (except Public Administration),1.77,1,0.23333333333333325,0.023751294622413422
"Page County, Virginia",51139,71,"Arts, Entertainment & Recreation",2.21,2,0.2666666666666666,0.02493414337355305
"Patrick County, Virginia",51141,11,"Agriculture, Forestry, Fishing & Hunting",4.04,3,0.20000000000000004,0.01765165588791422
"Pittsylvania County, Virginia",51143,11,"Agriculture, Forestry, Fishing & Hunting",4.25,3,0.23333333333333325,
"Powhatan County, Virginia",51145,23,Construction,4.12,3,0.13333333333333344,0.03907745865970409
"Prince Edward County, Virginia",51147,99,Unclassified,3.82,3,0.2666666666666669,0.01541197623006551
"Prince George County, Virginia",51149,48-49,Transportation & Warehousing,4.07,3,0.13333333333333344,
"Prince William County, Virginia",51153,23,Construction,2.28,2,0.2333333333333334,
"Pulaski County, Virginia",51155,31-33,Manufacturing,3.84,3,0.7333333333333334,0.02748383724501573
"Rappahannock County, Virginia",51157,11,"Agriculture, Forestry, Fishing & Hunting",6.62,4,0.20000000000000004,0.015103483916507008
"Richmond County, Virginia",51159,23,Construction,1.5,1,0.2333333333333334,0.01561500892239219
"Roanoke County, Virginia",51161,31-33,Manufacturing,1.46,1,0.20000000000000004,
"Rockbridge County, Virginia",51163,44-45,Retail Trade,1.93,1,0.1333333333333333,
"Rockingham County, Virginia",51165,31-33,Manufacturing,2.28,2,0.20000000000000004,
"Russell County, Virginia",51167,21,"Mining, Quarrying, Oil & Gas",7.29,4,0.2999999999999998,0.024882715159791412
"Scott County, Virginia",51169,31-33,Manufacturing,2.88,3,0.16666666666666666,0.03462866525310428
"Shenandoah County, Virginia",51171,22,Utilities,2.43,2,0.2666666666666666,0.0027611919141967167
"Smyth County, Virginia",51173,31-33,Manufacturing,3.11,3,0.36666666666666653,0.013591304570039214
"Southampton County, Virginia",51175,42,Wholesale Trade,2.47,2,0.20000000000000004,
"Spotsylvania County, Virginia",51177,99,Unclassified,2.38,2,0.23333333333333325,
"Stafford County, Virginia",51179,48-49,Transportation & Warehousing,2.91,3,0.23333333333333325,0.007560762197950223
"Surry County, Virginia",51181,22,Utilities,102.34,4,0.1333333333333333,0.016041355602625092
"Sussex County, Virginia",51183,11,"Agriculture, Forestry, Fishing & Hunting",6.57,4,0.13333333333333344,-0.030835921051172815
"Tazewell County, Virginia",51185,44-45,Retail Trade,1.92,1,0.3333333333333333,0.04731693154484098
"Warren County, Virginia",51187,99,Unclassified,3.38,3,0.19999999999999987,0.03972009678497915
"Washington County, Virginia",51191,99,Unclassified,4.17,3,0.16666666666666666,
"Westmoreland County, Virginia",51193,11,"Agriculture, Forestry, Fishing & Hunting",8.05,4,0.3333333333333333,0.029265605704774725
"Wise County, Virginia",51195,22,Utilities,4.75,3,0.2666666666666668,
"Wythe County, Virginia",51197,21,"Mining, Quarrying, Oil & Gas",3.35,3,0.4333333333333333,0.006713024593367227
"York County, Virginia",51199,99,Unclassified,2.28,2,0.16666666666666666,
"Alexandria City, Virginia",51510,81,Other Services (except Public Administration),3.42,3,0.3,-0.011253968637879985
"Bristol City, Virginia",51520,48-49,Transportation & Warehousing,2.15,2,0.19999999999999987,
"Buena Vista City, Virginia",51530,44-45,Retail Trade,0.59,1,0.09999999999999994,
"Charlottesville City, Virginia",51540,81,Other Services (except Public Administration),1.76,1,0.1333333333333333,
"Chesapeake City, Virginia",51550,23,Construction,1.8,1,0.16666666666666666,0.023034511461590954
"Colonial Heights City, Virginia",51570,44-45,Retail Trade,2.77,2,0.16666666666666666,
"Covington City, Virginia",51580,44-45,Retail Trade,1.45,1,0.2333333333333334,
"Danville City, Virginia",51590,72,Accommodation & Food Services,1.73,1,0.2333333333333334,
"Emporia City, Virginia",51595,62,Health Care & Social Assistance,2.08,2,1.1333333333333335,
"Fairfax City, Virginia",51600,54,"Professional, Scientific & Technical Services",1.95,1,0.23333333333333325,
"Falls Church City, Virginia",51610,99,Unclassified,2.48,2,0.4333333333333333,
"Franklin City, Virginia",51620,44-45,Retail Trade,2.14,2,0.3000000000000001,
"Fredericksburg City, Virginia",51630,62,Health Care & Social Assistance,1.94,1,0.2333333333333334,
"Galax City, Virginia",51640,31-33,Manufacturing,2.16,2,0.2333333333333334,
"Hampton City, Virginia",51650,61,Educational Services,1.34,1,0.2333333333333334,0.02467491661252134
"Harrisonburg City, Virginia",51660,72,Accommodation & Food Services,1.85,1,0.2666666666666666,
"Hopewell City, Virginia",51670,31-33,Manufacturing,3.17,3,0.16666666666666666,
"Lexington City, Virginia",51678,72,Accommodation & Food Services,1.79,1,0.3666666666666667,
"Lynchburg City, Virginia",51680,61,Educational Services,1.67,1,0.3,
"Manassas City, Virginia",51683,54,"Professional, Scientific & Technical Services",2.11,2,0.16666666666666666,
"Manassas Park City, Virginia",51685,23,Construction,5.19,4,0.2666666666666666,
"Martinsville City, Virginia",51690,56,Administrative & Support & Waste Management,1.71,1,0.4000000000000001,
"Newport News City, Virginia",51700,31-33,Manufacturing,3.46,3,0.16666666666666666,0.022511014830211153
"Norfolk City, Virginia",51710,48-49,Transportation & Warehousing,1.36,1,0.20000000000000004,0.01771730950987559
"Norton City, Virginia",51720,44-45,Retail Trade,2.12,2,0.16666666666666666,
"Petersburg City, Virginia",51730,62,Health Care & Social Assistance,2.13,2,0.09999999999999994,
"Poquoson City, Virginia",51735,81,Other Services (except Public Administration),2.18,2,0.20000000000000004,
"Portsmouth City, Virginia",51740,71,"Arts, Entertainment & Recreation",2.01,2,0.19999999999999987,-0.008999853650554208
"Radford City, Virginia",51750,31-33,Manufacturing,1.48,1,0.4333333333333333,
"Richmond City, Virginia",51760,55,Management of Companies & Enterprises,3.38,3,0.2333333333333334,0.0392180319962171
"Roanoke City, Virginia",51770,55,Management of Companies & Enterprises,2.84,2,0.20000000000000004,0.018139813162889918
"Salem City, Virginia",51775,42,Wholesale Trade,2.5,2,0.19999999999999987,
"Staunton City, Virginia",51790,61,Educational Services,2.28,2,0.20000000000000004,
"Suffolk City, Virginia",51800,48-49,Transportation & Warehousing,5.18,4,0.2333333333333334,0.016789966465005832
"Virginia Beach City, Virginia",51810,99,Unclassified,2.02,2,0.16666666666666666,0.03481863325534215
"Waynesboro City, Virginia",51820,55,Management of Companies & Enterprises,2.85,2,0.16666666666666666,
"Williamsburg City, Virginia",51830,55,Management of Companies & Enterprises,2.09,2,0.3333333333333335,
"Winchester City, Virginia",51840,62,Health Care & Social Assistance,2.06,2,0.23333333333333325,
"Adams County, Washington",53001,31-33,Manufacturing,1.84,1,0.06666666666666672,0.07379480416184747
"Asotin County, Washington",53003,44-45,Retail Trade,1.65,1,-0.03333333333333336,0.029589611529104692
"Benton County, Washington",53005,11,"Agriculture, Forestry, Fishing & Hunting",7.02,4,0.03333333333333351,0.022894774886693833
"Chelan County, Washington",53007,53,Real Estate & Rental & Leasing,1.29,1,0.06666666666666672,0.0431269011812598
"Clallam County, Washington",53009,11,"Agriculture, Forestry, Fishing & Hunting",3.03,3,0.06666666666666672,0.028577789097614433
"Clark County, Washington",53011,23,Construction,1.74,1,0.20000000000000004,0.020006360953696314
"Columbia County, Washington",53013,22,Utilities,6.17,4,0.10000000000000009,0.023945025370451137
"Cowlitz County, Washington",53015,31-33,Manufacturing,2.19,2,0.16666666666666666,0.007098284504903455
"Douglas County, Washington",53017,44-45,Retail Trade,1.66,1,0.13333333333333344,0.04115756586196778
"Ferry County, Washington",53019,23,Construction,1.22,1,0.0,0.039516880736843764
"Franklin County, Washington",53021,48-49,Transportation & Warehousing,2.04,2,0.13333333333333344,0.016331370122059197
"Garfield County, Washington",53023,42,Wholesale Trade,2.81,2,-0.36666666666666653,0.002363049181718482
"Grant County, Washington",53025,31-33,Manufacturing,1.31,1,0.2666666666666666,0.04912166827225375
"Grays Harbor County, Washington",53027,23,Construction,1.25,1,0.10000000000000024,0.03566282751447485
"Island County, Washington",53029,81,Other Services (except Public Administration),1.61,1,0.06666666666666643,0.006384692633180698
"Jefferson County, Washington",53031,81,Other Services (except Public Administration),1.88,1,0.06666666666666643,0.03959273890470561
"King County, Washington",53033,51,Information,4.73,3,0.3333333333333333,0.04535937818330318
"Kitsap County, Washington",53035,44-45,Retail Trade,1.12,1,0.06666666666666672,0.02912947236469709
"Kittitas County, Washington",53037,71,"Arts, Entertainment & Recreation",2.28,2,0.03333333333333351,0.01604013073798361
"Klickitat County, Washington",53039,22,Utilities,2.02,2,0.06666666666666643,0.026511126580846915
"Lewis County, Washington",53041,11,"Agriculture, Forestry, Fishing & Hunting",3.71,3,0.09999999999999994,0.04314025959371348
"Lincoln County, Washington",53043,23,Construction,2.12,2,0.13333333333333316,0.009346039112367992
"Mason County, Washington",53045,31-33,Manufacturing,1.24,1,0.03333333333333351,0.03734985580936212
"Okanogan County, Washington",53047,44-45,Retail Trade,1.28,1,-0.13333333333333316,0.06418939310972487
"Pacific County, Washington",53049,72,Accommodation & Food Services,1.47,1,-0.06666666666666672,0.01296426409981776
"Pend Oreille County, Washington",53051,23,Construction,0.76,1,0.0,0.05402644355443267
"Pierce County, Washington",53053,48-49,Transportation & Warehousing,1.56,1,0.2333333333333334,0.0182576255414755
"San Juan County, Washington",53055,53,Real Estate & Rental & Leasing,3.54,3,0.06666666666666658,0.026153380229534205
"Skagit County, Washington",53057,11,"Agriculture, Forestry, Fishing & Hunting",5.05,4,0.0,0.030646198530591865
"Skamania County, Washington",53059,72,Accommodation & Food Services,3.02,3,0.16666666666666666,0.034274322411772765
"Snohomish County, Washington",53061,31-33,Manufacturing,2.32,2,0.20000000000000018,0.02941015669019816
"Spokane County, Washington",53063,62,Health Care & Social Assistance,1.35,1,0.06666666666666672,0.02624076519732737
"Stevens County, Washington",53065,31-33,Manufacturing,1.29,1,0.03333333333333351,0.04722561135354836
"Thurston County, Washington",53067,11,"Agriculture, Forestry, Fishing & Hunting",1.54,1,0.10000000000000024,0.041743586909435526
"Wahkiakum County, Washington",53069,11,"Agriculture, Forestry, Fishing & Hunting",10.27,4,0.20000000000000018,0.019405708121142895
"Walla Walla County, Washington",53071,31-33,Manufacturing,1.76,1,0.033333333333333215,0.01997999868519132
"Whatcom County, Washington",53073,11,"Agriculture, Forestry, Fishing & Hunting",4.31,3,0.10000000000000024,0.017937199083779425
"Whitman County, Washington",53075,11,"Agriculture, Forestry, Fishing & Hunting",3.03,3,0.06666666666666658,-0.018945259289977198
"Yakima County, Washington",53077,11,"Agriculture, Forestry, Fishing & Hunting",29.96,4,0.10000000000000024,-0.01918021553787912
"Barbour County, West Virginia",54001,44-45,Retail Trade,0.91,1,0.16666666666666666,0.10429880321412431
"Berkeley County, West Virginia",54003,48-49,Transportation & Warehousing,1.6,1,0.2666666666666668,0.03682239835157489
"Boone County, West Virginia",54005,22,Utilities,1.85,1,0.2666666666666666,0.08101190372564478
"Braxton County, West Virginia",54007,22,Utilities,2.11,2,-0.5,0.03087607601508364
"Brooke County, West Virginia",54009,31-33,Manufacturing,1.99,2,0.16666666666666666,-0.003324745056669101
"Cabell County, West Virginia",54011,62,Health Care & Social Assistance,1.87,1,0.1333333333333333,0.027825560856235963
"Calhoun County, West Virginia",54013,23,Construction,2.77,2,-0.13333333333333344,-0.004132501713580373
"Clay County, West Virginia",54015,62,Health Care & Social Assistance,1.93,1,0.3333333333333333,0.08329679877163797
"Doddridge County, West Virginia",54017,48-49,Transportation & Warehousing,0.97,1,-0.06666666666666658,0.0003225720187994304
"Fayette County, West Virginia",54019,21,"Mining, Quarrying, Oil & Gas",9.64,4,0.09999999999999994,0.049989930407930365
"Gilmer County, West Virginia",54021,31-33,Manufacturing,1.29,1,0.0,0.014237479102877858
"Grant County, West Virginia",54023,23,Construction,2.47,2,-0.03333333333333336,0.01466459231500754
"Greenbrier County, West Virginia",54025,21,"Mining, Quarrying, Oil & Gas",3.89,3,0.1333333333333333,-0.0013979249856226536
"Hampshire County, West Virginia",54027,44-45,Retail Trade,1.21,1,0.2333333333333334,-0.014724063688282144
"Hancock County, West Virginia",54029,22,Utilities,2.72,2,0.2333333333333334,0.01737760389272353
"Hardy County, West Virginia",54031,31-33,Manufacturing,5.01,4,0.1333333333333333,0.007762467028778724
"Harrison County, West Virginia",54033,21,"Mining, Quarrying, Oil & Gas",7.16,4,-0.03333333333333336,0.02850881410055429
"Jackson County, West Virginia",54035,31-33,Manufacturing,2.64,2,0.19999999999999987,0.02370737616129192
"Jefferson County, West Virginia",54037,72,Accommodation & Food Services,2.05,2,0.20000000000000004,0.06683464451973316
"Kanawha County, West Virginia",54039,21,"Mining, Quarrying, Oil & Gas",4.06,3,0.09999999999999994,0.02177350169765051
"Lewis County, West Virginia",54041,21,"Mining, Quarrying, Oil & Gas",11.22,4,0.0,0.020402498991919645
"Lincoln County, West Virginia",54043,21,"Mining, Quarrying, Oil & Gas",4.42,3,0.033333333333333215,0.02164160604424713
"Logan County, West Virginia",54045,22,Utilities,1.65,1,0.2333333333333334,0.0530871185478679
"McDowell County, West Virginia",54047,44-45,Retail Trade,1.05,1,0.9666666666666668,0.015460390358779953
"Marion County, West Virginia",54049,22,Utilities,9.77,4,0.0,0.03285471700933204
"Marshall County, West Virginia",54051,21,"Mining, Quarrying, Oil & Gas",43.73,4,-0.13333333333333344,0.010321612779846936
"Mason County, West Virginia",54053,23,Construction,4.28,3,-0.09999999999999994,0.03204396237356342
"Mercer County, West Virginia",54055,62,Health Care & Social Assistance,1.65,1,0.13333333333333344,0.019942340547358068
"Mineral County, West Virginia",54057,31-33,Manufacturing,2.98,3,0.19999999999999987,0.0014172629931450673
"Mingo County, West Virginia",54059,21,"Mining, Quarrying, Oil & Gas",49.3,4,0.4333333333333333,0.12387946282406428
"Monongalia County, West Virginia",54061,21,"Mining, Quarrying, Oil & Gas",3.31,3,-0.03333333333333336,0.0158431437561422
"Monroe County, West Virginia",54063,31-33,Manufacturing,2.23,2,0.3000000000000001,0.037499505634404025
"Morgan County, West Virginia",54065,44-45,Retail Trade,1.51,1,0.20000000000000004,-0.036466233845033676
"Nicholas County, West Virginia",54067,21,"Mining, Quarrying, Oil & Gas",12.21,4,0.3333333333333333,0.023833857916380256
"Ohio County, West Virginia",54069,55,Management of Companies & Enterprises,1.94,1,-0.033333333333333215,0.02447878666473086
"Pendleton County, West Virginia",54071,71,"Arts, Entertainment & Recreation",1.32,1,0.1333333333333333,0.0454788179191343
"Pleasants County, West Virginia",54073,31-33,Manufacturing,2.84,2,0.09999999999999994,-0.04434328330656625
"Pocahontas County, West Virginia",54075,81,Other Services (except Public Administration),1.12,1,0.13333333333333344,-0.001961863261972571
"Preston County, West Virginia",54077,23,Construction,2.72,2,-0.06666666666666672,-0.004813565693163901
"Putnam County, West Virginia",54079,22,Utilities,5.22,4,0.06666666666666672,0.026528397430668996
"Raleigh County, West Virginia",54081,21,"Mining, Quarrying, Oil & Gas",17.98,4,0.19999999999999987,0.035950414589537
"Randolph County, West Virginia",54083,22,Utilities,1.97,2,0.09999999999999994,0.001259915395797156
"Ritchie County, West Virginia",54085,21,"Mining, Quarrying, Oil & Gas",54.86,4,0.16666666666666666,0.0021425337289578137
"Roane County, West Virginia",54087,21,"Mining, Quarrying, Oil & Gas",16.16,4,0.2666666666666666,0.002314525842726957
"Summers County, West Virginia",54089,42,Wholesale Trade,2.12,2,0.2666666666666666,0.002064872618056324
"Taylor County, West Virginia",54091,44-45,Retail Trade,1.22,1,0.0,0.024077184463328512
"Tucker County, West Virginia",54093,31-33,Manufacturing,1.17,1,0.0,-0.009891970167721583
"Tyler County, West Virginia",54095,31-33,Manufacturing,2.83,2,-0.20000000000000018,0.019003938644267106
"Upshur County, West Virginia",54097,21,"Mining, Quarrying, Oil & Gas",7.56,4,0.16666666666666666,0.044475914484567364
"Wayne County, West Virginia",54099,71,"Arts, Entertainment & Recreation",1.39,1,0.13333333333333344,0.02275542831871939
"Webster County, West Virginia",54101,62,Health Care & Social Assistance,2.1,2,0.5666666666666668,-0.008408884803467336
"Wetzel County, West Virginia",54103,21,"Mining, Quarrying, Oil & Gas",31.98,4,-0.19999999999999987,0.04199637084276953
"Wirt County, West Virginia",54105,99,Unclassified,2.99,3,0.0,-0.06235288202681146
"Wood County, West Virginia",54107,44-45,Retail Trade,1.51,1,0.09999999999999994,0.012725353707573252
"Wyoming County, West Virginia",54109,21,"Mining, Quarrying, Oil & Gas",60.7,4,0.3000000000000001,0.08539064910312613
"Adams County, Wisconsin",55001,11,"Agriculture, Forestry, Fishing & Hunting",15.55,4,0.06666666666666672,-0.001673556246155951
"Ashland County, Wisconsin",55003,31-33,Manufacturing,1.51,1,0.0,0.009724828503914961
"Barron County, Wisconsin",55005,31-33,Manufacturing,2.75,2,0.16666666666666666,0.02812513719156448
"Bayfield County, Wisconsin",55007,11,"Agriculture, Forestry, Fishing & Hunting",2.25,2,-0.03333333333333351,0.013821725760306443
"Brown County, Wisconsin",55009,31-33,Manufacturing,2.28,2,0.1333333333333333,0.02254800357575886
"Buffalo County, Wisconsin",55011,11,"Agriculture, Forestry, Fishing & Hunting",10.44,4,0.2333333333333334,0.011550177236412778
"Burnett County, Wisconsin",55013,22,Utilities,3.38,3,0.09999999999999994,0.02822885508663992
"Calumet County, Wisconsin",55015,31-33,Manufacturing,3.01,3,0.09999999999999994,0.01690012373397541
"Chippewa County, Wisconsin",55017,31-33,Manufacturing,2.6,2,0.16666666666666666,0.01754259519714497
"Clark County, Wisconsin",55019,31-33,Manufacturing,4.02,3,0.1333333333333333,0.027774486414522837
"Columbia County, Wisconsin",55021,31-33,Manufacturing,2.79,2,0.1333333333333333,0.033612828643939247
"Crawford County, Wisconsin",55023,31-33,Manufacturing,2.25,2,0.13333333333333316,-0.020945463205525126
"Dane County, Wisconsin",55025,51,Information,3.0,3,0.16666666666666666,0.030841204798118672
"Dodge County, Wisconsin",55027,31-33,Manufacturing,3.73,3,0.06666666666666672,0.0025280146895541433
"Door County, Wisconsin",55029,31-33,Manufacturing,2.08,2,0.06666666666666658,0.025763191811204348
"Douglas County, Wisconsin",55031,22,Utilities,1.9,1,0.16666666666666666,0.0037474401466892
"Dunn County, Wisconsin",55033,48-49,Transportation & Warehousing,2.55,2,0.16666666666666666,0.005109494356298197
"Eau Claire County, Wisconsin",55035,55,Management of Companies & Enterprises,2.44,2,0.1333333333333333,0.018681490224372023
"Florence County, Wisconsin",55037,31-33,Manufacturing,1.44,1,-0.03333333333333336,0.005689432171341332
"Fond du Lac County, Wisconsin",55039,11,"Agriculture, Forestry, Fishing & Hunting",3.07,3,0.16666666666666666,-0.004128136533897486
"Forest County, Wisconsin",55041,44-45,Retail Trade,0.84,1,0.033333333333333215,0.034794059269859366
"Grant County, Wisconsin",55043,31-33,Manufacturing,1.63,1,0.20000000000000004,0.017737507779140328
"Green County, Wisconsin",55045,31-33,Manufacturing,3.2,3,0.06666666666666672,0.027680708619774386
"Green Lake County, Wisconsin",55047,11,"Agriculture, Forestry, Fishing & Hunting",3.51,3,0.03333333333333336,0.02166012227488381
"Iowa County, Wisconsin",55049,44-45,Retail Trade,2.78,2,0.06666666666666658,0.02452467875371199
"Iron County, Wisconsin",55051,23,Construction,2.17,2,0.2666666666666666,0.018132443212356086
"Jackson County, Wisconsin",55053,11,"Agriculture, Forestry, Fishing & Hunting",5.15,4,0.033333333333333215,0.06371660088188931
"Jefferson County, Wisconsin",55055,31-33,Manufacturing,3.38,3,0.1333333333333333,0.012700345175794193
"Juneau County, Wisconsin",55057,31-33,Manufacturing,2.33,2,0.10000000000000009,-0.0054502872942529205
"Kenosha County, Wisconsin",55059,48-49,Transportation & Warehousing,3.31,3,0.09999999999999994,0.013318048507038003
"Kewaunee County, Wisconsin",55061,31-33,Manufacturing,2.93,3,0.1333333333333333,0.02236678256345946
"La Crosse County, Wisconsin",55063,22,Utilities,1.73,1,0.09999999999999994,0.004477236843420164
"Lafayette County, Wisconsin",55065,31-33,Manufacturing,3.07,3,0.03333333333333336,0.04579988006436833
"Langlade County, Wisconsin",55067,31-33,Manufacturing,2.35,2,0.09999999999999994,0.020876442424705714
"Lincoln County, Wisconsin",55069,31-33,Manufacturing,2.81,2,0.16666666666666666,0.007173258482797785
"Manitowoc County, Wisconsin",55071,31-33,Manufacturing,3.49,3,0.09999999999999994,0.014994983160354776
"Marathon County, Wisconsin",55073,31-33,Manufacturing,3.18,3,0.1333333333333333,0.01245052963082372
"Marinette County, Wisconsin",55075,31-33,Manufacturing,3.35,3,0.16666666666666652,-0.0007933709755533577
"Marquette County, Wisconsin",55077,31-33,Manufacturing,3.82,3,0.09999999999999994,0.019114334581953385
"Menominee County, Wisconsin",55078,,Not classified,,,-0.13333333333333344,0.008499408711457017
"Milwaukee County, Wisconsin",55079,61,Educational Services,2.08,2,0.16666666666666666,0.018736852702741655
"Monroe County, Wisconsin",55081,21,"Mining, Quarrying, Oil & Gas",5.61,4,0.09999999999999994,-0.001054325291396328
"Oconto County, Wisconsin",55083,31-33,Manufacturing,3.11,3,0.09999999999999994,-0.002411227057106456
"Oneida County, Wisconsin",55085,44-45,Retail Trade,1.78,1,0.03333333333333336,0.02522804961732446
"Outagamie County, Wisconsin",55087,31-33,Manufacturing,2.34,2,0.16666666666666666,0.014550225256805105
"Ozaukee County, Wisconsin",55089,31-33,Manufacturing,2.28,2,0.1333333333333333,0.02240739441061124
"Pepin County, Wisconsin",55091,11,"Agriculture, Forestry, Fishing & Hunting",8.8,4,0.06666666666666672,-0.0021063405386230276
"Pierce County, Wisconsin",55093,31-33,Manufacturing,2.04,2,0.16666666666666666,0.0017266222831485338
"Polk County, Wisconsin",55095,31-33,Manufacturing,2.79,2,0.2666666666666666,0.014985474087979013
"Portage County, Wisconsin",55097,52,Finance & Insurance,3.14,3,0.10000000000000009,0.03017798657367808
"Price County, Wisconsin",55099,31-33,Manufacturing,4.26,3,0.36666666666666653,-0.002060736430859201
"Racine County, Wisconsin",55101,31-33,Manufacturing,2.83,2,0.1333333333333333,0.022586806209910226
"Richland County, Wisconsin",55103,31-33,Manufacturing,3.24,3,0.06666666666666672,0.036471341658661546
"Rock County, Wisconsin",55105,31-33,Manufacturing,2.03,2,0.03333333333333336,0.029392562272749327
"Rusk County, Wisconsin",55107,31-33,Manufacturing,2.99,3,0.3666666666666667,0.01704678216555169
"St. Croix County, Wisconsin",55109,31-33,Manufacturing,2.35,2,0.2666666666666668,0.020549769077229465
"Sauk County, Wisconsin",55111,72,Accommodation & Food Services,2.23,2,0.06666666666666658,0.010711580883719261
"Sawyer County, Wisconsin",55113,44-45,Retail Trade,1.64,1,0.0,0.02521528141205576
"Shawano County, Wisconsin",55115,11,"Agriculture, Forestry, Fishing & Hunting",8.31,4,0.06666666666666672,0.011200200699965971
"Sheboygan County, Wisconsin",55117,31-33,Manufacturing,4.29,3,0.1333333333333333,0.01737564013199186
"Taylor County, Wisconsin",55119,11,"Agriculture, Forestry, Fishing & Hunting",4.69,3,0.1333333333333333,0.006661435718709785
"Trempealeau County, Wisconsin",55121,31-33,Manufacturing,4.32,3,0.1333333333333333,0.014980589551256746
"Vernon County, Wisconsin",55123,22,Utilities,2.06,2,0.10000000000000009,0.011952596231381162
"Vilas County, Wisconsin",55125,72,Accommodation & Food Services,1.97,2,0.03333333333333336,0.05055891363749276
"Walworth County, Wisconsin",55127,31-33,Manufacturing,2.59,2,0.03333333333333336,0.020477461209175252
"Washburn County, Wisconsin",55129,31-33,Manufacturing,2.21,2,0.1333333333333333,0.01473127667830811
"Washington County, Wisconsin",55131,31-33,Manufacturing,2.89,3,0.1333333333333333,0.01753197808256376
"Waukesha County, Wisconsin",55133,31-33,Manufacturing,2.09,2,0.16666666666666666,0.013039725352067863
"Waupaca County, Wisconsin",55135,31-33,Manufacturing,3.66,3,0.10000000000000009,0.01603632855088592
"Waushara County, Wisconsin",55137,11,"Agriculture, Forestry, Fishing & Hunting",9.09,4,0.1333333333333333,0.01890747161987564
"Winnebago County, Wisconsin",55139,55,Management of Companies & Enterprises,3.21,3,0.1333333333333333,0.00419929618085379
"Wood County, Wisconsin",55141,48-49,Transportation & Warehousing,2.15,2,0.16666666666666666,0.006429849082823498
"Albany County, Wyoming",56001,21,"Mining, Quarrying, Oil & Gas",1.49,1,-0.03333333333333336,0.051929514376183254
"Big Horn County, Wyoming",56003,21,"Mining, Quarrying, Oil & Gas",35.26,4,0.03333333333333351,0.05150200030769465
"Campbell County, Wyoming",56005,21,"Mining, Quarrying, Oil & Gas",53.88,4,0.033333333333333215,-0.0032024312944041885
"Carbon County, Wyoming",56007,21,"Mining, Quarrying, Oil & Gas",5.54,4,-0.06666666666666658,0.02364323184139961
"Converse County, Wyoming",56009,21,"Mining, Quarrying, Oil & Gas",31.33,4,-0.09999999999999994,0.08125634762268522
"Crook County, Wyoming",56011,21,"Mining, Quarrying, Oil & Gas",41.52,4,0.03333333333333336,0.024609455899630508
"Fremont County, Wyoming",56013,21,"Mining, Quarrying, Oil & Gas",8.22,4,0.0,0.026606642480640003
"Goshen County, Wyoming",56015,22,Utilities,2.18,2,0.1333333333333333,-0.009398818660415448
"Hot Springs County, Wyoming",56017,21,"Mining, Quarrying, Oil & Gas",22.96,4,0.20000000000000004,-0.03511778632211989
"Johnson County, Wyoming",56019,21,"Mining, Quarrying, Oil & Gas",16.6,4,-0.13333333333333344,0.033964649264820033
"Laramie County, Wyoming",56021,21,"Mining, Quarrying, Oil & Gas",2.75,2,-0.03333333333333336,0.031995325748200854
"Lincoln County, Wyoming",56023,21,"Mining, Quarrying, Oil & Gas",21.79,4,-0.03333333333333336,0.04491439998312026
"Natrona County, Wyoming",56025,21,"Mining, Quarrying, Oil & Gas",13.53,4,-0.10000000000000009,0.028103244664662765
"Niobrara County, Wyoming",56027,21,"Mining, Quarrying, Oil & Gas",4.72,3,0.19999999999999987,0.028864757148082284
"Park County, Wyoming",56029,21,"Mining, Quarrying, Oil & Gas",7.02,4,-0.033333333333333215,0.056017320083039356
"Platte County, Wyoming",56031,11,"Agriculture, Forestry, Fishing & Hunting",7.71,4,0.033333333333333215,-0.013692987823451973
"Sheridan County, Wyoming",56033,23,Construction,2.25,2,-0.03333333333333336,0.06282583131809286
"Sublette County, Wyoming",56035,21,"Mining, Quarrying, Oil & Gas",40.11,4,0.06666666666666658,-0.07920594658615566
"Sweetwater County, Wyoming",56037,22,Utilities,4.79,3,0.0,-0.029021115673487457
"Teton County, Wyoming",56039,72,Accommodation & Food Services,3.61,3,-0.10000000000000009,0.016446619997281153
"Uinta County, Wyoming",56041,22,Utilities,4.77,3,0.1333333333333333,0.02036283130941857
"Washakie County, Wyoming",56043,11,"Agriculture, Forestry, Fishing & Hunting",5.98,4,-0.06666666666666672,-0.0002950203467311262
"Weston County, Wyoming",56045,21,"Mining, Quarrying, Oil & Gas",20.78,4,0.09999999999999994,0.04091817255229943
