county_name,fips_code,capital_to_wage_ratio,capital_quartile,unemployment_velocity,gdp_velocity_pct
"Autauga County, Alabama",01001,0.040276845196403545,1,0.06666666666666658,0.0037532818700463837
"Baldwin County, Alabama",01003,0.17045951761640876,4,0.09999999999999994,0.04934252500125054
"Barbour County, Alabama",01005,0.07966588374567872,2,0.0,-0.004151565808536721
"Bibb County, Alabama",01007,0.02442911868898264,1,0.10000000000000009,0.010741038578014431
"Blount County, Alabama",01009,0.039926745470781434,1,0.09999999999999994,0.04021506968658413
"Bullock County, Alabama",01011,0.10161413761914702,3,0.09999999999999994,0.03356508766235615
"Butler County, Alabama",01013,0.05787818591493932,2,0.0,0.02948236098060989
"Calhoun County, Alabama",01015,0.05601370321689172,1,0.16666666666666666,0.016805130767399173
"Chambers County, Alabama",01017,0.042578009443888995,1,0.10000000000000009,0.038878603098800486
"Cherokee County, Alabama",01019,0.0656591030961203,2,0.09999999999999994,0.01917358226867555
"Chilton County, Alabama",01021,0.04564129534203516,1,0.10000000000000009,0.0426876866639924
"Choctaw County, Alabama",01023,0.049168626338973606,1,0.20000000000000004,-0.012021919168546691
"Clarke County, Alabama",01025,0.05270465103860736,1,0.2333333333333334,-0.003990684670332658
"Clay County, Alabama",01027,0.036952423200621046,1,0.16666666666666666,-0.008810346077314995
"Cleburne County, Alabama",01029,0.07483827952108041,2,0.10000000000000009,0.044233009917257746
"Coffee County, Alabama",01031,0.0819786108347653,2,0.13333333333333344,0.03759523827841505
"Colbert County, Alabama",01033,0.06580361661906388,2,0.13333333333333344,0.0291508109187056
"Conecuh County, Alabama",01035,0.04468360040700905,1,0.16666666666666652,0.012149803122366054
"Coosa County, Alabama",01037,0.03769048233494678,1,0.20000000000000004,0.01616064494656263
"Covington County, Alabama",01039,0.06466981101089792,2,0.1333333333333333,0.003755545840025749
"Crenshaw County, Alabama",01041,0.04751815712882936,1,0.03333333333333336,0.05253301182914158
"Cullman County, Alabama",01043,0.07973605815826579,2,0.1333333333333333,0.024661612069004836
"Dale County, Alabama",01045,0.03814177033367658,1,0.13333333333333344,0.02127652970611067
"Dallas County, Alabama",01047,0.06282024812778017,2,0.033333333333333215,0.013703825920067969
"DeKalb County, Alabama",01049,0.06061672750056588,2,0.09999999999999994,0.034017083620821634
"Elmore County, Alabama",01051,0.07706734051355954,2,0.06666666666666658,0.05012377391691652
"Escambia County, Alabama",01053,0.06997968669804024,2,0.03333333333333336,0.02354986285693759
"Etowah County, Alabama",01055,0.07094768525137878,2,0.09999999999999994,0.021096005250447365
"Fayette County, Alabama",01057,0.03267383884676923,1,0.06666666666666658,0.01912913296168471
"Franklin County, Alabama",01059,0.04324660477927217,1,0.13333333333333344,0.018551920760161933
"Geneva County, Alabama",01061,0.046930662398678304,1,0.13333333333333344,0.01694189791570714
"Greene County, Alabama",01063,0.042494807864068264,1,0.5333333333333332,0.02739865647440352
"Hale County, Alabama",01065,0.04971287286648588,1,0.0,0.03319936069195694
"Henry County, Alabama",01067,0.0702246607844591,2,0.1333333333333333,0.032668612662383925
"Houston County, Alabama",01069,0.07299953334894985,2,0.09999999999999994,0.012529665310499063
"Jackson County, Alabama",01071,0.059365968084197106,2,0.19999999999999987,0.020865132802724843
"Jefferson County, Alabama",01073,0.1705160301898445,4,0.1333333333333333,0.020556360989416416
"Lamar County, Alabama",01075,0.0337942843316986,1,0.13333333333333344,0.0003945215614396003
"Lauderdale County, Alabama",01077,0.12267133497033805,3,0.16666666666666666,0.026488817336975164
"Lawrence County, Alabama",01079,0.025854791710959092,1,0.09999999999999994,0.023515323963365274
"Lee County, Alabama",01081,0.10760175626218677,3,0.09999999999999994,0.02718773161456324
"Limestone County, Alabama",01083,0.06255101395410476,2,0.16666666666666666,0.04946563141563794
"Lowndes County, Alabama",01085,0.10520820228959618,3,0.10000000000000024,0.036674611281352854
"Macon County, Alabama",01087,0.05023545673921702,1,0.0,0.03660359767467369
"Madison County, Alabama",01089,0.08664726169966633,3,0.09999999999999994,0.04469425859332809
"Marengo County, Alabama",01091,0.043237470304747984,1,0.10000000000000009,0.0127442634087323
"Marion County, Alabama",01093,0.048679570191726494,1,0.20000000000000004,0.014363799402441367
"Marshall County, Alabama",01095,0.06752830454655406,2,0.09999999999999994,0.025900894556884213
"Mobile County, Alabama",01097,0.09152782449353275,3,0.09999999999999994,0.031630818068828816
"Monroe County, Alabama",01099,0.048870695178998884,1,0.4333333333333334,-0.008499070224235064
"Montgomery County, Alabama",01101,0.13363175963766394,4,0.0,0.029703364394576503
"Morgan County, Alabama",01103,0.08457154694153451,3,0.06666666666666658,0.03318545130959818
"Perry County, Alabama",01105,0.017554715687861162,1,0.033333333333333215,0.01856503696127047
"Pickens County, Alabama",01107,0.03656888779992145,1,0.20000000000000004,-0.002601502282501185
"Pike County, Alabama",01109,0.08510271418081493,3,0.13333333333333344,0.02137486597251903
"Randolph County, Alabama",01111,0.08586802887704181,3,0.2666666666666666,0.013159404305757596
"Russell County, Alabama",01113,0.03152394863510716,1,0.2666666666666666,0.029790941954071302
"St. Clair County, Alabama",01115,0.053881658121592214,1,0.06666666666666658,0.04107328885462611
"Shelby County, Alabama",01117,0.10690728151697866,3,0.1333333333333334,0.009312739922139305
"Sumter County, Alabama",01119,0.042002198021780394,1,0.2666666666666668,0.02611246132372893
"Talladega County, Alabama",01121,0.04466591628510128,1,0.03333333333333336,0.04594643491191668
"Tallapoosa County, Alabama",01123,0.10891586981029547,3,0.03333333333333336,0.021922374522671994
"Tuscaloosa County, Alabama",01125,0.1076437247826816,3,0.1333333333333333,0.026737417273125792
"Walker County, Alabama",01127,0.09026849044581528,3,0.09999999999999994,0.04765726517271436
"Washington County, Alabama",01129,0.035402846888135324,1,-0.19999999999999987,0.05619487888748899
"Wilcox County, Alabama",01131,0.06612191154829215,2,0.06666666666666643,0.022732422347833806
"Winston County, Alabama",01133,0.047469789879159514,1,0.20000000000000004,-0.001052049750446402
"Aleutians East Borough, Alaska",02013,0.025771458339717463,1,0.2666666666666666,-0.07873688630261741
"Aleutians West Census Area, Alaska",02016,0.015369234553403527,1,-0.03333333333333336,0.04911243692393251
"Anchorage Municipality, Alaska",02020,0.09427820834895875,3,0.06666666666666658,0.02622671736132714
"Bethel Census Area, Alaska",02050,0.029604990294805646,1,0.8666666666666666,0.0061336150252826425
"Bristol Bay Borough, Alaska",02060,0.04550824837001707,1,-0.16666666666666666,-0.01108136667840789
"Chugach Census Area, Alaska",02063,0.08022414682605021,2,0.43333333333333357,
"Copper River Census Area, Alaska",02066,0.05233621173446297,1,0.2666666666666669,
"Denali Borough, Alaska",02068,0.04116139772486168,1,-0.19999999999999987,0.059034989440487816
"Dillingham Census Area, Alaska",02070,0.02916282032946316,1,0.6,0.02038507013349584
"Fairbanks North Star Borough, Alaska",02090,0.07927531316173943,2,0.033333333333333215,0.012939270166406834
"Haines Borough, Alaska",02100,0.15796868318706603,4,0.16666666666666666,0.058903071331369614
"Hoonah-Angoon Census Area, Alaska",02105,0.09335646140503036,3,0.3333333333333333,0.07874552068546699
"Juneau City and Borough, Alaska",02110,0.13365794762560007,4,0.09999999999999994,-0.0011027395618933877
"Kenai Peninsula Borough, Alaska",02122,0.1381000006994034,4,0.06666666666666672,0.012831181400899828
"Ketchikan Gateway Borough, Alaska",02130,0.12424479556256257,3,0.13333333333333344,0.03791448648224969
"Kodiak Island Borough, Alaska",02150,0.07068290561113527,2,-0.09999999999999994,0.007181334661948379
"Kusilvak Census Area, Alaska",02158,0.005229855371900826,1,1.3333333333333328,-0.012282485641227834
"Lake and Peninsula Borough, Alaska",02164,0.03174916190100572,1,0.09999999999999994,0.01713960727969349
"Matanuska-Susitna Borough, Alaska",02170,0.0854558209921603,3,0.06666666666666643,0.039687182351035515
"Nome Census Area, Alaska",02180,0.01850414216285772,1,0.7333333333333331,0.032757474618135
"North Slope Borough, Alaska",02185,0.05152142161635832,1,-0.09999999999999994,0.05672308088091306
"Northwest Arctic Borough, Alaska",02188,0.006922514228621385,1,0.19999999999999987,-0.05918635069926583
"Petersburg Borough, Alaska",02195,0.1935328595294051,4,-0.19999999999999987,-0.006227331430913549
"Prince of Wales-Hyder Census Area, Alaska",02198,0.07526881720430108,2,0.6333333333333334,-0.016875517721496678
"Sitka City and Borough, Alaska",02220,0.13817762399077277,4,0.0,0.038043171824092406
"Skagway Municipality, Alaska",02230,0.034940066309614895,1,0.06666666666666672,0.10151950105530332
"Southeast Fairbanks Census Area, Alaska",02240,0.035308976312929216,1,0.2666666666666669,-0.000767792639863389
"Wrangell City and Borough, Alaska",02275,0.11570181545547047,3,-0.2999999999999998,0.041330194687525294
"Yakutat City and Borough, Alaska",02282,0.07618530582699964,2,0.3000000000000001,-0.041403200624512096
"Yukon-Koyukuk Census Area, Alaska",02290,0.02442289748062802,1,0.6666666666666666,0.007351769503168035
"Apache County, Arizona",04001,0.023683869037341453,1,0.20000000000000018,-0.015989334113963537
"Cochise County, Arizona",04003,0.06949815509991518,2,0.2333333333333334,0.017802482756889157
"Coconino County, Arizona",04005,0.15395505055966227,4,0.09999999999999994,0.028962446336538605
"Gila County, Arizona",04007,0.1375164408544844,4,0.033333333333333215,-0.007602715553661619
"Graham County, Arizona",04009,0.027550992462579155,1,0.1333333333333333,0.013391527985323266
"Greenlee County, Arizona",04011,0.006326371435999653,1,0.09999999999999994,-0.04995421550277871
"La Paz County, Arizona",04012,0.09617229336437719,3,-0.06666666666666672,-0.04422072449864139
"Maricopa County, Arizona",04013,0.17238058268685832,4,0.16666666666666666,0.040400281255221535
"Mohave County, Arizona",04015,0.14493493850351702,4,0.13333333333333316,0.03584994736065305
"Navajo County, Arizona",04017,0.06355411223075491,2,0.3000000000000001,0.028446736200932327
"Pima County, Arizona",04019,0.13481468884920972,4,0.19999999999999987,0.027159309346152218
"Pinal County, Arizona",04021,0.07456765820251739,2,0.2333333333333334,0.07010110695084787
"Santa Cruz County, Arizona",04023,0.11917057656579652,3,-0.06666666666666672,0.013004382567987697
"Yavapai County, Arizona",04025,0.25551329845413445,4,0.16666666666666652,0.03458289034810009
"Yuma County, Arizona",04027,0.05607572672928849,1,0.6000000000000002,0.0383819430699981
"Arkansas County, Arkansas",05001,0.0701897894743929,2,0.4000000000000001,-0.04344543449321271
"Ashley County, Arkansas",05003,0.039447016931499906,1,0.2666666666666666,0.03845287198914639
"Baxter County, Arkansas",05005,0.13770873880813578,4,0.3000000000000001,0.02439452589995488
"Benton County, Arkansas",05007,0.5507304733674733,4,0.3000000000000001,0.048180432063543645
"Boone County, Arkansas",05009,0.14405790188293358,4,0.4333333333333333,0.02031695155537026
"Bradley County, Arkansas",05011,0.028501746481202076,1,0.4666666666666668,0.004622286240696124
"Calhoun County, Arkansas",05013,0.021660731959818432,1,0.36666666666666686,-0.03400708492965594
"Carroll County, Arkansas",05015,0.14800789599710323,4,0.36666666666666653,0.03189690550789605
"Chicot County, Arkansas",05017,0.0978877871708042,3,0.3333333333333333,-0.023505459258372656
"Clark County, Arkansas",05019,0.05429190656538015,1,0.3000000000000001,0.0065346259545247904
"Clay County, Arkansas",05021,0.05012147762707325,1,0.3333333333333335,-0.011140833609372144
"Cleburne County, Arkansas",05023,0.09741261438137644,3,0.3333333333333333,0.0018073518807434966
"Cleveland County, Arkansas",05025,0.06164221909127969,2,0.2666666666666666,0.09504360587462442
"Columbia County, Arkansas",05027,0.0623914927607502,2,0.2666666666666666,0.023656213226791102
"Conway County, Arkansas",05029,0.09924107577223115,3,0.36666666666666653,0.01094412791631022
"Craighead County, Arkansas",05031,0.08491012983731513,3,0.4000000000000001,0.012779900142032842
"Crawford County, Arkansas",05033,0.04276311661021933,1,0.3999999999999999,-0.0032737779688134295
"Crittenden County, Arkansas",05035,0.05873600222573305,2,0.6,0.0015407626699540306
"Cross County, Arkansas",05037,0.03420429688670482,1,0.3333333333333335,-0.006481315474550652
"Dallas County, Arkansas",05039,0.03083563320952045,1,0.16666666666666666,-0.009600073225460385
"Desha County, Arkansas",05041,0.0389279540403187,1,0.4666666666666668,-0.014576480636778308
"Drew County, Arkansas",05043,0.07283134903881336,2,0.3333333333333333,0.0036401755210180987
"Faulkner County, Arkansas",05045,0.07101210610646252,2,0.3000000000000001,0.03627837177132547
"Franklin County, Arkansas",05047,0.05511841435368059,1,0.36666666666666653,0.06537085751928452
"Fulton County, Arkansas",05049,0.06941227472595529,2,0.4666666666666668,-0.0350419045305478
"Garland County, Arkansas",05051,0.252093298943918,4,0.20000000000000004,0.011773775144944014
"Grant County, Arkansas",05053,0.03401747951737701,1,0.16666666666666666,0.037891227339028964
"Greene County, Arkansas",05055,0.050140693551974924,1,0.4333333333333334,-0.006254221084750963
"Hempstead County, Arkansas",05057,0.04046056457374516,1,0.3333333333333333,0.010592559829973048
"Hot Spring County, Arkansas",05059,0.05303254292078134,1,0.3333333333333335,0.044169587284597626
"Howard County, Arkansas",05061,0.048777182777674614,1,0.5666666666666668,0.026610967836958186
"Independence County, Arkansas",05063,0.06518799264280958,2,0.20000000000000004,0.040007412496530455
"Izard County, Arkansas",05065,0.07705596793605639,2,0.20000000000000018,0.01861741001471853
"Jackson County, Arkansas",05067,0.042555035534754725,1,0.03333333333333351,0.04203639290585117
"Jefferson County, Arkansas",05069,0.041261440004475604,1,0.3000000000000001,-0.046378254720780235
"Johnson County, Arkansas",05071,0.03578915617223437,1,0.5,0.0033980768389270557
"Lafayette County, Arkansas",05073,0.04082953883338009,1,0.39999999999999974,0.0671718904792647
"Lawrence County, Arkansas",05075,0.03758554968379104,1,0.2333333333333334,-0.009283519789056347
"Lee County, Arkansas",05077,0.048510303522485025,1,0.5333333333333335,-0.014680152843335582
"Lincoln County, Arkansas",05079,0.03846774518901037,1,0.3333333333333333,0.028948285475327573
"Little River County, Arkansas",05081,0.042127173206383824,1,0.16666666666666666,0.02967764403504125
"Logan County, Arkansas",05083,0.04770413281171632,1,0.4000000000000001,0.060157006003170706
"Lonoke County, Arkansas",05085,0.05223142831688218,1,0.2666666666666666,0.023161529880835714
"Madison County, Arkansas",05087,0.07040064064818523,2,0.3333333333333333,0.0743485192556151
"Marion County, Arkansas",05089,0.151308760076566,4,0.7000000000000002,-0.031817143100085564
"Miller County, Arkansas",05091,0.07367734659123507,2,0.2333333333333334,-0.008092701672724946
"Mississippi County, Arkansas",05093,0.04318925744331172,1,0.09999999999999994,0.026690495283347125
"Monroe County, Arkansas",05095,0.05197256364222253,1,0.5666666666666668,-0.0010866350646826705
"Montgomery County, Arkansas",05097,0.06955953947052554,2,0.2999999999999998,0.03211706575446598
"Nevada County, Arkansas",05099,0.02910343624629339,1,0.2333333333333334,-0.00813688407715098
"Newton County, Arkansas",05101,0.10187828057684702,3,0.5333333333333335,-0.00018085764599495502
"Ouachita County, Arkansas",05103,0.053412510022784465,1,0.4000000000000001,0.017755359871583016
"Perry County, Arkansas",05105,0.036818727993352424,1,0.3333333333333332,0.056969200629476184
"Phillips County, Arkansas",05107,0.030565570682882206,1,0.2666666666666666,-0.04362599389048938
"Pike County, Arkansas",05109,0.07610950930990812,2,0.36666666666666653,0.044359725055165895
"Poinsett County, Arkansas",05111,0.03226812342432185,1,0.36666666666666653,0.028918150529703
"Polk County, Arkansas",05113,0.09256165412381405,3,0.3,0.04226134470553254
"Pope County, Arkansas",05115,0.09375075014317018,3,0.3333333333333333,0.02566600342239906
"Prairie County, Arkansas",05117,0.08233452811521806,3,0.4000000000000001,-0.0033674433565871213
"Pulaski County, Arkansas",05119,0.1385152395068474,4,0.3000000000000001,0.02272560372278901
"Randolph County, Arkansas",05121,0.05634926850370503,1,0.2333333333333334,0.013900573557324736
"St. Francis County, Arkansas",05123,0.035846831262777164,1,0.5,-0.009163600933998555
"Saline County, Arkansas",05125,0.06379295143868291,2,0.2666666666666666,0.011002780935685944
"Scott County, Arkansas",05127,0.04118554462266553,1,0.3999999999999999,0.048463470550554597
"Searcy County, Arkansas",05129,0.09184017029965354,3,0.1333333333333333,0.010016092336718272
"Sebastian County, Arkansas",05131,0.1524073189908477,4,0.4000000000000001,0.015576966355490716
"Sevier County, Arkansas",05133,0.04283583949322111,1,0.20000000000000004,0.05827067564084717
"Sharp County, Arkansas",05135,0.07171934254561659,2,0.2666666666666666,0.06130139691994878
"Stone County, Arkansas",05137,0.0969657310142931,3,0.36666666666666686,0.03209762147276294
"Union County, Arkansas",05139,0.1300213797654944,4,0.4000000000000001,0.0034768550643838503
"Van Buren County, Arkansas",05141,0.07919542987108753,2,0.36666666666666686,-0.01753652909040595
"Washington County, Arkansas",05143,0.15109917582476035,4,0.3333333333333333,0.02394116722824389
"White County, Arkansas",05145,0.06791402631796618,2,0.23333333333333325,0.02026530899079339
"Woodruff County, Arkansas",05147,0.0310926648665857,1,0.19999999999999987,0.01071339620607489
"Yell County, Arkansas",05149,0.049341450674095816,1,0.3,0.03352811389862475
"Alameda County, California",06001,0.10587429327049902,3,0.5,0.007264279417216846
"Alpine County, California",06003,0.20294582839066824,4,-0.2333333333333331,0.024742862913114352
"Amador County, California",06005,0.10110465082776782,3,0.4666666666666668,0.01315599832707401
"Butte County, California",06007,0.10836389136437348,3,0.5333333333333335,0.028823841420274526
"Calaveras County, California",06009,0.11911969404165033,3,0.5666666666666668,0.05001460531558428
"Colusa County, California",06011,0.1227712255749639,3,0.8666666666666666,0.03499329101064027
"Contra Costa County, California",06013,0.13156428721665828,4,0.4666666666666666,-0.0019295905114495482
"Del Norte County, California",06015,0.07427557627149782,2,0.2666666666666669,0.014119145808792923
"El Dorado County, California",06017,0.14716163298716753,4,0.4333333333333333,0.03006783646463297
"Fresno County, California",06019,0.08993930602416524,3,0.6333333333333334,0.025706654887807347
"Glenn County, California",06021,0.0917705181204614,3,0.4666666666666665,0.01331195594731524
"Humboldt County, California",06023,0.12127680179743942,3,0.4000000000000001,0.015858788720217697
"Imperial County, California",06025,0.03237329428697982,1,1.1999999999999993,0.05127222694986737
"Inyo County, California",06027,0.10245393480002465,3,0.19999999999999987,0.022234643555303836
"Kern County, California",06029,0.05881848306309756,2,0.6333333333333334,0.022696929561004272
"Kings County, California",06031,0.06063854745562619,2,0.6333333333333334,0.027617977414861494
"Lake County, California",06033,0.0882939235313469,3,0.4666666666666665,0.02249056293396126
"Lassen County, California",06035,0.035096931381403455,1,0.4666666666666668,-0.003017204906812067
"Los Angeles County, California",06037,0.1497701463887964,4,0.2333333333333334,0.015441948869865102
"Madera County, California",06039,0.06901430582003507,2,0.6333333333333334,0.018212945456470852
"Marin County, California",06041,0.3883258135026231,4,0.4333333333333334,-0.0017999056093211346
"Mariposa County, California",06043,0.08896693660238915,3,0.3333333333333333,0.04843324784230989
"Mendocino County, California",06045,0.15825906393451097,4,0.5,-0.00028004322470887483
"Merced County, California",06047,0.07057501558936834,2,0.7999999999999998,0.030618049261269282
"Modoc County, California",06049,0.08376914377067442,3,0.5,0.043504358533394
"Mono County, California",06051,0.16045582706766917,4,0.10000000000000009,0.046839883515026395
"Monterey County, California",06053,0.16612856403589596,4,0.5666666666666668,0.02191995871442555
"Napa County, California",06055,0.28965279676009015,4,0.36666666666666653,-0.0041618992355463786
"Nevada County, California",06057,0.24251033992113927,4,0.3333333333333333,0.023657992796894244
"Orange County, California",06059,0.17953356991511765,4,0.2999999999999998,0.011358876101895992
"Placer County, California",06061,0.1452747704955499,4,0.3999999999999999,0.009737170044334338
"Plumas County, California",06063,0.13831285840900154,4,0.3000000000000001,0.08699994017054913
"Riverside County, California",06065,0.07991898296521677,2,0.4333333333333333,0.024368699084665373
"Sacramento County, California",06067,0.09309544951281834,3,0.3666666666666667,0.028716299180384985
"San Benito County, California",06069,0.05113441751806347,1,0.6,0.023677810482911954
"San Bernardino County, California",06071,0.04853164516356735,1,0.4000000000000001,0.016274254427492
"San Diego County, California",06073,0.14288200833263498,4,0.3999999999999999,0.020696056534676762
"San Francisco County, California",06075,0.2876875369132104,4,0.4333333333333333,-0.007170023290322991
"San Joaquin County, California",06077,0.05694434584395316,1,0.5,0.013620055268367686
"San Luis Obispo County, California",06079,0.1878803258207632,4,0.4000000000000001,0.019579485266914953
"San Mateo County, California",06081,0.2927152989822317,4,0.4333333333333333,0.04683147530326989
"Santa Barbara County, California",06083,0.3709815947687622,4,0.3999999999999999,0.018600672541543475
"Santa Clara County, California",06085,0.23163787270696637,4,0.5,0.016170240276240127
"Santa Cruz County, California",06087,0.17411563895429233,4,0.5,0.0050942858234710635
"Shasta County, California",06089,0.09720732238991678,3,0.3333333333333333,0.032863401470785876
"Sierra County, California",06091,0.08751604226367328,3,0.4000000000000001,0.02771054648073697
"Siskiyou County, California",06093,0.12026044997383872,3,0.5,0.025479591365044144
"Solano County, California",06095,0.05658351494035021,1,0.4000000000000001,-0.006991038236168166
"Sonoma County, California",06097,0.18957745756202435,4,0.4000000000000001,-0.007920586420519963
"Stanislaus County, California",06099,0.0725633753394317,2,0.6,0.014976004645164432
"Sutter County, California",06101,0.07144352638223848,2,0.6333333333333334,0.013476590061235319
"Tehama County, California",06103,0.059341271127136844,2,0.5666666666666668,0.015384004827315891
"Trinity County, California",06105,0.10821234119782214,3,0.43333333333333357,0.05091492551708416
"Tulare County, California",06107,0.11572942097105424,3,0.8666666666666671,0.020796499964278646
"Tuolumne County, California",06109,0.12833439385872317,4,0.3333333333333333,0.028480081234530333
"Ventura County, California",06111,0.1447270547061696,4,0.36666666666666653,0.012584700335524161
"Yolo County, California",06113,0.12527742965393035,3,0.5333333333333332,0.006090492793321611
"Yuba County, California",06115,0.03492447903746684,1,0.6,0.02700210236775357
"Adams County, Colorado",08001,0.04757816896402176,1,0.3333333333333333,0.027920315294309613
"Alamosa County, Colorado",08003,0.0914239509345716,3,0.23333333333333325,-0.0002160528714285101
"Arapahoe County, Colorado",08005,0.19971440891267078,4,0.2666666666666666,0.02171354986468512
"Archuleta County, Colorado",08007,0.3071660611083567,4,0.10000000000000009,0.02471801028145541
"Baca County, Colorado",08009,0.10670731707317073,3,0.3666666666666667,-0.04678931621211157
"Bent County, Colorado",08011,0.048840941512125535,1,0.06666666666666643,0.010258066616089917
"Boulder County, Colorado",08013,0.33679330599533397,4,0.4333333333333333,0.02171204631990447
"Broomfield County, Colorado",08014,0.10919456870528464,3,0.3999999999999999,0.02679003803644032
"Chaffee County, Colorado",08015,0.29227218277967687,4,0.2666666666666668,0.03793039856667299
"Cheyenne County, Colorado",08017,0.15171255185655022,4,0.20000000000000004,0.03365440687152256
"Clear Creek County, Colorado",08019,0.16009610965122215,4,0.16666666666666666,0.010118469132190094
"Conejos County, Colorado",08021,0.0720550270537893,2,0.19999999999999987,-0.026182722126159384
"Costilla County, Colorado",08023,0.042223864883632375,1,0.4666666666666668,0.05328581997019995
"Crowley County, Colorado",08025,0.05821751384974244,2,0.3,0.04065588001016027
"Custer County, Colorado",08027,0.253084419092068,4,0.16666666666666666,0.03298804193184619
"Delta County, Colorado",08029,0.17657169834953607,4,0.36666666666666686,0.02643818972971083
"Denver County, Colorado",08031,0.19884375968874599,4,0.36666666666666653,0.046160561411614405
"Dolores County, Colorado",08033,0.07953791731151891,2,0.2333333333333334,-0.03837866037607458
"Douglas County, Colorado",08035,0.1402563405128081,4,0.4000000000000001,0.04260093434239837
"Eagle County, Colorado",08037,0.47219736181918176,4,0.19999999999999987,0.04483468620250633
"Elbert County, Colorado",08039,0.1051288969120493,3,0.3,0.011408806788104093
"El Paso County, Colorado",08041,0.09821495800726471,3,0.2999999999999998,0.030179536331201816
"Fremont County, Colorado",08043,0.09448491680043124,3,0.19999999999999987,0.02259042811540475
"Garfield County, Colorado",08045,0.21188667722100668,4,0.06666666666666672,0.006284391692861057
"Gilpin County, Colorado",08047,0.08083897866252408,2,0.2333333333333334,0.0417742637107334
"Grand County, Colorado",08049,0.2359089235814802,4,0.16666666666666666,0.061835051817128374
"Gunnison County, Colorado",08051,0.3105638914419648,4,0.2666666666666666,0.021415527449126313
"Hinsdale County, Colorado",08053,0.11559961243198927,3,0.16666666666666666,0.03783096311712337
"Huerfano County, Colorado",08055,0.13672877938048905,4,0.033333333333333215,0.0033198822002832792
"Jackson County, Colorado",08057,0.11660580021482277,3,0.19999999999999987,0.07373768983845654
"Jefferson County, Colorado",08059,0.13578428106548182,4,0.3,0.022087090457822336
"Kiowa County, Colorado",08061,0.059657173707652854,2,0.23333333333333325,-0.021300530209665096
"Kit Carson County, Colorado",08063,0.14868335252018644,4,0.20000000000000004,0.007026729964693977
"Lake County, Colorado",08065,0.07104007346711198,2,0.2333333333333334,0.06565431732370447
"La Plata County, Colorado",08067,0.26652889763096865,4,0.16666666666666666,0.013830031564463252
"Larimer County, Colorado",08069,0.15158958410333137,4,0.3333333333333333,0.017943559582873376
"Las Animas County, Colorado",08071,0.10018299300267451,3,0.4666666666666668,-0.005595908316574234
"Lincoln County, Colorado",08073,0.1342664140784685,4,0.3333333333333333,0.011476751212381096
"Logan County, Colorado",08075,0.08887625493020497,3,0.2666666666666666,0.020466673553083146
"Mesa County, Colorado",08077,0.14634267008816765,4,0.2666666666666668,0.02432921418103013
"Mineral County, Colorado",08079,0.20908248378127897,4,0.4333333333333334,0.06103286384976526
"Moffat County, Colorado",08081,0.0554276914080959,1,0.19999999999999987,-0.05094356233228306
"Montezuma County, Colorado",08083,0.2047609178259857,4,0.2666666666666666,-0.04384578082662809
"Montrose County, Colorado",08085,0.1808290487309231,4,0.13333333333333344,0.039829443230232894
"Morgan County, Colorado",08087,0.0550198907693345,1,0.13333333333333316,0.01827743539084558
"Otero County, Colorado",08089,0.06254286347346245,2,0.3000000000000001,-0.006784981541894094
"Ouray County, Colorado",08091,0.3939428563747202,4,0.3333333333333333,-0.06171778347864672
"Park County, Colorado",08093,0.11066166030353707,3,0.3,0.04472555442585343
"Phillips County, Colorado",08095,0.1358487869367921,4,0.20000000000000004,-0.004678894499198076
"Pitkin County, Colorado",08097,1.5710921882009523,4,0.1333333333333333,0.05780758297079093
"Prowers County, Colorado",08099,0.08973709027675568,3,0.2666666666666666,-0.015030074048744006
"Pueblo County, Colorado",08101,0.07484871005414588,2,0.3000000000000001,0.014490312323469976
"Rio Blanco County, Colorado",08103,0.08083836549695254,2,0.0,0.03799605171616148
"Rio Grande County, Colorado",08105,0.10256264286777779,3,0.033333333333333215,-0.00956022648068766
"Routt County, Colorado",08107,0.6065634270939624,4,0.16666666666666666,0.02280652708743056
"Saguache County, Colorado",08109,0.22920109341940664,4,0.3000000000000001,-0.07987110422355054
"San Juan County, Colorado",08111,0.09475186649099693,3,0.06666666666666658,0.044061215513188035
"San Miguel County, Colorado",08113,1.0840067047761512,4,0.16666666666666666,0.03041401714240166
"Sedgwick County, Colorado",08115,0.07367081447963801,2,0.2333333333333334,-0.021711280426134447
"Summit County, Colorado",08117,0.27761760896309745,4,0.20000000000000004,0.04764826392621743
"Teller County, Colorado",08119,0.13511350210230416,4,0.2666666666666666,-0.026324377617236747
"Washington County, Colorado",08121,0.10818212496430704,3,0.20000000000000004,-0.06214788443938872
"Weld County, Colorado",08123,0.075562227278174,2,0.3333333333333333,0.05434544220092989
"Yuma County, Colorado",08125,0.1651290414742155,4,0.09999999999999994,0.026212029337029336
"Capitol Planning Region, Connecticut",09110,0.10416911737534372,3,0.0,
"Greater Bridgeport Planning Region, Connecticut",09120,0.12785534893875108,4,0.033333333333333215,
"Lower Connecticut River Valley Planning Region, Connecticut",09130,0.12983958001519563,4,-0.06666666666666672,
"Naugatuck Valley Planning Region, Connecticut",09140,0.06341312219000371,2,0.0,
"Northeastern Connecticut Planning Region, Connecticut",09150,0.05344856406339364,1,0.0,
"Northwest Hills Planning Region, Connecticut",09160,0.20676330017506936,4,-0.06666666666666658,
"South Central Connecticut Planning Region, Connecticut",09170,0.1102579762365186,3,0.033333333333333215,
"Southeastern Connecticut Planning Region, Connecticut",09180,0.08474467749359595,3,-0.10000000000000009,
"Western Connecticut Planning Region, Connecticut",09190,0.42686131145956485,4,0.03333333333333336,
"Kent County, Delaware",10001,0.04916110475125292,1,0.2333333333333334,0.028725655925552544
"New Castle County, Delaware",10003,0.10544047479403827,3,0.20000000000000018,0.034441713921632984
"Sussex County, Delaware",10005,0.171964508439673,4,0.16666666666666666,0.06197361477257532
District of Columbia,11001,0.2033271397370768,4,0.5333333333333332,0.004018795905119228
"Alachua County, Florida",12001,0.13817656738777515,4,0.4666666666666666,0.02897468927238912
"Baker County, Florida",12003,0.04749853900597726,1,0.4333333333333334,0.021980078448594214
"Bay County, Florida",12005,0.1677580978120792,4,0.3666666666666667,0.03065224373402498
"Bradford County, Florida",12007,0.06840647501391607,2,0.3666666666666667,0.03989270307816041
"Brevard County, Florida",12009,0.14286382246782298,4,0.4000000000000001,0.0503586162955228
"Broward County, Florida",12011,0.2824005150029023,4,0.2666666666666668,0.04055390101490424
"Calhoun County, Florida",12013,0.07772648149549687,2,0.36666666666666686,0.06742373369564274
"Charlotte County, Florida",12015,0.30169329326882444,4,0.36666666666666686,0.05586999469973132
"Citrus County, Florida",12017,0.1946204556710062,4,0.5666666666666668,0.04805179238807344
"Clay County, Florida",12019,0.086005324204126,3,0.4333333333333333,0.05559672999094131
"Collier County, Florida",12021,1.1286688519144137,4,0.3333333333333332,0.05775217229593389
"Columbia County, Florida",12023,0.07009765253107744,2,0.4000000000000001,0.04062081942019086
"DeSoto County, Florida",12027,0.135026171598144,4,0.4666666666666668,0.04003855151265604
"Dixie County, Florida",12029,0.061319931023945166,2,0.5333333333333332,0.03173088066415922
"Duval County, Florida",12031,0.15307441759995186,4,0.2999999999999998,0.0419569541763054
"Escambia County, Florida",12033,0.13036735521302595,4,0.36666666666666653,0.029626699518407313
"Flagler County, Florida",12035,0.2603646512887866,4,0.4666666666666666,0.06291037270163095
"Franklin County, Florida",12037,0.31824756740022736,4,0.4333333333333333,0.019559496533256702
"Gadsden County, Florida",12039,0.08688771822321904,3,0.16666666666666666,0.012231030340846234
"Gilchrist County, Florida",12041,0.05106506688070177,1,0.3999999999999999,0.0400865720808798
"Glades County, Florida",12043,0.10274982538738132,3,0.5333333333333335,0.04719030242590452
"Gulf County, Florida",12045,0.3571195890262213,4,0.36666666666666653,0.03672177499767996
"Hamilton County, Florida",12047,0.11182269470332037,3,0.4666666666666665,0.06917226940499853
"Hardee County, Florida",12049,0.09590800059905673,3,0.4000000000000001,-0.0017816170221568685
"Hendry County, Florida",12051,0.08589438933367356,3,0.2333333333333334,0.02681380172272995
"Hernando County, Florida",12053,0.0976524879395927,3,0.4333333333333333,0.05466404461029599
"Highlands County, Florida",12055,0.20018203783077101,4,0.4333333333333333,0.04706948639807619
"Hillsborough County, Florida",12057,0.1924829167155727,4,0.3666666666666667,0.04561550723320332
"Holmes County, Florida",12059,0.06051726624712482,2,0.4333333333333334,0.037845662670910295
"Indian River County, Florida",12061,0.973848613689895,4,0.3666666666666667,0.005281523171932772
"Jackson County, Florida",12063,0.09285412917759348,3,0.4000000000000001,0.04167606524279056
"Jefferson County, Florida",12065,0.1371482235835823,4,0.2666666666666668,0.07026904802457316
"Lafayette County, Florida",12067,0.08247990204918422,3,0.5333333333333332,0.1331827944537727
"Lake County, Florida",12069,0.15037594318937567,4,0.4000000000000001,0.055959942665605306
"Lee County, Florida",12071,0.4463240563983714,4,0.3,0.04686743439297955
"Leon County, Florida",12073,0.1298518237907896,4,0.36666666666666653,0.04799760883947432
"Levy County, Florida",12075,0.15007521394588916,4,0.36666666666666653,0.06603946364158719
"Liberty County, Florida",12077,0.041199573695429065,1,0.4000000000000001,0.07732067995667986
"Madison County, Florida",12079,0.16103230334400068,4,0.36666666666666653,0.08779131936597032
"Manatee County, Florida",12081,0.3204836289498077,4,0.4000000000000001,0.053763739996310955
"Marion County, Florida",12083,0.21681431268676601,4,0.4666666666666668,0.04850514382027412
"Martin County, Florida",12085,0.8925182990910974,4,0.4333333333333334,0.03759889891721999
"Miami-Dade County, Florida",12086,0.5263335992901507,4,0.0,0.046780088518758235
"Monroe County, Florida",12087,1.1060647236487269,4,0.23333333333333325,0.04203933610783757
"Nassau County, Florida",12089,0.2728487091538184,4,0.3999999999999999,0.04102369124550066
"Okaloosa County, Florida",12091,0.24398706958261734,4,0.3999999999999999,0.023586749355075595
"Okeechobee County, Florida",12093,0.2177483878993011,4,0.36666666666666653,0.07380007806613001
"Orange County, Florida",12095,0.2033700240819486,4,0.2666666666666666,0.046227282632001016
"Osceola County, Florida",12097,0.07118425331651683,2,0.2999999999999998,0.06589113229987272
"Palm Beach County, Florida",12099,0.9644053399640725,4,0.3,0.03896915189223323
"Pasco County, Florida",12101,0.08019990765379782,2,0.4333333333333333,0.055694446413288676
"Pinellas County, Florida",12103,0.29466455567024696,4,0.3333333333333333,0.03778644845638385
"Polk County, Florida",12105,0.11701754775725762,3,0.3999999999999999,0.03593811359009531
"Putnam County, Florida",12107,0.09513149803918655,3,0.2666666666666669,0.06029853026891877
"St. Johns County, Florida",12109,0.2930613234075789,4,0.5,0.061509281296029554
"St. Lucie County, Florida",12111,0.14507296021101163,4,0.36666666666666653,0.045399738155752684
"Santa Rosa County, Florida",12113,0.14454191343202202,4,0.4333333333333333,0.04454828324520777
"Sarasota County, Florida",12115,0.6774412089080539,4,0.3999999999999999,0.05267348266838136
"Seminole County, Florida",12117,0.14233433397504847,4,0.3333333333333333,0.03104635509235644
"Sumter County, Florida",12119,0.4833184854112874,4,0.6,0.07309480049241747
"Suwannee County, Florida",12121,0.11885316087569786,3,0.4333333333333333,0.09237403785795645
"Taylor County, Florida",12123,0.07790064032093846,2,0.9333333333333332,-0.012514747673714771
"Union County, Florida",12125,0.03462397969812321,1,0.5333333333333332,0.05922367581495344
"Volusia County, Florida",12127,0.18422836936650847,4,0.3666666666666667,0.04125586753489837
"Wakulla County, Florida",12129,0.0700468840469088,2,0.3,0.03515872169688097
"Walton County, Florida",12131,0.6042942887869057,4,0.4000000000000001,0.05546187249670846
"Washington County, Florida",12133,0.05175359517017522,1,0.4333333333333333,0.037963536424866454
"Appling County, Georgia",13001,0.05318455774556117,1,-0.09999999999999994,0.008785823487702061
"Atkinson County, Georgia",13003,0.054506868118495734,1,0.06666666666666658,0.03228955525499439
"Bacon County, Georgia",13005,0.02780735229026354,1,0.033333333333333215,0.04557100368335649
"Baker County, Georgia",13007,0.04635248202304258,1,-0.16666666666666666,-0.02006049678302937
"Baldwin County, Georgia",13009,0.1230634081669766,3,0.0,0.028014597860553842
"Banks County, Georgia",13011,0.05765647128978557,2,0.06666666666666658,0.06976645700954485
"Barrow County, Georgia",13013,0.0569182996889121,1,0.1333333333333333,0.03996575030311168
"Bartow County, Georgia",13015,0.08101075439791157,2,0.10000000000000009,0.06848556455193246
"Ben Hill County, Georgia",13017,0.10069071711394632,3,0.16666666666666666,0.03761167321637615
"Berrien County, Georgia",13019,0.07894955448888119,2,0.2333333333333334,0.030592666475175077
"Bibb County, Georgia",13021,0.15534606358816277,4,0.09999999999999994,0.006705443810896916
"Bleckley County, Georgia",13023,0.04237563192163188,1,0.0,0.05788472044618146
"Brantley County, Georgia",13025,0.023360547424661253,1,-0.03333333333333336,0.00412613995324184
"Brooks County, Georgia",13027,0.09397693093335083,3,0.13333333333333344,-0.014157259151206115
"Bryan County, Georgia",13029,0.1221187433308984,3,0.033333333333333215,0.16326468426735327
"Bulloch County, Georgia",13031,0.07944089272296548,2,0.0,0.04035620016000884
"Burke County, Georgia",13033,0.09437867393721687,3,-0.06666666666666672,0.003934815657873188
"Butts County, Georgia",13035,0.06731856139870533,2,0.09999999999999994,0.024242486318683455
"Calhoun County, Georgia",13037,0.04845778273983103,1,-0.23333333333333325,-0.032439669490489355
"Camden County, Georgia",13039,0.046070073395162635,1,0.03333333333333336,0.035033576531614534
"Candler County, Georgia",13043,0.08782360956274,3,0.033333333333333215,0.03242751683875775
"Carroll County, Georgia",13045,0.08484846420180396,3,0.09999999999999994,0.06621014909980148
"Catoosa County, Georgia",13047,0.10808334103402023,3,0.10000000000000009,0.007234608117285572
"Charlton County, Georgia",13049,0.026936826414447213,1,0.0,0.015702916786613053
"Chatham County, Georgia",13051,0.18899981550193723,4,-0.06666666666666672,0.021444944740320618
"Chattahoochee County, Georgia",13053,0.007988029645331483,1,0.033333333333333215,0.002270225204235493
"Chattooga County, Georgia",13055,0.03962925587071772,1,-0.20000000000000018,0.026259434301531066
"Cherokee County, Georgia",13057,0.10367074959796825,3,0.09999999999999994,0.04472625451655347
"Clarke County, Georgia",13059,0.18808467852146848,4,0.033333333333333215,0.019178460150101013
"Clay County, Georgia",13061,0.03030045351473923,1,0.16666666666666666,-0.1386334122000249
"Clayton County, Georgia",13063,0.03265256886292966,1,0.16666666666666682,0.06886508046805545
"Clinch County, Georgia",13065,0.42480024720787535,4,0.1333333333333333,0.018179456638372424
"Cobb County, Georgia",13067,0.1177930388534285,3,0.13333333333333344,0.024270760848103326
"Coffee County, Georgia",13069,0.0696747612799337,2,0.06666666666666658,0.03498274014644904
"Colquitt County, Georgia",13071,0.0688937865710724,2,0.03333333333333336,0.01815764201511193
"Columbia County, Georgia",13073,0.07357225106742511,2,0.06666666666666672,0.02688265205226255
"Cook County, Georgia",13075,0.047454415179148245,1,0.0,-0.010536740661161415
"Coweta County, Georgia",13077,0.07236646089463453,2,0.10000000000000009,0.0306527422239717
"Crawford County, Georgia",13079,0.021797797448606326,1,0.09999999999999994,0.0515579416756331
"Crisp County, Georgia",13081,0.11960187408531174,3,-0.3333333333333333,0.024745803523070847
"Dade County, Georgia",13083,0.06488869249765697,2,0.09999999999999994,0.05950448220232407
"Dawson County, Georgia",13085,0.12137638435279348,3,0.06666666666666672,0.061249336461240776
"Decatur County, Georgia",13087,0.09192487363032971,3,0.03333333333333336,0.04733554520995193
"DeKalb County, Georgia",13089,0.13693550594943826,4,0.10000000000000009,0.027662116381343596
"Dodge County, Georgia",13091,0.0776194494168487,2,0.0,0.012804698972099854
"Dooly County, Georgia",13093,0.06048626519578737,2,-0.033333333333333215,-0.045430149467968924
"Dougherty County, Georgia",13095,0.1502124696697964,4,0.10000000000000024,0.010805783479243436
"Douglas County, Georgia",13097,0.0426757669501257,1,0.10000000000000009,0.04804923809431985
"Early County, Georgia",13099,0.06954625559723242,2,0.033333333333333215,-0.015350182260992959
"Echols County, Georgia",13101,0.011016810837277624,1,0.1333333333333333,-0.019056396970904742
"Effingham County, Georgia",13103,0.047884387862511396,1,-0.03333333333333336,0.016461800502014387
"Elbert County, Georgia",13105,0.08549415532374813,3,0.0,0.03505397664088718
"Emanuel County, Georgia",13107,0.07533479425371317,2,0.13333333333333316,0.024077508847036577
"Evans County, Georgia",13109,0.08873984264155811,3,0.0,0.02352765918333064
"Fannin County, Georgia",13111,0.22144176464319965,4,0.03333333333333336,0.04331221330850787
"Fayette County, Georgia",13113,0.150107782589848,4,0.1333333333333333,0.029316298090798876
"Floyd County, Georgia",13115,0.13540062056264765,4,0.09999999999999994,0.02063362704006434
"Forsyth County, Georgia",13117,0.10257774350522103,3,0.13333333333333344,0.03424871336006818
"Franklin County, Georgia",13119,0.0664449290646459,2,0.03333333333333336,0.06151206487198342
"Fulton County, Georgia",13121,0.24755686617227066,4,0.09999999999999994,0.014922135624205341
"Gilmer County, Georgia",13123,0.1283579402868125,4,0.06666666666666672,0.061393157242810754
"Glascock County, Georgia",13125,0.03080712238058707,1,0.06666666666666672,-0.020782538023917337
"Glynn County, Georgia",13127,0.19962214370400688,4,0.0,0.03080635488579741
"Gordon County, Georgia",13129,0.07657133617296506,2,0.10000000000000009,0.027253397673550648
"Grady County, Georgia",13131,0.07893132631545613,2,0.06666666666666672,-0.008753823347281905
"Greene County, Georgia",13133,0.38072666013409473,4,0.20000000000000004,0.027687775098353747
"Gwinnett County, Georgia",13135,0.0797151270254871,2,0.13333333333333344,0.023125888390829765
"Habersham County, Georgia",13137,0.08093842993200562,2,-0.03333333333333336,0.045643688139737536
"Hall County, Georgia",13139,0.12440138211039899,3,0.06666666666666658,0.04016993694526005
"Hancock County, Georgia",13141,0.045652860033789426,1,0.0,-0.0391960141960142
"Haralson County, Georgia",13143,0.03387363597530193,1,0.10000000000000009,0.06931569662763286
"Harris County, Georgia",13145,0.0864549480206017,3,0.10000000000000009,0.059025382427687005
"Hart County, Georgia",13147,0.09966291119906716,3,0.0,0.0669077205910398
"Heard County, Georgia",13149,0.0353981890162116,1,0.03333333333333336,-0.008653292448885989
"Henry County, Georgia",13151,0.04518647500180056,1,0.16666666666666666,0.05290419917677388
"Houston County, Georgia",13153,0.059721298591379,2,-0.03333333333333336,0.016762159879093883
"Irwin County, Georgia",13155,0.06916058519438971,2,0.06666666666666672,0.0025246537734850217
"Jackson County, Georgia",13157,0.06439218120087827,2,0.20000000000000004,0.05238362873658484
"Jasper County, Georgia",13159,0.06721960523654018,2,0.16666666666666666,0.04789383163953832
"Jeff Davis County, Georgia",13161,0.04540711897668595,1,0.20000000000000018,0.04878590801528062
"Jefferson County, Georgia",13163,0.10133489816611178,3,0.03333333333333351,-0.020635711502468877
"Jenkins County, Georgia",13165,0.0639371792586477,2,-0.23333333333333325,0.031573593363081125
"Johnson County, Georgia",13167,0.04850522377523648,1,0.0,0.01572837539818672
"Jones County, Georgia",13169,0.04134056689466666,1,0.09999999999999994,0.0387400405076855
"Lamar County, Georgia",13171,0.07749878709307967,2,0.16666666666666666,0.03716388691244277
"Lanier County, Georgia",13173,0.0326841313209532,1,0.20000000000000004,0.028218658053258336
"Laurens County, Georgia",13175,0.08805865078805424,3,-0.06666666666666672,0.0260140959126303
"Lee County, Georgia",13177,0.07639698028180224,2,0.0,0.03233206494599374
"Liberty County, Georgia",13179,0.022743198079985646,1,0.03333333333333336,0.014431575251308353
"Lincoln County, Georgia",13181,0.06348974483257751,2,-0.03333333333333336,0.0021169948857477504
"Long County, Georgia",13183,0.01843828942040071,1,0.03333333333333336,0.05718901314397032
"Lowndes County, Georgia",13185,0.12515174990151814,3,0.1333333333333333,0.008628702973366454
"Lumpkin County, Georgia",13187,0.10466567992154173,3,0.1333333333333333,0.02641314212338511
"McDuffie County, Georgia",13189,0.0511755823986195,1,0.0,-0.002978484550223139
"McIntosh County, Georgia",13191,0.09866750974028993,3,-0.03333333333333336,-0.013722110265420893
"Macon County, Georgia",13193,0.08955545804109986,3,0.06666666666666643,0.03656475801752582
"Madison County, Georgia",13195,0.06958786802232327,2,0.0,0.07470234057069394
"Marion County, Georgia",13197,0.051590778478090876,1,0.03333333333333336,-0.00995157861101894
"Meriwether County, Georgia",13199,0.0570156268479429,1,0.06666666666666672,0.031184872742621477
"Miller County, Georgia",13201,0.0713495278103076,2,0.0,-0.0049591958728054785
"Mitchell County, Georgia",13205,0.06562488065520725,2,0.03333333333333336,0.03352535720536376
"Monroe County, Georgia",13207,0.1085573541083868,3,0.03333333333333336,0.006212665823483211
"Montgomery County, Georgia",13209,0.03632254114160877,1,-0.033333333333333215,0.03412821842059789
"Morgan County, Georgia",13211,0.2122142215940562,4,0.06666666666666658,0.030081740943398758
"Murray County, Georgia",13213,0.0388739110554226,1,0.16666666666666666,0.023162679212498632
"Muscogee County, Georgia",13215,0.1535895956996283,4,0.06666666666666658,-8.119858511620041e-05
"Newton County, Georgia",13217,0.0565616394269441,1,0.23333333333333325,0.040800285551536974
"Oconee County, Georgia",13219,0.21149668481220443,4,0.10000000000000009,0.05166853511274093
"Oglethorpe County, Georgia",13221,0.06524284110532441,2,0.03333333333333336,0.08375097477470715
"Paulding County, Georgia",13223,0.036419943086872686,1,0.16666666666666666,0.047100498646278244
"Peach County, Georgia",13225,0.0831381364032646,3,0.06666666666666658,0.053612566523210024
"Pickens County, Georgia",13227,0.1641768345373475,4,0.09999999999999994,0.03619929523644697
"Pierce County, Georgia",13229,0.054338802476680235,1,0.2333333333333334,0.017843899855023975
"Pike County, Georgia",13231,0.06276191309589788,2,0.06666666666666672,0.030385397387547617
"Polk County, Georgia",13233,0.06499592182451297,2,0.1333333333333333,0.020827561644090633
"Pulaski County, Georgia",13235,0.0957027977885743,3,0.03333333333333336,-0.00015801804153813388
"Putnam County, Georgia",13237,0.1627541656314368,4,0.16666666666666666,0.044227225382581524
"Quitman County, Georgia",13239,0.014037707672204592,1,0.4000000000000001,-0.01628734663294933
"Rabun County, Georgia",13241,0.2482852914682795,4,0.06666666666666658,0.01806920277360364
"Randolph County, Georgia",13243,0.05085571593885133,1,0.09999999999999994,0.00311334653100686
"Richmond County, Georgia",13245,0.07813686843308061,2,0.16666666666666666,0.012425161076741124
"Rockdale County, Georgia",13247,0.053517313395880096,1,0.1333333333333333,0.013686126633706207
"Schley County, Georgia",13249,0.02326598018263066,1,-0.06666666666666672,0.03542670418646337
"Screven County, Georgia",13251,0.09418038896167324,3,0.0,-0.014447743931652074
"Seminole County, Georgia",13253,0.05620864278102256,1,0.2333333333333334,0.005676753770529419
"Spalding County, Georgia",13255,0.0803984930661557,2,0.20000000000000004,0.02618801400623868
"Stephens County, Georgia",13257,0.07454213358345263,2,0.19999999999999987,0.03766891524133772
"Stewart County, Georgia",13259,0.06179720156210138,2,-0.2999999999999998,0.06487762682542106
"Sumter County, Georgia",13261,0.13910653796319655,4,0.2666666666666668,-0.026429963226687125
"Talbot County, Georgia",13263,0.04456247749369824,1,0.033333333333333215,0.15054666855220872
"Taliaferro County, Georgia",13265,0.012584351632318073,1,0.16666666666666666,0.049973193374530885
"Tattnall County, Georgia",13267,0.046552421627859164,1,0.03333333333333336,0.060246067368872856
"Taylor County, Georgia",13269,0.10582576612699429,3,-0.2666666666666666,0.001601068426427842
"Telfair County, Georgia",13271,0.04605727414458029,1,0.06666666666666672,0.0335165296785717
"Terrell County, Georgia",13273,0.0963305324372602,3,0.13333333333333316,0.00030376499044906357
"Thomas County, Georgia",13275,0.14690634496043584,4,0.06666666666666672,0.012805176092600344
"Tift County, Georgia",13277,0.15078081509071448,4,0.06666666666666672,0.01981210317687119
"Toombs County, Georgia",13279,0.057197446870689714,1,0.16666666666666666,0.03336542487512301
"Towns County, Georgia",13281,0.21680153886972672,4,0.1333333333333333,0.04424093452462529
"Treutlen County, Georgia",13283,0.031127241673783092,1,0.03333333333333351,0.04893500753631543
"Troup County, Georgia",13285,0.07018970951879247,2,0.0,0.038024413376085565
"Turner County, Georgia",13287,0.07803825803825803,2,0.03333333333333336,0.01649186326993171
"Twiggs County, Georgia",13289,0.02205644639855166,1,0.06666666666666672,-0.05340494457228851
"Union County, Georgia",13291,0.16090975540183983,4,0.10000000000000009,0.03206094554856336
"Upson County, Georgia",13293,0.09706541932201289,3,0.06666666666666658,0.029004770491840186
"Walker County, Georgia",13295,0.060015596933773216,2,0.06666666666666672,0.032363827292689794
"Walton County, Georgia",13297,0.08202614494410704,2,0.10000000000000009,0.045553441275882074
"Ware County, Georgia",13299,0.05944794356811524,2,0.23333333333333325,0.020393246398194353
"Warren County, Georgia",13301,0.026385476059832526,1,-0.10000000000000024,0.0769152037665181
"Washington County, Georgia",13303,0.0964092521242122,3,0.03333333333333336,0.009321588111764537
"Wayne County, Georgia",13305,0.039022716639808705,1,0.16666666666666666,0.0382598245301127
"Webster County, Georgia",13307,0.03830752016960132,1,0.20000000000000004,-0.038108924016085725
"Wheeler County, Georgia",13309,0.06681224977902564,2,0.1333333333333333,0.005336472111788802
"White County, Georgia",13311,0.10346225662115899,3,0.06666666666666672,0.03259170501531292
"Whitfield County, Georgia",13313,0.08454164201260211,3,0.1333333333333333,0.020225806441158387
"Wilcox County, Georgia",13315,0.03420507955672459,1,-0.06666666666666672,0.044484993267428156
"Wilkes County, Georgia",13317,0.11329899638751204,3,-0.13333333333333316,0.06512054884652001
"Wilkinson County, Georgia",13319,0.04334325818800511,1,0.03333333333333351,-0.12978112304398395
"Worth County, Georgia",13321,0.06249587169901053,2,0.09999999999999994,0.006966339546448508
"Hawaii County, Hawaii",15001,0.17361019126331126,4,-0.3,0.03673544313040103
"Honolulu County, Hawaii",15003,0.11022112110001542,3,-0.3000000000000001,0.026448965436692572
"Kauai County, Hawaii",15007,0.18435266102637515,4,-0.3999999999999999,0.038193910354336155
"Maui County, Hawaii",15009,0.20410971811707762,4,-0.19999999999999987,
"Ada County, Idaho",16001,0.1947478593418146,4,0.3,0.04023650260621195
"Adams County, Idaho",16003,0.26052899000733926,4,0.4000000000000001,0.044891689592002466
"Bannock County, Idaho",16005,0.08236006246425394,3,0.2666666666666666,0.03634663113159557
"Bear Lake County, Idaho",16007,0.10559169459228596,3,0.09999999999999994,0.0632927240616931
"Benewah County, Idaho",16009,0.09201151079136691,3,0.2666666666666666,0.04277888693897561
"Bingham County, Idaho",16011,0.09237718897934205,3,0.16666666666666666,0.04012534925757096
"Blaine County, Idaho",16013,1.243861459100958,4,0.16666666666666666,0.022164613963883993
"Boise County, Idaho",16015,0.18818786030778026,4,0.10000000000000009,0.04731718501168058
"Bonner County, Idaho",16017,0.2913733121056666,4,0.4666666666666668,0.027547475639776445
"Bonneville County, Idaho",16019,0.09933475929621391,3,0.20000000000000004,-0.007793725821601412
"Boundary County, Idaho",16021,0.17352347073754962,4,0.36666666666666686,0.060003611521155256
"Butte County, Idaho",16023,0.058853474988933153,2,0.0,0.05620681511343156
"Camas County, Idaho",16025,0.06547986251872742,2,-0.03333333333333336,0.02866195278389552
"Canyon County, Idaho",16027,0.11073384356372361,3,0.2666666666666668,0.04880231091823067
"Caribou County, Idaho",16029,0.11892221360947137,3,0.09999999999999994,0.04063648451530829
"Cassia County, Idaho",16031,0.1839634041459915,4,0.16666666666666666,0.0830161529970066
"Clark County, Idaho",16033,0.016326875898824127,1,0.0,0.07565343938215037
"Clearwater County, Idaho",16035,0.08310599602159705,3,0.4000000000000001,-0.0003088206909862961
"Custer County, Idaho",16037,0.22133173231314837,4,0.06666666666666672,0.03602816389203168
"Elmore County, Idaho",16039,0.08170359781723852,2,0.2666666666666666,0.04307507238899512
"Franklin County, Idaho",16041,0.13753553921173142,4,0.2333333333333334,0.03845368447976538
"Fremont County, Idaho",16043,0.13224652748897944,4,0.10000000000000009,0.02693625060994079
"Gem County, Idaho",16045,0.139855451588902,4,0.2666666666666668,0.032261182931380965
"Gooding County, Idaho",16047,0.16985854391071395,4,0.20000000000000004,0.02610209938721635
"Idaho County, Idaho",16049,0.2356731011312936,4,0.4000000000000001,-0.00635405759032758
"Jefferson County, Idaho",16051,0.11279667202289427,3,0.20000000000000004,0.04150528623042852
"Jerome County, Idaho",16053,0.11214998408394894,3,0.16666666666666666,0.043470427697441104
"Kootenai County, Idaho",16055,0.193099990721637,4,0.3666666666666667,0.03595537343496213
"Latah County, Idaho",16057,0.1361716216833356,4,0.23333333333333325,0.0233713401440273
"Lemhi County, Idaho",16059,0.22487037636233062,4,0.0,0.11320285803044423
"Lewis County, Idaho",16061,0.11139586805446369,3,-0.033333333333333215,-0.023365744985442905
"Lincoln County, Idaho",16063,0.11563585823488534,3,0.13333333333333344,0.038282842888351605
"Madison County, Idaho",16065,0.12232784993143161,3,0.4000000000000001,0.029995295664209488
"Minidoka County, Idaho",16067,0.12054476264842758,3,0.16666666666666666,0.04097359560991797
"Nez Perce County, Idaho",16069,0.075716546389643,2,0.2666666666666668,-0.0007984327634145105
"Oneida County, Idaho",16071,0.12078900946169883,3,0.03333333333333336,0.009466882719577218
"Owyhee County, Idaho",16073,0.22160057599090155,4,0.2333333333333334,0.06469103170165541
"Payette County, Idaho",16075,0.10020394790410571,3,0.3,0.033778012860613396
"Power County, Idaho",16077,0.07924261631041365,2,0.09999999999999994,0.033704897207277984
"Shoshone County, Idaho",16079,0.06168847077269832,2,0.2666666666666666,0.017286933802878865
"Teton County, Idaho",16081,0.2612601867230434,4,0.1333333333333333,0.04489780703155787
"Twin Falls County, Idaho",16083,0.12982493903475378,4,0.23333333333333325,0.03184606397971846
"Valley County, Idaho",16085,0.2744081403439373,4,0.033333333333333215,0.03474969501069562
"Washington County, Idaho",16087,0.14505609480106674,4,0.23333333333333325,0.05998033811240732
"Adams County, Illinois",17001,0.10212767101485122,3,0.09999999999999994,0.0014935201214359558
"Alexander County, Illinois",17003,0.03313067627411244,1,0.0,0.1028435400446363
"Bond County, Illinois",17005,0.054672022145629225,1,0.0,0.03843062652539061
"Boone County, Illinois",17007,0.06321584231751046,2,-0.2333333333333334,-0.01264271824787637
"Brown County, Illinois",17009,0.06764980787205317,2,0.03333333333333336,-0.017190833986832747
"Bureau County, Illinois",17011,0.07376551404667349,2,0.20000000000000018,-0.026767891145329917
"Calhoun County, Illinois",17013,0.05542307970229063,1,0.0,0.0025162558388494754
"Carroll County, Illinois",17015,0.07258430106720566,2,0.19999999999999987,-0.010400737063831952
"Cass County, Illinois",17017,0.05129700809302146,1,0.09999999999999994,0.011318413562336272
"Champaign County, Illinois",17019,0.10025137213160308,3,0.033333333333333215,0.022232627218819186
"Christian County, Illinois",17021,0.10617801774713413,3,0.033333333333333215,-0.022852891527845424
"Clark County, Illinois",17023,0.0586629627003719,2,0.13333333333333344,0.020994874589549118
"Clay County, Illinois",17025,0.07295297731469158,2,0.0,0.007059867722834905
"Clinton County, Illinois",17027,0.0660937760720841,2,0.0,0.021352908968683026
"Coles County, Illinois",17029,0.1397107561484066,4,-0.06666666666666672,0.010806063198226959
"Cook County, Illinois",17031,0.17424875097567988,4,-0.06666666666666672,0.01823198469828501
"Crawford County, Illinois",17033,0.06742417703579752,2,-0.23333333333333325,0.06011792613816802
"Cumberland County, Illinois",17035,0.0491336544032445,1,0.0,0.12913102204028593
"DeKalb County, Illinois",17037,0.06218836919486366,2,0.033333333333333215,-0.005265760057460205
"De Witt County, Illinois",17039,0.052135922055196744,1,0.03333333333333336,0.02758139819364309
"Douglas County, Illinois",17041,0.13172717870556855,4,0.06666666666666672,0.009182537353512736
"DuPage County, Illinois",17043,0.14538271257904403,4,0.06666666666666658,0.01306009764457747
"Edgar County, Illinois",17045,0.056135308565770356,1,0.06666666666666658,-0.009020596760483548
"Edwards County, Illinois",17047,0.04887601590869791,1,0.09999999999999994,0.010754870611583119
"Effingham County, Illinois",17049,0.13992737809447672,4,0.10000000000000009,0.022978566098623143
"Fayette County, Illinois",17051,0.08244668949005393,3,0.10000000000000024,0.00434665290466303
"Ford County, Illinois",17053,0.07258191839019419,2,0.06666666666666672,0.049859239264470695
"Franklin County, Illinois",17055,0.03280148136717846,1,-0.033333333333333215,0.018124557225019274
"Fulton County, Illinois",17057,0.05023512037774712,1,-0.03333333333333351,0.010811367460585782
"Gallatin County, Illinois",17059,0.08852244025646007,3,-0.19999999999999987,-0.04572046009751852
"Greene County, Illinois",17061,0.03716738274097166,1,-0.10000000000000009,-0.012756989112686563
"Grundy County, Illinois",17063,0.04527784986050379,1,0.03333333333333351,0.03660556038740667
"Hamilton County, Illinois",17065,0.06740206960144804,2,0.09999999999999994,0.014448123523195303
"Hancock County, Illinois",17067,0.2151033967920673,4,-0.033333333333333215,0.01677740899611593
"Hardin County, Illinois",17069,0.022055891840951105,1,0.13333333333333316,0.07100179742392919
"Henderson County, Illinois",17071,0.066097364768699,2,-0.13333333333333344,-0.015929500392023732
"Henry County, Illinois",17073,0.07103212857340302,2,0.2333333333333331,0.0037661681354743924
"Iroquois County, Illinois",17075,0.08019513466712595,2,0.0,0.009755270047337266
"Jackson County, Illinois",17077,0.07194059422307393,2,0.033333333333333215,0.014944256203213893
"Jasper County, Illinois",17079,0.08841566246588783,3,0.0,0.0015695989974419053
"Jefferson County, Illinois",17081,0.07987663156962717,2,0.03333333333333351,-0.0025627026402293114
"Jersey County, Illinois",17083,0.06048456604225098,2,0.033333333333333215,-0.0174890079205896
"Jo Daviess County, Illinois",17085,0.1184300334660177,3,0.033333333333333215,0.003941501611446926
"Johnson County, Illinois",17087,0.03744125741423334,1,-0.13333333333333344,0.027766961971625568
"Kane County, Illinois",17089,0.09373301906067692,3,0.06666666666666672,0.010740854389480652
"Kankakee County, Illinois",17091,0.04149888263044702,1,-0.033333333333333215,0.007450261284549184
"Kendall County, Illinois",17093,0.03502777126275774,1,0.09999999999999994,0.031298599066897914
"Knox County, Illinois",17095,0.06196358502246986,2,-0.10000000000000024,0.019452271985397476
"Lake County, Illinois",17097,0.2302395054845393,4,0.09999999999999994,0.0030153247832692552
"LaSalle County, Illinois",17099,0.05914131462939454,2,0.13333333333333344,0.001988360215496647
"Lawrence County, Illinois",17101,0.06299910888713713,2,-0.2333333333333334,0.017200933947682854
"Lee County, Illinois",17103,0.06345360296905574,2,0.0,0.024176051017197463
"Livingston County, Illinois",17105,0.06973801301362594,2,-0.033333333333333215,0.03290536063372524
"Logan County, Illinois",17107,0.06862016719218912,2,0.16666666666666666,-0.006425645321143629
"McDonough County, Illinois",17109,0.07998988929218394,2,0.13333333333333344,0.005922592408573148
"McHenry County, Illinois",17111,0.07303984438591403,2,0.06666666666666658,0.005819933718101871
"McLean County, Illinois",17113,0.059611186602186006,2,0.09999999999999994,0.02841387838650561
"Macon County, Illinois",17115,0.07106283084004603,2,0.0,0.0072008056954358714
"Macoupin County, Illinois",17117,0.05488658047606527,1,0.09999999999999994,-0.014902796830290431
"Madison County, Illinois",17119,0.057697491275810975,2,0.03333333333333336,0.028990669878482322
"Marion County, Illinois",17121,0.08247048192590235,3,-0.03333333333333351,0.02024770679953144
"Marshall County, Illinois",17123,0.08723518391007062,3,0.09999999999999994,0.05733650423681975
"Mason County, Illinois",17125,0.062394014962593516,2,0.06666666666666672,0.029176799964790782
"Massac County, Illinois",17127,0.05477990514374307,1,-0.10000000000000024,-0.23531238039670155
"Menard County, Illinois",17129,0.054126142644557826,1,0.06666666666666658,0.005766366267629139
"Mercer County, Illinois",17131,0.04823902473398633,1,0.2333333333333331,0.0034266398092195134
"Monroe County, Illinois",17133,0.09025975783451687,3,0.03333333333333336,0.020643505220796592
"Montgomery County, Illinois",17135,0.06131328496762618,2,0.06666666666666643,0.06309789667618301
"Morgan County, Illinois",17137,0.06762017685277023,2,-0.06666666666666672,-0.0018567819246201177
"Moultrie County, Illinois",17139,0.10804504708585483,3,0.09999999999999994,-0.0009401172413919798
"Ogle County, Illinois",17141,0.06669646124548219,2,-0.033333333333333215,0.021297818763333233
"Peoria County, Illinois",17143,0.0916039839213507,3,0.06666666666666672,0.01666740665968083
"Perry County, Illinois",17145,0.038698208286674134,1,0.0,0.01801584567688598
"Piatt County, Illinois",17147,0.07171531481703959,2,0.06666666666666672,0.014327615778303271
"Pike County, Illinois",17149,0.06943108677961086,2,0.06666666666666672,0.00656214190058628
"Pope County, Illinois",17151,0.048369239704521116,1,-0.4333333333333333,0.0659563595482651
"Pulaski County, Illinois",17153,0.027022753922976588,1,-0.3000000000000001,0.013181141993403447
"Putnam County, Illinois",17155,0.06562947198473562,2,0.06666666666666672,0.01426086297637502
"Randolph County, Illinois",17157,0.05188921425258216,1,-0.03333333333333336,0.010703193158513799
"Richland County, Illinois",17159,0.07152591299677766,2,0.0,0.027409217783832155
"Rock Island County, Illinois",17161,0.05528819654059162,1,0.2333333333333334,-0.0028771717400782643
"St. Clair County, Illinois",17163,0.05762785901434082,2,0.0,0.01269706176099994
"Saline County, Illinois",17165,0.053292271893410355,1,-0.03333333333333351,0.04969626058307649
"Sangamon County, Illinois",17167,0.08403500238287219,3,0.03333333333333351,0.025598280768047387
"Schuyler County, Illinois",17169,0.07891331431097537,2,0.16666666666666666,0.015657314408889348
"Scott County, Illinois",17171,0.04376667462550218,1,-0.033333333333333215,-0.009917901210268254
"Shelby County, Illinois",17173,0.06302418314557412,2,-0.03333333333333336,0.029626574331507154
"Stark County, Illinois",17175,0.07433955501900459,2,0.09999999999999994,0.009146792090288116
"Stephenson County, Illinois",17177,0.08665611570629823,3,-0.033333333333333215,0.011481182978249994
"Tazewell County, Illinois",17179,0.06521241017251389,2,0.13333333333333344,0.00562026389226892
"Union County, Illinois",17181,0.05459648195419168,1,-0.10000000000000024,0.0019218228168290418
"Vermilion County, Illinois",17183,0.042501263894843946,1,0.13333333333333316,0.00308998812043467
"Wabash County, Illinois",17185,0.06917160794434998,2,0.0,0.024338475016242308
"Warren County, Illinois",17187,0.062085609895082626,2,0.06666666666666672,0.010943662725717788
"Washington County, Illinois",17189,0.0582176363059538,2,0.03333333333333336,0.0018002673173020285
"Wayne County, Illinois",17191,0.08726888423929288,3,0.20000000000000004,0.03296123476162292
"White County, Illinois",17193,0.08438878380513015,3,0.13333333333333316,0.048053183435740575
"Whiteside County, Illinois",17195,0.059477649580732615,2,0.13333333333333316,0.008113160076985329
"Will County, Illinois",17197,0.06695438176421979,2,0.033333333333333215,0.016810100282246544
"Williamson County, Illinois",17199,0.06663722307619824,2,-0.09999999999999994,0.02801990872424758
"Winnebago County, Illinois",17201,0.061359064098842085,2,-0.19999999999999987,0.020282541286851107
"Woodford County, Illinois",17203,0.08310634115202008,3,0.06666666666666672,0.015251521734845558
"Adams County, Indiana",18001,0.0615234494863329,2,0.3333333333333333,0.009813418456038538
"Allen County, Indiana",18003,0.11018656938511796,3,0.16666666666666666,0.01981432865065634
"Bartholomew County, Indiana",18005,0.1058897678847371,3,0.3,0.01992163764392679
"Benton County, Indiana",18007,0.058619940142787874,2,0.2333333333333334,-0.017116570619755335
"Blackford County, Indiana",18009,0.031555449110455366,1,0.2666666666666666,-0.0278626336810227
"Boone County, Indiana",18011,0.146253525095307,4,0.23333333333333325,0.04094199547620484
"Brown County, Indiana",18013,0.1212076906206594,3,-0.10000000000000009,0.0475055557344842
"Carroll County, Indiana",18015,0.0634969885417148,2,0.20000000000000004,-0.00024734686137445154
"Cass County, Indiana",18017,0.043479218762048494,1,0.3333333333333333,0.0035510351996364165
"Clark County, Indiana",18019,0.04721358899544172,1,0.2666666666666666,0.03593844894833496
"Clay County, Indiana",18021,0.05526353860249795,1,0.10000000000000009,0.007939697825107913
"Clinton County, Indiana",18023,0.054696705648895755,1,0.13333333333333344,0.020800792080549073
"Crawford County, Indiana",18025,0.020098058182662384,1,0.16666666666666682,-0.014134611419216831
"Daviess County, Indiana",18027,0.07368499939719975,2,0.1333333333333333,0.05990706112449972
"Dearborn County, Indiana",18029,0.06768913789987349,2,0.2666666666666666,0.0010276784361253303
"Decatur County, Indiana",18031,0.05413458785027613,1,0.20000000000000004,-0.011113381242623772
"DeKalb County, Indiana",18033,0.08051274446054217,2,0.19999999999999987,0.0017101619487864645
"Delaware County, Indiana",18035,0.06495810601710056,2,0.19999999999999987,0.00879325336350122
"Dubois County, Indiana",18037,0.11677498092793324,3,0.20000000000000004,0.022210441082463242
"Elkhart County, Indiana",18039,0.07146529456122712,2,0.3666666666666667,-0.031049375613671285
"Fayette County, Indiana",18041,0.051981511532220234,1,0.16666666666666666,-0.00723726411846354
"Floyd County, Indiana",18043,0.10393461050974039,3,0.3,0.030402725095030926
"Fountain County, Indiana",18045,0.06138012523760325,2,0.3000000000000001,-0.005935135619128022
"Franklin County, Indiana",18047,0.07343782894796032,2,0.19999999999999987,0.025072253275237297
"Fulton County, Indiana",18049,0.07466396335511001,2,0.23333333333333325,-0.007281768292594425
"Gibson County, Indiana",18051,0.05923571405497949,2,0.1333333333333333,0.021244505679468312
"Grant County, Indiana",18053,0.04141063582629164,1,0.2333333333333334,0.005206508907087795
"Greene County, Indiana",18055,0.03408964623078348,1,0.06666666666666658,0.025079964689427463
"Hamilton County, Indiana",18057,0.17221441645540672,4,0.23333333333333325,0.03962689033640607
"Hancock County, Indiana",18059,0.06939243385106443,2,0.16666666666666666,0.01991567456376866
"Harrison County, Indiana",18061,0.04559742926721181,1,0.3,0.022261714862963182
"Hendricks County, Indiana",18063,0.0819270089469975,2,0.20000000000000004,0.014530916347232983
"Henry County, Indiana",18065,0.046674662096624665,1,0.10000000000000009,0.006551449939715714
"Howard County, Indiana",18067,0.04649241497382618,1,0.4666666666666668,0.01753330600088288
"Huntington County, Indiana",18069,0.06464995335357987,2,0.23333333333333325,0.013460570905840038
"Jackson County, Indiana",18071,0.04436649689690813,1,0.13333333333333344,0.012000038786884768
"Jasper County, Indiana",18073,0.070896290923233,2,0.20000000000000004,-0.0140058108711093
"Jay County, Indiana",18075,0.046269332262995636,1,0.2666666666666666,0.06564094026842836
"Jefferson County, Indiana",18077,0.10936145248417155,3,0.2666666666666668,0.011593388732807876
"Jennings County, Indiana",18079,0.032385322409281166,1,0.16666666666666666,0.012823233931161342
"Johnson County, Indiana",18081,0.07815098988693338,2,0.20000000000000004,-0.006760810989209195
"Knox County, Indiana",18083,0.061039025532246965,2,0.2666666666666666,0.0028860414864748385
"Kosciusko County, Indiana",18085,0.13172847734487084,4,0.3,0.0032140821716050293
"LaGrange County, Indiana",18087,0.07248290846959701,2,0.2666666666666666,0.024377382063189137
"Lake County, Indiana",18089,0.05273039085216116,1,0.16666666666666666,0.029079932303390153
"LaPorte County, Indiana",18091,0.07348429504454453,2,0.19999999999999987,0.017703120593387564
"Lawrence County, Indiana",18093,0.048065849797345954,1,0.10000000000000009,0.002170408582973236
"Madison County, Indiana",18095,0.04125661767300296,1,0.13333333333333344,0.015177918982636745
"Marion County, Indiana",18097,0.10546549587096053,3,0.13333333333333344,0.02866575753548348
"Marshall County, Indiana",18099,0.08209704942651583,2,0.2666666666666666,0.019687177228618343
"Martin County, Indiana",18101,0.0365108553802349,1,0.03333333333333336,0.03571236067479998
"Miami County, Indiana",18103,0.04899345218021363,1,0.16666666666666682,0.0053911619202497395
"Monroe County, Indiana",18105,0.10297545826994946,3,0.23333333333333325,0.02218758671606877
"Montgomery County, Indiana",18107,0.056229813173841944,1,0.16666666666666666,0.006545470847997131
"Morgan County, Indiana",18109,0.06395062270176195,2,0.1333333333333333,0.08393520746641403
"Newton County, Indiana",18111,0.04201089482108741,1,0.09999999999999994,-0.014763211055612152
"Noble County, Indiana",18113,0.04920847980078593,1,0.16666666666666666,-0.0021082862370713773
"Ohio County, Indiana",18115,0.043597509551851335,1,0.3333333333333333,-0.10922595285119974
"Orange County, Indiana",18117,0.05788037958153167,2,0.2333333333333334,0.03997176730438759
"Owen County, Indiana",18119,0.033824203990333916,1,0.2333333333333334,0.012260285452171766
"Parke County, Indiana",18121,0.08658936080978452,3,0.20000000000000004,-0.008439675787780671
"Perry County, Indiana",18123,0.04477040958795474,1,0.03333333333333336,0.03293752922507078
"Pike County, Indiana",18125,0.03696078016340636,1,0.06666666666666672,-0.11193890521459135
"Porter County, Indiana",18127,0.0766267506338855,2,0.20000000000000004,0.02524455735413109
"Posey County, Indiana",18129,0.08737349503388624,3,0.2666666666666666,0.018295852560781437
"Pulaski County, Indiana",18131,0.10357694613053278,3,0.06666666666666658,0.016659948757930736
"Putnam County, Indiana",18133,0.05060014733933439,1,0.10000000000000009,-0.003230234975336902
"Randolph County, Indiana",18135,0.07441083271674767,2,0.3,0.024129744900348096
"Ripley County, Indiana",18137,0.05780708202466606,2,0.20000000000000004,-0.031727474263829956
"Rush County, Indiana",18139,0.09388103252191295,3,0.20000000000000004,-0.003447446354093863
"St. Joseph County, Indiana",18141,0.0965070387758405,3,0.19999999999999987,0.01768669323455839
"Scott County, Indiana",18143,0.03516614384894523,1,0.23333333333333325,0.009358247424957743
"Shelby County, Indiana",18145,0.06635933553737437,2,0.19999999999999987,0.0303091621957813
"Spencer County, Indiana",18147,0.07335144373791862,2,0.16666666666666666,0.011592809019327825
"Starke County, Indiana",18149,0.042107130347311415,1,0.2333333333333334,-0.003879417753061658
"Steuben County, Indiana",18151,0.09506530469616477,3,0.3333333333333333,-0.0038600652251479825
"Sullivan County, Indiana",18153,0.03922673023381213,1,0.03333333333333336,-0.033118935815653394
"Switzerland County, Indiana",18155,0.02182578648733287,1,0.3333333333333333,-0.0033675027742070163
"Tippecanoe County, Indiana",18157,0.08108250291889543,2,0.2333333333333334,0.03517793273546884
"Tipton County, Indiana",18159,0.041947139942286646,1,0.13333333333333344,-0.04056101272438312
"Union County, Indiana",18161,0.058152134124020795,2,0.13333333333333344,0.015674965430776608
"Vanderburgh County, Indiana",18163,0.09935123293472876,3,0.1333333333333333,0.018823237341488667
"Vermillion County, Indiana",18165,0.05332522962317748,1,0.2333333333333334,-0.0086809378876259
"Vigo County, Indiana",18167,0.30180490797672105,4,0.16666666666666666,0.023336200890351686
"Wabash County, Indiana",18169,0.1017375300246436,3,0.2333333333333334,0.011241723925424578
"Warren County, Indiana",18171,0.058213512173481904,2,0.2333333333333334,-0.03324907593621039
"Warrick County, Indiana",18173,0.09372516905314025,3,0.20000000000000004,0.012522359773409139
"Washington County, Indiana",18175,0.049441291884874033,1,0.3,0.042852044980347566
"Wayne County, Indiana",18177,0.06413264455924013,2,0.23333333333333325,0.016471057563049157
"Wells County, Indiana",18179,0.08723184467111854,3,0.20000000000000004,0.00011034545632432337
"White County, Indiana",18181,0.0808994340360957,2,0.20000000000000004,0.006896656011687907
"Whitley County, Indiana",18183,0.07048975189724989,2,0.2333333333333334,0.022291814613576436
"Adair County, Iowa",19001,0.09819647664346588,3,0.06666666666666672,-0.00017829573589538903
"Adams County, Iowa",19003,0.0690547176429323,2,0.10000000000000009,-0.04556528742575254
"Allamakee County, Iowa",19005,0.15617068821357485,4,0.13333333333333344,0.00525514683464798
"Appanoose County, Iowa",19007,0.07989271048446438,2,0.16666666666666666,-0.055179847783933644
"Audubon County, Iowa",19009,0.1693196497045272,4,0.1333333333333333,0.030530295037151736
"Benton County, Iowa",19011,0.07401670719159838,2,0.1333333333333333,-0.02568950892822146
"Black Hawk County, Iowa",19013,0.08272354817675233,3,0.36666666666666653,-0.02594869170646302
"Boone County, Iowa",19015,0.06342861813140635,2,0.2333333333333334,-0.02618278200115003
"Bremer County, Iowa",19017,0.07458189633311356,2,0.2666666666666666,0.005341857568319317
"Buchanan County, Iowa",19019,0.08637210511256288,3,0.16666666666666666,0.00646106994770205
"Buena Vista County, Iowa",19021,0.06381769699227983,2,0.1333333333333333,0.04587070477782904
"Butler County, Iowa",19023,0.0743458178630871,2,0.2666666666666666,-0.014442702388081492
"Calhoun County, Iowa",19025,0.1271167612266242,4,0.2333333333333334,-0.017259468219194527
"Carroll County, Iowa",19027,0.12486075582695597,3,0.1333333333333333,0.00928759085608854
"Cass County, Iowa",19029,0.09595662474361216,3,0.13333333333333344,0.0150271663025822
"Cedar County, Iowa",19031,0.08381064764480745,3,0.1333333333333333,-0.0421797738480785
"Cerro Gordo County, Iowa",19033,0.11472844096644212,3,0.16666666666666666,0.030555936140992834
"Cherokee County, Iowa",19035,0.09985258544139068,3,0.10000000000000009,0.04340140427703929
"Chickasaw County, Iowa",19037,0.09862017040434538,3,0.16666666666666666,0.04691067083113821
"Clarke County, Iowa",19039,0.05409030408518481,1,0.03333333333333336,0.04656891128672649
"Clay County, Iowa",19041,0.10762921201579358,3,0.13333333333333344,0.037670513098660305
"Clayton County, Iowa",19043,0.14281393150585328,4,0.033333333333333215,0.0024734332816359356
"Clinton County, Iowa",19045,0.05947758826462013,2,0.3,-0.015378854837040991
"Crawford County, Iowa",19047,0.08980882831759616,3,0.23333333333333325,0.015741105773237677
"Dallas County, Iowa",19049,0.088904271691433,3,0.3666666666666667,0.057626929923966196
"Davis County, Iowa",19051,0.08933679835112947,3,0.2666666666666666,0.026086399109955093
"Decatur County, Iowa",19053,0.14910848763066045,4,0.1333333333333333,-0.026563708463453375
"Delaware County, Iowa",19055,0.12055670915888507,3,0.16666666666666666,0.01750367732351369
"Des Moines County, Iowa",19057,0.15794848490586283,4,0.0,-0.007948644422406557
"Dickinson County, Iowa",19059,0.23585004886471705,4,0.09999999999999994,0.03209324374633753
"Dubuque County, Iowa",19061,0.16482570243732314,4,0.1333333333333333,0.005690070681561058
"Emmet County, Iowa",19063,0.06847247597108587,2,0.16666666666666666,0.0009373670683590218
"Fayette County, Iowa",19065,0.14015919691746095,4,0.16666666666666666,0.020791300368245214
"Floyd County, Iowa",19067,0.09045126171411251,3,0.23333333333333325,0.01712492944421486
"Franklin County, Iowa",19069,0.1377631960515617,4,0.16666666666666666,-0.02816459191505657
"Fremont County, Iowa",19071,0.059441520282410634,2,0.2333333333333334,-0.07341649849761366
"Greene County, Iowa",19073,0.1151820936965613,3,0.3333333333333333,-0.01890307164119816
"Grundy County, Iowa",19075,0.1085114222549742,3,0.2333333333333334,-0.03737133955230801
"Guthrie County, Iowa",19077,0.13684634296010537,4,0.2333333333333334,0.03505749758396244
"Hamilton County, Iowa",19079,0.0824331127514906,3,0.06666666666666658,0.02570510531952874
"Hancock County, Iowa",19081,0.07340268509761982,2,0.2666666666666668,0.03159728674810213
"Hardin County, Iowa",19083,0.10050540631604742,3,0.10000000000000009,-0.013792397948646682
"Harrison County, Iowa",19085,0.06768218092852565,2,0.033333333333333215,-0.006453377838482521
"Henry County, Iowa",19087,0.07684287184613689,2,0.16666666666666666,-0.04449597852849361
"Howard County, Iowa",19089,0.07473409218137712,2,-0.033333333333333215,0.030126980231287508
"Humboldt County, Iowa",19091,0.07836245021157097,2,0.16666666666666666,-0.016150244777147403
"Ida County, Iowa",19093,0.12791008472990673,4,0.1333333333333333,-0.03351906043227605
"Iowa County, Iowa",19095,0.08079016257922293,2,0.3,-0.055010562004401076
"Jackson County, Iowa",19097,0.10506128103515708,3,0.19999999999999987,0.009195533723553495
"Jasper County, Iowa",19099,0.05544275785018316,1,0.16666666666666666,-0.03945456148692255
"Jefferson County, Iowa",19101,0.2041964846544018,4,0.2666666666666668,-0.012647379799880912
"Johnson County, Iowa",19103,0.13191685829926858,4,0.10000000000000009,0.006982952402267845
"Jones County, Iowa",19105,0.12224542801295954,3,0.3000000000000001,-0.02023745420375239
"Keokuk County, Iowa",19107,0.08545906130411146,3,0.09999999999999994,-0.021364723065374194
"Kossuth County, Iowa",19109,0.12728657513655703,4,0.1333333333333333,0.011070942159835341
"Lee County, Iowa",19111,0.10382342938688771,3,-0.2333333333333334,-0.02976083626699839
"Linn County, Iowa",19113,0.09875721444309053,3,0.23333333333333325,-0.002912605431379739
"Louisa County, Iowa",19115,0.06566571634115798,2,0.16666666666666666,-0.031360610666915444
"Lucas County, Iowa",19117,0.09934467894251614,3,0.4666666666666666,-0.07743371710938872
"Lyon County, Iowa",19119,0.12438521339044899,3,0.1333333333333333,0.06708972553725442
"Madison County, Iowa",19121,0.07818255034123037,2,0.06666666666666658,0.03128497170886804
"Mahaska County, Iowa",19123,0.07440976139735071,2,0.09999999999999994,-0.007686102195293592
"Marion County, Iowa",19125,0.0959861167729558,3,0.19999999999999987,-0.001634255011461436
"Marshall County, Iowa",19127,0.07405692456843536,2,0.5,-0.014796742171903283
"Mills County, Iowa",19129,0.06758846583579774,2,0.4000000000000001,-0.06554289029583553
"Mitchell County, Iowa",19131,0.10038595946969352,3,0.19999999999999987,0.03434290912685607
"Monona County, Iowa",19133,0.06656295143904878,2,0.0,-0.006127906976744186
"Monroe County, Iowa",19135,0.07889301425852548,2,0.3333333333333333,0.009209519137082556
"Montgomery County, Iowa",19137,0.09619364895652491,3,0.16666666666666666,-0.03422909401432136
"Muscatine County, Iowa",19139,0.0853213985220027,3,0.23333333333333325,-0.0013528048265469392
"O'Brien County, Iowa",19141,0.10524896638504404,3,0.10000000000000009,0.02625264737043258
"Osceola County, Iowa",19143,0.08877709671379846,3,0.1333333333333333,0.07175276342356525
"Page County, Iowa",19145,0.09021767738539425,3,0.23333333333333325,-0.029863624587681447
"Palo Alto County, Iowa",19147,0.10281256122976078,3,0.06666666666666672,0.036912793370357945
"Plymouth County, Iowa",19149,0.10243093486757458,3,0.10000000000000009,0.016430045317194743
"Pocahontas County, Iowa",19151,0.08081406368460956,2,0.3,-0.03556135371653015
"Polk County, Iowa",19153,0.10121221204570047,3,0.3000000000000001,0.0006504569400455084
"Pottawattamie County, Iowa",19155,0.0703194507471562,2,0.2666666666666666,0.035467853800881834
"Poweshiek County, Iowa",19157,0.1332148560243136,4,0.1333333333333333,0.015724445625858372
"Ringgold County, Iowa",19159,0.16551640340218712,4,0.1333333333333333,-0.015389163877046913
"Sac County, Iowa",19161,0.14896780027280113,4,0.20000000000000004,0.024604333339939707
"Scott County, Iowa",19163,0.10345736911891218,3,0.3333333333333333,0.02372837891503045
"Shelby County, Iowa",19165,0.0825005702091798,3,0.06666666666666658,0.006308745927950122
"Sioux County, Iowa",19167,0.13278387131517713,4,0.09999999999999994,0.06402013407014089
"Story County, Iowa",19169,0.10581552504615982,3,0.20000000000000004,0.013437809190062246
"Tama County, Iowa",19171,0.10191138241574599,3,0.36666666666666653,-0.03597770513787612
"Taylor County, Iowa",19173,0.14714244270380042,4,0.1333333333333333,-0.024862148924534748
"Union County, Iowa",19175,0.08879909576391018,3,0.20000000000000004,0.00843166202494815
"Van Buren County, Iowa",19177,0.13979538693760096,4,0.06666666666666672,-0.049899619569887435
"Wapello County, Iowa",19179,0.07025078333727647,2,0.3,-0.02220891717323922
"Warren County, Iowa",19181,0.0728403264674673,2,0.20000000000000004,0.008061233482024834
"Washington County, Iowa",19183,0.08681806432852458,3,0.0,0.03603939113522454
"Wayne County, Iowa",19185,0.12918543772068672,4,0.2333333333333334,-0.05896259092483547
"Webster County, Iowa",19187,0.0733412999717597,2,0.10000000000000009,-0.007151825339732931
"Winnebago County, Iowa",19189,0.09520293796828633,3,0.3666666666666667,0.02428544963411917
"Winneshiek County, Iowa",19191,0.1323755980214612,4,0.06666666666666672,-0.0010823807700588734
"Woodbury County, Iowa",19193,0.05558102103854027,1,0.20000000000000004,0.005575711477241398
"Worth County, Iowa",19195,0.0642366775647727,2,0.1333333333333333,-0.006906119845933948
"Wright County, Iowa",19197,0.081152249895489,2,0.0,0.08199720027465192
"Allen County, Kansas",20001,0.0693971644471046,2,0.2999999999999998,-0.017617509408604605
"Anderson County, Kansas",20003,0.1009208741087151,3,0.2666666666666668,-0.010593438239226576
"Atchison County, Kansas",20005,0.10837345607359032,3,0.2999999999999998,-0.019280945931075055
"Barber County, Kansas",20007,0.11418223156336334,3,0.3000000000000001,0.0030658023188215033
"Barton County, Kansas",20009,0.10586920431879458,3,0.3000000000000001,0.02229723177822822
"Bourbon County, Kansas",20011,0.08026435874486912,2,0.5333333333333335,-0.004297162233681321
"Brown County, Kansas",20013,0.40637720488466755,4,0.5000000000000001,-0.06525548417646178
"Butler County, Kansas",20015,0.06552319076642445,2,0.3,0.04562288600544298
"Chase County, Kansas",20017,0.06568550436671133,2,0.4333333333333333,-0.061955632548963
"Chautauqua County, Kansas",20019,0.09173619645128603,3,0.4000000000000001,-0.01689880335173612
"Cherokee County, Kansas",20021,0.04340879380822941,1,0.3666666666666667,0.001850634066759378
"Cheyenne County, Kansas",20023,0.15023122109736284,4,0.2666666666666666,-0.04161035505128286
"Clark County, Kansas",20025,0.06827789742362607,2,0.2333333333333334,0.034036634060042405
"Clay County, Kansas",20027,0.11438733135965348,3,0.3,-0.0433085561054529
"Cloud County, Kansas",20029,0.1067207848086742,3,0.3,-0.009170107744191752
"Coffey County, Kansas",20031,0.06533674677122493,2,0.3000000000000001,-0.009284659014116672
"Comanche County, Kansas",20033,0.16296296296296298,4,0.2666666666666668,0.020870347997062517
"Cowley County, Kansas",20035,0.07478007342642075,2,0.3333333333333333,-0.007919531270481155
"Crawford County, Kansas",20037,0.12208625699645834,3,0.5666666666666665,-0.00999656345824194
"Decatur County, Kansas",20039,0.16416784535596418,4,0.2666666666666668,0.05642663108230472
"Dickinson County, Kansas",20041,0.08095669776683166,2,0.3000000000000001,-0.030044102013535842
"Doniphan County, Kansas",20043,0.0653322592536967,2,0.3666666666666667,-0.04121041624347324
"Douglas County, Kansas",20045,0.10872393950785068,3,0.3,0.02290089435840118
"Edwards County, Kansas",20047,0.06262908516583647,2,0.3,0.029534042029067894
"Elk County, Kansas",20049,0.12242920211047702,3,0.36666666666666686,0.02203267589662777
"Ellis County, Kansas",20051,0.09620876131039231,3,0.2666666666666666,-0.0015118192649142242
"Ellsworth County, Kansas",20053,0.11098888485010809,3,0.3000000000000001,-0.04316627002549935
"Finney County, Kansas",20055,0.06141482255136302,2,0.20000000000000004,0.01791563601631069
"Ford County, Kansas",20057,0.04249907656588043,1,0.2333333333333334,0.02028163917934367
"Franklin County, Kansas",20059,0.05554433092931121,1,0.3666666666666667,-0.017258391293381345
"Geary County, Kansas",20061,0.027261426836421448,1,0.3666666666666667,-0.009184449392019182
"Gove County, Kansas",20063,0.1796099369015576,4,0.3333333333333333,0.03565136408293576
"Graham County, Kansas",20065,0.08611765911653171,3,0.6333333333333333,-0.004517843058572832
"Grant County, Kansas",20067,0.05893261135630308,2,0.2333333333333334,0.059139753002308636
"Gray County, Kansas",20069,0.07020605045405548,2,0.16666666666666666,0.08501823578912733
"Greeley County, Kansas",20071,0.13644442418994668,4,0.4666666666666666,0.09501524262030245
"Greenwood County, Kansas",20073,0.11293854893967648,3,0.5,0.040887681051454274
"Hamilton County, Kansas",20075,0.051460690078643456,1,0.23333333333333325,0.15197249782744024
"Harper County, Kansas",20077,0.0871564907439347,3,0.3333333333333333,0.044826906962811455
"Harvey County, Kansas",20079,0.05747505059669202,1,0.4333333333333333,-0.01249157713769519
"Haskell County, Kansas",20081,0.074720639709436,2,0.20000000000000004,0.09228638437262102
"Hodgeman County, Kansas",20083,0.08519482072904519,3,0.3666666666666667,0.09777952759293562
"Jackson County, Kansas",20085,0.07132506113576668,2,0.19999999999999987,-0.06788153996072438
"Jefferson County, Kansas",20087,0.05132941802234861,1,0.20000000000000004,-0.0674327742444739
"Jewell County, Kansas",20089,0.14073510773130546,4,0.6,-0.04314014407334643
"Johnson County, Kansas",20091,0.1748256636301428,4,0.3666666666666667,0.022446640757050704
"Kearny County, Kansas",20093,0.07489113466436612,2,0.3333333333333333,-0.035479139476539544
"Kingman County, Kansas",20095,0.08638686380050419,3,0.2333333333333334,-0.07952639329674051
"Kiowa County, Kansas",20097,0.06222733091251078,2,0.3333333333333333,-0.0936543663251002
"Labette County, Kansas",20099,0.061238472148349814,2,0.23333333333333325,0.006809002680887924
"Lane County, Kansas",20101,0.21490626428898033,4,0.3333333333333332,0.06557746724763769
"Leavenworth County, Kansas",20103,0.046693908459657804,1,0.3333333333333332,0.014500908069061952
"Lincoln County, Kansas",20105,0.1443276438577704,4,0.3999999999999999,-0.03344232967840154
"Linn County, Kansas",20107,0.06220287772824273,2,0.4333333333333334,-0.04219704143448544
"Logan County, Kansas",20109,0.11059035084363163,3,0.23333333333333325,0.023282574736766794
"Lyon County, Kansas",20111,0.06667216008671152,2,0.7999999999999999,0.02078128080468109
"McPherson County, Kansas",20113,0.0783830697610221,2,0.3,0.034960849065001666
"Marion County, Kansas",20115,0.0897239866035339,3,0.3666666666666667,0.012618922431325086
"Marshall County, Kansas",20117,0.14883447461389912,4,0.36666666666666653,2.1976250998088065e-05
"Meade County, Kansas",20119,0.19971352301582135,4,0.3333333333333333,-0.01990690983184434
"Miami County, Kansas",20121,0.1625877240565216,4,0.3333333333333333,0.029842226804604344
"Mitchell County, Kansas",20123,0.10566346314484432,3,0.5333333333333333,-0.02445511794214964
"Montgomery County, Kansas",20125,0.05438356818724624,1,0.3000000000000001,0.06010982768196039
"Morris County, Kansas",20127,0.07800001967709881,2,0.20000000000000004,-0.010602792062523606
"Morton County, Kansas",20129,0.07115416391275611,2,0.2666666666666666,0.04638198680751872
"Nemaha County, Kansas",20131,0.7547123216685829,4,0.20000000000000004,-0.031723593985320264
"Neosho County, Kansas",20133,0.07351959428307976,2,0.2666666666666666,0.010414014487761287
"Ness County, Kansas",20135,0.14222313540168482,4,0.3,-0.00622598001537279
"Norton County, Kansas",20137,0.0872306322350846,3,0.2666666666666666,0.021667427817526768
"Osage County, Kansas",20139,0.04811710964223695,1,0.2333333333333334,-0.025211564632468268
"Osborne County, Kansas",20141,0.11911429615070185,3,0.4000000000000001,-0.06782258448925114
"Ottawa County, Kansas",20143,0.06239561261373551,2,0.16666666666666666,-0.07499984530373065
"Pawnee County, Kansas",20145,0.07033808538137858,2,0.2333333333333334,-0.01119307873390011
"Phillips County, Kansas",20147,0.1541018731224598,4,0.2666666666666668,0.054835496431836835
"Pottawatomie County, Kansas",20149,0.0893110986625805,3,0.3,-0.03870325023523676
"Pratt County, Kansas",20151,0.09599201639874852,3,0.3,0.0015694393811204123
"Rawlins County, Kansas",20153,0.39993846424332996,4,0.19999999999999987,-0.09044957938562062
"Reno County, Kansas",20155,0.08947843401523181,3,0.3,0.005687695662606121
"Republic County, Kansas",20157,0.07070272805440475,2,0.2666666666666668,0.08527376680459454
"Rice County, Kansas",20159,0.08111459454400824,2,0.3333333333333333,0.05294008502592898
"Riley County, Kansas",20161,0.13685354929943633,4,0.2666666666666666,0.020122165656106004
"Rooks County, Kansas",20163,0.11796147269487857,3,0.16666666666666666,-0.02191326016589303
"Rush County, Kansas",20165,0.09689767468433982,3,0.4000000000000001,-0.014664823038264153
"Russell County, Kansas",20167,0.13152000277816364,4,0.4333333333333333,-0.003106350200490969
"Saline County, Kansas",20169,0.09553162176915546,3,0.23333333333333325,0.00898028595304666
"Scott County, Kansas",20171,0.12076880814251259,3,0.2333333333333334,0.08327853157626894
"Sedgwick County, Kansas",20173,0.12161052500547366,3,0.2999999999999998,0.033902088126119556
"Seward County, Kansas",20175,0.03133257833144583,1,0.2666666666666668,0.010006733737948937
"Shawnee County, Kansas",20177,0.07022821037994953,2,0.2666666666666666,0.02103030835727855
"Sheridan County, Kansas",20179,0.12406808271205515,3,0.20000000000000004,0.050940728787360695
"Sherman County, Kansas",20181,0.07864639397201292,2,0.3666666666666667,-0.01896704691586114
"Smith County, Kansas",20183,0.15776682756771251,4,0.2666666666666668,-0.07360727838088713
"Stafford County, Kansas",20185,0.10973590412842749,3,0.2666666666666668,0.0719307717687993
"Stanton County, Kansas",20187,0.18819882973176524,4,0.5333333333333333,-0.0683685837397714
"Stevens County, Kansas",20189,0.07414414593830283,2,0.2666666666666666,0.024624473282656476
"Sumner County, Kansas",20191,0.05175086743608042,1,0.2666666666666666,-0.01619343356492341
"Thomas County, Kansas",20193,0.13646666091819515,4,0.2333333333333334,0.029656288556473696
"Trego County, Kansas",20195,0.1329492415402567,4,0.4333333333333334,-0.05103706469940272
"Wabaunsee County, Kansas",20197,0.05105958961925857,1,0.2666666666666668,-0.038679376653627535
"Wallace County, Kansas",20199,0.12337112878659671,3,0.23333333333333325,0.023545941153076323
"Washington County, Kansas",20201,0.11534877830346561,3,0.3333333333333333,-0.02699987657734929
"Wichita County, Kansas",20203,0.0764123701162475,2,0.16666666666666666,0.07927837283486197
"Wilson County, Kansas",20205,0.08226007177587405,3,0.5333333333333332,-0.023330715817546793
"Woodson County, Kansas",20207,0.0893674959772249,3,0.3333333333333333,-0.008040965459163576
"Wyandotte County, Kansas",20209,0.0226032416134724,1,0.4333333333333333,0.027262948187794074
"Adair County, Kentucky",21001,0.07143026097926358,2,0.13333333333333344,0.038141004228760024
"Allen County, Kentucky",21003,0.0549684086313462,1,0.20000000000000018,0.006901355645664465
"Anderson County, Kentucky",21005,0.048210954003669836,1,0.2333333333333334,0.03714300944449322
"Ballard County, Kentucky",21007,0.037520043493520706,1,0.0,0.03789026977872082
"Barren County, Kentucky",21009,0.08128771878407211,2,0.20000000000000018,0.011502625227566003
"Bath County, Kentucky",21011,0.03348325296776007,1,0.4000000000000001,0.014724374787166006
"Bell County, Kentucky",21013,0.029989303588485082,1,0.2666666666666666,0.017770423272705994
"Boone County, Kentucky",21015,0.06961501689233492,2,0.20000000000000004,0.001511161748966067
"Bourbon County, Kentucky",21017,0.20037610985768617,4,0.16666666666666666,0.04513664844601267
"Boyd County, Kentucky",21019,0.0462300361902673,1,0.19999999999999987,0.0022745050626208963
"Boyle County, Kentucky",21021,0.10281637388436698,3,0.36666666666666686,0.03177822060719728
"Bracken County, Kentucky",21023,0.03250816352591349,1,0.36666666666666653,-0.0077124191035413256
"Breathitt County, Kentucky",21025,0.017774555146194245,1,0.09999999999999994,0.04527374612787581
"Breckinridge County, Kentucky",21027,0.0831713845702552,3,0.19999999999999987,-0.005486978674909144
"Bullitt County, Kentucky",21029,0.0330730295568249,1,0.09999999999999994,0.010160180798479424
"Butler County, Kentucky",21031,0.03725891856375372,1,0.2999999999999998,0.018938269772963347
"Caldwell County, Kentucky",21033,0.050328787082020675,1,0.2666666666666668,0.003893550454570466
"Calloway County, Kentucky",21035,0.07584977666417872,2,0.3000000000000001,0.010603339156489812
"Campbell County, Kentucky",21037,0.09348264235732724,3,0.1333333333333333,0.03494131342359666
"Carlisle County, Kentucky",21039,0.09425215544170935,3,0.09999999999999994,0.03597601262917925
"Carroll County, Kentucky",21041,0.03498111583879141,1,0.19999999999999987,-0.01712887469635314
"Carter County, Kentucky",21043,0.024362628740552405,1,0.09999999999999994,0.015140930706697508
"Casey County, Kentucky",21045,0.060427096563755604,2,0.2999999999999998,0.010620633653940387
"Christian County, Kentucky",21047,0.06108807436889503,2,0.09999999999999994,0.003212767622826972
"Clark County, Kentucky",21049,0.062157519585598696,2,0.19999999999999987,0.016259907715054082
"Clay County, Kentucky",21051,0.020943677086578738,1,0.4000000000000001,-0.005550361790100936
"Clinton County, Kentucky",21053,0.05221994129922128,1,0.2666666666666669,0.0237439246286782
"Crittenden County, Kentucky",21055,0.06415518241422603,2,0.10000000000000024,0.0053287490025331645
"Cumberland County, Kentucky",21057,0.0933508459054321,3,0.09999999999999994,0.06591686649075458
"Daviess County, Kentucky",21059,0.06887934505064162,2,0.10000000000000009,0.01193781950403662
"Edmonson County, Kentucky",21061,0.032729901044712954,1,0.2666666666666666,0.004800908193903643
"Elliott County, Kentucky",21063,0.026889805781565315,1,-0.13333333333333344,0.03900655008996084
"Estill County, Kentucky",21065,0.02146388639436314,1,0.20000000000000018,0.01621459534067407
"Fayette County, Kentucky",21067,0.17223993118986947,4,0.19999999999999987,0.03151151689061601
"Fleming County, Kentucky",21069,0.05840069632720715,2,0.3000000000000001,0.0010582783647519235
"Floyd County, Kentucky",21071,0.022962711850306662,1,0.16666666666666666,0.015207633018758899
"Franklin County, Kentucky",21073,0.10050539403334494,3,0.16666666666666652,0.04220376583976311
"Fulton County, Kentucky",21075,0.04050979306952003,1,0.2333333333333334,0.004309679230715238
"Gallatin County, Kentucky",21077,0.03783744934458948,1,0.3,0.04373648725123531
"Garrard County, Kentucky",21079,0.06961467969841521,2,0.13333333333333344,0.0692295676016764
"Grant County, Kentucky",21081,0.03918036214284458,1,0.20000000000000018,0.025546563822033602
"Graves County, Kentucky",21083,0.08839030027493984,3,-0.13333333333333344,0.026130337080857543
"Grayson County, Kentucky",21085,0.06861273676157434,2,0.36666666666666686,0.0035191809906058224
"Green County, Kentucky",21087,0.04792244945062287,1,0.16666666666666666,0.0012108254135276624
"Greenup County, Kentucky",21089,0.04092807248615432,1,0.06666666666666672,0.01847500898786361
"Hancock County, Kentucky",21091,0.03551667662616471,1,0.16666666666666666,0.03074416027853565
"Hardin County, Kentucky",21093,0.08660875000974032,3,0.20000000000000018,0.01910877965589448
"Harlan County, Kentucky",21095,0.019270577473616452,1,0.4000000000000001,0.0447896699573293
"Harrison County, Kentucky",21097,0.04494004770397748,1,0.2333333333333334,0.009960591097416928
"Hart County, Kentucky",21099,0.0742215976131248,2,0.16666666666666666,0.02428551707285338
"Henderson County, Kentucky",21101,0.05991045777435998,2,0.13333333333333344,0.042169673575760985
"Henry County, Kentucky",21103,0.052134436552683606,1,0.10000000000000024,0.049946403272056294
"Hickman County, Kentucky",21105,0.04888263741821285,1,0.13333333333333344,0.06689273232029436
"Hopkins County, Kentucky",21107,0.06843181021921305,2,0.13333333333333316,0.03480538149534171
"Jackson County, Kentucky",21109,0.021820352270705518,1,0.3333333333333333,0.0014849831083171428
"Jefferson County, Kentucky",21111,0.11749767102758313,3,0.16666666666666666,0.017772925475105703
"Jessamine County, Kentucky",21113,0.13682966643815642,4,0.20000000000000004,0.03400878494342147
"Johnson County, Kentucky",21115,0.024412173222878118,1,0.3000000000000001,0.03556374384754285
"Kenton County, Kentucky",21117,0.145284698030947,4,0.20000000000000004,0.00727122485564215
"Knott County, Kentucky",21119,0.026121875877562484,1,0.16666666666666666,0.021539516511594047
"Knox County, Kentucky",21121,0.02627967264779139,1,0.3333333333333333,0.019616740549408356
"Larue County, Kentucky",21123,0.05090579353032782,1,0.13333333333333344,-0.017406300136406365
"Laurel County, Kentucky",21125,0.07151240129811685,2,0.36666666666666653,0.015556322177833551
"Lawrence County, Kentucky",21127,0.015543431843336848,1,0.3333333333333333,0.05329611039683751
"Lee County, Kentucky",21129,0.02217568962759383,1,0.06666666666666672,0.012615150381823148
"Leslie County, Kentucky",21131,0.007869209449650257,1,0.2333333333333334,0.020196151757174277
"Letcher County, Kentucky",21133,0.016339324418953617,1,0.2666666666666666,0.04151146810153507
"Lewis County, Kentucky",21135,0.023674117904887135,1,0.16666666666666638,-0.02287935035214706
"Lincoln County, Kentucky",21137,0.056738106637885095,1,0.2666666666666669,0.034959543246501086
"Livingston County, Kentucky",21139,0.05543486498092808,1,0.20000000000000018,0.05677226376614548
"Logan County, Kentucky",21141,0.06528627633744385,2,0.3333333333333333,0.0007796383798632584
"Lyon County, Kentucky",21143,0.08563427407622927,3,0.16666666666666666,0.04790988375894036
"McCracken County, Kentucky",21145,0.24588316019909442,4,0.09999999999999994,0.03915028833882559
"McCreary County, Kentucky",21147,0.02758097634066483,1,0.3333333333333333,0.004650303156599487
"McLean County, Kentucky",21149,0.04203821656050955,1,0.06666666666666672,0.04115571980514027
"Madison County, Kentucky",21151,0.054244952462508295,1,0.2333333333333334,0.04649718653832095
"Magoffin County, Kentucky",21153,0.005028333132389132,1,0.033333333333333805,0.03205832316844982
"Marion County, Kentucky",21155,0.06142895964118175,2,0.2666666666666666,0.01692715488516571
"Marshall County, Kentucky",21157,0.09611118763864017,3,0.13333333333333316,0.007829687265985081
"Martin County, Kentucky",21159,0.03066092785718954,1,0.8999999999999998,0.05195542977068791
"Mason County, Kentucky",21161,0.07890855938452303,2,0.4333333333333333,0.011128021299142142
"Meade County, Kentucky",21163,0.044021137936753565,1,0.2666666666666668,0.07201921315408417
"Menifee County, Kentucky",21165,0.02194155174031335,1,0.4000000000000001,-0.008822847411495931
"Mercer County, Kentucky",21167,0.06610404034886473,2,0.2999999999999998,0.030609730293001243
"Metcalfe County, Kentucky",21169,0.04312581063553826,1,0.09999999999999994,0.016308805163209858
"Monroe County, Kentucky",21171,0.06084468576259063,2,0.3333333333333332,0.033838972024056856
"Montgomery County, Kentucky",21173,0.05584690810109379,1,0.2333333333333331,0.018598678484302404
"Morgan County, Kentucky",21175,0.025199265415854145,1,0.06666666666666672,0.04579187199362864
"Muhlenberg County, Kentucky",21177,0.03649313288789904,1,0.2666666666666666,0.039280280634708106
"Nelson County, Kentucky",21179,0.06120158977749035,2,0.10000000000000024,0.024719065440303282
"Nicholas County, Kentucky",21181,0.030702779436841604,1,0.0,0.006929428447868371
"Ohio County, Kentucky",21183,0.034664954817046074,1,0.2999999999999998,0.01995353531022644
"Oldham County, Kentucky",21185,0.10316699756525886,3,0.16666666666666666,0.06052250233124228
"Owen County, Kentucky",21187,0.04435653060001199,1,0.20000000000000018,0.03982694304121279
"Owsley County, Kentucky",21189,0.01627708029872142,1,-0.033333333333333215,0.008874242480344602
"Pendleton County, Kentucky",21191,0.026986257675234576,1,0.3333333333333333,0.010079802583135983
"Perry County, Kentucky",21193,0.03711100099108028,1,0.2666666666666669,0.027866802131219552
"Pike County, Kentucky",21195,0.051136074175964136,1,0.3333333333333333,0.024210568600731106
"Powell County, Kentucky",21197,0.04633260947071598,1,0.19999999999999987,0.028698410666495984
"Pulaski County, Kentucky",21199,0.09337515142019726,3,0.13333333333333316,0.021033178846015667
"Robertson County, Kentucky",21201,0.025499847056533468,1,0.19999999999999987,0.03316211304740596
"Rockcastle County, Kentucky",21203,0.030326154780174377,1,0.06666666666666643,0.02755809160099345
"Rowan County, Kentucky",21205,0.03825565450129694,1,0.36666666666666653,0.03776382253759308
"Russell County, Kentucky",21207,0.07336639938067571,2,0.3000000000000001,0.08262332824820176
"Scott County, Kentucky",21209,0.05521268956845729,1,0.19999999999999987,0.0383672465156868
"Shelby County, Kentucky",21211,0.1179056334742719,3,0.09999999999999994,0.03070398678968805
"Simpson County, Kentucky",21213,0.08870250934908677,3,0.2666666666666666,0.00517400226634591
"Spencer County, Kentucky",21215,0.041264917256285547,1,-0.03333333333333351,0.032832818240130617
"Taylor County, Kentucky",21217,0.05675346560228293,1,0.2666666666666666,0.01911039182855191
"Todd County, Kentucky",21219,0.090478881980694,3,0.23333333333333325,0.037233330844006325
"Trigg County, Kentucky",21221,0.07582961663295966,2,0.033333333333333215,0.06688625248044548
"Trimble County, Kentucky",21223,0.03265595041690819,1,-0.03333333333333351,0.019483161773155934
"Union County, Kentucky",21225,0.06930523356716475,2,0.13333333333333344,0.020052221648897094
"Warren County, Kentucky",21227,0.1333440292313979,4,0.2333333333333334,0.04445165291034445
"Washington County, Kentucky",21229,0.05963111060126842,2,0.09999999999999994,0.03895647196284109
"Wayne County, Kentucky",21231,0.06604492669147648,2,0.3000000000000001,-0.01800063903822357
"Webster County, Kentucky",21233,0.04729407188698927,1,0.13333333333333344,-0.03209722040879674
"Whitley County, Kentucky",21235,0.04979722360040093,1,0.16666666666666666,0.038652530228453476
"Wolfe County, Kentucky",21237,0.05749079580855282,1,0.2666666666666666,0.026481987103413363
"Woodford County, Kentucky",21239,0.13452205059655684,4,0.1333333333333333,0.021520064565888772
"Acadia Parish, Louisiana",22001,0.05345430841936752,1,0.16666666666666652,0.023126021818303456
"Allen Parish, Louisiana",22003,0.02038206830609595,1,0.2333333333333334,0.047812869729941004
"Ascension Parish, Louisiana",22005,0.052601124340129625,1,0.20000000000000004,0.033245414365237785
"Assumption Parish, Louisiana",22007,0.059450000685328935,2,0.16666666666666666,0.03798656603057059
"Avoyelles Parish, Louisiana",22009,0.04668882664768857,1,0.16666666666666666,0.0033537208621327898
"Beauregard Parish, Louisiana",22011,0.04221587204119199,1,0.3333333333333333,0.03751158085679499
"Bienville Parish, Louisiana",22013,0.05032214205151183,1,0.19999999999999987,0.03694701140627478
"Bossier Parish, Louisiana",22015,0.07108950932541018,2,0.23333333333333325,0.03212876550353234
"Caddo Parish, Louisiana",22017,0.13896758444866159,4,0.13333333333333344,0.022527348388906288
"Calcasieu Parish, Louisiana",22019,0.08293816121621404,3,0.2333333333333334,-0.007304953709283068
"Caldwell Parish, Louisiana",22021,0.023800923656441084,1,0.3333333333333333,0.0018263828829779005
"Cameron Parish, Louisiana",22023,0.06126044852910083,2,0.20000000000000004,-0.12802012293383486
"Catahoula Parish, Louisiana",22025,0.025736777562403577,1,0.36666666666666686,0.0034097805011618788
"Claiborne Parish, Louisiana",22027,0.16384963865818142,4,0.5,0.04915245267563569
"Concordia Parish, Louisiana",22029,0.06384415754529305,2,0.4333333333333333,-0.010332638339684138
"De Soto Parish, Louisiana",22031,0.0607855667183455,2,0.3000000000000001,0.027748063458238686
"East Baton Rouge Parish, Louisiana",22033,0.13894295428908246,4,0.16666666666666666,0.03277817947950776
"East Carroll Parish, Louisiana",22035,0.07628812375087338,2,0.8999999999999998,-0.11304246674366239
"East Feliciana Parish, Louisiana",22037,0.05121716212769575,1,0.23333333333333325,0.033890915983509455
"Evangeline Parish, Louisiana",22039,0.0323890701286348,1,0.19999999999999987,0.04705755242325224
"Franklin Parish, Louisiana",22041,0.04893731407476434,1,0.2666666666666666,-0.0035425767204527027
"Grant Parish, Louisiana",22043,0.019894526378084493,1,0.2666666666666668,0.024447637782459272
"Iberia Parish, Louisiana",22045,0.11209316029956946,3,0.16666666666666666,0.020062184160984396
"Iberville Parish, Louisiana",22047,0.08360692230952518,3,0.09999999999999994,0.04469197218465811
"Jackson Parish, Louisiana",22049,0.03217104923386184,1,0.2333333333333334,0.03834850299316284
"Jefferson Parish, Louisiana",22051,0.10579437373671649,3,0.1333333333333333,0.007877312120973382
"Jefferson Davis Parish, Louisiana",22053,0.04825971639822786,1,0.3999999999999999,0.0024006029079278717
"Lafayette Parish, Louisiana",22055,0.13447189151773176,4,0.2333333333333334,0.02519345259526939
"Lafourche Parish, Louisiana",22057,0.08790307897469207,3,0.16666666666666666,0.0659228482908308
"LaSalle Parish, Louisiana",22059,0.0329854565581858,1,0.3,0.048258071570682584
"Lincoln Parish, Louisiana",22061,0.18137778642761346,4,0.3333333333333333,0.014736998109697216
"Livingston Parish, Louisiana",22063,0.0385801594128242,1,0.2666666666666666,-0.006226645560723944
"Madison Parish, Louisiana",22065,0.04848898753628137,1,0.5333333333333332,-0.0355818675057698
"Morehouse Parish, Louisiana",22067,0.08067868667122029,2,0.2666666666666666,-0.004089339550798569
"Natchitoches Parish, Louisiana",22069,0.08615861652208658,3,0.36666666666666653,-0.0197780977716169
"Orleans Parish, Louisiana",22071,0.15453979981264557,4,0.13333333333333316,0.01473540415177532
"Ouachita Parish, Louisiana",22073,0.10002480235061109,3,0.2666666666666666,0.018342555857550142
"Plaquemines Parish, Louisiana",22075,0.07079202071715926,2,0.3,0.047035718560713605
"Pointe Coupee Parish, Louisiana",22077,0.05874229504887354,2,0.2333333333333334,0.011254118050234555
"Rapides Parish, Louisiana",22079,0.07767029451000339,2,0.23333333333333325,-0.0018239396068923104
"Red River Parish, Louisiana",22081,0.12413583591966763,3,0.4333333333333333,0.07061572025502683
"Richland Parish, Louisiana",22083,0.04419713634944819,1,0.3333333333333333,0.01702487885237425
"Sabine Parish, Louisiana",22085,0.06747369199560477,2,0.4333333333333333,0.04564849576054755
"St. Bernard Parish, Louisiana",22087,0.029711751662971176,1,0.2333333333333334,0.012143012455156817
"St. Charles Parish, Louisiana",22089,0.03565364518611231,1,0.16666666666666666,0.0045938828973318075
"St. Helena Parish, Louisiana",22091,0.02216966471113874,1,0.4000000000000001,0.0011024228510605242
"St. James Parish, Louisiana",22093,0.026016396006177958,1,0.19999999999999987,0.002853068694181287
"St. John the Baptist Parish, Louisiana",22095,0.028420927404430814,1,0.06666666666666672,-0.00044849668946054486
"St. Landry Parish, Louisiana",22097,0.05723627667912761,1,0.19999999999999987,-0.0011892023393046064
"St. Martin Parish, Louisiana",22099,0.053194569028785776,1,0.16666666666666666,0.04162956614469694
"St. Mary Parish, Louisiana",22101,0.0628394065181046,2,0.3000000000000001,0.01999938561516441
"St. Tammany Parish, Louisiana",22103,0.13333933075903953,4,0.3666666666666667,0.006269077576415152
"Tangipahoa Parish, Louisiana",22105,0.06259076199309503,2,0.3000000000000001,0.024290265912361168
"Tensas Parish, Louisiana",22107,0.0831512686841593,3,0.6,-0.016315114148099913
"Terrebonne Parish, Louisiana",22109,0.07962191210928544,2,0.033333333333333215,0.034090311768766146
"Union Parish, Louisiana",22111,0.04854774576717945,1,0.3333333333333333,0.07311317948064092
"Vermilion Parish, Louisiana",22113,0.04453031236022935,1,0.2333333333333334,0.022039812676919866
"Vernon Parish, Louisiana",22115,0.024986368640782006,1,0.4333333333333333,0.0031267307962342876
"Washington Parish, Louisiana",22117,0.031877269729359066,1,0.2333333333333334,0.07027956893226521
"Webster Parish, Louisiana",22119,0.07322431943488626,2,0.2666666666666666,0.009333894912200689
"West Baton Rouge Parish, Louisiana",22121,0.036086473029535215,1,0.23333333333333325,0.02256315722829656
"West Carroll Parish, Louisiana",22123,0.030098036625003304,1,0.4666666666666668,-0.02938069134577064
"West Feliciana Parish, Louisiana",22125,0.15082895879753766,4,0.20000000000000004,0.002736577389080659
"Winn Parish, Louisiana",22127,0.02733128149766703,1,0.3,0.008319477800357165
"Androscoggin County, Maine",23001,0.07291815823757937,2,0.20000000000000004,0.027695272468475127
"Aroostook County, Maine",23003,0.06188962596303346,2,0.3,0.022439561715504795
"Cumberland County, Maine",23005,0.17041837270438595,4,0.13333333333333344,0.030767460985000727
"Franklin County, Maine",23007,0.11151097825823413,3,0.20000000000000004,0.00800553780432995
"Hancock County, Maine",23009,0.21173741096760815,4,0.1333333333333333,0.02688644325721299
"Kennebec County, Maine",23011,0.07100563698312264,2,0.1333333333333333,0.02391021835415277
"Knox County, Maine",23013,0.2507700849392618,4,0.1333333333333333,0.012519785074525749
"Lincoln County, Maine",23015,0.2495005727110605,4,0.1333333333333333,0.02713831180984466
"Oxford County, Maine",23017,0.1312405818547128,4,0.23333333333333325,0.02931018530969209
"Penobscot County, Maine",23019,0.07566130370290804,2,0.20000000000000004,0.02291077662639031
"Piscataquis County, Maine",23021,0.09676130879073329,3,0.4333333333333334,-0.017816761186356646
"Sagadahoc County, Maine",23023,0.12584438173055082,4,0.13333333333333344,0.02269271060374534
"Somerset County, Maine",23025,0.05630125644388307,1,0.23333333333333325,0.021643807281284486
"Waldo County, Maine",23027,0.11782110219311716,3,0.16666666666666666,0.010811606953574497
"Washington County, Maine",23029,0.0784492253764582,2,0.2999999999999998,0.008256185466931559
"York County, Maine",23031,0.11244892938258287,3,0.1333333333333333,0.040024691252587626
"Allegany County, Maryland",24001,0.04496335198806143,1,0.5333333333333332,-0.011975151742054699
"Anne Arundel County, Maryland",24003,0.10286287978974658,3,0.23333333333333325,0.023301677011959995
"Baltimore County, Maryland",24005,0.1339115879955861,4,0.3,0.020766499536759183
"Calvert County, Maryland",24009,0.054951823391314034,1,0.2333333333333334,0.04313385252937893
"Caroline County, Maryland",24011,0.038046009625937564,1,0.2666666666666666,0.004336915673786754
"Carroll County, Maryland",24013,0.06007550245158773,2,0.20000000000000004,0.025775124991084662
"Cecil County, Maryland",24015,0.05215817241441401,1,0.3000000000000001,0.028491274539907234
"Charles County, Maryland",24017,0.022854908719243297,1,0.4000000000000001,0.038170895092818756
"Dorchester County, Maryland",24019,0.07831561284511769,2,0.3000000000000001,0.0028872100394527226
"Frederick County, Maryland",24021,0.07646388343280658,2,0.3333333333333333,0.03375971862768612
"Garrett County, Maryland",24023,0.09513581976029245,3,0.2666666666666666,0.008838908289702869
"Harford County, Maryland",24025,0.0473541912598886,1,0.2666666666666668,0.011783707025517868
"Howard County, Maryland",24027,0.09199547473885096,3,0.3,0.01544234792131233
"Kent County, Maryland",24029,0.18168107805387015,4,0.23333333333333325,0.006364622047205363
"Montgomery County, Maryland",24031,0.1595197821797555,4,0.3666666666666667,0.00905610411494622
"Prince George's County, Maryland",24033,0.019019021624932547,1,0.36666666666666686,0.028832020468701026
"Queen Anne's County, Maryland",24035,0.09599475018819036,3,0.16666666666666666,0.014657837749877955
"St. Mary's County, Maryland",24037,0.05328470705434101,1,0.20000000000000004,0.018718698121617076
"Somerset County, Maryland",24039,0.08215097969298259,2,0.2666666666666666,0.038043341524165754
"Talbot County, Maryland",24041,0.450438946959226,4,0.20000000000000004,0.024067397128496038
"Washington County, Maryland",24043,0.06449954733634457,2,0.36666666666666653,0.020362522610936403
"Wicomico County, Maryland",24045,0.057431420109197925,1,0.3,0.019345885732811173
"Worcester County, Maryland",24047,0.16264429820209172,4,0.19999999999999987,0.024578301291189767
"Baltimore City, Maryland",24510,0.07790749520692762,2,0.4666666666666668,0.0231765662296474
"Barnstable County, Massachusetts",25001,0.24754913039226242,4,0.16666666666666666,0.02416044480495618
"Berkshire County, Massachusetts",25003,0.1801642217798912,4,0.06666666666666672,0.011893126695721843
"Bristol County, Massachusetts",25005,0.08020323089818385,2,0.19999999999999987,0.0011284184103652279
"Dukes County, Massachusetts",25007,0.32498227896493226,4,0.13333333333333316,0.032976940386288366
"Essex County, Massachusetts",25009,0.17493764405399873,4,0.2999999999999998,0.00584080785937137
"Franklin County, Massachusetts",25011,0.11410533611121376,3,0.16666666666666652,-0.003032555692092878
"Hampden County, Massachusetts",25013,0.07240106590225512,2,0.2333333333333334,0.004579076005124332
"Hampshire County, Massachusetts",25015,0.11898180305526303,3,0.2333333333333334,0.017516127512364813
"Middlesex County, Massachusetts",25017,0.20550406405991725,4,0.36666666666666653,0.02239062375533258
"Nantucket County, Massachusetts",25019,0.3597610512855152,4,0.4000000000000001,0.04364012374873154
"Norfolk County, Massachusetts",25021,0.2216574465468757,4,0.2999999999999998,0.018737690181349465
"Plymouth County, Massachusetts",25023,0.11980131685913874,3,0.23333333333333325,0.017945688575288027
"Suffolk County, Massachusetts",25025,0.23963666580138898,4,0.2666666666666668,0.016344134507424876
"Worcester County, Massachusetts",25027,0.07891732998101599,2,0.2666666666666666,0.014775400545447823
"Alcona County, Michigan",26001,0.08249392692324506,3,0.6,-0.041088435374149655
"Alger County, Michigan",26003,0.08949229320709248,3,0.4000000000000001,0.009707998529488997
"Allegan County, Michigan",26005,0.11671670623206382,3,0.2333333333333334,0.017229983408788924
"Alpena County, Michigan",26007,0.05586883998027085,1,0.2333333333333334,0.008486348260702464
"Antrim County, Michigan",26009,0.24287884276316712,4,0.2333333333333334,0.014906868648910054
"Arenac County, Michigan",26011,0.058417547982765376,2,0.4000000000000001,0.015241508977558852
"Baraga County, Michigan",26013,0.0641858363523403,2,0.16666666666666666,-0.0031107243341658474
"Barry County, Michigan",26015,0.08181342527245003,2,0.3000000000000001,0.04774018755246397
"Bay County, Michigan",26017,0.058492474645689914,2,0.3333333333333333,-0.012469295854588324
"Benzie County, Michigan",26019,0.23714657900950592,4,0.09999999999999994,0.025251380021400077
"Berrien County, Michigan",26021,0.11447855146078487,3,0.2999999999999998,-0.005903349602514076
"Branch County, Michigan",26023,0.06870513921082334,2,0.20000000000000004,0.014079028133450012
"Calhoun County, Michigan",26025,0.045994392160600125,1,0.3333333333333333,0.029286625855321807
"Cass County, Michigan",26027,0.10774316688467434,3,0.3333333333333333,0.07961368203697437
"Charlevoix County, Michigan",26029,0.27250640800286524,4,0.2666666666666666,0.02348554198797019
"Cheboygan County, Michigan",26031,0.14501656663081566,4,0.5333333333333332,0.022625658981691523
"Chippewa County, Michigan",26033,0.05092684247485131,1,0.39999999999999974,0.02640315180224653
"Clare County, Michigan",26035,0.0615125313764519,2,0.2333333333333334,0.027526523001486423
"Clinton County, Michigan",26037,0.06940636724655867,2,0.13333333333333344,0.017145296812970195
"Crawford County, Michigan",26039,0.052719748177302635,1,0.3333333333333333,-0.029680087966877454
"Delta County, Michigan",26041,0.06950556732857563,2,0.2666666666666666,0.005712252041756646
"Dickinson County, Michigan",26043,0.07379332215829294,2,0.2666666666666666,-0.02115013378013202
"Eaton County, Michigan",26045,0.04369727071170622,1,0.09999999999999994,0.03166111420523153
"Emmet County, Michigan",26047,0.29899744037177095,4,0.36666666666666686,0.022833748020207288
"Genesee County, Michigan",26049,0.06122544225551359,2,0.36666666666666686,0.018732686803244726
"Gladwin County, Michigan",26051,0.07170299091594556,2,0.3000000000000001,0.03965977103056287
"Gogebic County, Michigan",26053,0.08080123008886556,2,0.36666666666666686,0.011767016204873965
"Grand Traverse County, Michigan",26055,0.20176601251435114,4,0.13333333333333316,0.03079984983794708
"Gratiot County, Michigan",26057,0.07692954041039132,2,0.2999999999999998,0.013910655208283907
"Hillsdale County, Michigan",26059,0.06553440927016703,2,0.3333333333333333,0.01000271923886082
"Houghton County, Michigan",26061,0.07254794192637015,2,0.3000000000000001,0.024219577597572026
"Huron County, Michigan",26063,0.1414820313523427,4,0.3333333333333333,0.050914737602661055
"Ingham County, Michigan",26065,0.06001355391693917,2,0.2333333333333334,0.01935128036237331
"Ionia County, Michigan",26067,0.05309252333419256,1,0.3333333333333333,0.051024615457341174
"Iosco County, Michigan",26069,0.08031511994031436,2,0.4666666666666665,0.03100524485859886
"Iron County, Michigan",26071,0.10039042913401353,3,0.4666666666666665,0.003413398524671783
"Isabella County, Michigan",26073,0.10833613631274179,3,0.3333333333333333,0.00436057508511588
"Jackson County, Michigan",26075,0.07139494248707581,2,0.3000000000000001,0.017275563998300936
"Kalamazoo County, Michigan",26077,0.12008583916018441,3,0.2999999999999998,0.014115852387705323
"Kalkaska County, Michigan",26079,0.0655626422211138,2,0.16666666666666666,0.0278856667642031
"Kent County, Michigan",26081,0.17114955509158578,4,0.3000000000000001,0.01768479861700527
"Keweenaw County, Michigan",26083,0.14636628706607252,4,0.16666666666666666,0.021107059145132116
"Lake County, Michigan",26085,0.0695866682027962,2,0.6,-0.009064563806938188
"Lapeer County, Michigan",26087,0.05578673718928219,1,0.3333333333333333,0.033966619571012914
"Leelanau County, Michigan",26089,0.3614323364888124,4,0.16666666666666666,0.02516942023608369
"Lenawee County, Michigan",26091,0.06302506685532226,2,0.2666666666666666,0.014956346101794577
"Livingston County, Michigan",26093,0.07465408659952798,2,0.20000000000000004,0.015224140253719693
"Luce County, Michigan",26095,0.09162233064456812,3,0.2333333333333334,0.00878580652126074
"Mackinac County, Michigan",26097,0.16409328508242862,4,0.6333333333333334,0.030662492976964443
"Macomb County, Michigan",26099,0.05842274591865251,2,0.36666666666666686,0.0234903851509473
"Manistee County, Michigan",26101,0.09696652096756905,3,0.2999999999999998,0.018431969578109005
"Marquette County, Michigan",26103,0.07804384614033341,2,0.2999999999999998,-0.015948650578999208
"Mason County, Michigan",26105,0.1426714055161659,4,0.3333333333333333,0.00958874974695643
"Mecosta County, Michigan",26107,0.07872378963217044,2,0.5333333333333332,-0.007224303573623546
"Menominee County, Michigan",26109,0.08522019626917576,3,0.20000000000000018,0.023462748823214124
"Midland County, Michigan",26111,0.08483869821403793,3,0.2333333333333334,0.029250323146038797
"Missaukee County, Michigan",26113,0.14156410504893885,4,0.3000000000000001,0.058901739164203354
"Monroe County, Michigan",26115,0.04396441593360559,1,0.2666666666666666,0.025509789200770808
"Montcalm County, Michigan",26117,0.06755361863231972,2,0.2999999999999998,0.0014056854466810544
"Montmorency County, Michigan",26119,0.08382145468781162,3,0.4666666666666665,-0.01080564228839303
"Muskegon County, Michigan",26121,0.06591186364390117,2,0.3333333333333333,0.031457515904018386
"Newaygo County, Michigan",26123,0.09104832400231608,3,0.2666666666666666,0.035373809939250996
"Oakland County, Michigan",26125,0.15911257374594026,4,0.3,0.01876700276820631
"Oceana County, Michigan",26127,0.13366667252500045,4,0.20000000000000018,0.013721130788104174
"Ogemaw County, Michigan",26129,0.08382712455433582,3,0.6000000000000002,0.028424456103813778
"Ontonagon County, Michigan",26131,0.07288503774468034,2,0.2666666666666666,-0.005499551031102225
"Osceola County, Michigan",26133,0.04677754144991415,1,0.6666666666666666,0.03612495113825542
"Oscoda County, Michigan",26135,0.05786065887855058,2,0.8333333333333334,0.018770523801869245
"Otsego County, Michigan",26137,0.07309103954521622,2,0.2666666666666669,0.009315666059292748
"Ottawa County, Michigan",26139,0.13635287085386896,4,0.3000000000000001,0.007932991420225383
"Presque Isle County, Michigan",26141,0.095173274088103,3,0.6333333333333332,-0.013546492508466557
"Roscommon County, Michigan",26143,0.09886058329466745,3,0.36666666666666686,0.03393240030402636
"Saginaw County, Michigan",26145,0.05737669837156414,1,0.36666666666666653,0.0055455022068477975
"St. Clair County, Michigan",26147,0.05986582824671912,2,0.3666666666666667,0.012026488815789098
"St. Joseph County, Michigan",26149,0.06685288475274181,2,0.36666666666666686,0.017621738196322397
"Sanilac County, Michigan",26151,0.08917707712555495,3,0.4666666666666668,0.0264168597965953
"Schoolcraft County, Michigan",26153,0.08024379366731084,2,0.3000000000000001,-0.01742067657506284
"Shiawassee County, Michigan",26155,0.043275339602559235,1,0.3000000000000001,0.02938652162731589
"Tuscola County, Michigan",26157,0.05033455097461079,1,0.36666666666666686,0.011890358430162272
"Van Buren County, Michigan",26159,0.0746055787729667,2,0.3333333333333333,-0.050581369617035805
"Washtenaw County, Michigan",26161,0.13748128549383942,4,0.2666666666666666,0.02115991750517918
"Wayne County, Michigan",26163,0.07963206549716555,2,0.4333333333333333,0.02747393398105804
"Wexford County, Michigan",26165,0.054327218588478374,1,0.5,0.006389290700624115
"Aitkin County, Minnesota",27001,0.113027271869397,3,0.7333333333333334,0.0034083363975588444
"Anoka County, Minnesota",27003,0.04895912797947586,1,0.5,-0.0009263061812413379
"Becker County, Minnesota",27005,0.09231953982019998,3,0.5333333333333333,0.017750879546130322
"Beltrami County, Minnesota",27007,0.0694750912905906,2,0.6,0.014003255000504757
"Benton County, Minnesota",27009,0.04782758822386209,1,0.5666666666666668,-0.0035975260064487237
"Big Stone County, Minnesota",27011,0.114909749335144,3,0.4000000000000001,0.020428293667730288
"Blue Earth County, Minnesota",27013,0.08910451604307874,3,0.4333333333333333,0.021544877745015636
"Brown County, Minnesota",27015,0.1480090183597858,4,0.4666666666666666,0.025595316566645387
"Carlton County, Minnesota",27017,0.037634984182483205,1,0.6,-0.002621386693383799
"Carver County, Minnesota",27019,0.1096533374689225,3,0.5,0.01820747733903305
"Cass County, Minnesota",27021,0.14551264019842633,4,0.7666666666666666,-0.08459305390704427
"Chippewa County, Minnesota",27023,0.07425270573779974,2,0.6666666666666669,0.00015933282074660752
"Chisago County, Minnesota",27025,0.04951002916168128,1,0.5666666666666668,0.01005223934356896
"Clay County, Minnesota",27027,0.05668601211131872,1,0.4333333333333333,0.007705794787795888
"Clearwater County, Minnesota",27029,0.06303541517109357,2,0.6,-0.011918349926116577
"Cook County, Minnesota",27031,0.21252796420581654,4,0.5333333333333335,0.044218747528968955
"Cottonwood County, Minnesota",27033,0.0752063508753483,2,0.7000000000000001,-0.01018318844829447
"Crow Wing County, Minnesota",27035,0.09588165891371953,3,0.6,0.02379095862476957
"Dakota County, Minnesota",27037,0.07910376181279555,2,0.5,0.0330777668785359
"Dodge County, Minnesota",27039,0.05348994125603988,1,0.4666666666666666,-0.01853731698171875
"Douglas County, Minnesota",27041,0.09708183957421943,3,0.4666666666666666,0.01308217562747367
"Faribault County, Minnesota",27043,0.07827376897809667,2,0.6,0.021939291384286883
"Fillmore County, Minnesota",27045,0.09701932854339193,3,0.4333333333333334,-0.0005971176111188125
"Freeborn County, Minnesota",27047,0.07294419787562959,2,0.4666666666666666,0.004166175641342432
"Goodhue County, Minnesota",27049,0.07452254682566445,2,0.4666666666666666,0.007938520453217916
"Grant County, Minnesota",27051,0.07551861789149925,2,0.7333333333333334,-0.01046875194638564
"Hennepin County, Minnesota",27053,0.1381216270739561,4,0.4666666666666666,0.016721818258853285
"Houston County, Minnesota",27055,0.09837383425338767,3,0.36666666666666653,0.022351764177623027
"Hubbard County, Minnesota",27057,0.08802624631644501,3,0.7000000000000002,-0.02722143008960482
"Isanti County, Minnesota",27059,0.04564826891076432,1,0.7333333333333333,0.018079180384971028
"Itasca County, Minnesota",27061,0.08818526484102876,3,0.6,-0.025729829309093333
"Jackson County, Minnesota",27063,0.06997083183122726,2,0.5666666666666665,0.013865867054296013
"Kanabec County, Minnesota",27065,0.043043054520437996,1,0.9333333333333332,-0.020479316672001095
"Kandiyohi County, Minnesota",27067,0.08415483554035903,3,0.5,0.026708756523123933
"Kittson County, Minnesota",27069,0.08588327599734444,3,0.4666666666666666,-0.23718476129660787
"Koochiching County, Minnesota",27071,0.058882837580732934,2,0.6333333333333333,0.010717065185304459
"Lac qui Parle County, Minnesota",27073,0.11041004585276083,3,0.3666666666666667,0.011059644199741727
"Lake County, Minnesota",27075,0.07760488477447311,2,-0.13333333333333316,-0.0582054903488693
"Lake of the Woods County, Minnesota",27077,0.10487471198156682,3,0.5333333333333333,-0.01862814617445242
"Le Sueur County, Minnesota",27079,0.06661495519318349,2,0.6666666666666666,0.0007588421138134915
"Lincoln County, Minnesota",27081,0.07448720612010802,2,0.5666666666666668,0.03804307184737162
"Lyon County, Minnesota",27083,0.07846687818816064,2,0.5,0.018361301734624805
"McLeod County, Minnesota",27085,0.059061445303179846,2,0.5666666666666665,0.006150366033488356
"Mahnomen County, Minnesota",27087,0.041435136700220546,1,0.4000000000000001,-0.018589253883371532
"Marshall County, Minnesota",27089,0.05773797841020609,2,0.7000000000000001,-0.16679810300730655
"Martin County, Minnesota",27091,0.07001710894776372,2,0.5333333333333333,-0.00039267786671204276
"Meeker County, Minnesota",27093,0.06429191251528131,2,0.6000000000000001,0.02529197204461933
"Mille Lacs County, Minnesota",27095,0.04686986443793055,1,0.8333333333333334,0.017045399144804886
"Morrison County, Minnesota",27097,0.07829378180447663,2,0.5666666666666668,0.02391434614590384
"Mower County, Minnesota",27099,0.05713233571022062,1,0.4333333333333334,0.02946793683490702
"Murray County, Minnesota",27101,0.11686506960499779,3,0.5333333333333333,0.057589128836044966
"Nicollet County, Minnesota",27103,0.06963419460620796,2,0.4333333333333334,-0.000647414086312248
"Nobles County, Minnesota",27105,0.0708557804727081,2,0.5,0.04921397234398701
"Norman County, Minnesota",27107,0.08652288458706288,3,0.23333333333333325,-0.18314768249344818
"Olmsted County, Minnesota",27109,0.08421959833173101,3,0.3666666666666667,0.026819376569218015
"Otter Tail County, Minnesota",27111,0.09621580314840288,3,0.5666666666666665,0.010681713247825464
"Pennington County, Minnesota",27113,0.03602742671476694,1,0.7666666666666667,-0.007527527745499584
"Pine County, Minnesota",27115,0.04505756622104549,1,0.9,0.010594501135203405
"Pipestone County, Minnesota",27117,0.11688219952184307,3,0.6,0.057423229970907465
"Polk County, Minnesota",27119,0.07521420716158894,2,0.5,-0.06312524882554343
"Pope County, Minnesota",27121,0.10565604781026933,3,0.5333333333333333,-0.01293589505906568
"Ramsey County, Minnesota",27123,0.11630919494812358,3,0.4666666666666666,0.01970636253700961
"Red Lake County, Minnesota",27125,0.05392821833398478,1,0.9,-0.007905737616149364
"Redwood County, Minnesota",27127,0.09135946563989686,3,0.5333333333333333,0.055757907091347064
"Renville County, Minnesota",27129,0.10129338275316865,3,0.6666666666666665,0.031852177212844855
"Rice County, Minnesota",27131,0.14497942805174915,4,0.4333333333333333,0.030202170883717606
"Rock County, Minnesota",27133,0.0866958498357206,3,0.36666666666666664,0.0916723161520499
"Roseau County, Minnesota",27135,0.09006606733837334,3,0.7333333333333334,0.006894962653743422
"St. Louis County, Minnesota",27137,0.07571827367797378,2,0.5333333333333332,0.013397288163751037
"Scott County, Minnesota",27139,0.0724193509375597,2,0.4666666666666666,0.04283665418097527
"Sherburne County, Minnesota",27141,0.0440631446368624,1,0.5333333333333332,0.013247219461294896
"Sibley County, Minnesota",27143,0.08027121609798775,2,0.5666666666666665,0.06162509841600278
"Stearns County, Minnesota",27145,0.090632409788879,3,0.5,0.029651826752040582
"Steele County, Minnesota",27147,0.05535130002167563,1,0.6,-0.007349265081096834
"Stevens County, Minnesota",27149,0.10817937549024516,3,0.4000000000000001,-0.00469748802980566
"Swift County, Minnesota",27151,0.07010116110007576,2,0.8333333333333331,0.047657045172101606
"Todd County, Minnesota",27153,0.07067139933820096,2,0.6666666666666666,0.03576356653890717
"Traverse County, Minnesota",27155,0.12079869740337647,3,0.4333333333333333,0.08106617310673495
"Wabasha County, Minnesota",27157,0.07854479707524575,2,0.4333333333333334,0.014302600329609576
"Wadena County, Minnesota",27159,0.053014223048298705,1,0.8333333333333334,0.027026931304631165
"Waseca County, Minnesota",27161,0.06528481821155604,2,0.5666666666666665,0.07498003352288488
"Washington County, Minnesota",27163,0.10009440125165701,3,0.4666666666666666,0.032130887383393564
"Watonwan County, Minnesota",27165,0.05675295137008556,1,0.5,-0.006900323917823284
"Wilkin County, Minnesota",27167,0.06453467481135465,2,0.5,-0.05449036846621321
"Winona County, Minnesota",27169,0.09299208787049439,3,0.4333333333333334,-0.004437304217667947
"Wright County, Minnesota",27171,0.06454252619118746,2,0.5333333333333332,0.011745358910137985
"Yellow Medicine County, Minnesota",27173,0.09056117164519203,3,0.5333333333333333,0.04339298579291663
"Adams County, Mississippi",28001,0.13189743536377874,4,0.13333333333333344,0.012198893778029388
"Alcorn County, Mississippi",28003,0.05655251265857244,1,0.0,-0.0063567354134063695
"Amite County, Mississippi",28005,0.04549363230652008,1,-0.13333333333333344,0.05196041499645298
"Attala County, Mississippi",28007,0.04085341584121239,1,0.0,-0.01346884828817821
"Benton County, Mississippi",28009,0.018284961758597985,1,-0.033333333333333215,0.06321217824804151
"Bolivar County, Mississippi",28011,0.06459973715787669,2,-0.03333333333333351,0.00496128553661524
"Calhoun County, Mississippi",28013,0.02967890769602189,1,-0.03333333333333336,-0.03237835839675952
"Carroll County, Mississippi",28015,0.043861195327739785,1,0.06666666666666672,-0.0092093028946145
"Chickasaw County, Mississippi",28017,0.0401657970038714,1,0.13333333333333344,-0.07815780755838479
"Choctaw County, Mississippi",28019,0.03353506414073943,1,0.06666666666666672,-0.011093903010175842
"Claiborne County, Mississippi",28021,0.013646821830965054,1,0.2666666666666669,-0.030184162857966896
"Clarke County, Mississippi",28023,0.030766744519817923,1,-0.03333333333333351,0.04119530796833518
"Clay County, Mississippi",28025,0.06861145315060083,2,0.16666666666666666,-0.011217679609792672
"Coahoma County, Mississippi",28027,0.06836512457219443,2,0.4333333333333333,-0.016354194869236408
"Copiah County, Mississippi",28029,0.030964148805362007,1,-0.06666666666666672,0.0032108713262331127
"Covington County, Mississippi",28031,0.05808034963859472,2,0.033333333333333215,0.05220093841613307
"DeSoto County, Mississippi",28033,0.041342171271456035,1,0.16666666666666666,0.026171809284562
"Forrest County, Mississippi",28035,0.20997792176700972,4,0.0,0.008639717837137824
"Franklin County, Mississippi",28037,0.020169297501031826,1,0.0,0.024544827071596463
"George County, Mississippi",28039,0.028394437692911608,1,-0.03333333333333351,0.02237489333686059
"Greene County, Mississippi",28041,0.016947035517828862,1,-0.4666666666666668,0.039434308604656874
"Grenada County, Mississippi",28043,0.07111234705228031,2,0.10000000000000009,-0.02570966198817315
"Hancock County, Mississippi",28045,0.10907417091821366,3,-0.06666666666666658,0.023880008651290165
"Harrison County, Mississippi",28047,0.09513480509011712,3,-0.03333333333333336,0.014806826363636942
"Hinds County, Mississippi",28049,0.12329524253154198,3,0.0,-0.0035372658402260653
"Holmes County, Mississippi",28051,0.04764618097951431,1,0.2333333333333331,-0.04005388675345492
"Humphreys County, Mississippi",28053,0.020205632543585157,1,0.19999999999999987,-0.06718589915749058
"Issaquena County, Mississippi",28055,0.009955285581709272,1,0.666666666666667,-0.192553033674529
"Itawamba County, Mississippi",28057,0.03508579265777869,1,0.03333333333333336,0.009073383998254777
"Jackson County, Mississippi",28059,0.07777287905042157,2,0.0,0.056345981293305904
"Jasper County, Mississippi",28061,0.03784690088324924,1,-0.13333333333333344,0.030813280287885898
"Jefferson County, Mississippi",28063,0.00921347144864921,1,-0.033333333333333215,0.03463097914917057
"Jefferson Davis County, Mississippi",28065,0.028681720903254194,1,-0.13333333333333344,0.07341654788301129
"Jones County, Mississippi",28067,0.092285871391791,3,-0.09999999999999994,0.03339134148971712
"Kemper County, Mississippi",28069,0.024846328589563708,1,-0.16666666666666666,-0.02180720062864152
"Lafayette County, Mississippi",28071,0.17148128807658833,4,-0.09999999999999994,0.030669966831904972
"Lamar County, Mississippi",28073,0.10484872895246,3,0.033333333333333215,0.0451354429830353
"Lauderdale County, Mississippi",28075,0.07323073556524849,2,0.0,0.02660066134986375
"Lawrence County, Mississippi",28077,0.026394238312388338,1,-0.13333333333333344,0.04806333679166049
"Leake County, Mississippi",28079,0.030224564028480033,1,-0.1333333333333333,0.04918982905352022
"Lee County, Mississippi",28081,0.07065542595424643,2,0.06666666666666672,-0.0029956041191193635
"Leflore County, Mississippi",28083,0.07292864375663742,2,0.4000000000000001,-0.06658368003509219
"Lincoln County, Mississippi",28085,0.05893440685047301,2,0.06666666666666672,0.014987456803212824
"Lowndes County, Mississippi",28087,0.06347956029871613,2,-0.03333333333333336,0.026352005475265474
"Madison County, Mississippi",28089,0.18242633876228595,4,0.03333333333333336,0.04382889348644092
"Marion County, Mississippi",28091,0.05183414768572004,1,-0.06666666666666672,0.019349761629473026
"Marshall County, Mississippi",28093,0.030847859090222637,1,0.16666666666666682,0.0200061381364812
"Monroe County, Mississippi",28095,0.03771311893823379,1,0.13333333333333344,0.0007885441871041942
"Montgomery County, Mississippi",28097,0.025168939424594344,1,-0.033333333333333215,0.01293869355759547
"Neshoba County, Mississippi",28099,0.03734297833972008,1,-0.09999999999999994,0.031233593570803565
"Newton County, Mississippi",28101,0.04172534853399386,1,-0.09999999999999994,0.03335513829149946
"Noxubee County, Mississippi",28103,0.050863153345732076,1,0.033333333333333215,-0.02514385016412435
"Oktibbeha County, Mississippi",28105,0.06876488377869008,2,0.0,0.04580198867356112
"Panola County, Mississippi",28107,0.04680999701722162,1,-0.03333333333333351,0.012941963970436966
"Pearl River County, Mississippi",28109,0.04225963838328586,1,-0.06666666666666658,0.036506252128933776
"Perry County, Mississippi",28111,0.013537284894837477,1,-0.09999999999999994,0.0005469761336080369
"Pike County, Mississippi",28113,0.04015060225021216,1,0.06666666666666672,0.018116032550007856
"Pontotoc County, Mississippi",28115,0.04126884643412764,1,0.0,-0.021175820461357426
"Prentiss County, Mississippi",28117,0.02967580846954057,1,0.0,0.0014980042134792983
"Quitman County, Mississippi",28119,0.03088199434858069,1,-0.13333333333333344,-0.06582010820051963
"Rankin County, Mississippi",28121,0.06352134191066085,2,-0.03333333333333336,0.028314407203994273
"Scott County, Mississippi",28123,0.03376146615831792,1,-0.13333333333333344,0.01725451704141859
"Sharkey County, Mississippi",28125,0.05689447213308755,1,0.4000000000000001,-0.12839861969587804
"Simpson County, Mississippi",28127,0.028665663406069727,1,0.0,0.0519592845667696
"Smith County, Mississippi",28129,0.020108195165900584,1,-0.09999999999999994,0.06296252114230207
"Stone County, Mississippi",28131,0.039969098154021304,1,0.03333333333333336,0.025274779506630665
"Sunflower County, Mississippi",28133,0.04973485782417817,1,0.0,-0.036217903792354185
"Tallahatchie County, Mississippi",28135,0.07475339668281802,2,-0.3,0.028883064225906287
"Tate County, Mississippi",28137,0.07164631585235408,2,0.0,0.0353821486973739
"Tippah County, Mississippi",28139,0.03915106813948149,1,0.03333333333333336,-0.019516665500857122
"Tishomingo County, Mississippi",28141,0.04529973749182711,1,0.0,0.026367173581517325
"Tunica County, Mississippi",28143,0.056558487337711204,1,0.16666666666666666,0.022259172260491903
"Union County, Mississippi",28145,0.047967418950314686,1,0.03333333333333336,0.007985875535433194
"Walthall County, Mississippi",28147,0.03918130438318289,1,0.09999999999999994,0.023362082329232373
"Warren County, Mississippi",28149,0.05987529535475824,2,0.09999999999999994,0.04841961945753472
"Washington County, Mississippi",28151,0.08096780636924975,2,0.06666666666666672,-0.030632434286895913
"Wayne County, Mississippi",28153,0.040720692854933495,1,-0.09999999999999994,0.05342071293813921
"Webster County, Mississippi",28155,0.02962838872168724,1,0.0,0.01373502634972203
"Wilkinson County, Mississippi",28157,0.10565336518861931,3,-0.16666666666666666,0.0012530833311387916
"Winston County, Mississippi",28159,0.044173983557966555,1,-0.033333333333333215,0.008813417595317348
"Yalobusha County, Mississippi",28161,0.037463786110421324,1,0.0,-0.030806725695376087
"Yazoo County, Mississippi",28163,0.04350672445321524,1,0.09999999999999994,0.041571640433195
"Adair County, Missouri",29001,0.11543311880327013,3,0.6333333333333334,0.0252284033955355
"Andrew County, Missouri",29003,0.05905181386889305,2,0.4333333333333334,-0.019787803804760043
"Atchison County, Missouri",29005,0.0804214260076431,2,0.3000000000000001,-0.05144084868621321
"Audrain County, Missouri",29007,0.1027548337440014,3,0.3333333333333333,0.007617833755972638
"Barry County, Missouri",29009,0.13242581921313784,4,0.5666666666666668,0.033508211460654816
"Barton County, Missouri",29011,0.0847659782204692,3,0.5666666666666665,0.02433376516210681
"Bates County, Missouri",29013,0.05865585420330115,2,0.3666666666666667,0.014299683344599835
"Benton County, Missouri",29015,0.08636497112466965,3,0.5000000000000001,0.042350888997940636
"Bollinger County, Missouri",29017,0.0517793034631612,1,0.3999999999999999,-0.026953715537358952
"Boone County, Missouri",29019,0.15640555456217684,4,0.4333333333333333,0.0296565260974302
"Buchanan County, Missouri",29021,0.06285584270841295,2,0.4666666666666668,0.011808555279827972
"Butler County, Missouri",29023,0.1087744830147434,3,0.6666666666666666,0.0061945444207515046
"Caldwell County, Missouri",29025,0.05875306128470686,2,0.4000000000000001,-0.024978450431229492
"Callaway County, Missouri",29027,0.06786836528933174,2,0.3,0.07994248695766598
"Camden County, Missouri",29029,0.19949121629220976,4,0.4666666666666665,0.027378144137360977
"Cape Girardeau County, Missouri",29031,0.1467590339774649,4,0.4333333333333334,0.004748685032292069
"Carroll County, Missouri",29033,0.12775401176919524,4,0.36666666666666653,-0.02227934600753948
"Carter County, Missouri",29035,0.10116554878394789,3,0.3000000000000001,-0.003437819255031054
"Cass County, Missouri",29037,0.08166480414519389,2,0.3666666666666667,0.030839310779948552
"Cedar County, Missouri",29039,0.09327669685993513,3,0.5333333333333332,0.05121857213454761
"Chariton County, Missouri",29041,0.08651590853245371,3,0.5333333333333333,-0.005850426446747022
"Christian County, Missouri",29043,0.09451433029263406,3,0.4000000000000001,0.05081255242309716
"Clark County, Missouri",29045,0.06759420081174236,2,0.5333333333333332,-0.02054491603790021
"Clay County, Missouri",29047,0.07139972110217542,2,0.3999999999999999,0.02369167624722675
"Clinton County, Missouri",29049,0.06460972651821302,2,0.3333333333333332,0.019975383176670403
"Cole County, Missouri",29051,0.09452987631482691,3,0.3666666666666667,0.028334472582498698
"Cooper County, Missouri",29053,0.07093369806069366,2,0.4333333333333334,0.022774210192370713
"Crawford County, Missouri",29055,0.09389533762677876,3,0.4666666666666665,0.02255584665357181
"Dade County, Missouri",29057,0.10099237511955006,3,0.4333333333333333,0.031121364491622838
"Dallas County, Missouri",29059,0.0900127938589477,3,0.6,0.04740995913609486
"Daviess County, Missouri",29061,0.09563877424916277,3,0.2666666666666666,0.05190073141053926
"DeKalb County, Missouri",29063,0.05776184803879861,2,0.4666666666666666,-0.003013675985325814
"Dent County, Missouri",29065,0.07736744377965751,2,0.3666666666666667,0.014002451589301461
"Douglas County, Missouri",29067,0.09395243301708225,3,0.6333333333333334,-0.009575157213833894
"Dunklin County, Missouri",29069,0.050321309704426845,1,0.5333333333333333,0.04865038531123395
"Franklin County, Missouri",29071,0.0799153429499254,2,0.4000000000000001,0.008354890343571255
"Gasconade County, Missouri",29073,0.09807401854322158,3,0.4333333333333334,-0.01774938781243175
"Gentry County, Missouri",29075,0.10037720033528919,3,0.4000000000000001,-5.851032707272834e-05
"Greene County, Missouri",29077,0.17650043953179465,4,0.5,0.010610720338869596
"Grundy County, Missouri",29079,0.08615072649604509,3,0.5333333333333332,0.004359242721016122
"Harrison County, Missouri",29081,0.10156359189378057,3,0.4666666666666666,-0.024399955821402208
"Henry County, Missouri",29083,0.07898879096476019,2,0.3999999999999999,0.024618200261814875
"Hickory County, Missouri",29085,0.10511972799576275,3,0.9,0.03548918332210495
"Holt County, Missouri",29087,0.07158918579720755,2,0.5,-0.024058892481664144
"Howard County, Missouri",29089,0.0833869521939738,3,0.4666666666666666,-0.016688096861429767
"Howell County, Missouri",29091,0.10025005274166722,3,0.5333333333333332,0.02679844826486426
"Iron County, Missouri",29093,0.05017215937038859,1,0.5333333333333333,-0.1397131784621964
"Jackson County, Missouri",29095,0.08665312350596567,3,0.4333333333333334,0.01918423043496549
"Jasper County, Missouri",29097,0.08037493750173606,2,0.4666666666666666,0.013264432623928003
"Jefferson County, Missouri",29099,0.04238680017118758,1,0.4000000000000001,-0.01656450726056343
"Johnson County, Missouri",29101,0.05175451794023092,1,0.4666666666666666,0.022809307207492486
"Knox County, Missouri",29103,0.11413454270597127,3,0.5666666666666668,-0.0014711422388310057
"Laclede County, Missouri",29105,0.08153794492948288,2,0.7999999999999999,0.025718553189025797
"Lafayette County, Missouri",29107,0.0633462456031495,2,0.3666666666666667,-0.005170163734664891
"Lawrence County, Missouri",29109,0.0778787745232881,2,0.5333333333333333,0.054189867267618236
"Lewis County, Missouri",29111,0.05926943368467029,2,0.6333333333333332,-0.020807353009098885
"Lincoln County, Missouri",29113,0.0436690746579326,1,0.4333333333333333,0.03014590393023992
"Linn County, Missouri",29115,0.09553931726469626,3,0.4666666666666666,0.004119363599201868
"Livingston County, Missouri",29117,0.09093752958464192,3,0.4666666666666666,-0.00812698253638204
"McDonald County, Missouri",29119,0.05914242063461184,2,0.6666666666666669,0.022971384501162137
"Macon County, Missouri",29121,0.12162798117571987,3,0.5,0.002059762412007639
"Madison County, Missouri",29123,0.04844802185870346,1,0.5666666666666665,0.019856361254163075
"Maries County, Missouri",29125,0.07240902747960498,2,0.3999999999999999,0.042617920114132755
"Marion County, Missouri",29127,0.08611184131066478,3,0.5333333333333333,0.008083956640961933
"Mercer County, Missouri",29129,0.08606095313087206,3,0.4333333333333333,-0.032021438973172604
"Miller County, Missouri",29131,0.09899954921892147,3,0.36666666666666653,0.0471789427030915
"Mississippi County, Missouri",29133,0.06928599353164872,2,0.5666666666666664,-0.05751304875143483
"Moniteau County, Missouri",29135,0.07351964901646678,2,0.3,0.04852614512131536
"Monroe County, Missouri",29137,0.08872328458942633,3,0.5,0.03939085410171853
"Montgomery County, Missouri",29139,0.10234930581093796,3,0.3,-0.011546603435040987
"Morgan County, Missouri",29141,0.14134111424686177,4,0.6666666666666665,0.06771991054924316
"New Madrid County, Missouri",29143,0.05248532132228746,1,0.6,0.018359805588951585
"Newton County, Missouri",29145,0.10102051361108334,3,0.4333333333333333,0.030468805355508128
"Nodaway County, Missouri",29147,0.07072802660688908,2,0.4000000000000001,0.012433514391284905
"Oregon County, Missouri",29149,0.12920503290808816,4,0.4333333333333333,0.04003615069761883
"Osage County, Missouri",29151,0.07357656201176518,2,0.3666666666666667,0.03499189571886172
"Ozark County, Missouri",29153,0.14786128553382571,4,0.7333333333333334,0.009076756464058481
"Pemiscot County, Missouri",29155,0.02874308991781577,1,0.6,-0.029542680738028574
"Perry County, Missouri",29157,0.06434831194849518,2,0.3333333333333333,0.0028853652375436124
"Pettis County, Missouri",29159,0.08700662518101679,3,0.4333333333333333,0.07432858361413391
"Phelps County, Missouri",29161,0.06860480579659997,2,0.4666666666666666,0.01995424496606613
"Pike County, Missouri",29163,0.0719559886915388,2,0.5000000000000001,0.0022176708655163337
"Platte County, Missouri",29165,0.12350063097049929,3,0.3333333333333333,0.0012987018285868632
"Polk County, Missouri",29167,0.0960855282715976,3,0.5333333333333333,0.03442697971582789
"Pulaski County, Missouri",29169,0.031588504400007045,1,0.5333333333333332,0.0026951944215443803
"Putnam County, Missouri",29171,0.16179139144951732,4,0.5,0.04084765935869175
"Ralls County, Missouri",29173,0.06874868617074753,2,0.3999999999999999,-0.02288637209217616
"Randolph County, Missouri",29175,0.5789720168157337,4,0.4666666666666666,-0.02662588986149201
"Ray County, Missouri",29177,0.06534233850679258,2,0.2666666666666668,0.005159447385472103
"Reynolds County, Missouri",29179,0.06843929850002266,2,0.5,-0.15079488535606508
"Ripley County, Missouri",29181,0.08164806323340458,2,0.6000000000000001,0.009997801660210979
"St. Charles County, Missouri",29183,0.07155661679401241,2,0.3999999999999999,0.03421291622459679
"St. Clair County, Missouri",29185,0.08738584608654214,3,0.4666666666666666,0.059810699463967845
"Ste. Genevieve County, Missouri",29186,0.062039907129793605,2,0.3666666666666667,-0.0322240694811625
"St. Francois County, Missouri",29187,0.07461567203055224,2,0.4666666666666668,0.019454630754163288
"St. Louis County, Missouri",29189,0.23146563620644722,4,0.49999999999999983,0.02244397088799026
"Saline County, Missouri",29195,0.052322837300249475,1,0.4000000000000001,0.012763228893673971
"Schuyler County, Missouri",29197,0.1466212359069502,4,0.3999999999999999,0.053306855951777365
"Scotland County, Missouri",29199,0.17558041331288027,4,0.4333333333333334,0.04431222938807642
"Scott County, Missouri",29201,0.12384296477883125,3,0.4666666666666666,0.015413902542752909
"Shannon County, Missouri",29203,0.07976102219702585,2,0.6,0.023868651496760932
"Shelby County, Missouri",29205,0.1179068443676762,3,0.4000000000000001,-0.04468505470091776
"Stoddard County, Missouri",29207,0.05358649875669138,1,0.5,-0.007781277518119623
"Stone County, Missouri",29209,0.1843652765208738,4,0.6000000000000001,0.039605953538260324
"Sullivan County, Missouri",29211,0.09342154459723319,3,0.3666666666666667,0.025260671179570815
"Taney County, Missouri",29213,0.14112630026702802,4,0.6333333333333334,0.033527688833231505
"Texas County, Missouri",29215,0.09192843827383768,3,0.5333333333333335,0.03153300657428923
"Vernon County, Missouri",29217,0.06569844687772025,2,0.4333333333333333,0.03696072971296831
"Warren County, Missouri",29219,0.05922619245030213,2,0.3666666666666667,0.014077566890023055
"Washington County, Missouri",29221,0.03275386064085035,1,0.5000000000000001,0.01823603001558693
"Wayne County, Missouri",29223,0.05708245243128964,1,0.4666666666666665,-0.025416871466163782
"Webster County, Missouri",29225,0.0632062841661633,2,0.5,0.027858159401182265
"Worth County, Missouri",29227,0.07727670753064798,2,0.4333333333333333,0.05665832246236294
"Wright County, Missouri",29229,0.15905443333201566,4,0.7333333333333334,0.018851160209124113
"St. Louis City, Missouri",29510,0.07313383920376734,2,0.5333333333333332,0.023403516578410666
"Beaverhead County, Montana",30001,0.20582007413899156,4,0.06666666666666658,0.08340004338553035
"Big Horn County, Montana",30003,0.09580429310497489,3,0.4666666666666665,0.0748911877654863
"Blaine County, Montana",30005,0.11888211963854929,3,0.1333333333333333,0.021628339167018208
"Broadwater County, Montana",30007,0.2857241172201507,4,0.03333333333333336,0.060568241481111694
"Carbon County, Montana",30009,0.2777840483081661,4,0.16666666666666666,0.03412644535650861
"Carter County, Montana",30011,0.4883252818035427,4,-0.06666666666666672,0.1854349079378806
"Cascade County, Montana",30013,0.10536924818648832,3,0.23333333333333325,0.04586834495456604
"Chouteau County, Montana",30015,0.18740226676488453,4,0.16666666666666666,0.046878689091946285
"Custer County, Montana",30017,0.14418655381527856,4,0.1333333333333333,0.027909306657625775
"Daniels County, Montana",30019,0.23567958061628946,4,0.1333333333333333,-0.0545251236176368
"Dawson County, Montana",30021,0.07539997888267101,2,0.13333333333333344,-0.01776046142589405
"Deer Lodge County, Montana",30023,0.10040919651836183,3,0.3,0.05051681352132314
"Fallon County, Montana",30025,0.10758394137528034,3,0.16666666666666674,0.030965041646760692
"Fergus County, Montana",30027,0.21472689895896546,4,0.16666666666666666,0.022403504717080244
"Flathead County, Montana",30029,0.3056950103042898,4,0.20000000000000004,0.03701988954826762
"Gallatin County, Montana",30031,0.3739929320692758,4,0.16666666666666666,0.05851820778185107
"Garfield County, Montana",30033,0.7983043284248104,4,0.0,-0.019208663561013976
"Glacier County, Montana",30035,0.06981251802711277,2,0.06666666666666672,0.09286845162855428
"Golden Valley County, Montana",30037,0.332256046705588,4,-0.10000000000000009,0.07365693739424703
"Granite County, Montana",30039,0.36026081329948734,4,0.16666666666666666,0.0418467562760899
"Hill County, Montana",30041,0.09155810069195897,3,0.20000000000000004,0.03588770061905631
"Jefferson County, Montana",30043,0.1552923861211918,4,0.1333333333333333,0.042440965950899724
"Judith Basin County, Montana",30045,0.48001342507132067,4,0.2666666666666666,0.10043086351346033
"Lake County, Montana",30047,0.2881623421133493,4,0.3,0.02993067216043945
"Lewis and Clark County, Montana",30049,0.1273658099726455,4,0.20000000000000004,0.04900317128974984
"Liberty County, Montana",30051,0.17431115236929828,4,0.0,0.04774293270284745
"Lincoln County, Montana",30053,0.14982011227953348,4,0.36666666666666653,0.04474384711738694
"McCone County, Montana",30055,0.23215465387156217,4,0.2666666666666666,0.036543547971818455
"Madison County, Montana",30057,0.4346751889250651,4,0.9666666666666668,-0.0395913882605565
"Meagher County, Montana",30059,0.32972298805303923,4,0.1333333333333333,0.018389580995674733
"Mineral County, Montana",30061,0.07542010960959145,2,0.06666666666666672,0.01389025523309832
"Missoula County, Montana",30063,0.22200011510475187,4,0.2333333333333334,0.033734759004385814
"Musselshell County, Montana",30065,0.2633760900359988,4,0.4333333333333333,0.07219453545894251
"Park County, Montana",30067,0.32766565100308426,4,0.06666666666666672,-0.0005799040927846549
"Petroleum County, Montana",30069,0.27502238137869295,4,0.3,0.1788289485339711
"Phillips County, Montana",30071,0.2396917467683129,4,0.16666666666666666,-0.004610794684024953
"Pondera County, Montana",30073,0.201036577012649,4,0.2666666666666666,0.0702207279395972
"Powder River County, Montana",30075,0.4614248800295312,4,-0.06666666666666672,0.06516022641173062
"Powell County, Montana",30077,0.3005564249695705,4,0.3,0.07538193287255057
"Prairie County, Montana",30079,0.3468201233981965,4,-0.3,0.12387587999709691
"Ravalli County, Montana",30081,0.2565393605249983,4,0.23333333333333325,0.03649845476233506
"Richland County, Montana",30083,0.10799917490398436,3,-0.03333333333333336,0.07329775877629378
"Roosevelt County, Montana",30085,0.07079207920792079,2,0.16666666666666666,0.008862590282127172
"Rosebud County, Montana",30087,0.07077959871343238,2,0.03333333333333336,0.05076720156832212
"Sanders County, Montana",30089,0.23989606915567152,4,0.3333333333333333,0.020768523924841825
"Sheridan County, Montana",30091,0.14475495275359182,4,0.3,-0.013982841965770152
"Silver Bow County, Montana",30093,0.09363320797248062,3,0.2333333333333334,0.017948972964235643
"Stillwater County, Montana",30095,0.17653350446547944,4,0.4000000000000001,-0.16868823179202222
"Sweet Grass County, Montana",30097,0.32530151968534804,4,0.4333333333333333,-0.11114618021248826
"Teton County, Montana",30099,0.2468867782300618,4,0.06666666666666658,0.028634389075449677
"Toole County, Montana",30101,0.08396441805047845,3,0.2666666666666666,0.08686286783389999
"Treasure County, Montana",30103,0.1608560579910252,4,0.09999999999999994,0.14316177790018822
"Valley County, Montana",30105,0.19122529644268774,4,0.1333333333333333,-0.1307073253390157
"Wheatland County, Montana",30107,0.30895677972897123,4,0.5,0.014727015957028257
"Wibaux County, Montana",30109,0.12867487776196077,4,0.2333333333333334,-0.007469014281817043
"Yellowstone County, Montana",30111,0.13350167871557395,4,0.2666666666666668,0.04178405472279964
"Adams County, Nebraska",31001,0.10825971173805686,3,0.2666666666666666,0.005942393598178719
"Antelope County, Nebraska",31003,0.17021618105480135,4,0.20000000000000004,-0.0011879853997981118
"Arthur County, Nebraska",31005,0.5907052588666939,4,0.23333333333333325,0.11597633136094675
"Banner County, Nebraska",31007,0.1843062675706962,4,0.0,-0.016968537893276334
"Blaine County, Nebraska",31009,0.42719734660033165,4,0.033333333333333215,0.14455911367430566
"Boone County, Nebraska",31011,0.20255314768106245,4,0.16666666666666674,-0.03914116953945328
"Box Butte County, Nebraska",31013,0.06977391175325037,2,0.2333333333333334,-0.016597553979604957
"Boyd County, Nebraska",31015,0.254396530956396,4,0.3000000000000001,-0.030881884750079594
"Brown County, Nebraska",31017,0.15372248104503516,4,0.06666666666666672,0.012051786886223973
"Buffalo County, Nebraska",31019,0.09416195240429427,3,0.20000000000000004,0.005009545700318412
"Burt County, Nebraska",31021,0.0552454517444235,1,0.3,-0.016330664400998618
"Butler County, Nebraska",31023,0.08950138189527884,3,0.19999999999999996,0.039209937988277974
"Cass County, Nebraska",31025,0.08470018379488946,3,0.3,-0.006532304686721288
"Cedar County, Nebraska",31027,0.15621841736653289,4,0.2333333333333333,-0.060369869410495464
"Chase County, Nebraska",31029,0.1763182139852857,4,0.2666666666666666,-0.026557765062884642
"Cherry County, Nebraska",31031,0.3901694183662458,4,0.1333333333333334,0.08145014098742269
"Cheyenne County, Nebraska",31033,0.12099208786823965,3,0.19999999999999987,-0.0018029243063917128
"Clay County, Nebraska",31035,0.11710716343232344,3,0.2666666666666666,-0.04009088864680473
"Colfax County, Nebraska",31037,0.05167763102264464,1,0.2666666666666666,-0.02197080497330809
"Cuming County, Nebraska",31039,0.07086949783013019,2,0.16666666666666674,0.0198957320208143
"Custer County, Nebraska",31041,0.16364175762128744,4,0.19999999999999996,-0.014362055487558496
"Dakota County, Nebraska",31043,0.03820936952986628,1,0.23333333333333325,0.030592379878403242
"Dawes County, Nebraska",31045,0.13221087496549822,4,0.23333333333333325,0.014322726851054244
"Dawson County, Nebraska",31047,0.060061072741398484,2,0.20000000000000004,0.008340584968444547
"Deuel County, Nebraska",31049,0.12556375563755637,4,0.20000000000000004,-0.08496863625803454
"Dixon County, Nebraska",31051,0.04373519447769938,1,0.2666666666666668,0.005345520539127704
"Dodge County, Nebraska",31053,0.07770487585230927,2,0.2666666666666666,0.006520792597748149
"Douglas County, Nebraska",31055,0.14815601381405574,4,0.2666666666666666,0.04932040436972288
"Dundy County, Nebraska",31057,0.12241399462344645,3,0.10000000000000002,0.020531941337310466
"Fillmore County, Nebraska",31059,0.1063186188185135,3,0.1333333333333334,-0.01738023431249469
"Franklin County, Nebraska",31061,0.13403120281831907,4,0.20000000000000004,-0.08074669623879493
"Frontier County, Nebraska",31063,0.14590763603109283,4,0.2333333333333334,-0.16758930436599123
"Furnas County, Nebraska",31065,0.07735840340016631,2,0.2666666666666668,-0.0885967018892091
"Gage County, Nebraska",31067,0.10187078003596511,3,0.3000000000000001,0.03333864421423327
"Garden County, Nebraska",31069,0.1819885900570497,4,0.23333333333333325,0.02688403568132882
"Garfield County, Nebraska",31071,0.21963860484661718,4,0.2333333333333334,0.020962256129245595
"Gosper County, Nebraska",31073,0.1442290946184659,4,0.3,-0.0356825574230896
"Grant County, Nebraska",31075,0.23134328358208955,4,0.3666666666666667,0.11006405844671502
"Greeley County, Nebraska",31077,0.12620345970203772,4,0.2666666666666668,0.049535179612912816
"Hall County, Nebraska",31079,0.090451239594612,3,0.4666666666666668,0.014004033819620473
"Hamilton County, Nebraska",31081,0.10103658339527519,3,0.1333333333333333,-0.015121127605850741
"Harlan County, Nebraska",31083,0.11391003460207612,3,0.1666666666666666,0.029054878857840406
"Hayes County, Nebraska",31085,0.29220023282887075,4,0.43333333333333335,-0.10172855963023603
"Hitchcock County, Nebraska",31087,0.09747050518103717,3,0.23333333333333325,-0.06667770006428154
"Holt County, Nebraska",31089,0.19388314302225942,4,0.1666666666666666,-0.0075534034264815
"Hooker County, Nebraska",31091,0.1828886145665179,4,0.3999999999999999,0.022936829340837853
"Howard County, Nebraska",31093,0.10298207246611588,3,0.16666666666666666,-0.028700414721690132
"Jefferson County, Nebraska",31095,0.11903347771291159,3,0.2666666666666668,-0.04303250266773456
"Johnson County, Nebraska",31097,0.06474745495002134,2,0.3333333333333333,0.0019313197120829377
"Kearney County, Nebraska",31099,0.13488435338910618,4,0.20000000000000004,0.06379168886599239
"Keith County, Nebraska",31101,0.17580922371813235,4,0.20000000000000004,-0.014365291740400283
"Keya Paha County, Nebraska",31103,0.30063416567578277,4,0.03333333333333336,0.0824123345613317
"Kimball County, Nebraska",31105,0.1429318003658218,4,0.2333333333333333,0.027745339734440554
"Knox County, Nebraska",31107,0.12449900501695675,3,0.20000000000000004,0.010499550358622328
"Lancaster County, Nebraska",31109,0.158336120225893,4,0.2666666666666666,0.03529899643142062
"Lincoln County, Nebraska",31111,0.07911264010826267,2,0.20000000000000004,0.03632790306851913
"Logan County, Nebraska",31113,0.1924094592359848,4,0.06666666666666658,0.03564172394414905
"Loup County, Nebraska",31115,0.3063206726587417,4,0.3,0.1335612239746724
"McPherson County, Nebraska",31117,0.5932964754664823,4,0.23333333333333325,0.09624566388899557
"Madison County, Nebraska",31119,0.08529731019941919,3,0.2666666666666666,0.00048496866708828474
"Merrick County, Nebraska",31121,0.13235723852429077,4,0.19999999999999996,0.012731692716508128
"Morrill County, Nebraska",31123,0.20958580321011794,4,0.20000000000000004,0.03858547670812448
"Nance County, Nebraska",31125,0.10803724231053052,3,0.09999999999999994,-0.0046329182355936355
"Nemaha County, Nebraska",31127,0.11008835809301874,3,0.3333333333333333,0.05087062907160595
"Nuckolls County, Nebraska",31129,0.0984305519225739,3,0.09999999999999994,0.008739583404465507
"Otoe County, Nebraska",31131,0.07512819353834255,2,0.19999999999999987,0.021245559946902234
"Pawnee County, Nebraska",31133,0.1086114696662364,3,0.20000000000000004,-0.0830486078338839
"Perkins County, Nebraska",31135,0.16025715278582184,4,0.16666666666666666,-0.04326252502276347
"Phelps County, Nebraska",31137,0.12760603363244882,4,0.1333333333333333,-0.018460186129109303
"Pierce County, Nebraska",31139,0.10598895132530692,3,0.16666666666666666,0.09645402343501691
"Platte County, Nebraska",31141,0.08707030713599122,3,0.2333333333333334,-0.00044119274964879185
"Polk County, Nebraska",31143,0.08842758207482333,3,0.16666666666666666,0.03812045276117991
"Red Willow County, Nebraska",31145,0.12866108786610878,4,0.16666666666666666,-0.0019115046384316852
"Richardson County, Nebraska",31147,0.10937863785145925,3,0.23333333333333325,-0.04303804047339336
"Rock County, Nebraska",31149,0.39615646838247826,4,0.033333333333333215,0.05094434905565094
"Saline County, Nebraska",31151,0.04988626813463517,1,0.2666666666666666,-0.008518864177530469
"Sarpy County, Nebraska",31153,0.07214244279878253,2,0.23333333333333325,0.01692845469041188
"Saunders County, Nebraska",31155,0.09629511245423374,3,0.2333333333333333,-0.0017499016345653476
"Scotts Bluff County, Nebraska",31157,0.1066730937579646,3,0.2666666666666666,0.017707668195806957
"Seward County, Nebraska",31159,0.10138736367767343,3,0.2333333333333334,0.023869639796885476
"Sheridan County, Nebraska",31161,0.24440944471923567,4,0.16666666666666666,-0.0006858529119844959
"Sherman County, Nebraska",31163,0.10333333333333333,3,0.20000000000000004,-0.03322679852861364
"Sioux County, Nebraska",31165,0.28171677065607864,4,0.39999999999999997,0.10192607264811777
"Stanton County, Nebraska",31167,0.10663707224476679,3,0.2333333333333334,0.07359208035433804
"Thayer County, Nebraska",31169,0.08153612034622804,2,0.16666666666666666,-0.014348034589978806
"Thomas County, Nebraska",31171,0.2951818018986208,4,0.36666666666666653,0.06493875652488501
"Thurston County, Nebraska",31173,0.0727791203479942,2,0.03333333333333336,0.025364433556999327
"Valley County, Nebraska",31175,0.0860705596107056,3,0.2333333333333334,-0.007147711615089561
"Washington County, Nebraska",31177,0.09904339516972678,3,0.2333333333333334,0.01150981370960933
"Wayne County, Nebraska",31179,0.10596461187214612,3,0.3333333333333333,0.05652418132674437
"Webster County, Nebraska",31181,0.1478529603122967,4,0.2333333333333334,0.04130753823134325
"Wheeler County, Nebraska",31183,0.1672033299301029,4,0.16666666666666666,-0.014616125183680427
"York County, Nebraska",31185,0.10014970153647644,3,0.16666666666666666,-0.00013808310522721667
"Churchill County, Nevada",32001,0.07558023636622525,2,0.033333333333333215,0.008486121618938771
"Clark County, Nevada",32003,0.2588699823556825,4,0.0,0.0478935234704815
"Douglas County, Nevada",32005,0.6155600984405153,4,-0.09999999999999994,0.025502779033647564
"Elko County, Nevada",32007,0.051107520410299354,1,0.06666666666666658,0.019951825947717515
"Esmeralda County, Nevada",32009,0.019917266738164546,1,0.5333333333333332,-0.11472448057813912
"Eureka County, Nevada",32011,0.03326262580674279,1,0.2333333333333334,-0.19881478570419597
"Humboldt County, Nevada",32013,0.07431627055468848,2,0.033333333333333215,-0.0184304577051734
"Lander County, Nevada",32015,0.04517634162280671,1,-0.13333333333333344,-0.12731039895813376
"Lincoln County, Nevada",32017,0.040214256283477544,1,-0.033333333333333215,0.04138001221249746
"Lyon County, Nevada",32019,0.06052236952007136,2,0.033333333333333215,0.010011868189277745
"Mineral County, Nevada",32021,0.01768760064412238,1,1.3666666666666665,-0.10726484303068104
"Nye County, Nevada",32023,0.10344996977025393,3,0.09999999999999994,0.03372905383540064
"Pershing County, Nevada",32027,0.06248182793434997,2,-0.16666666666666666,0.028753290356234792
"Storey County, Nevada",32029,0.08565655761363976,3,0.033333333333333215,-0.06525948083883072
"Washoe County, Nevada",32031,0.3498808188874094,4,0.09999999999999994,0.02850149567295918
"White Pine County, Nevada",32033,0.04982702264213967,1,-0.06666666666666672,0.07613276197398994
"Carson City, Nevada",32510,0.18320351652688407,4,0.0,0.04274388340794892
"Belknap County, New Hampshire",33001,0.20772639631871656,4,0.20000000000000004,0.028418091524221145
"Carroll County, New Hampshire",33003,0.4012478635488337,4,0.16666666666666666,0.03759897735415667
"Cheshire County, New Hampshire",33005,0.16121443984189784,4,0.16666666666666666,-0.0050395803274938394
"Coos County, New Hampshire",33007,0.13184074618055608,4,0.03333333333333336,0.026798613786233418
"Grafton County, New Hampshire",33009,0.23535918181815035,4,0.13333333333333344,0.02668486342327454
"Hillsborough County, New Hampshire",33011,0.12885384232027897,4,0.3333333333333333,0.011997632264234157
"Merrimack County, New Hampshire",33013,0.12067399466286276,3,0.19999999999999987,0.025945644302536732
"Rockingham County, New Hampshire",33015,0.23696253091050706,4,0.2666666666666666,0.01449118454042817
"Strafford County, New Hampshire",33017,0.09374281549544343,3,0.19999999999999987,0.013681092349668932
"Sullivan County, New Hampshire",33019,0.14800147407444075,4,0.10000000000000009,0.0023461756428823995
"Atlantic County, New Jersey",34001,0.06912444376292207,2,0.5666666666666668,0.02150738672195966
"Bergen County, New Jersey",34003,0.15983464427407595,4,0.3,0.011747061070181844
"Burlington County, New Jersey",34005,0.07743941115802791,2,0.3999999999999999,0.021967574174580853
"Camden County, New Jersey",34007,0.06401214834565466,2,0.4666666666666668,0.01906966643677836
"Cape May County, New Jersey",34009,0.15780695442945314,4,0.6666666666666664,0.018851194426428648
"Cumberland County, New Jersey",34011,0.050465720831567834,1,0.7999999999999998,-5.8443236378107933e-05
"Essex County, New Jersey",34013,0.11750364957669589,3,0.6,0.0340785729540477
"Gloucester County, New Jersey",34015,0.05786261061077127,2,0.3999999999999999,0.008939965608933526
"Hudson County, New Jersey",34017,0.04541738759713908,1,0.3666666666666667,0.02372580409526528
"Hunterdon County, New Jersey",34019,0.15002978032448516,4,0.3666666666666667,0.010555983796788184
"Mercer County, New Jersey",34021,0.13130609938800356,4,0.5333333333333332,0.039775684746073924
"Middlesex County, New Jersey",34023,0.07355608816557214,2,0.5,0.016384619709478337
"Monmouth County, New Jersey",34025,0.1453362596609858,4,0.3666666666666667,0.023073299421253145
"Morris County, New Jersey",34027,0.15047803470419205,4,0.4000000000000001,0.015071757413967286
"Ocean County, New Jersey",34029,0.11984723410117669,3,0.4000000000000001,0.01937577388751719
"Passaic County, New Jersey",34031,0.05567731467045715,1,0.5,0.014714455432893491
"Salem County, New Jersey",34033,0.047420757362397765,1,0.6,0.013323019906478965
"Somerset County, New Jersey",34035,0.14601323041223868,4,0.4666666666666666,0.02936798607487688
"Sussex County, New Jersey",34037,0.06496043977440046,2,0.4000000000000001,0.010908294498975775
"Union County, New Jersey",34039,0.11924234279198571,3,0.5,0.031867389038201986
"Warren County, New Jersey",34041,0.05889203893314876,2,0.4666666666666666,0.05786643756472739
"Bernalillo County, New Mexico",35001,0.10451211251102896,3,0.09999999999999994,0.028887772665394544
"Catron County, New Mexico",35003,0.2048462198260017,4,0.0,0.06053777178413419
"Chaves County, New Mexico",35005,0.09650925614141015,3,0.0,0.02857172172649983
"Cibola County, New Mexico",35006,0.022892604832989272,1,0.06666666666666672,0.03186052158420738
"Colfax County, New Mexico",35007,0.15532496966644538,4,0.09999999999999994,0.018994615286032728
"Curry County, New Mexico",35009,0.08629547036683068,3,0.0,0.02348371318741627
"De Baca County, New Mexico",35011,0.13183520599250936,4,0.10000000000000024,0.033141238792841615
"Doña Ana County, New Mexico",35013,0.06836844993776657,2,0.10000000000000024,0.03286275843036439
"Eddy County, New Mexico",35015,0.12424117718257742,3,-0.16666666666666666,0.10894656639298153
"Grant County, New Mexico",35017,0.11216194299152576,3,-0.20000000000000018,-0.04055910142679208
"Guadalupe County, New Mexico",35019,0.022943165351795202,1,-0.5333333333333332,0.08349531937476475
"Harding County, New Mexico",35021,0.08889399333869301,3,0.16666666666666666,-0.05584141255483941
"Hidalgo County, New Mexico",35023,0.02805771674238073,1,0.4666666666666668,-0.00525840690740573
"Lea County, New Mexico",35025,0.04020540907925619,1,-0.19999999999999987,0.14927188949975131
"Lincoln County, New Mexico",35027,0.20844513787943947,4,0.0,0.020552202847962688
"Los Alamos County, New Mexico",35028,0.070716993159027,2,-0.06666666666666665,0.07521491868040908
"Luna County, New Mexico",35029,0.06932485678445152,2,0.8000000000000002,0.0324081668190327
"McKinley County, New Mexico",35031,0.019257147756011832,1,0.0,-0.008747772097807503
"Mora County, New Mexico",35033,0.05840443310757323,2,-0.3000000000000001,0.05431557014774593
"Otero County, New Mexico",35035,0.07541737947065225,2,0.06666666666666672,0.010479425271339852
"Quay County, New Mexico",35037,0.057420468846030026,1,0.03333333333333336,-0.030504400118070252
"Rio Arriba County, New Mexico",35039,0.039880541060039236,1,-0.2333333333333334,0.014430643796669015
"Roosevelt County, New Mexico",35041,0.058228671594051,2,0.033333333333333215,0.031596284691096564
"Sandoval County, New Mexico",35043,0.08513977533219827,3,0.13333333333333316,0.06287456400112566
"San Juan County, New Mexico",35045,0.04431599846438316,1,-0.09999999999999994,0.014297824254390629
"San Miguel County, New Mexico",35047,0.052393944225025045,1,-0.16666666666666666,0.05187118256286642
"Santa Fe County, New Mexico",35049,0.3075376782010084,4,0.0,0.020784551207832302
"Sierra County, New Mexico",35051,0.17523825659706044,4,0.06666666666666643,0.008869129607765971
"Socorro County, New Mexico",35053,0.06787925766356909,2,0.09999999999999994,0.022990752719083896
"Taos County, New Mexico",35055,0.24894561982092323,4,-0.13333333333333344,0.041677090920268764
"Torrance County, New Mexico",35057,0.06898613602547522,2,0.13333333333333316,0.08923946372492188
"Union County, New Mexico",35059,0.10950737370567933,3,0.10000000000000009,-0.05753887169906786
"Valencia County, New Mexico",35061,0.05318526425443532,1,0.09999999999999994,0.03508465631416096
"Albany County, New York",36001,0.1994971288180485,4,0.09999999999999994,0.015057334849090356
"Allegany County, New York",36003,0.04798273353778063,1,0.16666666666666666,0.011626637316177274
"Bronx County, New York",36005,0.02080343779208576,1,-0.3000000000000001,0.013366347884497053
"Broome County, New York",36007,0.07912303167640446,2,0.16666666666666666,0.013793218695860364
"Cattaraugus County, New York",36009,0.0835536312134424,3,0.03333333333333351,0.0221486986767211
"Cayuga County, New York",36011,0.06502420418701661,2,0.06666666666666672,0.017871091108195736
"Chautauqua County, New York",36013,0.0622083409546517,2,0.16666666666666666,0.01760761859044612
"Chemung County, New York",36015,0.0698922962991525,2,0.1333333333333333,0.0020320650868223804
"Chenango County, New York",36017,0.049015835134502715,1,0.06666666666666672,0.037862294424089775
"Clinton County, New York",36019,0.05020881318335591,1,0.23333333333333325,0.0166716140471742
"Columbia County, New York",36021,0.23674879474174415,4,0.1333333333333333,-0.004902146431173773
"Cortland County, New York",36023,0.06307472316379314,2,0.19999999999999987,0.0030999112634332126
"Delaware County, New York",36025,0.10134598610768378,3,0.16666666666666666,0.03742530362231554
"Dutchess County, New York",36027,0.11748941117070845,3,0.09999999999999994,0.02571862745656497
"Erie County, New York",36029,0.07348127802172735,2,0.16666666666666666,0.014289091138498652
"Essex County, New York",36031,0.1304635537735898,4,0.03333333333333336,0.015941709546490157
"Franklin County, New York",36033,0.05848022417602258,2,0.16666666666666666,0.02899931166047161
"Fulton County, New York",36035,0.0479044119337911,1,0.16666666666666652,0.008001873152457048
"Genesee County, New York",36037,0.06599971289208176,2,0.06666666666666658,0.03154367472716245
"Greene County, New York",36039,0.10955279546813976,3,0.06666666666666672,0.04038102356488846
"Hamilton County, New York",36041,0.11820678729773379,3,0.2333333333333331,0.0001933083340600564
"Herkimer County, New York",36043,0.05607016571912019,1,0.09999999999999994,0.0015028940435386684
"Jefferson County, New York",36045,0.04893726028534683,1,0.13333333333333344,0.000831265160974911
"Kings County, New York",36047,0.0956776893517775,3,-0.06666666666666643,0.0316105809736383
"Lewis County, New York",36049,0.0710064716273172,2,0.1333333333333333,0.048011118261832096
"Livingston County, New York",36051,0.0709202648731719,2,0.1333333333333333,0.02931380821824142
"Madison County, New York",36053,0.07103963136621662,2,0.1333333333333333,0.017514550220474715
"Monroe County, New York",36055,0.09953935232681944,3,0.1333333333333333,0.01359063795413628
"Montgomery County, New York",36057,0.036808148910851504,1,0.06666666666666672,0.01809730408979717
"Nassau County, New York",36059,0.19718193769080153,4,0.09999999999999994,-0.004187053123118371
"New York County, New York",36061,0.4693416018847721,4,0.0,0.014852162318942244
"Niagara County, New York",36063,0.045892703219200796,1,0.20000000000000018,0.02108638614420883
"Oneida County, New York",36065,0.06275980419325929,2,0.1333333333333333,0.014196834833028502
"Onondaga County, New York",36067,0.08692310402938451,3,0.10000000000000009,0.010710085859568692
"Ontario County, New York",36069,0.10836612719532888,3,0.06666666666666658,0.017614997103585522
"Orange County, New York",36071,0.06356501623344521,2,0.16666666666666666,0.017817257654154046
"Orleans County, New York",36073,0.034900788901194,1,0.13333333333333316,0.0020608542249913805
"Oswego County, New York",36075,0.04464216851134859,1,0.09999999999999994,0.017353159866414933
"Otsego County, New York",36077,0.08082746980575735,2,0.19999999999999987,0.011592128584262024
"Putnam County, New York",36079,0.08974795815157904,3,0.10000000000000009,0.025242333268612995
"Queens County, New York",36081,0.042293970556333424,1,-0.19999999999999987,0.033921086185716987
"Rensselaer County, New York",36083,0.05471606136195184,1,0.09999999999999994,0.03376548270474697
"Richmond County, New York",36085,0.04975101154437726,1,-0.2333333333333334,0.01919578383334687
"Rockland County, New York",36087,0.16097592559947332,4,0.10000000000000009,0.004080212009776096
"St. Lawrence County, New York",36089,0.05678404072993899,1,0.16666666666666666,0.02883734126286118
"Saratoga County, New York",36091,0.176613099286802,4,0.09999999999999994,0.018767018071346953
"Schenectady County, New York",36093,0.05345046857101624,1,0.10000000000000009,0.019852113652297446
"Schoharie County, New York",36095,0.08315911402418352,3,0.06666666666666672,0.01070715062802888
"Schuyler County, New York",36097,0.051889619612962554,1,0.19999999999999987,0.021444289028905456
"Seneca County, New York",36099,0.10723045670002257,3,0.1333333333333333,0.006138360625246182
"Steuben County, New York",36101,0.05861067264704954,2,0.1333333333333333,0.016081599031123106
"Suffolk County, New York",36103,0.14182513308014866,4,0.09999999999999994,0.009899385318623678
"Sullivan County, New York",36105,0.08276722233125883,3,0.03333333333333336,0.03034151188271246
"Tioga County, New York",36107,0.0574966016729793,2,0.10000000000000009,0.01246340160248423
"Tompkins County, New York",36109,0.11500815588139551,3,0.16666666666666666,0.019526348767361503
"Ulster County, New York",36111,0.1618138275175808,4,0.10000000000000009,0.021552219108691737
"Warren County, New York",36113,0.11652447155045295,3,0.1333333333333333,-0.009968858335892648
"Washington County, New York",36115,0.05924094628282975,2,0.09999999999999994,-0.007581027400127165
"Wayne County, New York",36117,0.04352086256883733,1,0.1333333333333333,0.00701256273885166
"Westchester County, New York",36119,0.28029356537677064,4,0.1333333333333333,0.020560987420244925
"Wyoming County, New York",36121,0.06856343110431339,2,0.1333333333333333,8.036932542674922e-05
"Yates County, New York",36123,0.1486337984912759,4,0.09999999999999994,-0.009594135512855376
"Alamance County, North Carolina",37001,0.10482538742202213,3,0.03333333333333336,0.013999706358089555
"Alexander County, North Carolina",37003,0.05945282258178199,2,0.06666666666666672,0.015632157772776975
"Alleghany County, North Carolina",37005,0.1787276520334687,4,0.033333333333333215,0.015470404984423676
"Anson County, North Carolina",37007,0.05126960064427495,1,-0.09999999999999994,0.04664573576812776
"Ashe County, North Carolina",37009,0.2104829673542817,4,-0.06666666666666672,0.022592639324982976
"Avery County, North Carolina",37011,0.23665847803416828,4,0.1333333333333333,0.020629218618081244
"Beaufort County, North Carolina",37013,0.11612728629175789,3,-0.1333333333333333,0.011387880411088902
"Bertie County, North Carolina",37015,0.05359009693974529,1,-0.16666666666666666,-0.00016923194973075302
"Bladen County, North Carolina",37017,0.09760922722785863,3,0.13333333333333316,0.006538842012852733
"Brunswick County, North Carolina",37019,0.17662007020907308,4,-0.03333333333333351,0.03720554325424999
"Buncombe County, North Carolina",37021,0.23082533569029573,4,0.5666666666666665,0.02964471006465487
"Burke County, North Carolina",37023,0.07455839007650786,2,0.1333333333333333,0.029467154899572016
"Cabarrus County, North Carolina",37025,0.061559806248721524,2,0.06666666666666672,0.04882276576606662
"Caldwell County, North Carolina",37027,0.06896501329903838,2,0.1333333333333333,0.012698325344954534
"Camden County, North Carolina",37029,0.03600704375589842,1,-0.1333333333333333,-0.010490697678930712
"Carteret County, North Carolina",37031,0.25176874231489405,4,-0.03333333333333336,0.04200977867030591
"Caswell County, North Carolina",37033,0.06172001708331259,2,-0.13333333333333316,0.040452645979516526
"Catawba County, North Carolina",37035,0.10983306469828895,3,0.03333333333333336,0.010008431253606512
"Chatham County, North Carolina",37037,0.21542487627695153,4,0.033333333333333215,0.05659713510218842
"Cherokee County, North Carolina",37039,0.0980999384821878,3,0.0,0.03599691552999669
"Chowan County, North Carolina",37041,0.08224652238595272,2,-0.06666666666666672,0.020640106298724224
"Clay County, North Carolina",37043,0.14155801410005947,4,0.03333333333333336,0.043214289079779714
"Cleveland County, North Carolina",37045,0.07562247794337654,2,0.03333333333333351,0.031206756631594744
"Columbus County, North Carolina",37047,0.06612998267113654,2,-0.06666666666666672,-0.0107685250346768
"Craven County, North Carolina",37049,0.08386404007288055,3,0.0,0.013093965740083854
"Cumberland County, North Carolina",37051,0.08318234857535214,3,-0.03333333333333351,0.012232138398791012
"Currituck County, North Carolina",37053,0.061762937728570715,2,-0.16666666666666666,0.017710089946206174
"Dare County, North Carolina",37055,0.21620786883900445,4,-0.09999999999999994,-0.010011700339335221
"Davidson County, North Carolina",37057,0.07072172460570436,2,0.06666666666666658,0.025208133424382072
"Davie County, North Carolina",37059,0.1083970241185531,3,0.06666666666666672,0.010754983117490818
"Duplin County, North Carolina",37061,0.06837917848772665,2,-0.13333333333333344,0.011898175874522366
"Durham County, North Carolina",37063,0.12199616965388822,3,0.06666666666666658,0.042383086455945185
"Edgecombe County, North Carolina",37065,0.04620751344147154,1,-0.2333333333333334,-0.006466047854278076
"Forsyth County, North Carolina",37067,0.11519391820584793,3,0.03333333333333336,0.01571196545718199
"Franklin County, North Carolina",37069,0.0554602554095271,1,-0.03333333333333336,0.045822673627247935
"Gaston County, North Carolina",37071,0.06388532102246901,2,0.06666666666666672,0.032853817167175635
"Gates County, North Carolina",37073,0.029850597460605487,1,-0.03333333333333336,-0.03472818527046564
"Graham County, North Carolina",37075,0.055352589558165785,1,-0.2333333333333334,0.01133213892615832
"Granville County, North Carolina",37077,0.056105130266791335,1,0.0,0.029985767539994265
"Greene County, North Carolina",37079,0.06717757451336565,2,0.0,0.009632131197797244
"Guilford County, North Carolina",37081,0.15452430352233915,4,0.06666666666666672,0.026484074952765647
"Halifax County, North Carolina",37083,0.0714057723369187,2,-0.13333333333333316,0.008832087222574586
"Harnett County, North Carolina",37085,0.06031688145421022,2,0.03333333333333336,0.030995614780374263
"Haywood County, North Carolina",37087,0.10134354956597436,3,0.16666666666666666,0.01245521324248737
"Henderson County, North Carolina",37089,0.15187285361875416,4,0.1333333333333333,0.045921441607405994
"Hertford County, North Carolina",37091,0.03835807941271955,1,-0.13333333333333344,0.018954354573946435
"Hoke County, North Carolina",37093,0.022999460381098156,1,-0.09999999999999994,0.05039303979879539
"Hyde County, North Carolina",37095,0.11835440915037064,3,-0.06666666666666643,-0.003885583444639109
"Iredell County, North Carolina",37097,0.11654944213671399,3,0.10000000000000009,0.009973799891066408
"Jackson County, North Carolina",37099,0.18604182496450894,4,-0.09999999999999994,0.009039002603253458
"Johnston County, North Carolina",37101,0.05025884723842772,1,0.0,0.053090960352380936
"Jones County, North Carolina",37103,0.04422328448658674,1,0.033333333333333215,0.0036851974597347566
"Lee County, North Carolina",37105,0.15997287829133236,4,-0.03333333333333336,0.04701269915661872
"Lenoir County, North Carolina",37107,0.07347560390482029,2,-0.06666666666666672,0.010161047571454892
"Lincoln County, North Carolina",37109,0.11512005137908837,3,0.03333333333333336,0.044956442159239364
"McDowell County, North Carolina",37111,0.0728402777950701,2,0.2666666666666668,0.053562744648069406
"Macon County, North Carolina",37113,0.24535326540838484,4,0.0,0.03929956234976837
"Madison County, North Carolina",37115,0.09059262179551597,3,0.4666666666666668,0.04056154010201863
"Martin County, North Carolina",37117,0.04429027278591835,1,-0.033333333333333215,-0.016460034495268037
"Mecklenburg County, North Carolina",37119,0.1388167729877302,4,0.06666666666666658,0.04157088999241815
"Mitchell County, North Carolina",37121,0.0749361062083977,2,0.5,-0.028993114542198096
"Montgomery County, North Carolina",37123,0.12743242325861856,4,0.09999999999999994,0.030828331524487378
"Moore County, North Carolina",37125,0.20838788697892469,4,-0.06666666666666672,0.04291766217810052
"Nash County, North Carolina",37127,0.08433839771494273,3,-0.06666666666666672,0.02488431011276313
"New Hanover County, North Carolina",37129,0.24914524664275373,4,0.0,0.034879838761049525
"Northampton County, North Carolina",37131,0.07379294892708756,2,0.033333333333333215,0.017902670258029545
"Onslow County, North Carolina",37133,0.05690409401816441,1,0.03333333333333336,0.018477679147341376
"Orange County, North Carolina",37135,0.21950394440715132,4,0.033333333333333215,0.03415123846318994
"Pamlico County, North Carolina",37137,0.11522749229424484,3,-0.13333333333333316,-0.010102335496064152
"Pasquotank County, North Carolina",37139,0.060883951530947424,2,-0.09999999999999994,0.021344230384974676
"Pender County, North Carolina",37141,0.13444202508570144,4,0.0,0.02489915435118903
"Perquimans County, North Carolina",37143,0.08427078423129027,3,-0.03333333333333336,-0.00019910890232968794
"Person County, North Carolina",37145,0.06288268112234179,2,-0.03333333333333336,0.03720700919067458
"Pitt County, North Carolina",37147,0.11955286949233568,3,-0.06666666666666672,0.024231153089633025
"Polk County, North Carolina",37149,0.25476960107388347,4,0.0,0.02811714786896127
"Randolph County, North Carolina",37151,0.07428347309770374,2,0.0,0.02017231637222374
"Richmond County, North Carolina",37153,0.050992443492469945,1,-0.033333333333333215,0.028889266935340368
"Robeson County, North Carolina",37155,0.038393915969547734,1,-0.06666666666666672,0.006740050752689047
"Rockingham County, North Carolina",37157,0.062453838275759344,2,0.03333333333333351,0.016152137977124042
"Rowan County, North Carolina",37159,0.07323921693586392,2,0.033333333333333215,0.017404410428536306
"Rutherford County, North Carolina",37161,0.07292104296065079,2,0.19999999999999987,0.017120322152215536
"Sampson County, North Carolina",37163,0.07117164351992977,2,-0.033333333333333215,0.00031385695890720646
"Scotland County, North Carolina",37165,0.04984837195517737,1,-0.03333333333333351,0.021220283861219442
"Stanly County, North Carolina",37167,0.07458328897959483,2,-0.06666666666666658,0.04127705297338324
"Stokes County, North Carolina",37169,0.046313640730067246,1,0.06666666666666672,0.04650907620610259
"Surry County, North Carolina",37171,0.09573978885710799,3,0.0,0.015842095092781755
"Swain County, North Carolina",37173,0.07512197455275997,2,0.0,-5.812928524802622e-05
"Transylvania County, North Carolina",37175,0.2560017052100509,4,0.06666666666666672,0.028959285442097048
"Tyrrell County, North Carolina",37177,0.049493449116392446,1,-0.13333333333333316,-0.07123029624495744
"Union County, North Carolina",37179,0.10685432423544887,3,0.03333333333333336,0.05571974572775864
"Vance County, North Carolina",37181,0.07368853845993997,2,-0.13333333333333344,0.005768800516215872
"Wake County, North Carolina",37183,0.13617760254651678,4,0.03333333333333336,0.04247206358045284
"Warren County, North Carolina",37185,0.06797036258466475,2,-0.16666666666666666,-0.015475431786433892
"Washington County, North Carolina",37187,0.048474788927516534,1,-0.16666666666666666,-0.02470261735949712
"Watauga County, North Carolina",37189,0.2235753863849987,4,-0.06666666666666672,0.022716946352003123
"Wayne County, North Carolina",37191,0.06088845904532707,2,-0.03333333333333336,0.012602528659523665
"Wilkes County, North Carolina",37193,0.1113665356164801,3,0.06666666666666672,0.01196088068941631
"Wilson County, North Carolina",37195,0.0860892022981875,3,0.09999999999999994,0.016796107279846772
"Yadkin County, North Carolina",37197,0.08193088313012094,2,-0.03333333333333336,0.020056559068894027
"Yancey County, North Carolina",37199,0.1463799394156416,4,0.20000000000000018,0.024367962655910905
"Adams County, North Dakota",38001,0.16793294446350668,4,0.0,0.07135100639709326
"Barnes County, North Dakota",38003,0.10366350067842606,3,0.3333333333333333,-0.0068088404066511034
"Benson County, North Dakota",38005,0.0931484502446982,3,0.16666666666666666,0.022942069438323297
"Billings County, North Dakota",38007,0.1761813484457038,4,0.1333333333333334,0.005092589959293408
"Bottineau County, North Dakota",38009,0.15679907219483907,4,0.03333333333333336,0.024853801169590642
"Bowman County, North Dakota",38011,0.1376318150397835,4,-0.03333333333333329,-0.06472976764623359
"Burke County, North Dakota",38013,0.10089577757954207,3,0.10000000000000009,0.058718142604272286
"Burleigh County, North Dakota",38015,0.10400267950153473,3,0.1333333333333333,0.013967837296644602
"Cass County, North Dakota",38017,0.12765569414181258,4,0.2333333333333333,0.025773425855966682
"Cavalier County, North Dakota",38019,0.1686489874494471,4,0.16666666666666666,0.08048532020320717
"Dickey County, North Dakota",38021,0.15590705866413765,4,0.09999999999999994,0.07450831061942173
"Divide County, North Dakota",38023,0.11348978860623432,3,0.06666666666666672,0.0788298120016297
"Dunn County, North Dakota",38025,0.38822942252928455,4,0.20000000000000004,0.08635125047496806
"Eddy County, North Dakota",38027,0.14458045962385158,4,-0.1333333333333333,0.10242540499537317
"Emmons County, North Dakota",38029,0.1750022758306782,4,0.16666666666666666,-0.219048370966893
"Foster County, North Dakota",38031,0.09544198517140434,3,0.03333333333333336,-0.06159330183204841
"Golden Valley County, North Dakota",38033,0.19762920220772703,4,0.3,0.018887790541333847
"Grand Forks County, North Dakota",38035,0.07789451283027744,2,0.1333333333333333,0.039410677057236554
"Grant County, North Dakota",38037,0.2344970142397795,4,0.09999999999999994,-0.12688389554061197
"Griggs County, North Dakota",38039,0.19739036074425007,4,0.1333333333333333,0.0007912957467853611
"Hettinger County, North Dakota",38041,0.1701704817546212,4,0.06666666666666672,0.07519340266270157
"Kidder County, North Dakota",38043,0.2383691593500858,4,-0.06666666666666672,0.008071886486594664
"LaMoure County, North Dakota",38045,0.14906544678940278,4,0.19999999999999996,0.017451736428561963
"Logan County, North Dakota",38047,0.1842933035090172,4,0.3,-0.06622556032427278
"McHenry County, North Dakota",38049,0.11742576557738878,3,0.033333333333333215,-0.15501453116989516
"McIntosh County, North Dakota",38051,0.2516605903211307,4,0.2333333333333333,-0.18526688201815106
"McKenzie County, North Dakota",38053,0.10478674718476207,3,0.03333333333333336,0.01014127746386164
"McLean County, North Dakota",38055,0.15200108656283956,4,-0.10000000000000009,-0.05991191852463529
"Mercer County, North Dakota",38057,0.06878828782057939,2,0.033333333333333215,-0.00657903601665144
"Morton County, North Dakota",38059,0.09390942568802181,3,0.16666666666666666,0.006694701708009523
"Mountrail County, North Dakota",38061,0.13304627823740933,4,0.16666666666666666,0.022337904319273093
"Nelson County, North Dakota",38063,0.11461141771464761,3,-0.03333333333333336,0.07190566062991072
"Oliver County, North Dakota",38065,0.1768079861365356,4,0.20000000000000004,-0.006545079127285377
"Pembina County, North Dakota",38067,0.09985708700165832,3,0.0,0.06527037217643407
"Pierce County, North Dakota",38069,0.11384653492596467,3,0.20000000000000004,-0.10174121900564156
"Ramsey County, North Dakota",38071,0.08042766212163716,2,0.09999999999999994,0.021604362370523846
"Ransom County, North Dakota",38073,0.10031161402841722,3,0.49999999999999994,0.03171812497965132
"Renville County, North Dakota",38075,0.07778171140590183,2,0.06666666666666672,0.0745783101119913
"Richland County, North Dakota",38077,0.08813845394822259,3,0.2666666666666666,0.058852083958560744
"Rolette County, North Dakota",38079,0.03903317023268382,1,-0.20000000000000018,0.05519578949823202
"Sargent County, North Dakota",38081,0.09573131762787315,3,0.7666666666666667,0.012073640017556519
"Sheridan County, North Dakota",38083,0.15359934663399838,4,0.23333333333333325,-0.18700492617513334
"Sioux County, North Dakota",38085,0.018659367844829855,1,0.16666666666666666,-0.014280446418797065
"Slope County, North Dakota",38087,0.31119411696042953,4,-0.06666666666666672,0.05476939946497272
"Stark County, North Dakota",38089,0.09818721984780569,3,0.09999999999999994,0.05121651033509095
"Steele County, North Dakota",38091,0.11719328209507543,3,0.4000000000000001,0.012665253486520353
"Stutsman County, North Dakota",38093,0.09488304753066928,3,0.1333333333333333,0.04722276285112713
"Towner County, North Dakota",38095,0.17762054954110193,4,0.16666666666666666,0.10578745825219399
"Traill County, North Dakota",38097,0.08404031110588084,3,0.10000000000000009,0.020382274792148797
"Walsh County, North Dakota",38099,0.08734035902473877,3,0.09999999999999994,0.07199289963038458
"Ward County, North Dakota",38101,0.07127737244853236,2,0.16666666666666666,0.01679469285429783
"Wells County, North Dakota",38103,0.15073513982345452,4,-0.09999999999999994,0.0546884552368376
"Williams County, North Dakota",38105,0.11523933105029983,3,0.06666666666666658,0.09453211452626277
"Adams County, Ohio",39001,0.045371746822721465,1,0.36666666666666653,0.014448772043708754
"Allen County, Ohio",39003,0.06955079839739037,2,0.19999999999999987,0.012802908955830162
"Ashland County, Ohio",39005,0.08757745498630506,3,0.3000000000000001,9.929114754664525e-05
"Ashtabula County, Ohio",39007,0.06378538525161621,2,-0.09999999999999994,0.01978072967204145
"Athens County, Ohio",39009,0.07054155605704898,2,0.39999999999999974,0.0165198838706017
"Auglaize County, Ohio",39011,0.07223636865151269,2,0.19999999999999987,0.025841236501537267
"Belmont County, Ohio",39013,0.07425183986258307,2,0.19999999999999987,-0.021438079254925083
"Brown County, Ohio",39015,0.042901931746820256,1,0.2999999999999998,0.0010442556349598048
"Butler County, Ohio",39017,0.07868502078871932,2,0.2999999999999998,0.01767169645793768
"Carroll County, Ohio",39019,0.07461477782713251,2,0.19999999999999987,0.10243915145319554
"Champaign County, Ohio",39021,0.06177396304433648,2,0.23333333333333325,0.005503587089556308
"Clark County, Ohio",39023,0.05858816316899234,2,0.36666666666666653,0.00351194525613778
"Clermont County, Ohio",39025,0.06347037505161249,2,0.2666666666666668,-0.019860307232586135
"Clinton County, Ohio",39027,0.058228785955337904,2,0.19999999999999987,0.006710027528701139
"Columbiana County, Ohio",39029,0.05530549412881084,1,0.2333333333333334,0.050302807456758074
"Coshocton County, Ohio",39031,0.06322669147443276,2,0.2666666666666666,0.03447703497499215
"Crawford County, Ohio",39033,0.06436711489538445,2,0.2666666666666666,-0.020309785865450986
"Cuyahoga County, Ohio",39035,0.14102497084076998,4,-0.16666666666666666,0.01666291446961227
"Darke County, Ohio",39037,0.06617721547483707,2,0.2666666666666668,0.051734934078290565
"Defiance County, Ohio",39039,0.0747036060240073,2,0.2666666666666666,0.0010087604546917051
"Delaware County, Ohio",39041,0.14482203219209291,4,0.2666666666666666,0.03458259292557821
"Erie County, Ohio",39043,0.09099831744251262,3,0.16666666666666666,-0.0007358590323262752
"Fairfield County, Ohio",39045,0.06743082474229162,2,0.2666666666666666,0.0180265750232564
"Fayette County, Ohio",39047,0.047396698323384605,1,0.2333333333333334,-0.01323840019011212
"Franklin County, Ohio",39049,0.10877115644747118,3,0.3000000000000001,0.01546975053365815
"Fulton County, Ohio",39051,0.06153857046909265,2,0.36666666666666653,-0.007000933457794373
"Gallia County, Ohio",39053,0.07793282301916106,2,0.3000000000000001,-0.03933164232206225
"Geauga County, Ohio",39055,0.18202423939511372,4,-0.09999999999999994,0.00861604399025256
"Greene County, Ohio",39057,0.08263175640140484,3,0.2666666666666668,0.0311742673671292
"Guernsey County, Ohio",39059,0.06567018062617645,2,0.2333333333333334,0.11020497281476807
"Hamilton County, Ohio",39061,0.17806865574145073,4,0.3333333333333332,0.012486867944928802
"Hancock County, Ohio",39063,0.08600126605647167,3,0.3000000000000001,0.012460071867232081
"Hardin County, Ohio",39065,0.04262178953313613,1,0.36666666666666653,0.040123154450606185
"Harrison County, Ohio",39067,0.05333251691516395,1,0.0,0.09544683807336099
"Henry County, Ohio",39069,0.06829188616591765,2,0.4000000000000001,-0.055529709495787366
"Highland County, Ohio",39071,0.050325660744159596,1,0.2999999999999998,0.00477720068715159
"Hocking County, Ohio",39073,0.05337087294993692,1,0.2333333333333334,0.0014914207844904848
"Holmes County, Ohio",39075,0.1369099904546653,4,0.1333333333333333,0.02709284997385905
"Huron County, Ohio",39077,0.0497006838914564,1,0.2666666666666666,-0.016190515098472396
"Jackson County, Ohio",39079,0.039082586976340795,1,0.5,0.00015390074676171263
"Jefferson County, Ohio",39081,0.04368153524151241,1,0.2666666666666666,-0.02563097454159585
"Knox County, Ohio",39083,0.10879267986113575,3,0.3,0.029576976197504476
"Lake County, Ohio",39085,0.1042526381452089,3,-0.13333333333333344,0.011659697563754344
"Lawrence County, Ohio",39087,0.038539158475838615,1,0.2999999999999998,-0.025566483483538748
"Licking County, Ohio",39089,0.09163761414516637,3,0.2666666666666668,0.02782112615454402
"Logan County, Ohio",39091,0.0733009668690602,2,0.2666666666666666,0.02442238742918627
"Lorain County, Ohio",39093,0.0781621280129638,2,-0.20000000000000018,0.014838649307758406
"Lucas County, Ohio",39095,0.07118683145006428,2,0.5,0.0022584529384629118
"Madison County, Ohio",39097,0.07771719211784246,2,0.23333333333333325,0.032248238734537686
"Mahoning County, Ohio",39099,0.09764590375006431,3,0.2666666666666669,0.011416546648350593
"Marion County, Ohio",39101,0.04869270781601358,1,0.09999999999999994,0.0005530479531990868
"Medina County, Ohio",39103,0.09541295506748323,3,-0.1333333333333333,0.008115917988846375
"Meigs County, Ohio",39105,0.03224140110237345,1,0.39999999999999974,-0.005808361564185404
"Mercer County, Ohio",39107,0.09385767551420196,3,0.20000000000000004,0.08545831128152334
"Miami County, Ohio",39109,0.07468396695186008,2,0.2666666666666668,0.007229512400692981
"Monroe County, Ohio",39111,0.08616381011125372,3,0.3000000000000001,-0.01636033356152042
"Montgomery County, Ohio",39113,0.07637806620000473,2,0.3333333333333333,0.014984951401495512
"Morgan County, Ohio",39115,0.029387629500461587,1,0.09999999999999994,-0.004250226953866469
"Morrow County, Ohio",39117,0.055983303539552366,1,0.20000000000000004,0.010894623958134663
"Muskingum County, Ohio",39119,0.05410363907887884,1,0.2333333333333334,0.01074396258026497
"Noble County, Ohio",39121,0.03935872310870652,1,0.16666666666666666,0.05367563427696141
"Ottawa County, Ohio",39123,0.10647857847898201,3,0.36666666666666653,-0.010889071554683251
"Paulding County, Ohio",39125,0.10054558837292242,3,0.3000000000000001,-0.01173870400893599
"Perry County, Ohio",39127,0.04069768257294292,1,0.36666666666666653,-0.00842676917039861
"Pickaway County, Ohio",39129,0.042808650913371285,1,0.2999999999999998,-0.009868970509084835
"Pike County, Ohio",39131,0.03889113795540975,1,0.6333333333333332,0.01602173105374833
"Portage County, Ohio",39133,0.0840534419653344,3,0.3,0.008908124946186886
"Preble County, Ohio",39135,0.06336494814924161,2,0.2666666666666666,-0.02516862202579806
"Putnam County, Ohio",39137,0.07493829299408918,2,0.19999999999999987,-0.01946631653476491
"Richland County, Ohio",39139,0.06169519355802008,2,0.2666666666666666,0.004315056116093658
"Ross County, Ohio",39141,0.04091006647726952,1,0.5,0.009438894591301011
"Sandusky County, Ohio",39143,0.04718527774219614,1,0.19999999999999987,-0.004753070892550203
"Scioto County, Ohio",39145,0.053735255570117955,1,0.5333333333333335,0.0037281141944445983
"Seneca County, Ohio",39147,0.056999514991913455,1,0.3000000000000001,-0.008877309953163583
"Shelby County, Ohio",39149,0.05506753557333768,1,0.2666666666666668,-0.007215707855032667
"Stark County, Ohio",39151,0.09991177943083021,3,0.2666666666666669,0.008911788947128319
"Summit County, Ohio",39153,0.091985456166334,3,0.3000000000000001,0.004609372265623506
"Trumbull County, Ohio",39155,0.05346989170637897,1,0.4000000000000001,0.028818726619129216
"Tuscarawas County, Ohio",39157,0.08521908012829944,3,0.2333333333333334,0.01483334345614159
"Union County, Ohio",39159,0.07253901789113057,2,0.2666666666666668,0.027047262765328303
"Van Wert County, Ohio",39161,0.05684076649143632,1,0.3,0.00027220785853362695
"Vinton County, Ohio",39163,0.035520389761214605,1,0.43333333333333357,0.08506091324873387
"Warren County, Ohio",39165,0.09152976447344435,3,0.2999999999999998,0.023192271109290216
"Washington County, Ohio",39167,0.12283178422582665,3,0.13333333333333344,0.016270143208286087
"Wayne County, Ohio",39169,0.08365916734893732,3,0.2333333333333334,0.019814388969496635
"Williams County, Ohio",39171,0.06292311140999776,2,0.4333333333333334,-0.023006668371223365
"Wood County, Ohio",39173,0.0852674335124754,3,0.3,0.019620938935278182
"Wyandot County, Ohio",39175,0.055110584764338624,1,0.2333333333333334,-0.009725079424994496
"Adair County, Oklahoma",40001,0.04485295427421222,1,0.2666666666666668,0.01691984118655333
"Alfalfa County, Oklahoma",40003,0.12288099007051374,3,0.09999999999999994,-0.054881780088235126
"Atoka County, Oklahoma",40005,0.09226183321714464,3,0.0,0.02162889508441403
"Beaver County, Oklahoma",40007,0.06277500411477478,2,0.20000000000000004,0.0007184860945306628
"Beckham County, Oklahoma",40009,0.12271267413981098,3,0.033333333333333215,0.05285097128645837
"Blaine County, Oklahoma",40011,0.10640124960209649,3,-0.03333333333333336,-0.014199463206221348
"Bryan County, Oklahoma",40013,0.07933749923890664,2,0.2666666666666668,0.03346041852954567
"Caddo County, Oklahoma",40015,0.054959074406171315,1,0.03333333333333336,0.01982468072392824
"Canadian County, Oklahoma",40017,0.053324757132856906,1,0.16666666666666666,0.0576112257619395
"Carter County, Oklahoma",40019,0.1077901280981907,3,0.3000000000000001,0.04141059874490154
"Cherokee County, Oklahoma",40021,0.05982159425284309,2,0.06666666666666658,0.028725307007464104
"Choctaw County, Oklahoma",40023,0.08172276475800092,2,-0.3333333333333333,0.03202485165296738
"Cimarron County, Oklahoma",40025,0.11084004750746317,3,0.3333333333333333,0.028216070099773723
"Cleveland County, Oklahoma",40027,0.09844312143194273,3,0.16666666666666666,0.018812093793012827
"Coal County, Oklahoma",40029,0.06167682697373372,2,0.2666666666666666,-0.06313317964555923
"Comanche County, Oklahoma",40031,0.04504872699642534,1,0.06666666666666658,0.008025788637418745
"Cotton County, Oklahoma",40033,0.02782989368355222,1,-0.03333333333333336,0.04160515091863517
"Craig County, Oklahoma",40035,0.0768477132370503,2,0.16666666666666666,0.014390186364708657
"Creek County, Oklahoma",40037,0.09907152324409586,3,0.03333333333333336,0.020715016418747224
"Custer County, Oklahoma",40039,0.11872795528353988,3,0.0,-0.001825160605455813
"Delaware County, Oklahoma",40041,0.16549056175810883,4,0.16666666666666666,0.04427604793022009
"Dewey County, Oklahoma",40043,0.08745174891620643,3,-0.16666666666666666,0.038930497869218914
"Ellis County, Oklahoma",40045,0.0904868456739897,3,0.03333333333333336,0.1554804138519454
"Garfield County, Oklahoma",40047,0.11835470665370303,3,0.1333333333333333,0.011945701922644148
"Garvin County, Oklahoma",40049,0.08382823605333613,3,0.23333333333333325,-0.03300344062697231
"Grady County, Oklahoma",40051,0.07460821562053424,2,0.13333333333333344,0.06616268963330302
"Grant County, Oklahoma",40053,0.08924565056760933,3,0.09999999999999994,-0.03301022329094728
"Greer County, Oklahoma",40055,0.0257052983387398,1,0.13333333333333344,0.022934341885583836
"Harmon County, Oklahoma",40057,0.06044398857059125,2,-0.06666666666666658,0.10406342913776016
"Harper County, Oklahoma",40059,0.11306782116176495,3,0.1333333333333333,0.07527974121812624
"Haskell County, Oklahoma",40061,0.07490410926520215,2,0.3333333333333332,0.002817723723880474
"Hughes County, Oklahoma",40063,0.06545500762582614,2,0.06666666666666672,-0.0415796743816265
"Jackson County, Oklahoma",40065,0.03795651188401948,1,0.06666666666666672,0.01656876334554895
"Jefferson County, Oklahoma",40067,0.0786735859363361,2,0.5333333333333335,0.05053740881802337
"Johnston County, Oklahoma",40069,0.09144980515641778,3,0.2666666666666668,0.0217299705468103
"Kay County, Oklahoma",40071,0.07418291022888338,2,0.06666666666666672,2.4603493157265707e-05
"Kingfisher County, Oklahoma",40073,0.12201090714496161,3,0.09999999999999994,0.04271863793054694
"Kiowa County, Oklahoma",40075,0.056807193529438346,1,0.033333333333333215,-0.08203265019192689
"Latimer County, Oklahoma",40077,0.04385731442111072,1,-0.16666666666666666,-0.06988129071865953
"Le Flore County, Oklahoma",40079,0.048908221217069614,1,0.1333333333333333,0.01357895233639195
"Lincoln County, Oklahoma",40081,0.06215691701691596,2,0.1333333333333333,-0.04043460976267074
"Logan County, Oklahoma",40083,0.09385961553508612,3,0.19999999999999987,0.04173701189673899
"Love County, Oklahoma",40085,0.0895701584034613,3,0.6333333333333333,0.053840112376973
"McClain County, Oklahoma",40087,0.06859984308219244,2,0.06666666666666658,0.07727707945008748
"McCurtain County, Oklahoma",40089,0.09154711136526211,3,-0.06666666666666672,0.029030172834346436
"McIntosh County, Oklahoma",40091,0.06435816985500183,2,0.09999999999999994,0.0019311246469515698
"Major County, Oklahoma",40093,0.10448730724656938,3,0.16666666666666666,0.04943807128830369
"Marshall County, Oklahoma",40095,0.09001914252737662,3,0.20000000000000004,0.03770204502984999
"Mayes County, Oklahoma",40097,0.05910578515142621,2,0.0,0.0331255670502712
"Murray County, Oklahoma",40099,0.07177283751636925,2,0.20000000000000004,0.039679954321019284
"Muskogee County, Oklahoma",40101,0.05519751598556041,1,0.3333333333333333,0.00746578526801783
"Noble County, Oklahoma",40103,0.050527572212938646,1,0.16666666666666666,-0.001239341584135176
"Nowata County, Oklahoma",40105,0.0722864332070264,2,0.1333333333333333,0.030546733766551034
"Okfuskee County, Oklahoma",40107,0.07907012311692284,2,-0.03333333333333351,0.014142603793080416
"Oklahoma County, Oklahoma",40109,0.15412234470766292,4,0.16666666666666666,0.010726150498692452
"Okmulgee County, Oklahoma",40111,0.03887373897913774,1,0.0,0.029944059088487646
"Osage County, Oklahoma",40113,0.06362472740510663,2,0.033333333333333215,0.01984662534198851
"Ottawa County, Oklahoma",40115,0.05659195471104346,1,0.20000000000000004,0.011672236585468369
"Pawnee County, Oklahoma",40117,0.04291706408098782,1,0.03333333333333336,0.011821502302683817
"Payne County, Oklahoma",40119,0.0986515588671151,3,0.16666666666666666,0.022977205824893557
"Pittsburg County, Oklahoma",40121,0.05615355979256788,1,0.06666666666666672,0.002498773560076086
"Pontotoc County, Oklahoma",40123,0.05772852223433306,2,0.03333333333333336,0.026616308586965044
"Pottawatomie County, Oklahoma",40125,0.07479656961320805,2,0.06666666666666658,-0.05775784074382853
"Pushmataha County, Oklahoma",40127,0.04610409244481838,1,0.3333333333333333,-0.021109550867567977
"Roger Mills County, Oklahoma",40129,0.1354342208740591,4,0.06666666666666672,0.026625589199547973
"Rogers County, Oklahoma",40131,0.08587532888406624,3,0.06666666666666672,0.020854728748346662
"Seminole County, Oklahoma",40133,0.06774692352296888,2,0.2666666666666666,0.02097318773557697
"Sequoyah County, Oklahoma",40135,0.07932944319717856,2,0.20000000000000004,-0.01761589925546924
"Stephens County, Oklahoma",40137,0.1151608842501368,3,0.16666666666666666,0.05302797613687621
"Texas County, Oklahoma",40139,0.048685615435925124,1,0.09999999999999994,0.017802482777070507
"Tillman County, Oklahoma",40141,0.031474288609305075,1,0.1333333333333333,-0.11584123962459189
"Tulsa County, Oklahoma",40143,0.16378633221481836,4,0.09999999999999994,0.031008319066079842
"Wagoner County, Oklahoma",40145,0.07136921647759313,2,0.06666666666666672,0.03689448994128354
"Washington County, Oklahoma",40147,0.09039819476564297,3,0.1333333333333333,0.10188888918570203
"Washita County, Oklahoma",40149,0.07364975450081833,2,0.0,-0.027019326802358166
"Woods County, Oklahoma",40151,0.13898996453982895,4,0.20000000000000004,0.03481364679364657
"Woodward County, Oklahoma",40153,0.07802214767926567,2,0.033333333333333215,0.012454106774487265
"Baker County, Oregon",41001,0.16452582672861438,4,0.19999999999999987,0.0521182093132741
"Benton County, Oregon",41003,0.20917187917383928,4,0.2666666666666666,0.022289378887718717
"Clackamas County, Oregon",41005,0.15770801040226032,4,0.4333333333333334,0.021377144901560598
"Clatsop County, Oregon",41007,0.14260905166499077,4,0.3333333333333333,0.0014170079166677051
"Columbia County, Oregon",41009,0.07014514901323753,2,0.5333333333333332,0.022153771718771382
"Coos County, Oregon",41011,0.12560306743992355,4,0.2999999999999998,0.012937645094728794
"Crook County, Oregon",41013,0.175604817994546,4,0.2999999999999998,0.09934064116548327
"Curry County, Oregon",41015,0.2377201465559057,4,0.2666666666666669,0.006422853389151153
"Deschutes County, Oregon",41017,0.22495443285467379,4,0.3,0.038960707372939676
"Douglas County, Oregon",41019,0.1054072142703943,3,0.36666666666666686,0.006639552247463824
"Gilliam County, Oregon",41021,0.054222661225338566,1,0.4333333333333334,0.053015078733470354
"Grant County, Oregon",41023,0.09771497038554032,3,0.4666666666666668,0.029850040210038318
"Harney County, Oregon",41025,0.14865805082534658,4,0.03333333333333351,0.06661485888922032
"Hood River County, Oregon",41027,0.2277482046301958,4,0.16666666666666652,0.025253858172344466
"Jackson County, Oregon",41029,0.13379752587861865,4,0.4000000000000001,0.016204849186359848
"Jefferson County, Oregon",41031,0.07145560165975104,2,0.19999999999999987,0.04263760776306446
"Josephine County, Oregon",41033,0.14642186706428126,4,0.5333333333333332,-0.002761511950248531
"Klamath County, Oregon",41035,0.0797504447680473,2,0.4000000000000001,0.03142411850586178
"Lake County, Oregon",41037,0.139448947619372,4,0.3000000000000001,0.05201540376842191
"Lane County, Oregon",41039,0.14242186865981973,4,0.2666666666666666,0.016771111719220477
"Lincoln County, Oregon",41041,0.22079188587179877,4,0.3000000000000001,0.020367985796325153
"Linn County, Oregon",41043,0.06392407571054519,2,0.36666666666666653,0.028612529353621657
"Malheur County, Oregon",41045,0.09777754833380656,3,0.16666666666666666,0.0013246700580002717
"Marion County, Oregon",41047,0.11968539950562253,3,0.3333333333333333,0.0157987040986741
"Morrow County, Oregon",41049,0.0373856250644785,1,0.4333333333333333,0.0769985079853965
"Multnomah County, Oregon",41051,0.1152838159538792,3,0.4666666666666665,0.011457128743572223
"Polk County, Oregon",41053,0.08538323222983604,3,0.3000000000000001,0.041131725301692415
"Sherman County, Oregon",41055,0.09007981755986318,3,0.5000000000000001,0.040164159943875406
"Tillamook County, Oregon",41057,0.2109197128837648,4,0.2666666666666666,-0.02259911036753536
"Umatilla County, Oregon",41059,0.06433472660647882,2,0.2999999999999998,0.006114447985500978
"Union County, Oregon",41061,0.07986358220651384,2,0.36666666666666686,0.01351155775472039
"Wallowa County, Oregon",41063,0.2283448525639091,4,0.16666666666666666,0.10005253111987546
"Wasco County, Oregon",41065,0.08482904604703799,3,0.2999999999999998,0.06275658377002145
"Washington County, Oregon",41067,0.09237763636207821,3,0.5333333333333335,0.0031405250105608616
"Wheeler County, Oregon",41069,0.0918474687705457,3,0.16666666666666666,0.0737236302080838
"Yamhill County, Oregon",41071,0.1252192179352524,3,0.36666666666666686,0.009332219281486398
"Adams County, Pennsylvania",42001,0.07827182141274734,2,0.10000000000000009,-0.012459908929743873
"Allegheny County, Pennsylvania",42003,0.10750754811561743,3,0.0,0.017082693537624597
"Armstrong County, Pennsylvania",42005,0.053438958099223964,1,-0.06666666666666643,0.029997931281826654
"Beaver County, Pennsylvania",42007,0.04940544440387487,1,-0.19999999999999987,-0.03878015399513367
"Bedford County, Pennsylvania",42009,0.05303845963220229,1,-0.033333333333333215,0.007118045430365497
"Berks County, Pennsylvania",42011,0.07549446814395352,2,0.10000000000000024,0.011725899246357158
"Blair County, Pennsylvania",42013,0.08394624157773233,3,-0.10000000000000024,0.008585845214123745
"Bradford County, Pennsylvania",42015,0.06808748832820834,2,0.0,0.09040286293907136
"Bucks County, Pennsylvania",42017,0.13656051944939748,4,0.033333333333333215,0.02493315119801719
"Butler County, Pennsylvania",42019,0.08376974226900814,3,-0.06666666666666672,0.026568746392625117
"Cambria County, Pennsylvania",42021,0.04391287160117499,1,0.0,0.018461995097462245
"Cameron County, Pennsylvania",42023,0.04038751887267237,1,0.2333333333333334,0.009426252842612223
"Carbon County, Pennsylvania",42025,0.053549551873105936,1,-0.10000000000000024,-0.026491459604472595
"Centre County, Pennsylvania",42027,0.09910890778918724,3,-0.03333333333333336,0.007173883041337152
"Chester County, Pennsylvania",42029,0.18902683166156023,4,0.03333333333333336,0.026461700307259747
"Clarion County, Pennsylvania",42031,0.08109719120235472,2,-0.13333333333333316,-0.0018271666841794462
"Clearfield County, Pennsylvania",42033,0.05027794696159576,1,-0.13333333333333344,0.03374915854848824
"Clinton County, Pennsylvania",42035,0.0540432587127779,1,-0.09999999999999994,0.02994104947335667
"Columbia County, Pennsylvania",42037,0.05891998155261591,2,0.13333333333333344,0.018750065048178055
"Crawford County, Pennsylvania",42039,0.06925748674395144,2,-0.033333333333333215,0.0004483853875948126
"Cumberland County, Pennsylvania",42041,0.11669457734939362,3,0.06666666666666672,0.019123811779049166
"Dauphin County, Pennsylvania",42043,0.08160113214437885,2,0.20000000000000018,0.006438307795663912
"Delaware County, Pennsylvania",42045,0.1919548320739769,4,0.06666666666666672,0.002904993372945331
"Elk County, Pennsylvania",42047,0.10036345154154881,3,-0.033333333333333215,-0.000393740763166917
"Erie County, Pennsylvania",42049,0.082562082807423,3,-0.06666666666666672,0.01445315658367094
"Fayette County, Pennsylvania",42051,0.053107904960543094,1,-0.09999999999999994,0.015545098894595799
"Forest County, Pennsylvania",42053,0.06395508917918438,2,-0.03333333333333351,-0.00038916145946576167
"Franklin County, Pennsylvania",42055,0.06792785810234458,2,0.06666666666666658,0.00858879046157614
"Fulton County, Pennsylvania",42057,0.060079359916737136,2,0.0,-0.02770284010031858
"Greene County, Pennsylvania",42059,0.06055377913643836,2,-0.2666666666666666,0.05228651916635513
"Huntingdon County, Pennsylvania",42061,0.08694839097070976,3,-0.13333333333333344,0.015215708317231813
"Indiana County, Pennsylvania",42063,0.06429597508616393,2,-0.09999999999999994,-0.03504660215907749
"Jefferson County, Pennsylvania",42065,0.09343705677569089,3,0.0,0.009635032079145239
"Juniata County, Pennsylvania",42067,0.05500270065896078,1,0.3333333333333333,0.008095026846502346
"Lackawanna County, Pennsylvania",42069,0.10158304771738233,3,0.03333333333333351,0.008887019032991909
"Lancaster County, Pennsylvania",42071,0.10225266634552924,3,0.0,0.011588372755824012
"Lawrence County, Pennsylvania",42073,0.048854735164134716,1,-0.033333333333333215,-0.0027440531419095225
"Lebanon County, Pennsylvania",42075,0.08032168390458418,2,0.06666666666666658,0.011474885980494228
"Lehigh County, Pennsylvania",42077,0.0874680934538687,3,0.09999999999999994,0.016383768082446844
"Luzerne County, Pennsylvania",42079,0.08146225923787424,2,0.06666666666666672,0.01570572793095301
"Lycoming County, Pennsylvania",42081,0.08025485843725956,2,-0.033333333333333215,0.02156209319545521
"McKean County, Pennsylvania",42083,0.054741756476856106,1,-0.09999999999999994,-0.014504740203111374
"Mercer County, Pennsylvania",42085,0.07126441676425707,2,-0.03333333333333351,0.017051550586897876
"Mifflin County, Pennsylvania",42087,0.04765007354293069,1,-0.10000000000000009,0.027531767912721744
"Monroe County, Pennsylvania",42089,0.06394087011167966,2,-0.16666666666666666,0.017036162512722792
"Montgomery County, Pennsylvania",42091,0.2246479410999893,4,0.03333333333333336,0.013900506868861243
"Montour County, Pennsylvania",42093,0.05263557192863595,1,0.033333333333333215,0.04339284359260252
"Northampton County, Pennsylvania",42095,0.10090323093891312,3,0.06666666666666672,0.019430913165981317
"Northumberland County, Pennsylvania",42097,0.04480978385829377,1,0.06666666666666672,0.0393279296216747
"Perry County, Pennsylvania",42099,0.04653999265930715,1,0.033333333333333215,0.011135416316110825
"Philadelphia County, Pennsylvania",42101,0.08432501479544675,3,0.13333333333333316,0.013189430786482654
"Pike County, Pennsylvania",42103,0.07974295092015307,2,-0.033333333333333215,0.03318995700438077
"Potter County, Pennsylvania",42105,0.09170899258230716,3,-0.033333333333333215,-0.017404152999211737
"Schuylkill County, Pennsylvania",42107,0.05477492025168419,1,0.03333333333333351,0.016531837470307852
"Snyder County, Pennsylvania",42109,0.06646794891086881,2,0.033333333333333215,0.027761231252124572
"Somerset County, Pennsylvania",42111,0.08354408982918159,3,-0.09999999999999994,0.0002947776492335136
"Sullivan County, Pennsylvania",42113,0.12257487543574674,3,-0.16666666666666666,0.052734822250573646
"Susquehanna County, Pennsylvania",42115,0.0901250894383598,3,0.033333333333333215,-0.028816976428806804
"Tioga County, Pennsylvania",42117,0.06704323905669951,2,-0.03333333333333351,0.04306176971255308
"Union County, Pennsylvania",42119,0.1267357083015689,4,0.0,0.013059328771265815
"Venango County, Pennsylvania",42121,0.07447682400721503,2,-0.03333333333333351,-0.0007898978385630494
"Warren County, Pennsylvania",42123,0.06648496016106192,2,-0.03333333333333351,0.007998995454890917
"Washington County, Pennsylvania",42125,0.08044401350763984,2,-0.06666666666666672,0.03331703312335328
"Wayne County, Pennsylvania",42127,0.10049795465059107,3,-0.19999999999999987,0.025171888485071087
"Westmoreland County, Pennsylvania",42129,0.09898767955402295,3,-0.06666666666666672,0.01073728886917228
"Wyoming County, Pennsylvania",42131,0.07021257242016289,2,-0.16666666666666666,-0.02063926209193078
"York County, Pennsylvania",42133,0.08474353744293663,3,0.13333333333333316,0.01274643194304943
"Bristol County, Rhode Island",44001,0.2704459621028571,4,0.3,0.03176165042658141
"Kent County, Rhode Island",44003,0.08447341758698404,3,0.3999999999999999,0.009628475258107174
"Newport County, Rhode Island",44005,0.23116413096562877,4,0.3333333333333333,0.013787959921998477
"Providence County, Rhode Island",44007,0.08732654450697741,3,0.4666666666666668,0.01421427766448002
"Washington County, Rhode Island",44009,0.17250014276088124,4,0.2333333333333334,0.01953583786630104
"Abbeville County, South Carolina",45001,0.05574058336076849,1,0.36666666666666653,0.034911840023661114
"Aiken County, South Carolina",45003,0.09157246365005116,3,0.3999999999999999,0.021201266059435765
"Allendale County, South Carolina",45005,0.035317860746720484,1,0.36666666666666653,0.04034177601464754
"Anderson County, South Carolina",45007,0.07300477211510925,2,0.3999999999999999,0.025398741459671952
"Bamberg County, South Carolina",45009,0.08705048555741766,3,0.4000000000000001,0.0539067525106007
"Barnwell County, South Carolina",45011,0.03607116278773924,1,0.5333333333333332,0.06270815002164823
"Beaufort County, South Carolina",45013,0.36925959300553485,4,0.4333333333333334,0.03185513374351663
"Berkeley County, South Carolina",45015,0.09533007172157267,3,0.3666666666666667,0.07699688793102259
"Calhoun County, South Carolina",45017,0.06949034845730895,2,0.36666666666666653,0.04311348693896237
"Charleston County, South Carolina",45019,0.288842458337074,4,0.3,0.05372696327286394
"Cherokee County, South Carolina",45021,0.05274314331816656,1,0.5666666666666668,0.017153407367617127
"Chester County, South Carolina",45023,0.04249888405744648,1,0.5333333333333335,0.05910796498756066
"Chesterfield County, South Carolina",45025,0.03788511454689087,1,0.3999999999999999,-0.007514627477834282
"Clarendon County, South Carolina",45027,0.0764299460790263,2,0.6666666666666666,0.03993465776060197
"Colleton County, South Carolina",45029,0.08308381151910116,3,0.5,0.06282816962289851
"Darlington County, South Carolina",45031,0.06858334209327586,2,0.4333333333333333,-0.001347481702646653
"Dillon County, South Carolina",45033,0.023082401239998326,1,0.4666666666666668,0.007949035991690504
"Dorchester County, South Carolina",45035,0.047696463870950404,1,0.3333333333333333,0.06212383999776125
"Edgefield County, South Carolina",45037,0.06764746371823761,2,0.3,0.027247727637612146
"Fairfield County, South Carolina",45039,0.06736225075350473,2,0.2999999999999998,0.02551577659858467
"Florence County, South Carolina",45041,0.10310067571939822,3,0.4666666666666666,0.02335131631588119
"Georgetown County, South Carolina",45043,0.2793677623534489,4,0.6333333333333333,0.03440074299745027
"Greenville County, South Carolina",45045,0.1310928998276864,4,0.3999999999999999,0.04045432085417536
"Greenwood County, South Carolina",45047,0.07126932076590976,2,0.5333333333333335,0.03132002480008442
"Hampton County, South Carolina",45049,0.05158662505837268,1,0.4333333333333334,0.051161407209107376
"Horry County, South Carolina",45051,0.1436947160402385,4,0.4666666666666668,0.052909854737796476
"Jasper County, South Carolina",45053,0.11403464154679796,3,0.4000000000000001,0.061748701510332224
"Kershaw County, South Carolina",45055,0.06782831837602904,2,0.4000000000000001,0.06265384588190494
"Lancaster County, South Carolina",45057,0.07541136736685787,2,0.4333333333333334,0.06513486138310928
"Laurens County, South Carolina",45059,0.04786014114562243,1,0.4666666666666666,-0.0006725024480273638
"Lee County, South Carolina",45061,0.06654373446644753,2,0.3000000000000001,0.02435366742126044
"Lexington County, South Carolina",45063,0.07850918465566796,2,0.36666666666666653,0.034272735373918034
"McCormick County, South Carolina",45065,0.13876667172392868,4,0.4333333333333333,0.03841050833900797
"Marion County, South Carolina",45067,0.039216903983545146,1,0.3000000000000001,0.04374063770597047
"Marlboro County, South Carolina",45069,0.035098389762304096,1,0.3333333333333333,-0.0337284661181061
"Newberry County, South Carolina",45071,0.07570890624304721,2,0.5333333333333335,0.025784786674357227
"Oconee County, South Carolina",45073,0.1482128096919866,4,0.4000000000000001,0.03253207492000603
"Orangeburg County, South Carolina",45075,0.08606767368241271,3,0.5666666666666668,0.029113089479104896
"Pickens County, South Carolina",45077,0.15815214084906914,4,0.4333333333333333,0.04080877113773162
"Richland County, South Carolina",45079,0.10120457105814472,3,0.4666666666666665,0.030249821252617447
"Saluda County, South Carolina",45081,0.056449497418531724,1,0.3999999999999999,0.008579161477791615
"Spartanburg County, South Carolina",45083,0.11161472074838201,3,0.4666666666666665,0.02500763235960765
"Sumter County, South Carolina",45085,0.055982133881778244,1,0.5333333333333335,0.023300326420405908
"Union County, South Carolina",45087,0.029635479860579954,1,0.3333333333333333,-0.0021242456633690995
"Williamsburg County, South Carolina",45089,0.03777813236040095,1,1.0333333333333334,0.03133594397786699
"York County, South Carolina",45091,0.0844708418508914,3,0.4333333333333333,0.02910969867901482
"Aurora County, South Dakota",46003,0.11327796575412694,3,-0.03333333333333336,0.022827244524702507
"Beadle County, South Dakota",46005,0.12929509395212824,4,0.03333333333333336,0.01661742813146245
"Bennett County, South Dakota",46007,0.14566034005535786,4,0.0,0.05618061003732497
"Bon Homme County, South Dakota",46009,0.16956608678264348,4,0.03333333333333336,-0.0075728623240122975
"Brookings County, South Dakota",46011,0.16843440849134378,4,0.06666666666666672,0.026044310511996176
"Brown County, South Dakota",46013,0.19820903763216471,4,0.03333333333333336,-0.0009512340114488252
"Brule County, South Dakota",46015,0.17442156633011727,4,0.03333333333333329,0.006657217048964211
"Buffalo County, South Dakota",46017,0.14759340289464826,4,0.0,-0.024521440701323876
"Butte County, South Dakota",46019,0.18749406632721893,4,0.03333333333333329,0.0327984238160722
"Campbell County, South Dakota",46021,0.25852027204749556,4,0.3333333333333333,-0.20538328908837133
"Charles Mix County, South Dakota",46023,0.19034442526153142,4,0.03333333333333336,0.02549033245235777
"Clark County, South Dakota",46025,0.12781477957500792,4,-0.06666666666666658,0.010796722761148313
"Clay County, South Dakota",46027,0.10391329832802515,3,0.06666666666666672,0.030923415577919236
"Codington County, South Dakota",46029,0.14644407854259078,4,0.03333333333333336,0.012973361230014831
"Corson County, South Dakota",46031,0.19021324090935793,4,0.3333333333333332,-0.025687846018711893
"Custer County, South Dakota",46033,0.30561382635649204,4,-0.03333333333333336,0.053519889435317915
"Davison County, South Dakota",46035,0.1258100805117459,4,0.0,0.027051055050117494
"Day County, South Dakota",46037,0.2385953156247055,4,-0.1333333333333333,-0.009996125070791975
"Deuel County, South Dakota",46039,0.10164382952219948,3,0.0,0.032918567290210685
"Dewey County, South Dakota",46041,0.09523332331228913,3,-0.06666666666666672,-0.0015406842839198152
"Douglas County, South Dakota",46043,0.16111332801276934,4,0.0,0.005014898237462755
"Edmunds County, South Dakota",46045,0.18503171134679955,4,0.0,-0.19557459738017038
"Fall River County, South Dakota",46047,0.2171875492265524,4,0.16666666666666666,0.06293176828487328
"Faulk County, South Dakota",46049,0.2831109550561798,4,-0.06666666666666665,-0.08270389623565912
"Grant County, South Dakota",46051,0.13330818045745246,4,0.2333333333333334,0.06308705694790279
"Gregory County, South Dakota",46053,0.27013084870527887,4,0.10000000000000002,0.02188087831823896
"Haakon County, South Dakota",46055,0.38368138424821,4,-0.1333333333333334,-0.055904841097612915
"Hamlin County, South Dakota",46057,0.12360796937532625,3,-0.03333333333333329,0.032644945039112486
"Hand County, South Dakota",46059,0.22204458165646765,4,0.0,0.01934535044670945
"Hanson County, South Dakota",46061,0.09844769688905784,3,0.0,0.005305441867515538
"Harding County, South Dakota",46063,0.5086041070964388,4,0.0,0.023160890486622104
"Hughes County, South Dakota",46065,0.14228424083428898,4,0.0,0.016882395758852364
"Hutchinson County, South Dakota",46067,0.18508596828412202,4,-0.03333333333333336,0.01775610930540508
"Hyde County, South Dakota",46069,0.2119605053248825,4,-0.16666666666666666,0.02175665767852663
"Jackson County, South Dakota",46071,0.23130962972052643,4,-0.10000000000000009,0.04852486631228497
"Jerauld County, South Dakota",46073,0.22398781739331944,4,0.10000000000000002,-0.09945512112510124
"Jones County, South Dakota",46075,0.29232830820770517,4,0.03333333333333336,-0.030676425475844888
"Kingsbury County, South Dakota",46077,0.12974664855607393,4,0.1333333333333333,0.003757767062080736
"Lake County, South Dakota",46079,0.12410762909971955,3,0.0,0.045551598036626485
"Lawrence County, South Dakota",46081,0.30255781850930485,4,0.06666666666666665,0.034880891239418725
"Lincoln County, South Dakota",46083,0.15173500250964325,4,0.06666666666666665,0.03637531190874964
"Lyman County, South Dakota",46085,0.17310394668165577,4,0.0,-0.031059455413942633
"McCook County, South Dakota",46087,0.127517907241635,4,0.06666666666666665,0.04367258758815385
"McPherson County, South Dakota",46089,0.2162704945018766,4,0.033333333333333215,-0.09399541485781182
"Marshall County, South Dakota",46091,0.19189349936094555,4,0.0,0.05845435562958966
"Meade County, South Dakota",46093,0.1037444686168593,3,0.03333333333333336,0.042066108648218976
"Mellette County, South Dakota",46095,0.20134163409101877,4,0.06666666666666672,0.07790900590228765
"Miner County, South Dakota",46097,0.2551785942901037,4,0.1333333333333333,0.03983209654448692
"Minnehaha County, South Dakota",46099,0.11748537823193309,3,0.06666666666666665,-0.009835798822438964
"Moody County, South Dakota",46101,0.13647043466910325,4,0.0,0.03457674264707944
"Oglala Lakota County, South Dakota",46102,0.011041923345875929,1,0.36666666666666686,-0.01609478544794142
"Pennington County, South Dakota",46103,0.1769111368860023,4,0.03333333333333336,0.008976301272882443
"Perkins County, South Dakota",46105,0.3210915884314328,4,0.0,-0.010672083557563309
"Potter County, South Dakota",46107,0.14636271901660397,4,0.03333333333333336,-0.16287432613505345
"Roberts County, South Dakota",46109,0.12459335416141569,3,0.16666666666666666,0.03275262590886205
"Sanborn County, South Dakota",46111,0.12103233461880747,3,0.03333333333333329,0.03397725494006078
"Spink County, South Dakota",46115,0.1481070878838965,4,0.0,-0.01898022551893431
"Stanley County, South Dakota",46117,0.2702200371724924,4,-0.06666666666666665,-0.005643357148011835
"Sully County, South Dakota",46119,0.22390089137331923,4,0.03333333333333329,-0.18530193236714976
"Todd County, South Dakota",46121,0.02062336086004725,1,0.36666666666666653,0.0071969983931355385
"Tripp County, South Dakota",46123,0.24077456289318253,4,-0.03333333333333329,0.03575645134086693
"Turner County, South Dakota",46125,0.12173386310202154,3,0.06666666666666665,0.050628891001525816
"Union County, South Dakota",46127,0.38666174628808053,4,0.0,0.00721293593322528
"Walworth County, South Dakota",46129,0.21775443257058907,4,0.033333333333333215,-0.04357807373758231
"Yankton County, South Dakota",46135,0.1270498619565579,4,0.06666666666666665,0.016474424993867916
"Ziebach County, South Dakota",46137,0.16616454229432212,4,-0.1333333333333333,0.007520258815112065
"Anderson County, Tennessee",47001,0.1079415894505231,3,0.0,0.025572093393182584
"Bedford County, Tennessee",47003,0.10478552351883141,3,0.1333333333333333,0.03484296752579189
"Benton County, Tennessee",47005,0.053366364835692015,1,-0.03333333333333351,0.03208161444977144
"Bledsoe County, Tennessee",47007,0.07272370072929744,2,-0.03333333333333336,0.07150571717029419
"Blount County, Tennessee",47009,0.1340769574487865,4,-0.03333333333333336,0.048419738379920405
"Bradley County, Tennessee",47011,0.08262968295193616,3,0.06666666666666658,0.016737925182029784
"Campbell County, Tennessee",47013,0.05014581289373613,1,-0.06666666666666658,0.03755054309937707
"Cannon County, Tennessee",47015,0.07164661218280576,2,0.03333333333333336,0.026229936849914412
"Carroll County, Tennessee",47017,0.07367799162557608,2,0.10000000000000009,0.0434153457364785
"Carter County, Tennessee",47019,0.06054295391789359,2,0.06666666666666658,0.019953975979630004
"Cheatham County, Tennessee",47021,0.07383471404331769,2,0.06666666666666658,0.03047335651682699
"Chester County, Tennessee",47023,0.036975369654193395,1,0.16666666666666652,0.02000018450354708
"Claiborne County, Tennessee",47025,0.05644924701740661,1,0.13333333333333316,0.017661043267870793
"Clay County, Tennessee",47027,0.0682966066818811,2,0.09999999999999994,0.09302155949440953
"Cocke County, Tennessee",47029,0.06167043774163088,2,0.0,0.03590050057736679
"Coffee County, Tennessee",47031,0.07639466950795655,2,0.10000000000000009,0.027938057409873922
"Crockett County, Tennessee",47033,0.03403920874060463,1,0.06666666666666672,0.01959958489447155
"Cumberland County, Tennessee",47035,0.17947867662425734,4,0.033333333333333215,0.04120395333142348
"Davidson County, Tennessee",47037,0.25525259278343365,4,0.06666666666666672,0.04657225872276172
"Decatur County, Tennessee",47039,0.050926224053920624,1,0.0,0.03537080387928549
"DeKalb County, Tennessee",47041,0.09150948531260449,3,0.16666666666666652,-0.01419772740042327
"Dickson County, Tennessee",47043,0.07332382003217673,2,0.03333333333333336,0.033273747232424045
"Dyer County, Tennessee",47045,0.061327966528694745,2,0.06666666666666672,-0.01811813305625191
"Fayette County, Tennessee",47047,0.08016443046724438,2,0.10000000000000009,0.05036103031799529
"Fentress County, Tennessee",47049,0.08471751511128192,3,-0.06666666666666658,0.0554274969755195
"Franklin County, Tennessee",47051,0.09953281823549041,3,0.06666666666666658,0.034519806628062255
"Gibson County, Tennessee",47053,0.04864388915770691,1,0.06666666666666658,-0.014022287814305175
"Giles County, Tennessee",47055,0.07687045005356517,2,0.19999999999999987,0.024188174279440647
"Grainger County, Tennessee",47057,0.045889225929670825,1,-0.03333333333333336,0.03618694079225803
"Greene County, Tennessee",47059,0.07837144409164688,2,0.2333333333333334,0.017098042419825467
"Grundy County, Tennessee",47061,0.0646289318826468,2,0.0,0.023535352772131847
"Hamblen County, Tennessee",47063,0.1912521781576901,4,0.033333333333333215,0.026027039591413052
"Hamilton County, Tennessee",47065,0.22546223830519416,4,0.0,0.014899921461847133
"Hancock County, Tennessee",47067,0.045243081244435525,1,0.16666666666666666,0.0365977658060091
"Hardeman County, Tennessee",47069,0.04956677940336132,1,0.2666666666666666,0.016870533827666567
"Hardin County, Tennessee",47071,0.1322643391198892,4,0.0,-0.009791821661389637
"Hawkins County, Tennessee",47073,0.05571073944486576,1,-0.033333333333333215,0.027772531563370735
"Haywood County, Tennessee",47075,0.05852350386684891,2,-0.20000000000000004,0.08816007776724787
"Henderson County, Tennessee",47077,0.05617639532680524,1,0.16666666666666652,-0.001232541093070659
"Henry County, Tennessee",47079,0.10179377776476702,3,-0.06666666666666672,-0.006318970530285024
"Hickman County, Tennessee",47081,0.056538699342364114,1,0.09999999999999994,0.015198883837715104
"Houston County, Tennessee",47083,0.03326646606486125,1,0.06666666666666658,0.02511947339997351
"Humphreys County, Tennessee",47085,0.06277171695187311,2,0.0,0.016385618067340974
"Jackson County, Tennessee",47087,0.056578351915086186,1,0.10000000000000009,0.013689838378426645
"Jefferson County, Tennessee",47089,0.13561700966528772,4,0.06666666666666672,0.023528482787845265
"Johnson County, Tennessee",47091,0.09145907188527805,3,0.2999999999999998,0.006880713666825809
"Knox County, Tennessee",47093,0.14718362456409315,4,0.03333333333333336,0.03704562701791529
"Lake County, Tennessee",47095,0.03222155954183297,1,-0.06666666666666672,-0.10757485181318795
"Lauderdale County, Tennessee",47097,0.05081303035604934,1,0.06666666666666672,-0.030118944187013608
"Lawrence County, Tennessee",47099,0.05701800657744782,1,0.20000000000000004,0.018044092978281447
"Lewis County, Tennessee",47101,0.05944076600424447,2,0.20000000000000004,0.05017434523872292
"Lincoln County, Tennessee",47103,0.08060331050307978,2,0.13333333333333344,0.05228122685244551
"Loudon County, Tennessee",47105,0.18870857917901043,4,0.033333333333333215,-0.005659382105456507
"McMinn County, Tennessee",47107,0.06011648149147475,2,0.10000000000000024,-0.014220861168378257
"McNairy County, Tennessee",47109,0.040310099169360604,1,0.13333333333333344,0.013805800529906974
"Macon County, Tennessee",47111,0.07244288808040776,2,0.06666666666666672,0.05342213243392856
"Madison County, Tennessee",47113,0.09160298478923688,3,0.03333333333333336,0.012741243319447492
"Marion County, Tennessee",47115,0.08009534846098736,2,0.033333333333333215,0.028312209271890702
"Marshall County, Tennessee",47117,0.08086945480947855,2,0.23333333333333325,0.009948160200709889
"Maury County, Tennessee",47119,0.10556613844444256,3,0.20000000000000004,0.0620943296208221
"Meigs County, Tennessee",47121,0.08407219634114511,3,0.13333333333333316,-0.0003564219736022631
"Monroe County, Tennessee",47123,0.09694298452953663,3,0.1333333333333333,0.06140812179204527
"Montgomery County, Tennessee",47125,0.0627150822868514,2,0.06666666666666672,0.038011424074244196
"Moore County, Tennessee",47127,0.05902980325608528,2,0.09999999999999994,-0.007598817002353043
"Morgan County, Tennessee",47129,0.029523287610570482,1,0.03333333333333336,0.05930618136957002
"Obion County, Tennessee",47131,0.12718930247083124,4,0.03333333333333336,0.0011503834740344775
"Overton County, Tennessee",47133,0.04741980474198047,1,0.06666666666666672,0.018008460123305398
"Perry County, Tennessee",47135,0.07639535338522314,2,-0.19999999999999987,0.05690593078408059
"Pickett County, Tennessee",47137,0.16919795112853986,4,0.13333333333333316,0.05481173361064171
"Polk County, Tennessee",47139,0.04896329617653641,1,0.06666666666666658,0.008623819411283934
"Putnam County, Tennessee",47141,0.14231718666807994,4,0.09999999999999994,0.02501772393063464
"Rhea County, Tennessee",47143,0.058383910469014894,2,0.03333333333333351,-0.006712974224989978
"Roane County, Tennessee",47145,0.08246788712450692,3,0.0,0.008879639362801343
"Robertson County, Tennessee",47147,0.0634353737084988,2,0.03333333333333336,0.025979791609680093
"Rutherford County, Tennessee",47149,0.07510937966427755,2,0.06666666666666658,0.033834104984786
"Scott County, Tennessee",47151,0.04085276513960648,1,-0.10000000000000024,0.026614551476182663
"Sequatchie County, Tennessee",47153,0.05627820379311433,1,0.0,0.030299768580808354
"Sevier County, Tennessee",47155,0.17962600563091252,4,-0.03333333333333336,0.0482459028315149
"Shelby County, Tennessee",47157,0.13807977330158117,4,0.06666666666666643,0.005417727175190422
"Smith County, Tennessee",47159,0.09200923254472014,3,0.1333333333333333,-0.027575871262113767
"Stewart County, Tennessee",47161,0.05478342088036658,1,0.09999999999999994,-0.05253482218214984
"Sullivan County, Tennessee",47163,0.09773329434230832,3,0.0,0.024346493862487783
"Sumner County, Tennessee",47165,0.12147408594063278,3,0.06666666666666672,0.046697588721649266
"Tipton County, Tennessee",47167,0.04154358835695024,1,0.09999999999999994,0.005678253285666126
"Trousdale County, Tennessee",47169,0.06253783018182699,2,0.20000000000000004,0.040157702219394346
"Unicoi County, Tennessee",47171,0.05145646260541833,1,0.23333333333333325,0.02126945141147371
"Union County, Tennessee",47173,0.04807883514881018,1,0.10000000000000009,0.0280252602833248
"Van Buren County, Tennessee",47175,0.07626629269097508,2,0.10000000000000009,-0.008698482203615491
"Warren County, Tennessee",47177,0.09983717412458726,3,-0.03333333333333336,0.009103495553388718
"Washington County, Tennessee",47179,0.09474902611708952,3,0.06666666666666658,0.02757192862928035
"Wayne County, Tennessee",47181,0.05124002013654575,1,-0.20000000000000018,0.059290965705314135
"Weakley County, Tennessee",47183,0.0814611593949852,2,0.19999999999999987,-0.04197706482599722
"White County, Tennessee",47185,0.08440948882793425,3,0.16666666666666666,0.013099845981883292
"Williamson County, Tennessee",47187,0.33046175028607044,4,0.09999999999999994,0.043036084154303364
"Wilson County, Tennessee",47189,0.10464969923636881,3,0.06666666666666658,0.04913319807002458
"Anderson County, Texas",48001,0.11289590258614403,3,0.03333333333333351,0.012160004663448763
"Andrews County, Texas",48003,0.04866117253717336,1,-0.03333333333333336,0.12507489493601884
"Angelina County, Texas",48005,0.23172981436577267,4,-0.033333333333333215,0.032147368497351954
"Aransas County, Texas",48007,0.2804234403013638,4,-0.16666666666666666,0.01032856526887706
"Archer County, Texas",48009,0.1265591577687209,4,0.06666666666666672,0.06444384031294012
"Armstrong County, Texas",48011,0.0700571596072109,2,0.06666666666666672,0.15167320617835678
"Atascosa County, Texas",48013,0.07931514468421967,2,0.06666666666666672,0.12725800587103017
"Austin County, Texas",48015,0.1503336902657071,4,-0.03333333333333336,0.030551900376227657
"Bailey County, Texas",48017,0.054532988766415276,1,0.033333333333333215,0.054862244812090816
"Bandera County, Texas",48019,0.2771051634894584,4,-0.033333333333333215,0.025350058296907653
"Bastrop County, Texas",48021,0.15769523539772878,4,0.06666666666666672,0.06478626196831612
"Baylor County, Texas",48023,0.12432718448373382,3,0.0,0.026907478505380413
"Bee County, Texas",48025,0.07827671178483422,2,-0.16666666666666666,0.07482587177796472
"Bell County, Texas",48027,0.06880602273292973,2,0.09999999999999994,0.0389812538747467
"Bexar County, Texas",48029,0.10897708255158475,3,0.09999999999999994,0.04458217392754488
"Blanco County, Texas",48031,0.3693043186111708,4,0.06666666666666672,0.04990886213076991
"Borden County, Texas",48033,0.11195158850226929,3,0.06666666666666658,0.20600384677168634
"Bosque County, Texas",48035,0.1599728516815336,4,-0.033333333333333215,0.04163321916924762
"Bowie County, Texas",48037,0.11705723311673973,3,-0.13333333333333316,0.027145969520512063
"Brazoria County, Texas",48039,0.05979486422344147,2,0.0,0.030450485977940926
"Brazos County, Texas",48041,0.13102805227990585,4,0.06666666666666672,0.03905615507833809
"Brewster County, Texas",48043,0.18902781804948193,4,0.0,0.049491568376925754
"Briscoe County, Texas",48045,0.1052490746108906,3,0.1333333333333333,-0.20105284995591513
"Brooks County, Texas",48047,0.009393700156752366,1,-0.033333333333333215,-0.02963610576829671
"Brown County, Texas",48049,0.13889887637068785,4,-0.03333333333333336,0.01872498067713343
"Burleson County, Texas",48051,0.13009661347460907,4,-0.03333333333333336,0.01972958442394376
"Burnet County, Texas",48053,0.3819210644764051,4,0.10000000000000009,0.03189640806447129
"Caldwell County, Texas",48055,0.10713871526761484,3,0.06666666666666672,0.05381870997513802
"Calhoun County, Texas",48057,0.06438237859779722,2,-0.09999999999999994,0.0264898531609828
"Callahan County, Texas",48059,0.11517126709003137,3,0.0,0.10027099636616735
"Cameron County, Texas",48061,0.04550273753973673,1,0.43333333333333357,0.04450268641004945
"Camp County, Texas",48063,0.057495363950749286,1,0.09999999999999994,0.03591374395995393
"Carson County, Texas",48065,0.09669120722831089,3,-0.03333333333333336,-0.002028066128412149
"Cass County, Texas",48067,0.0674956598659868,2,-0.033333333333333215,0.06083598118506688
"Castro County, Texas",48069,0.18397719805773874,4,-0.03333333333333336,0.06719860150070339
"Chambers County, Texas",48071,0.06153545636120895,2,0.0,0.04168047099383424
"Cherokee County, Texas",48073,0.09770340922218607,3,0.033333333333333215,0.04958815906739998
"Childress County, Texas",48075,0.0628039926483281,2,-0.09999999999999994,0.033943473283958824
"Clay County, Texas",48077,0.07784768399865524,2,-0.03333333333333336,0.12007726733431645
"Cochran County, Texas",48079,0.035089524593537764,1,-0.23333333333333325,0.027183571381557296
"Coke County, Texas",48081,0.11252265814617961,3,0.0,0.09417498869179662
"Coleman County, Texas",48083,0.1387042253521127,4,-0.03333333333333336,0.014550126591845217
"Collin County, Texas",48085,0.1236623723066308,3,0.20000000000000004,0.060878970036523976
"Collingsworth County, Texas",48087,0.08526199297502766,3,0.10000000000000009,0.0010461141724142126
"Colorado County, Texas",48089,0.21489733988149076,4,0.0,0.011847423028550276
"Comal County, Texas",48091,0.14769436647896841,4,0.06666666666666672,0.05191187949066818
"Comanche County, Texas",48093,0.25065176596039446,4,0.03333333333333336,0.06420376822691706
"Concho County, Texas",48095,0.18178100119969462,4,-0.10000000000000009,0.1489653226943924
"Cooke County, Texas",48097,0.18093785566204393,4,0.10000000000000009,0.08101472910321214
"Coryell County, Texas",48099,0.06025472646042451,2,0.09999999999999994,0.013984684764427257
"Cottle County, Texas",48101,0.030885780885780884,1,0.06666666666666658,0.1256187136528277
"Crane County, Texas",48103,0.015311904280832447,1,-0.20000000000000004,0.14993228640665676
"Crockett County, Texas",48105,0.066560118816996,2,-0.20000000000000004,0.04721163234387753
"Crosby County, Texas",48107,0.05437524449300581,1,0.03333333333333351,-0.05662855879407442
"Culberson County, Texas",48109,0.004064967209264512,1,0.1333333333333333,0.10063670466895455
"Dallam County, Texas",48111,0.09658296051082454,3,0.09999999999999994,0.03596886657170424
"Dallas County, Texas",48113,0.3130242172424687,4,0.09999999999999994,0.027735381349340282
"Dawson County, Texas",48115,0.0817155051267371,2,-0.09999999999999994,0.17500071740767456
"Deaf Smith County, Texas",48117,0.11429434749249778,3,0.09999999999999994,0.0462926509586245
"Delta County, Texas",48119,0.0778187223237234,2,-0.10000000000000024,0.08166872263221302
"Denton County, Texas",48121,0.10798701277231848,3,0.16666666666666666,0.041486288483406186
"DeWitt County, Texas",48123,0.2148186663200312,4,0.16666666666666666,0.05778424998515061
"Dickens County, Texas",48125,0.0380897361833237,1,-0.1333333333333333,0.03954197352972569
"Dimmit County, Texas",48127,0.038666507980587406,1,-0.2666666666666666,0.10255129201629445
"Donley County, Texas",48129,0.06423011706061411,2,0.20000000000000004,0.016717820974749047
"Duval County, Texas",48131,0.02957668851319778,1,-0.20000000000000018,-0.04215210022916581
"Eastland County, Texas",48133,0.1979334714898597,4,0.16666666666666666,0.02008953043413939
"Ector County, Texas",48135,0.04950835761665871,1,-0.09999999999999994,0.06952524264791594
"Edwards County, Texas",48137,0.20365218072808497,4,0.0,-0.012649793280026862
"Ellis County, Texas",48139,0.07451894437417174,2,0.1333333333333333,0.05639095643418233
"El Paso County, Texas",48141,0.055326597915214146,1,0.06666666666666672,0.05602852325584145
"Erath County, Texas",48143,0.15890300129270357,4,0.03333333333333336,0.05789486814070238
"Falls County, Texas",48145,0.08069933517706784,2,-0.10000000000000024,0.08272137276344141
"Fannin County, Texas",48147,0.1090310074362462,3,0.0,0.049816665549746605
"Fayette County, Texas",48149,0.2842428080363962,4,-0.06666666666666672,0.011557537075023862
"Fisher County, Texas",48151,0.09321945475413257,3,-0.03333333333333336,0.09665730765045162
"Floyd County, Texas",48153,0.09661793311162703,3,0.06666666666666658,-0.07183937973731412
"Foard County, Texas",48155,0.030290154182347942,1,-0.06666666666666658,0.013052703558822642
"Fort Bend County, Texas",48157,0.1152755961750711,3,0.1333333333333333,0.051277347739697915
"Franklin County, Texas",48159,0.12117607758184358,3,0.20000000000000004,0.07483310282292471
"Freestone County, Texas",48161,0.1284205960512156,4,-0.09999999999999994,0.033232115019467906
"Frio County, Texas",48163,0.03806876963660588,1,0.5333333333333335,0.05747869969447631
"Gaines County, Texas",48165,0.10514256684464537,3,-0.033333333333333215,0.0469089946982263
"Galveston County, Texas",48167,0.11442467445256846,3,0.0,0.05269777909707026
"Garza County, Texas",48169,0.21258932889151577,4,-0.03333333333333351,0.032292809819940656
"Gillespie County, Texas",48171,0.4534196688616625,4,0.03333333333333336,0.02282807031452829
"Glasscock County, Texas",48173,0.24213586375229684,4,-0.2666666666666668,0.17199506976664328
"Goliad County, Texas",48175,0.1298419429693706,4,-0.03333333333333351,-0.0365895741689884
"Gonzales County, Texas",48177,0.14235390420870428,4,0.06666666666666672,0.0700290755507117
"Gray County, Texas",48179,0.08658988789726021,3,0.0,0.04316581005476337
"Grayson County, Texas",48181,0.13648009837774466,4,0.06666666666666658,0.06314819016240687
"Gregg County, Texas",48183,0.13914227036903618,4,0.06666666666666643,0.03208123356450485
"Grimes County, Texas",48185,0.13250248043053553,4,0.0,0.041691435432545214
"Guadalupe County, Texas",48187,0.07452807702905324,2,0.1333333333333333,0.0945521462225498
"Hale County, Texas",48189,0.1408277386538256,4,0.03333333333333351,0.02066313023992771
"Hall County, Texas",48191,0.1471948212083847,4,0.19999999999999987,-0.06886820798921561
"Hamilton County, Texas",48193,0.3026278214904153,4,0.10000000000000009,0.04079779031738769
"Hansford County, Texas",48195,0.08459558551218428,3,0.20000000000000004,0.10337765999494088
"Hardeman County, Texas",48197,0.040615953402392664,1,0.06666666666666672,0.019774477447744774
"Hardin County, Texas",48199,0.06510590518105214,2,-0.19999999999999987,0.013847019088945384
"Harris County, Texas",48201,0.17975958978509748,4,0.09999999999999994,0.03916639186573607
"Harrison County, Texas",48203,0.13178791246894106,4,0.13333333333333316,0.011490765608578724
"Hartley County, Texas",48205,0.23849662541632888,4,0.10000000000000009,0.08550083353804021
"Haskell County, Texas",48207,0.0662884011715723,2,0.3,0.048630838762482566
"Hays County, Texas",48209,0.12948385304321589,4,0.09999999999999994,0.06974669844320217
"Hemphill County, Texas",48211,0.15596823919492758,4,0.3999999999999999,-0.06273949218163702
"Henderson County, Texas",48213,0.146583981527413,4,0.06666666666666672,0.04720600183429534
"Hidalgo County, Texas",48215,0.04223308682558721,1,-0.06666666666666672,0.020050507477965808
"Hill County, Texas",48217,0.11838406936306035,3,-0.03333333333333336,0.06706203889234359
"Hockley County, Texas",48219,0.059625161905903286,2,0.0,0.04222611346787594
"Hood County, Texas",48221,0.18858536081096583,4,0.0,0.048507399394045476
"Hopkins County, Texas",48223,0.10217556272845814,3,-0.10000000000000009,0.07492333179753276
"Houston County, Texas",48225,0.13266310038625917,4,-0.033333333333333215,0.02356414632405853
"Howard County, Texas",48227,0.09724127517533179,3,-0.3000000000000001,0.09977963745599334
"Hudspeth County, Texas",48229,0.016822059987685812,1,-0.19999999999999987,0.028738052249955296
"Hunt County, Texas",48231,0.06943649672701052,2,0.13333333333333344,0.04386843457088019
"Hutchinson County, Texas",48233,0.04373327324731222,1,0.0,0.13597915845266553
"Irion County, Texas",48235,0.0605143361060133,2,0.0,0.06322278633360615
"Jack County, Texas",48237,0.10835584602498614,3,0.3333333333333333,-0.045829365536149684
"Jackson County, Texas",48239,0.16857484541434517,4,0.09999999999999994,-0.0011234270379831064
"Jasper County, Texas",48241,0.06624858443195658,2,0.033333333333333215,0.02628239559351808
"Jeff Davis County, Texas",48243,0.5862692885429469,4,-0.3333333333333333,0.04200894207269725
"Jefferson County, Texas",48245,0.12510825375033524,3,-0.06666666666666672,0.04892098589528936
"Jim Hogg County, Texas",48247,0.017151321431355733,1,0.03333333333333351,0.011031802587975998
"Jim Wells County, Texas",48249,0.04830163973286789,1,-0.16666666666666666,0.023668380598731963
"Johnson County, Texas",48251,0.0826704373496068,3,0.10000000000000009,0.04138742530236503
"Jones County, Texas",48253,0.09512917619708275,3,-0.03333333333333336,-2.5900417212553933e-05
"Karnes County, Texas",48255,0.16530823752601947,4,-0.06666666666666672,0.05385338512941895
"Kaufman County, Texas",48257,0.053199177948343175,1,0.16666666666666652,0.05296825369928623
"Kendall County, Texas",48259,0.36682066905696864,4,0.06666666666666672,0.05735190921338221
"Kenedy County, Texas",48261,0.0,1,0.36666666666666653,-0.07061968629519395
"Kent County, Texas",48263,0.06232173416999429,2,0.3999999999999999,0.15701619469827197
"Kerr County, Texas",48265,0.2604917388461567,4,0.0,0.03270057719797301
"Kimble County, Texas",48267,0.2966854724964739,4,0.16666666666666666,0.012577731446247253
"King County, Texas",48269,0.0,1,0.5000000000000001,0.09217449348201665
"Kinney County, Texas",48271,0.09757788465704753,3,-0.09999999999999994,0.03817863582763562
"Kleberg County, Texas",48273,0.053308444878696126,1,-0.09999999999999994,0.036633513863110055
"Knox County, Texas",48275,0.0812211530939529,2,0.0,0.06524506549036359
"Lamar County, Texas",48277,0.10394976249899364,3,-0.10000000000000024,0.020431241945806096
"Lamb County, Texas",48279,0.0730230853792598,2,0.03333333333333336,0.03212191709763114
"Lampasas County, Texas",48281,0.19007375308193958,4,0.10000000000000009,0.039681199185590654
"La Salle County, Texas",48283,0.11089238131491652,3,0.3,0.07693501761113504
"Lavaca County, Texas",48285,0.13829926225295927,4,0.0,0.06433314226538091
"Lee County, Texas",48287,0.10364476237365693,3,-0.16666666666666652,0.07071705745109864
"Leon County, Texas",48289,0.19697517993256478,4,-0.3000000000000001,0.0753248710900678
"Liberty County, Texas",48291,0.06766893919057619,2,-0.06666666666666643,0.040433607797898945
"Limestone County, Texas",48293,0.08829732440564939,3,0.0,0.07082972209035439
"Lipscomb County, Texas",48295,0.11318274393630809,3,0.06666666666666672,0.02650159089951871
"Live Oak County, Texas",48297,0.11439954467842914,3,-0.06666666666666643,0.1643883800190679
"Llano County, Texas",48299,0.3682392414296134,4,-0.033333333333333215,0.0388562646866168
"Loving County, Texas",48301,0.0,1,-0.5666666666666667,0.1466097042673701
"Lubbock County, Texas",48303,0.1565985633521223,4,0.0,0.020371086245406934
"Lynn County, Texas",48305,0.060197451192255884,2,-0.1333333333333333,-0.035915875938593925
"McCulloch County, Texas",48307,0.16643857934180514,4,0.06666666666666672,0.015820811976045485
"McLennan County, Texas",48309,0.11396041110955349,3,0.09999999999999994,0.032357054201899056
"McMullen County, Texas",48311,0.27048590674252826,4,-0.2333333333333334,0.14927932559118742
"Madison County, Texas",48313,0.11926578148096084,3,0.16666666666666666,0.05784464425064101
"Marion County, Texas",48315,0.0861657042008332,3,0.0,0.03173360379080951
"Martin County, Texas",48317,0.1578301549158955,4,0.033333333333333215,0.17484021360375407
"Mason County, Texas",48319,0.5277352129941771,4,0.10000000000000009,0.02401448186877732
"Matagorda County, Texas",48321,0.0861810274967304,3,-0.13333333333333344,-0.004913888251820423
"Maverick County, Texas",48323,0.013236052260753863,1,0.4666666666666668,0.053068598051689404
"Medina County, Texas",48325,0.09374290506768777,3,0.10000000000000009,0.03090388258271446
"Menard County, Texas",48327,0.1331068804802907,4,0.1333333333333333,-0.010080286679523476
"Midland County, Texas",48329,0.26027885328638367,4,-0.09999999999999994,0.10543537168234494
"Milam County, Texas",48331,0.18787854669903298,4,0.06666666666666672,0.05344722418573106
"Mills County, Texas",48333,0.2737263852537306,4,-0.16666666666666666,0.09080948945222683
"Mitchell County, Texas",48335,0.04703163548921021,1,-0.033333333333333215,0.10174884808133933
"Montague County, Texas",48337,0.16222237393045694,4,0.09999999999999994,-0.007909629311547244
"Montgomery County, Texas",48339,0.16175660856476629,4,0.09999999999999994,0.03823498072897595
"Moore County, Texas",48341,0.06373742416491525,2,0.03333333333333336,0.07688514300696096
"Morris County, Texas",48343,0.05453016399119444,1,-0.09999999999999994,0.08066086565750863
"Motley County, Texas",48345,0.08930029948271168,3,0.10000000000000009,0.0944448837229734
"Nacogdoches County, Texas",48347,0.09493314422360853,3,0.09999999999999994,0.03389541897845386
"Navarro County, Texas",48349,0.10920065681846675,3,0.13333333333333316,0.04483714561714655
"Newton County, Texas",48351,0.028906260860700368,1,-0.06666666666666672,0.013585484442680804
"Nolan County, Texas",48353,0.14199235016502668,4,-0.16666666666666666,-0.004567514165982743
"Nueces County, Texas",48355,0.09608020208072053,3,-0.16666666666666666,0.03142393115951252
"Ochiltree County, Texas",48357,0.1126597156015597,3,0.03333333333333336,0.006257302019033592
"Oldham County, Texas",48359,0.045066062006715216,1,0.0,0.016904372981011714
"Orange County, Texas",48361,0.046756516766604514,1,-0.20000000000000018,0.04550114577341598
"Palo Pinto County, Texas",48363,0.1624979539526153,4,0.03333333333333336,0.009666539410458487
"Panola County, Texas",48365,0.08369374957514784,3,0.06666666666666672,-0.08529355607425582
"Parker County, Texas",48367,0.1328082194145797,4,0.09999999999999994,0.057749904420919713
"Parmer County, Texas",48369,0.12745394648379724,4,0.09999999999999994,0.03676022955227595
"Pecos County, Texas",48371,0.041939839320740524,1,-0.06666666666666672,0.013794927258706043
"Polk County, Texas",48373,0.13936868190116417,4,-0.13333333333333316,0.036777103635447214
"Potter County, Texas",48375,0.10169869104066406,3,0.0,0.001221027195083866
"Presidio County, Texas",48377,0.059796758872074855,2,-0.16666666666666666,0.036050429897202474
"Rains County, Texas",48379,0.1377940371696593,4,-0.06666666666666658,0.054893862991610955
"Randall County, Texas",48381,0.09817543569335051,3,0.0,0.029981938591210115
"Reagan County, Texas",48383,0.05334061965405816,1,0.16666666666666666,0.1431983713971627
"Real County, Texas",48385,0.37105433579143077,4,-0.09999999999999994,-0.012187473097782642
"Red River County, Texas",48387,0.16122980612863924,4,-0.2333333333333334,0.03641050703202924
"Reeves County, Texas",48389,0.032152075263674765,1,-0.4000000000000001,0.08733493031624816
"Refugio County, Texas",48391,0.08086348496768549,2,-0.06666666666666643,0.09972449964970746
"Roberts County, Texas",48393,0.060419596812001874,2,0.13333333333333316,-0.03307596164915223
"Robertson County, Texas",48395,0.12712789761031057,4,0.033333333333333215,0.03915719546404205
"Rockwall County, Texas",48397,0.1359045301940792,4,0.16666666666666666,0.07510854781208644
"Runnels County, Texas",48399,0.0890728199983279,3,0.06666666666666672,0.027635675216683617
"Rusk County, Texas",48401,0.07330556489793806,2,0.0,-0.03509420393483099
"Sabine County, Texas",48403,0.07303117261808335,2,-0.2666666666666666,0.07331982481404546
"San Augustine County, Texas",48405,0.10733932994394473,3,-0.03333333333333351,-0.13630738545036722
"San Jacinto County, Texas",48407,0.07011275649670849,2,-0.033333333333333215,0.035896941040239314
"San Patricio County, Texas",48409,0.05333628717566034,1,-0.3000000000000001,-0.011185940161917691
"San Saba County, Texas",48411,0.2732405267890681,4,0.03333333333333336,0.010114102281613592
"Schleicher County, Texas",48413,0.08774402558061259,3,0.13333333333333316,0.062116432591481315
"Scurry County, Texas",48415,0.12137302593265048,3,-0.09999999999999994,0.06778193004056848
"Shackelford County, Texas",48417,0.9969789338210391,4,0.033333333333333215,-0.000862864685150406
"Shelby County, Texas",48419,0.11929555712524094,3,0.0,0.053658943383088
"Sherman County, Texas",48421,0.1160610061809901,3,0.16666666666666666,0.02756056074146423
"Smith County, Texas",48423,0.13438611628910288,4,0.06666666666666672,0.034509474006408025
"Somervell County, Texas",48425,0.11253273667922555,3,0.0,0.025967799046469803
"Starr County, Texas",48427,0.00996770011459198,1,-0.39999999999999974,-0.01875302328560119
"Stephens County, Texas",48429,0.14911749838024108,4,-0.033333333333333215,0.03224841544997721
"Sterling County, Texas",48431,0.17554154893863652,4,0.0,0.01335712161760333
"Stonewall County, Texas",48433,0.21405434587007377,4,-0.06666666666666658,0.016800293536727223
"Sutton County, Texas",48435,0.17040114504300244,4,0.20000000000000018,-0.07209066839746693
"Swisher County, Texas",48437,0.0676792450971701,2,0.06666666666666672,0.020729751429519955
"Tarrant County, Texas",48439,0.16361099492284467,4,0.06666666666666658,0.038312698355632634
"Taylor County, Texas",48441,0.12382812345153733,3,0.0,0.03603742505688386
"Terrell County, Texas",48443,0.055397611891804074,1,-0.16666666666666666,-0.21115730377003164
"Terry County, Texas",48445,0.05147576259850534,1,0.033333333333333215,0.01643756096212549
"Throckmorton County, Texas",48447,0.14815734989648033,4,0.4333333333333333,0.1460820931257063
"Titus County, Texas",48449,0.10912619963337047,3,0.03333333333333336,0.05184304995064119
"Tom Green County, Texas",48451,0.1464080064271631,4,0.033333333333333215,0.02208445442361381
"Travis County, Texas",48453,0.36503523812647093,4,0.1333333333333333,0.048937494178379996
"Trinity County, Texas",48455,0.08371873565368201,3,-0.06666666666666672,0.011923039108173314
"Tyler County, Texas",48457,0.060113782500143056,2,-0.19999999999999987,0.07646030117075418
"Upshur County, Texas",48459,0.05951944899519119,2,0.03333333333333351,0.017053176163709903
"Upton County, Texas",48461,0.05608279731591119,1,-0.36666666666666664,0.14394262883360254
"Uvalde County, Texas",48463,0.1270900942667285,4,-0.03333333333333351,0.01937101192872901
"Val Verde County, Texas",48465,0.04357833965895119,1,0.13333333333333344,0.0160115003838515
"Van Zandt County, Texas",48467,0.09833669643075968,3,0.06666666666666658,0.048386314444183384
"Victoria County, Texas",48469,0.18385869196627055,4,0.0,0.022598241129548998
"Walker County, Texas",48471,0.12934115706306254,4,0.033333333333333215,0.037643096786233864
"Waller County, Texas",48473,0.1015002795635064,3,0.36666666666666686,0.061695539854769645
"Ward County, Texas",48475,0.036176944454941136,1,-0.3000000000000001,0.1243735366826401
"Washington County, Texas",48477,0.2309189356549688,4,0.0,0.04389128541564538
"Webb County, Texas",48479,0.06330107251390985,2,0.13333333333333316,0.04203541800978812
"Wharton County, Texas",48481,0.07589447175974084,2,0.0,0.037832560333257666
"Wheeler County, Texas",48483,0.12745789934780494,4,0.0,-0.07987021054388888
"Wichita County, Texas",48485,0.14576782582854103,4,0.0,0.013686015769425143
"Wilbarger County, Texas",48487,0.06894522866802023,2,-0.03333333333333336,0.037073162235362764
"Willacy County, Texas",48489,0.017965096611147594,1,-0.2333333333333334,-0.009540589587549194
"Williamson County, Texas",48491,0.09655841096279445,3,0.16666666666666666,0.0673756917089745
"Wilson County, Texas",48493,0.07652420853346423,2,0.06666666666666672,0.08004477930620388
"Winkler County, Texas",48495,0.030925174876170282,1,-0.23333333333333325,0.08926054981929331
"Wise County, Texas",48497,0.07938378455446006,2,0.10000000000000009,0.03183382722030313
"Wood County, Texas",48499,0.12548754548405697,3,0.03333333333333351,0.037767365075127964
"Yoakum County, Texas",48501,0.02518064936330395,1,-0.10000000000000009,0.11094074377083124
"Young County, Texas",48503,0.20117656987142665,4,0.03333333333333336,0.06159022901762226
"Zapata County, Texas",48505,0.02346881648191692,1,0.0,-0.037427129297176065
"Zavala County, Texas",48507,0.005509938722585002,1,0.13333333333333316,0.10531792903683378
"Beaver County, Utah",49001,0.06679118752391025,2,0.06666666666666672,-0.046761764223643226
"Box Elder County, Utah",49003,0.06337661873642536,2,0.3333333333333333,0.04804520259575706
"Cache County, Utah",49005,0.12565011720193336,4,0.3333333333333333,0.03707684028340345
"Carbon County, Utah",49007,0.04053239201153188,1,0.3333333333333333,-0.05629063990976548
"Daggett County, Utah",49009,0.057427013153673406,1,-0.03333333333333336,0.056032996945167536
"Davis County, Utah",49011,0.09557262309750149,3,0.36666666666666653,0.024296416613267847
"Duchesne County, Utah",49013,0.07939250416837831,2,0.19999999999999987,0.10250850961052384
"Emery County, Utah",49015,0.030867682101340315,1,0.2666666666666666,-0.015286618844521534
"Garfield County, Utah",49017,0.1655413194558809,4,0.2666666666666666,0.03899469146912346
"Grand County, Utah",49019,0.1352069752211859,4,0.3333333333333335,0.02258396554056675
"Iron County, Utah",49021,0.08761519378293166,3,0.2333333333333334,0.04549923221723029
"Juab County, Utah",49023,0.05928168754913933,2,0.4333333333333333,0.030748029133786634
"Kane County, Utah",49025,0.11524105069019998,3,0.3,0.0019816369343658297
"Millard County, Utah",49027,0.05768916054241055,2,0.3666666666666667,0.051865453001307134
"Morgan County, Utah",49029,0.17819527079610473,4,0.3666666666666667,0.022577557614567537
"Piute County, Utah",49031,0.026164940828402365,1,0.6,0.14908472863409816
"Rich County, Utah",49033,0.3827301166380078,4,0.1333333333333333,0.07477967392255018
"Salt Lake County, Utah",49035,0.16614089515924554,4,0.4000000000000001,0.027117351304603132
"San Juan County, Utah",49037,0.03238057430197168,1,0.16666666666666666,0.07628257759483051
"Sanpete County, Utah",49039,0.08337663826372703,3,0.3333333333333333,0.07833925359342944
"Sevier County, Utah",49041,0.07282374219316673,2,0.3,0.007846713665772906
"Summit County, Utah",49043,0.7192024056079425,4,0.20000000000000004,0.03617650583844126
"Tooele County, Utah",49045,0.027346052332634492,1,0.4666666666666666,0.044078873251497265
"Uintah County, Utah",49047,0.05863538725040251,2,0.13333333333333344,0.08886000494047416
"Utah County, Utah",49049,0.15241236367872307,4,0.4666666666666666,0.04586807302533591
"Wasatch County, Utah",49051,0.4171604185460736,4,0.3,0.03677353493487
"Washington County, Utah",49053,0.21893095597317022,4,0.2666666666666666,0.03617993423568097
"Wayne County, Utah",49055,0.12033502968617472,3,0.09999999999999994,0.026520730128977554
"Weber County, Utah",49057,0.08179254856407527,2,0.4000000000000001,0.033308296586788744
"Addison County, Vermont",50001,0.17498704907479457,4,0.1333333333333333,0.03802805400887548
"Bennington County, Vermont",50003,0.24345945268874566,4,0.10000000000000009,0.026269069209530507
"Caledonia County, Vermont",50005,0.12378729256268686,3,0.06666666666666658,0.027295742544775452
"Chittenden County, Vermont",50007,0.15290621932040915,4,0.1333333333333334,0.028941571697954572
"Essex County, Vermont",50009,0.051902117663999714,1,0.10000000000000009,-0.005931317790349898
"Franklin County, Vermont",50011,0.06419387877880786,2,0.06666666666666672,0.012705531321393418
"Grand Isle County, Vermont",50013,0.13231779405135533,4,0.1333333333333333,-0.00358080295399818
"Lamoille County, Vermont",50015,0.17311697374257554,4,0.06666666666666672,0.028390316011485704
"Orange County, Vermont",50017,0.11293984427903893,3,0.20000000000000004,0.03138500347145252
"Orleans County, Vermont",50019,0.10350863206111297,3,0.1333333333333333,0.024161448250403804
"Rutland County, Vermont",50021,0.10154042475617538,3,0.03333333333333336,0.03265087469849073
"Washington County, Vermont",50023,0.14455864881095587,4,0.10000000000000009,0.027747278313245874
"Windham County, Vermont",50025,0.15704888761185454,4,0.1333333333333333,0.010024353527225416
"Windsor County, Vermont",50027,0.21156442813238832,4,0.1333333333333333,0.017815436182290856
"Accomack County, Virginia",51001,0.09664162601190157,3,0.2666666666666666,-0.05962888662882264
"Albemarle County, Virginia",51003,0.42227229819689893,4,0.20000000000000004,
"Alleghany County, Virginia",51005,0.04609873011994509,1,0.16666666666666666,
"Amelia County, Virginia",51007,0.05195799359933099,1,0.20000000000000004,-0.003143750797906294
"Amherst County, Virginia",51009,0.04578194957817105,1,0.2333333333333334,0.009418201237228198
"Appomattox County, Virginia",51011,0.0399737386186283,1,0.19999999999999987,0.02966501121778319
"Arlington County, Virginia",51013,0.12549985108821152,3,0.3,0.01892088590106174
"Augusta County, Virginia",51015,0.09896938347107066,3,0.16666666666666666,
"Bath County, Virginia",51017,0.12947641002968482,4,0.03333333333333336,0.05477152883916634
"Bedford County, Virginia",51019,0.18698691546206692,4,0.19999999999999987,0.00975442027167667
"Bland County, Virginia",51021,0.06312274070132301,2,0.3,0.02172155926809865
"Botetourt County, Virginia",51023,0.08719333902919216,3,0.1333333333333333,0.022766664114092255
"Brunswick County, Virginia",51025,0.0618327259941184,2,0.36666666666666686,0.03966838080809936
"Buchanan County, Virginia",51027,0.029831967612036613,1,0.4333333333333333,-0.010450699591163029
"Buckingham County, Virginia",51029,0.054267958964247034,1,0.1333333333333333,0.02712781200074169
"Campbell County, Virginia",51031,0.05236271844129582,1,0.20000000000000004,
"Caroline County, Virginia",51033,0.035231015618884795,1,0.06666666666666658,0.0527131961517681
"Carroll County, Virginia",51035,0.06812275540012774,2,0.3999999999999999,
"Charles City County, Virginia",51036,0.16262452241244493,4,0.20000000000000004,0.0481372111741696
"Charlotte County, Virginia",51037,0.0797644711863316,2,0.3,0.013601717318373917
"Chesterfield County, Virginia",51041,0.08218617182583812,2,0.16666666666666666,0.03145159661082776
"Clarke County, Virginia",51043,0.1894127869839851,4,0.2333333333333334,0.0035470339125298293
"Craig County, Virginia",51045,0.06405798315807114,2,0.16666666666666666,-0.005798736670766784
"Culpeper County, Virginia",51047,0.08178213327657151,2,0.20000000000000004,0.03313986880827686
"Cumberland County, Virginia",51049,0.05622144152832312,1,0.06666666666666672,0.04123348217836407
"Dickenson County, Virginia",51051,0.017212515743154643,1,0.3,0.010065701454635319
"Dinwiddie County, Virginia",51053,0.044646639325405954,1,0.1333333333333333,
"Essex County, Virginia",51057,0.1045766763562872,3,0.20000000000000004,0.05453325065089197
"Fairfax County, Virginia",51059,0.19364838773181497,4,0.3000000000000001,
"Fauquier County, Virginia",51061,0.15499257656866525,4,0.19999999999999987,0.02655168898390141
"Floyd County, Virginia",51063,0.09028304523134656,3,0.2666666666666668,0.023613246665740596
"Fluvanna County, Virginia",51065,0.06595124293107221,2,0.16666666666666666,0.047526864700765524
"Franklin County, Virginia",51067,0.127183470053493,4,0.2333333333333334,0.01178467225266606
"Frederick County, Virginia",51069,0.0738051868203768,2,0.2333333333333334,
"Giles County, Virginia",51071,0.04492325281568513,1,0.4333333333333333,0.03603324608428042
"Gloucester County, Virginia",51073,0.08859582028458393,3,0.09999999999999994,0.03598726278182796
"Goochland County, Virginia",51075,0.32282980726788796,4,0.16666666666666666,-0.025895407248659557
"Grayson County, Virginia",51077,0.07806888798675951,2,0.2666666666666668,0.044414766224002915
"Greene County, Virginia",51079,0.051738158740268526,1,0.19999999999999987,0.036579581859973974
"Greensville County, Virginia",51081,0.0388008401756731,1,0.8333333333333334,
"Halifax County, Virginia",51083,0.06431049516085573,2,0.3000000000000001,0.028374408244514537
"Hanover County, Virginia",51085,0.10039959555312705,3,0.2333333333333334,0.03701287456343774
"Henrico County, Virginia",51087,0.11505090981285124,3,0.19999999999999987,-0.015552865395345838
"Henry County, Virginia",51089,0.05318991583597836,1,0.3999999999999999,
"Highland County, Virginia",51091,0.15028596294914834,4,-0.03333333333333336,0.06737400530503979
"Isle of Wight County, Virginia",51093,0.054095622685741966,1,0.19999999999999987,-0.006225204741980259
"James City County, Virginia",51095,0.18370692295231905,4,0.20000000000000004,
"King and Queen County, Virginia",51097,0.0757062628241993,2,0.20000000000000004,0.002676495387996014
"King George County, Virginia",51099,0.04466988916909558,1,0.2333333333333334,0.025097312505045266
"King William County, Virginia",51101,0.04001785619886167,1,0.1333333333333333,0.05167247368448712
"Lancaster County, Virginia",51103,0.40218287513221346,4,0.2333333333333334,0.024440675808444896
"Lee County, Virginia",51105,0.03677758318739054,1,0.2333333333333334,0.03443289045615886
"Loudoun County, Virginia",51107,0.09861963307938426,3,0.3,0.0505314224597666
"Louisa County, Virginia",51109,0.06333483127038213,2,0.2333333333333334,0.013062871065964737
"Lunenburg County, Virginia",51111,0.056470798976718674,1,0.19999999999999987,-0.018983285296599206
"Madison County, Virginia",51113,0.14575048608772936,4,0.20000000000000004,0.0316014883309067
"Mathews County, Virginia",51115,0.16013206108091674,4,0.20000000000000004,0.01080365853453762
"Mecklenburg County, Virginia",51117,0.08539385057429774,3,0.13333333333333344,0.03476899592306225
"Middlesex County, Virginia",51119,0.1460575358286524,4,0.09999999999999994,0.02067034938333147
"Montgomery County, Virginia",51121,0.1386743269313872,4,0.3333333333333333,
"Nelson County, Virginia",51125,0.204751686874693,4,0.16666666666666666,-0.0025544629926061435
"New Kent County, Virginia",51127,0.04561342665515105,1,0.20000000000000004,0.06572202880186276
"Northampton County, Virginia",51131,0.35907715301374443,4,0.2333333333333334,0.04459874768821217
"Northumberland County, Virginia",51133,0.22360775686855885,4,0.43333333333333357,0.010606230459748638
"Nottoway County, Virginia",51135,0.05516505910696245,1,0.1333333333333333,0.015925016094497202
"Orange County, Virginia",51137,0.10883626252867121,3,0.23333333333333325,0.023751294622413422
"Page County, Virginia",51139,0.06435242765018569,2,0.2666666666666666,0.02493414337355305
"Patrick County, Virginia",51141,0.05341013405088748,1,0.20000000000000004,0.01765165588791422
"Pittsylvania County, Virginia",51143,0.07046987865639974,2,0.23333333333333325,
"Powhatan County, Virginia",51145,0.13055221475162698,4,0.13333333333333344,0.03907745865970409
"Prince Edward County, Virginia",51147,0.08568253559234684,3,0.2666666666666669,0.01541197623006551
"Prince George County, Virginia",51149,0.043330495980139355,1,0.13333333333333344,
"Prince William County, Virginia",51153,0.04125313905692684,1,0.2333333333333334,
"Pulaski County, Virginia",51155,0.04929400230057206,1,0.7333333333333334,0.02748383724501573
"Rappahannock County, Virginia",51157,0.35625888355425506,4,0.20000000000000004,0.015103483916507008
"Richmond County, Virginia",51159,0.08161072346170536,2,0.2333333333333334,0.01561500892239219
"Roanoke County, Virginia",51161,0.12100852376109386,3,0.20000000000000004,
"Rockbridge County, Virginia",51163,0.15964811767149584,4,0.1333333333333333,
"Rockingham County, Virginia",51165,0.09806031983851794,3,0.20000000000000004,
"Russell County, Virginia",51167,0.04213873981315842,1,0.2999999999999998,0.024882715159791412
"Scott County, Virginia",51169,0.032903716731360826,1,0.16666666666666666,0.03462866525310428
"Shenandoah County, Virginia",51171,0.0937733761376387,3,0.2666666666666666,0.0027611919141967167
"Smyth County, Virginia",51173,0.03918215976601579,1,0.36666666666666653,0.013591304570039214
"Southampton County, Virginia",51175,0.043990162143497984,1,0.20000000000000004,
"Spotsylvania County, Virginia",51177,0.06384532379621043,2,0.23333333333333325,
"Stafford County, Virginia",51179,0.036089074226896854,1,0.23333333333333325,0.007560762197950223
"Surry County, Virginia",51181,0.02808076761006072,1,0.1333333333333333,0.016041355602625092
"Sussex County, Virginia",51183,0.052421866063371424,1,0.13333333333333344,-0.030835921051172815
"Tazewell County, Virginia",51185,0.07183293456614287,2,0.3333333333333333,0.04731693154484098
"Warren County, Virginia",51187,0.05846643790832395,2,0.19999999999999987,0.03972009678497915
"Washington County, Virginia",51191,0.13479242949979017,4,0.16666666666666666,
"Westmoreland County, Virginia",51193,0.0934832237126251,3,0.3333333333333333,0.029265605704774725
"Wise County, Virginia",51195,0.033756125253973944,1,0.2666666666666668,
"Wythe County, Virginia",51197,0.06453259978709575,2,0.4333333333333333,0.006713024593367227
"York County, Virginia",51199,0.08030316509932105,2,0.16666666666666666,
"Alexandria City, Virginia",51510,0.13836551035387964,4,0.3,-0.011253968637879985
"Bristol City, Virginia",51520,0.11196390542662168,3,0.19999999999999987,
"Buena Vista City, Virginia",51530,0.015592370875678685,1,0.09999999999999994,
"Charlottesville City, Virginia",51540,0.36474536584182216,4,0.1333333333333333,
"Chesapeake City, Virginia",51550,0.05107452150372324,1,0.16666666666666666,0.023034511461590954
"Colonial Heights City, Virginia",51570,0.06000585740473582,2,0.16666666666666666,
"Covington City, Virginia",51580,0.034233849439402025,1,0.2333333333333334,
"Danville City, Virginia",51590,0.07740498564809853,2,0.2333333333333334,
"Emporia City, Virginia",51595,0.030199237782816343,1,1.1333333333333335,
"Fairfax City, Virginia",51600,0.07883180332522959,2,0.23333333333333325,
"Falls Church City, Virginia",51610,0.19359279244791697,4,0.4333333333333333,
"Franklin City, Virginia",51620,0.0906127673508268,3,0.3000000000000001,
"Fredericksburg City, Virginia",51630,0.10226852300182009,3,0.2333333333333334,
"Galax City, Virginia",51640,0.08478716651599377,3,0.2333333333333334,
"Hampton City, Virginia",51650,0.03229509333097721,1,0.2333333333333334,0.02467491661252134
"Harrisonburg City, Virginia",51660,0.09762500082902792,3,0.2666666666666666,
"Hopewell City, Virginia",51670,0.021918632835598268,1,0.16666666666666666,
"Lexington City, Virginia",51678,0.17485935546603695,4,0.3666666666666667,
"Lynchburg City, Virginia",51680,0.14714219101044212,4,0.3,
"Manassas City, Virginia",51683,0.032474580191133834,1,0.16666666666666666,
"Manassas Park City, Virginia",51685,0.009833527727706499,1,0.2666666666666666,
"Martinsville City, Virginia",51690,0.11357372303299493,3,0.4000000000000001,
"Newport News City, Virginia",51700,0.041962311166484974,1,0.16666666666666666,0.022511014830211153
"Norfolk City, Virginia",51710,0.12899270837768265,4,0.20000000000000004,0.01771730950987559
"Norton City, Virginia",51720,0.024386095132059134,1,0.16666666666666666,
"Petersburg City, Virginia",51730,0.019369520057158668,1,0.09999999999999994,
"Poquoson City, Virginia",51735,0.11090768052189583,3,0.20000000000000004,
"Portsmouth City, Virginia",51740,0.0333725703179879,1,0.19999999999999987,-0.008999853650554208
"Radford City, Virginia",51750,0.039709609040052274,1,0.4333333333333333,
"Richmond City, Virginia",51760,0.2877040821313489,4,0.2333333333333334,0.0392180319962171
"Roanoke City, Virginia",51770,0.1285895268097246,4,0.20000000000000004,0.018139813162889918
"Salem City, Virginia",51775,0.12821537705519392,4,0.19999999999999987,
"Staunton City, Virginia",51790,0.1027379904385252,3,0.20000000000000004,
"Suffolk City, Virginia",51800,0.08729012259193095,3,0.2333333333333334,0.016789966465005832
"Virginia Beach City, Virginia",51810,0.16494783112649725,4,0.16666666666666666,0.03481863325534215
"Waynesboro City, Virginia",51820,0.07189449545877853,2,0.16666666666666666,
"Williamsburg City, Virginia",51830,0.14148598973876272,4,0.3333333333333335,
"Winchester City, Virginia",51840,0.09781150876989703,3,0.23333333333333325,
"Adams County, Washington",53001,0.050312194707556386,1,0.06666666666666672,0.07379480416184747
"Asotin County, Washington",53003,0.14354857502388554,4,-0.03333333333333336,0.029589611529104692
"Benton County, Washington",53005,0.08499095747143674,3,0.03333333333333351,0.022894774886693833
"Chelan County, Washington",53007,0.15940879017664022,4,0.06666666666666672,0.0431269011812598
"Clallam County, Washington",53009,0.21116859574508412,4,0.06666666666666672,0.028577789097614433
"Clark County, Washington",53011,0.13962686990032439,4,0.20000000000000004,0.020006360953696314
"Columbia County, Washington",53013,0.11338916684794431,3,0.10000000000000009,0.023945025370451137
"Cowlitz County, Washington",53015,0.08785488283374822,3,0.16666666666666666,0.007098284504903455
"Douglas County, Washington",53017,0.10434215175039432,3,0.13333333333333344,0.04115756586196778
"Ferry County, Washington",53019,0.09842768826364212,3,0.0,0.039516880736843764
"Franklin County, Washington",53021,0.06498955460737878,2,0.13333333333333344,0.016331370122059197
"Garfield County, Washington",53023,0.05607329430604048,1,-0.36666666666666653,0.002363049181718482
"Grant County, Washington",53025,0.07779931600736607,2,0.2666666666666666,0.04912166827225375
"Grays Harbor County, Washington",53027,0.08297608260817534,3,0.10000000000000024,0.03566282751447485
"Island County, Washington",53029,0.21124234669506153,4,0.06666666666666643,0.006384692633180698
"Jefferson County, Washington",53031,0.3445925879612986,4,0.06666666666666643,0.03959273890470561
"King County, Washington",53033,0.22127355381062447,4,0.3333333333333333,0.04535937818330318
"Kitsap County, Washington",53035,0.14295476863240103,4,0.06666666666666672,0.02912947236469709
"Kittitas County, Washington",53037,0.19109284094711576,4,0.03333333333333351,0.01604013073798361
"Klickitat County, Washington",53039,0.21083431097568417,4,0.06666666666666643,0.026511126580846915
"Lewis County, Washington",53041,0.09352816034653147,3,0.09999999999999994,0.04314025959371348
"Lincoln County, Washington",53043,0.09553595385028173,3,0.13333333333333316,0.009346039112367992
"Mason County, Washington",53045,0.11492424870503674,3,0.03333333333333351,0.03734985580936212
"Okanogan County, Washington",53047,0.16277495420121493,4,-0.13333333333333316,0.06418939310972487
"Pacific County, Washington",53049,0.14181818181818182,4,-0.06666666666666672,0.01296426409981776
"Pend Oreille County, Washington",53051,0.11026114792105542,3,0.0,0.05402644355443267
"Pierce County, Washington",53053,0.08383823064520231,3,0.2333333333333334,0.0182576255414755
"San Juan County, Washington",53055,0.5059467357034835,4,0.06666666666666658,0.026153380229534205
"Skagit County, Washington",53057,0.17907592235277714,4,0.0,0.030646198530591865
"Skamania County, Washington",53059,0.2124577116677642,4,0.16666666666666666,0.034274322411772765
"Snohomish County, Washington",53061,0.08082620492752217,2,0.20000000000000018,0.02941015669019816
"Spokane County, Washington",53063,0.1196483895120196,3,0.06666666666666672,0.02624076519732737
"Stevens County, Washington",53065,0.1079246166452066,3,0.03333333333333351,0.04722561135354836
"Thurston County, Washington",53067,0.10087069994406897,3,0.10000000000000024,0.041743586909435526
"Wahkiakum County, Washington",53069,0.15080003360981406,4,0.20000000000000018,0.019405708121142895
"Walla Walla County, Washington",53071,0.13415561444152482,4,0.033333333333333215,0.01997999868519132
"Whatcom County, Washington",53073,0.17834235720269337,4,0.10000000000000024,0.017937199083779425
"Whitman County, Washington",53075,0.07493904671745362,2,0.06666666666666658,-0.018945259289977198
"Yakima County, Washington",53077,0.09978104107214264,3,0.10000000000000024,-0.01918021553787912
"Barbour County, West Virginia",54001,0.028493089919006356,1,0.16666666666666666,0.10429880321412431
"Berkeley County, West Virginia",54003,0.03527194480827152,1,0.2666666666666668,0.03682239835157489
"Boone County, West Virginia",54005,0.01367431464072053,1,0.2666666666666666,0.08101190372564478
"Braxton County, West Virginia",54007,0.02565083632791293,1,-0.5,0.03087607601508364
"Brooke County, West Virginia",54009,0.0423526934057191,1,0.16666666666666666,-0.003324745056669101
"Cabell County, West Virginia",54011,0.07597544926710341,2,0.1333333333333333,0.027825560856235963
"Calhoun County, West Virginia",54013,0.020562770562770564,1,-0.13333333333333344,-0.004132501713580373
"Clay County, West Virginia",54015,0.012454836020011118,1,0.3333333333333333,0.08329679877163797
"Doddridge County, West Virginia",54017,0.05611058276287417,1,-0.06666666666666658,0.0003225720187994304
"Fayette County, West Virginia",54019,0.03949801723480516,1,0.09999999999999994,0.049989930407930365
"Gilmer County, West Virginia",54021,0.03801415457921659,1,0.0,0.014237479102877858
"Grant County, West Virginia",54023,0.05433604068919292,1,-0.03333333333333336,0.01466459231500754
"Greenbrier County, West Virginia",54025,0.09724975287559001,3,0.1333333333333333,-0.0013979249856226536
"Hampshire County, West Virginia",54027,0.04968473198687129,1,0.2333333333333334,-0.014724063688282144
"Hancock County, West Virginia",54029,0.036946123068661345,1,0.2333333333333334,0.01737760389272353
"Hardy County, West Virginia",54031,0.04656166466703377,1,0.1333333333333333,0.007762467028778724
"Harrison County, West Virginia",54033,0.060849758821895354,2,-0.03333333333333336,0.02850881410055429
"Jackson County, West Virginia",54035,0.041194722635655004,1,0.19999999999999987,0.02370737616129192
"Jefferson County, West Virginia",54037,0.061853931921221635,2,0.20000000000000004,0.06683464451973316
"Kanawha County, West Virginia",54039,0.06114158276573756,2,0.09999999999999994,0.02177350169765051
"Lewis County, West Virginia",54041,0.056073785439708215,1,0.0,0.020402498991919645
"Lincoln County, West Virginia",54043,0.01407632433643185,1,0.033333333333333215,0.02164160604424713
"Logan County, West Virginia",54045,0.022431365404561632,1,0.2333333333333334,0.0530871185478679
"McDowell County, West Virginia",54047,0.008055708020779625,1,0.9666666666666668,0.015460390358779953
"Marion County, West Virginia",54049,0.03529791919250617,1,0.0,0.03285471700933204
"Marshall County, West Virginia",54051,0.04900109242735176,1,-0.13333333333333344,0.010321612779846936
"Mason County, West Virginia",54053,0.029031425556134183,1,-0.09999999999999994,0.03204396237356342
"Mercer County, West Virginia",54055,0.047347562943216834,1,0.13333333333333344,0.019942340547358068
"Mineral County, West Virginia",54057,0.038435148295706066,1,0.19999999999999987,0.0014172629931450673
"Mingo County, West Virginia",54059,0.013982315999684684,1,0.4333333333333333,0.12387946282406428
"Monongalia County, West Virginia",54061,0.0668718251708911,2,-0.03333333333333336,0.0158431437561422
"Monroe County, West Virginia",54063,0.03867707680325222,1,0.3000000000000001,0.037499505634404025
"Morgan County, West Virginia",54065,0.05958132497143611,2,0.20000000000000004,-0.036466233845033676
"Nicholas County, West Virginia",54067,0.053312441240990285,1,0.3333333333333333,0.023833857916380256
"Ohio County, West Virginia",54069,0.114385373394632,3,-0.033333333333333215,0.02447878666473086
"Pendleton County, West Virginia",54071,0.06021851134578141,2,0.1333333333333333,0.0454788179191343
"Pleasants County, West Virginia",54073,0.03743675490217368,1,0.09999999999999994,-0.04434328330656625
"Pocahontas County, West Virginia",54075,0.11171809675492733,3,0.13333333333333344,-0.001961863261972571
"Preston County, West Virginia",54077,0.048410779063741576,1,-0.06666666666666672,-0.004813565693163901
"Putnam County, West Virginia",54079,0.05636664465128313,1,0.06666666666666672,0.026528397430668996
"Raleigh County, West Virginia",54081,0.06458804828106476,2,0.19999999999999987,0.035950414589537
"Randolph County, West Virginia",54083,0.070215855638695,2,0.09999999999999994,0.001259915395797156
"Ritchie County, West Virginia",54085,0.03485529160576813,1,0.16666666666666666,0.0021425337289578137
"Roane County, West Virginia",54087,0.032262881210192725,1,0.2666666666666666,0.002314525842726957
"Summers County, West Virginia",54089,0.0448946181029262,1,0.2666666666666666,0.002064872618056324
"Taylor County, West Virginia",54091,0.04075350756850855,1,0.0,0.024077184463328512
"Tucker County, West Virginia",54093,0.05465208844410508,1,0.0,-0.009891970167721583
"Tyler County, West Virginia",54095,0.039183226879054206,1,-0.20000000000000018,0.019003938644267106
"Upshur County, West Virginia",54097,0.06502119286655503,2,0.16666666666666666,0.044475914484567364
"Wayne County, West Virginia",54099,0.025914396887159533,1,0.13333333333333344,0.02275542831871939
"Webster County, West Virginia",54101,0.011367533436888504,1,0.5666666666666668,-0.008408884803467336
"Wetzel County, West Virginia",54103,0.07930020960923685,2,-0.19999999999999987,0.04199637084276953
"Wirt County, West Virginia",54105,0.019350274158363306,1,0.0,-0.06235288202681146
"Wood County, West Virginia",54107,0.06937132410307194,2,0.09999999999999994,0.012725353707573252
"Wyoming County, West Virginia",54109,0.009630157653604993,1,0.3000000000000001,0.08539064910312613
"Adams County, Wisconsin",55001,0.11533291844627638,3,0.06666666666666672,-0.001673556246155951
"Ashland County, Wisconsin",55003,0.05866486392836154,2,0.0,0.009724828503914961
"Barron County, Wisconsin",55005,0.07287644643968194,2,0.16666666666666666,0.02812513719156448
"Bayfield County, Wisconsin",55007,0.1305425613973973,4,-0.03333333333333351,0.013821725760306443
"Brown County, Wisconsin",55009,0.12013527339412239,3,0.1333333333333333,0.02254800357575886
"Buffalo County, Wisconsin",55011,0.10784369566018581,3,0.2333333333333334,0.011550177236412778
"Burnett County, Wisconsin",55013,0.10660076195689883,3,0.09999999999999994,0.02822885508663992
"Calumet County, Wisconsin",55015,0.0782579605616512,2,0.09999999999999994,0.01690012373397541
"Chippewa County, Wisconsin",55017,0.08709573057176498,3,0.16666666666666666,0.01754259519714497
"Clark County, Wisconsin",55019,0.10479158098624249,3,0.1333333333333333,0.027774486414522837
"Columbia County, Wisconsin",55021,0.08583625939409774,3,0.1333333333333333,0.033612828643939247
"Crawford County, Wisconsin",55023,0.14475672307336668,4,0.13333333333333316,-0.020945463205525126
"Dane County, Wisconsin",55025,0.1099995572575656,3,0.16666666666666666,0.030841204798118672
"Dodge County, Wisconsin",55027,0.08180453864139701,2,0.06666666666666672,0.0025280146895541433
"Door County, Wisconsin",55029,0.21802797792824297,4,0.06666666666666658,0.025763191811204348
"Douglas County, Wisconsin",55031,0.06380969841415345,2,0.16666666666666666,0.0037474401466892
"Dunn County, Wisconsin",55033,0.07427776818309045,2,0.16666666666666666,0.005109494356298197
"Eau Claire County, Wisconsin",55035,0.08109772148775714,2,0.1333333333333333,0.018681490224372023
"Florence County, Wisconsin",55037,0.07948015026906285,2,-0.03333333333333336,0.005689432171341332
"Fond du Lac County, Wisconsin",55039,0.11396716830892774,3,0.16666666666666666,-0.004128136533897486
"Forest County, Wisconsin",55041,0.09480220920126721,3,0.033333333333333215,0.034794059269859366
"Grant County, Wisconsin",55043,0.09991072276185801,3,0.20000000000000004,0.017737507779140328
"Green County, Wisconsin",55045,0.08381320410926145,3,0.06666666666666672,0.027680708619774386
"Green Lake County, Wisconsin",55047,0.10154159826552248,3,0.03333333333333336,0.02166012227488381
"Iowa County, Wisconsin",55049,0.10603666762845758,3,0.06666666666666658,0.02452467875371199
"Iron County, Wisconsin",55051,0.10318181024396207,3,0.2666666666666666,0.018132443212356086
"Jackson County, Wisconsin",55053,0.07813397463081556,2,0.033333333333333215,0.06371660088188931
"Jefferson County, Wisconsin",55055,0.08616963779137982,3,0.1333333333333333,0.012700345175794193
"Juneau County, Wisconsin",55057,0.05751957227420279,2,0.10000000000000009,-0.0054502872942529205
"Kenosha County, Wisconsin",55059,0.06302427726047952,2,0.09999999999999994,0.013318048507038003
"Kewaunee County, Wisconsin",55061,0.10403730755273441,3,0.1333333333333333,0.02236678256345946
"La Crosse County, Wisconsin",55063,0.0967287038551846,3,0.09999999999999994,0.004477236843420164
"Lafayette County, Wisconsin",55065,0.12655681525454635,4,0.03333333333333336,0.04579988006436833
"Langlade County, Wisconsin",55067,0.08555909621554546,3,0.09999999999999994,0.020876442424705714
"Lincoln County, Wisconsin",55069,0.07028006574502003,2,0.16666666666666666,0.007173258482797785
"Manitowoc County, Wisconsin",55071,0.11278261471777253,3,0.09999999999999994,0.014994983160354776
"Marathon County, Wisconsin",55073,0.09112741251167544,3,0.1333333333333333,0.01245052963082372
"Marinette County, Wisconsin",55075,0.06265087256457959,2,0.16666666666666652,-0.0007933709755533577
"Marquette County, Wisconsin",55077,0.07122133447953276,2,0.09999999999999994,0.019114334581953385
"Menominee County, Wisconsin",55078,0.03829614747453385,1,-0.13333333333333344,0.008499408711457017
"Milwaukee County, Wisconsin",55079,0.08065041430690822,2,0.16666666666666666,0.018736852702741655
"Monroe County, Wisconsin",55081,0.07940830349907003,2,0.09999999999999994,-0.001054325291396328
"Oconto County, Wisconsin",55083,0.0730748774654212,2,0.09999999999999994,-0.002411227057106456
"Oneida County, Wisconsin",55085,0.11744898598599901,3,0.03333333333333336,0.02522804961732446
"Outagamie County, Wisconsin",55087,0.09539672904135381,3,0.16666666666666666,0.014550225256805105
"Ozaukee County, Wisconsin",55089,0.2222636691981784,4,0.1333333333333333,0.02240739441061124
"Pepin County, Wisconsin",55091,0.08747209486545525,3,0.06666666666666672,-0.0021063405386230276
"Pierce County, Wisconsin",55093,0.09652300870599687,3,0.16666666666666666,0.0017266222831485338
"Polk County, Wisconsin",55095,0.09919425633022455,3,0.2666666666666666,0.014985474087979013
"Portage County, Wisconsin",55097,0.14336371108426293,4,0.10000000000000009,0.03017798657367808
"Price County, Wisconsin",55099,0.08769283195429849,3,0.36666666666666653,-0.002060736430859201
"Racine County, Wisconsin",55101,0.08938375339760496,3,0.1333333333333333,0.022586806209910226
"Richland County, Wisconsin",55103,0.10317252026244693,3,0.06666666666666672,0.036471341658661546
"Rock County, Wisconsin",55105,0.08984143871216996,3,0.03333333333333336,0.029392562272749327
"Rusk County, Wisconsin",55107,0.08454885916350596,3,0.3666666666666667,0.01704678216555169
"St. Croix County, Wisconsin",55109,0.10422141928406731,3,0.2666666666666668,0.020549769077229465
"Sauk County, Wisconsin",55111,0.09242616447289749,3,0.06666666666666658,0.010711580883719261
"Sawyer County, Wisconsin",55113,0.14102665708091094,4,0.0,0.02521528141205576
"Shawano County, Wisconsin",55115,0.08751139787332152,3,0.06666666666666672,0.011200200699965971
"Sheboygan County, Wisconsin",55117,0.09179135433508076,3,0.1333333333333333,0.01737564013199186
"Taylor County, Wisconsin",55119,0.06380043878256021,2,0.1333333333333333,0.006661435718709785
"Trempealeau County, Wisconsin",55121,0.0833180320332134,3,0.1333333333333333,0.014980589551256746
"Vernon County, Wisconsin",55123,0.09880935995663603,3,0.10000000000000009,0.011952596231381162
"Vilas County, Wisconsin",55125,0.26127206414043075,4,0.03333333333333336,0.05055891363749276
"Walworth County, Wisconsin",55127,0.15178811739835854,4,0.03333333333333336,0.020477461209175252
"Washburn County, Wisconsin",55129,0.13918587340908153,4,0.1333333333333333,0.01473127667830811
"Washington County, Wisconsin",55131,0.09662579351704824,3,0.1333333333333333,0.01753197808256376
"Waukesha County, Wisconsin",55133,0.12889650358525287,4,0.16666666666666666,0.013039725352067863
"Waupaca County, Wisconsin",55135,0.11105680070156271,3,0.10000000000000009,0.01603632855088592
"Waushara County, Wisconsin",55137,0.07656548847562755,2,0.1333333333333333,0.01890747161987564
"Winnebago County, Wisconsin",55139,0.09652173776956326,3,0.1333333333333333,0.00419929618085379
"Wood County, Wisconsin",55141,0.08669875300809451,3,0.16666666666666666,0.006429849082823498
"Albany County, Wyoming",56001,0.18721314583662507,4,-0.03333333333333336,0.051929514376183254
"Big Horn County, Wyoming",56003,0.19018532783542524,4,0.03333333333333351,0.05150200030769465
"Campbell County, Wyoming",56005,0.1510454136951242,4,0.033333333333333215,-0.0032024312944041885
"Carbon County, Wyoming",56007,0.1572803778257487,4,-0.06666666666666658,0.02364323184139961
"Converse County, Wyoming",56009,0.1052231047407323,3,-0.09999999999999994,0.08125634762268522
"Crook County, Wyoming",56011,0.3071463248262427,4,0.03333333333333336,0.024609455899630508
"Fremont County, Wyoming",56013,0.21755991903701166,4,0.0,0.026606642480640003
"Goshen County, Wyoming",56015,0.24826465467208358,4,0.1333333333333333,-0.009398818660415448
"Hot Springs County, Wyoming",56017,0.10614269188037614,3,0.20000000000000004,-0.03511778632211989
"Johnson County, Wyoming",56019,0.35640815881326354,4,-0.13333333333333344,0.033964649264820033
"Laramie County, Wyoming",56021,0.13243532004824304,4,-0.03333333333333336,0.031995325748200854
"Lincoln County, Wyoming",56023,0.2929843374034165,4,-0.03333333333333336,0.04491439998312026
"Natrona County, Wyoming",56025,0.16056479001608356,4,-0.10000000000000009,0.028103244664662765
"Niobrara County, Wyoming",56027,0.33883652518460705,4,0.19999999999999987,0.028864757148082284
"Park County, Wyoming",56029,0.3991899677921347,4,-0.033333333333333215,0.056017320083039356
"Platte County, Wyoming",56031,0.21945291258136276,4,0.033333333333333215,-0.013692987823451973
"Sheridan County, Wyoming",56033,0.32067672409427445,4,-0.03333333333333336,0.06282583131809286
"Sublette County, Wyoming",56035,0.2774816479274196,4,0.06666666666666658,-0.07920594658615566
"Sweetwater County, Wyoming",56037,0.053997371821466626,1,0.0,-0.029021115673487457
"Teton County, Wyoming",56039,2.798465773124988,4,-0.10000000000000009,0.016446619997281153
"Uinta County, Wyoming",56041,0.07822264183117718,2,0.1333333333333333,0.02036283130941857
"Washakie County, Wyoming",56043,0.14731362797688144,4,-0.06666666666666672,-0.0002950203467311262
"Weston County, Wyoming",56045,0.1563937965119582,4,0.09999999999999994,0.04091817255229943
