county_name,fips_code,data_tier,num_returns,capital_to_wage_ratio,capital_to_wage_ratio_normalized_mean,relative_move,low_return_flag,thin_claimer_flag,concentrated_gain_flag
"Autauga County, Alabama",01001,T3 mid (11.7k-100k),25750.0,0.040276845196403545,0.24901082461315652,0.30898568327756937,False,False,False
"Baldwin County, Alabama",01003,T4 large (>=100k),113660.0,0.17045951761640876,0.8969631053721214,0.23318471271171654,False,False,False
"Barbour County, Alabama",01005,T2 small (2.2k-11.7k),9590.0,0.07966588374567872,0.4290374689567716,0.2634376038347149,False,False,False
"Bibb County, Alabama",01007,T2 small (2.2k-11.7k),8220.0,0.02442911868898264,0.38835214845143556,0.9081423139607392,False,False,False
"Blount County, Alabama",01009,T3 mid (11.7k-100k),24370.0,0.039926745470781434,0.208764938358149,0.18250715904459583,False,False,False
"Bullock County, Alabama",01011,T2 small (2.2k-11.7k),3860.0,0.10161413761914702,0.4278071273276954,0.019219440943583535,False,False,False
"Butler County, Alabama",01013,T2 small (2.2k-11.7k),7650.0,0.05787818591493932,0.40103419791795825,0.538615962488358,False,False,False
"Calhoun County, Alabama",01015,T3 mid (11.7k-100k),48650.0,0.05601370321689172,0.3309248962993441,0.3404388700223094,False,False,False
"Chambers County, Alabama",01017,T3 mid (11.7k-100k),13950.0,0.042578009443888995,0.2795444529826306,0.44546246645235976,False,False,False
"Cherokee County, Alabama",01019,T2 small (2.2k-11.7k),10300.0,0.0656591030961203,0.3386793561079099,0.303362655710896,False,False,False
"Chilton County, Alabama",01021,T3 mid (11.7k-100k),18500.0,0.04564129534203516,0.229693167181121,0.23070703237754578,False,False,False
"Choctaw County, Alabama",01023,T2 small (2.2k-11.7k),4810.0,0.049168626338973606,0.2686021319855965,0.08529200921919254,False,False,False
"Clarke County, Alabama",01025,T2 small (2.2k-11.7k),9830.0,0.05270465103860736,0.36822319395313124,0.2792528444029305,False,False,False
"Clay County, Alabama",01027,T2 small (2.2k-11.7k),5670.0,0.036952423200621046,0.21420550609982345,0.35794749815222066,False,False,False
"Cleburne County, Alabama",01029,T2 small (2.2k-11.7k),6180.0,0.07483827952108041,0.27545095684448684,0.4522051345841188,False,False,False
"Coffee County, Alabama",01031,T3 mid (11.7k-100k),22770.0,0.0819786108347653,0.39591183582317746,0.004433569912677514,False,False,False
"Colbert County, Alabama",01033,T3 mid (11.7k-100k),24710.0,0.06580361661906388,0.3532138946699351,0.3941874970309053,False,False,False
"Conecuh County, Alabama",01035,T2 small (2.2k-11.7k),4690.0,0.04468360040700905,0.24871244337944,0.2594935543537603,False,False,False
"Coosa County, Alabama",01037,T2 small (2.2k-11.7k),4040.0,0.03769048233494678,0.1901810873635747,0.4435708036797876,False,False,False
"Covington County, Alabama",01039,T3 mid (11.7k-100k),14960.0,0.06466981101089792,0.2993548808142641,0.008178608855728879,False,False,False
"Crenshaw County, Alabama",01041,T2 small (2.2k-11.7k),5650.0,0.04751815712882936,0.22465391303028462,0.25299299480893045,False,False,False
"Cullman County, Alabama",01043,T3 mid (11.7k-100k),37040.0,0.07973605815826579,0.42645759371818104,0.3980368943074092,False,False,False
"Dale County, Alabama",01045,T3 mid (11.7k-100k),20610.0,0.03814177033367658,0.21459893971059724,0.3069478867747051,False,False,False
"Dallas County, Alabama",01047,T3 mid (11.7k-100k),14410.0,0.06282024812778017,0.4418708079846977,0.5205580060937486,False,False,False
"DeKalb County, Alabama",01049,T3 mid (11.7k-100k),28650.0,0.06061672750056588,0.33200659496727536,0.2560319022660957,False,False,False
"Elmore County, Alabama",01051,T3 mid (11.7k-100k),37720.0,0.07706734051355954,0.38417049447563373,0.23102546415938469,False,False,False
"Escambia County, Alabama",01053,T3 mid (11.7k-100k),14410.0,0.06997968669804024,0.3766389290440876,0.28794407173977105,False,False,False
"Etowah County, Alabama",01055,T3 mid (11.7k-100k),43030.0,0.07094768525137878,0.36893187830113466,0.06332040026233993,False,False,False
"Fayette County, Alabama",01057,T2 small (2.2k-11.7k),6210.0,0.03267383884676923,0.17552582897029553,0.3262518985385737,False,False,False
"Franklin County, Alabama",01059,T3 mid (11.7k-100k),12110.0,0.04324660477927217,0.24476745750383327,0.12563645357860728,False,False,False
"Geneva County, Alabama",01061,T2 small (2.2k-11.7k),10670.0,0.046930662398678304,0.23882187739001876,0.1776950784959501,False,False,False
"Greene County, Alabama",01063,T2 small (2.2k-11.7k),3110.0,0.042494807864068264,0.30588255522855007,0.37764088309742094,False,False,False
"Hale County, Alabama",01065,T2 small (2.2k-11.7k),6570.0,0.04971287286648588,0.21952139838378285,0.07828490021425343,False,False,False
"Henry County, Alabama",01067,T2 small (2.2k-11.7k),7500.0,0.0702246607844591,0.354023508592609,0.2048494752165136,False,False,False
"Houston County, Alabama",01069,T3 mid (11.7k-100k),46710.0,0.07299953334894985,0.5332180137632289,0.4317820564350152,False,False,False
"Jackson County, Alabama",01071,T3 mid (11.7k-100k),21850.0,0.059365968084197106,0.3530470015615469,0.3393154227642663,False,False,False
"Jefferson County, Alabama",01073,T4 large (>=100k),291230.0,0.1705160301898445,1.10370006638998,0.49045086962481027,False,False,True
"Lamar County, Alabama",01075,T2 small (2.2k-11.7k),5200.0,0.0337942843316986,0.3195597177876183,0.48911718118250463,False,False,False
"Lauderdale County, Alabama",01077,T3 mid (11.7k-100k),39790.0,0.12267133497033805,0.7483180754367131,0.3816605781636723,False,False,False
"Lawrence County, Alabama",01079,T3 mid (11.7k-100k),14010.0,0.025854791710959092,0.15729699560863425,0.5100970511409749,False,False,False
"Lee County, Alabama",01081,T3 mid (11.7k-100k),70490.0,0.10760175626218677,0.6091020971727801,0.2737992217307701,False,False,False
"Limestone County, Alabama",01083,T3 mid (11.7k-100k),48900.0,0.06255101395410476,0.34959085939339973,0.34884651766479285,False,False,False
"Lowndes County, Alabama",01085,T2 small (2.2k-11.7k),4500.0,0.10520820228959618,0.3768442080436718,0.1267447821651506,False,False,False
"Macon County, Alabama",01087,T2 small (2.2k-11.7k),6890.0,0.05023545673921702,0.2173829433786926,0.2163427095275491,False,False,False
"Madison County, Alabama",01089,T4 large (>=100k),188570.0,0.08664726169966633,0.6293607805939821,0.45435499746161756,False,False,False
"Marengo County, Alabama",01091,T2 small (2.2k-11.7k),8070.0,0.043237470304747984,0.2848343827093095,0.31749217675498453,False,False,False
"Marion County, Alabama",01093,T2 small (2.2k-11.7k),11320.0,0.048679570191726494,0.2813415147179688,0.40792958778893657,False,False,False
"Marshall County, Alabama",01095,T3 mid (11.7k-100k),41700.0,0.06752830454655406,0.47189570510823425,0.4543670609215331,False,False,False
"Mobile County, Alabama",01097,T4 large (>=100k),176680.0,0.09152782449353275,0.49779470186529623,0.31474382404284357,False,False,False
"Monroe County, Alabama",01099,T2 small (2.2k-11.7k),7780.0,0.048870695178998884,0.2960322984769806,0.23611794216313448,False,False,False
"Montgomery County, Alabama",01101,T3 mid (11.7k-100k),95540.0,0.13363175963766394,0.703148712075512,0.2603634055613727,False,False,False
"Morgan County, Alabama",01103,T3 mid (11.7k-100k),53920.0,0.08457154694153451,0.5515102294623387,0.27499463775571564,False,False,False
"Perry County, Alabama",01105,T2 small (2.2k-11.7k),3380.0,0.017554715687861162,0.13044762163443546,0.5422362733650858,False,False,False
"Pickens County, Alabama",01107,T2 small (2.2k-11.7k),7070.0,0.03656888779992145,0.3253292706895452,0.342118489298023,False,False,False
"Pike County, Alabama",01109,T3 mid (11.7k-100k),12710.0,0.08510271418081493,0.48441468902373924,0.46309708519576886,False,False,False
"Randolph County, Alabama",01111,T2 small (2.2k-11.7k),9350.0,0.08586802887704181,0.4030711744725341,0.05284379878001423,False,False,False
"Russell County, Alabama",01113,T3 mid (11.7k-100k),23420.0,0.03152394863510716,0.1948096839975796,0.3420498288159848,False,False,False
"St. Clair County, Alabama",01115,T3 mid (11.7k-100k),41050.0,0.053881658121592214,0.28594408054599024,0.020999451745639417,False,False,False
"Shelby County, Alabama",01117,T4 large (>=100k),104120.0,0.10690728151697866,0.7766566355083546,0.4924859728728504,False,False,False
"Sumter County, Alabama",01119,T2 small (2.2k-11.7k),4500.0,0.042002198021780394,0.2799761336171667,0.16425746948228523,False,False,False
"Talladega County, Alabama",01121,T3 mid (11.7k-100k),33500.0,0.04466591628510128,0.25453013101890515,0.23443996941845238,False,False,False
"Tallapoosa County, Alabama",01123,T3 mid (11.7k-100k),17410.0,0.10891586981029547,0.6393368577649514,0.37706410986058947,False,False,False
"Tuscaloosa County, Alabama",01125,T3 mid (11.7k-100k),84920.0,0.1076437247826816,0.6084976075614181,0.3153878490839446,False,False,False
"Walker County, Alabama",01127,T3 mid (11.7k-100k),25380.0,0.09026849044581528,0.7492006033838317,0.3457999139653207,False,False,False
"Washington County, Alabama",01129,T2 small (2.2k-11.7k),6410.0,0.035402846888135324,0.17991880028753107,0.4337218147132583,False,False,False
"Wilcox County, Alabama",01131,T2 small (2.2k-11.7k),4030.0,0.06612191154829215,0.43415824447675855,0.4941778313484637,False,False,False
"Winston County, Alabama",01133,T2 small (2.2k-11.7k),9330.0,0.047469789879159514,0.4439925540760649,0.5113497213965537,False,False,False
"Aleutians East Borough, Alaska",02013,T1 thin (<2.2k returns),710.0,0.025771458339717463,0.1467390866424176,0.008863790215907313,True,True,False
"Aleutians West Census Area, Alaska",02016,T1 thin (<2.2k returns),1930.0,0.015369234553403527,0.1119225038508697,0.23626726757702474,True,False,False
"Anchorage Municipality, Alaska",02020,T4 large (>=100k),143420.0,0.09427820834895875,0.6460602673950053,0.48443054154830895,False,False,False
"Bethel Census Area, Alaska",02050,T2 small (2.2k-11.7k),6580.0,0.029604990294805646,0.11610989508059966,0.00809912627836903,False,False,False
"Bristol Bay Borough, Alaska",02060,T1 thin (<2.2k returns),460.0,0.04550824837001707,0.2280875126520181,0.15606690833228704,True,True,False
"Chugach Census Area, Alaska",02063,T2 small (2.2k-11.7k),3390.0,0.08022414682605021,0.47139842379531915,0.25912434447278937,False,False,False
"Copper River Census Area, Alaska",02066,T1 thin (<2.2k returns),1420.0,0.05233621173446297,0.3575838797000246,0.5592578112239346,True,False,False
"Denali Borough, Alaska",02068,T1 thin (<2.2k returns),1140.0,0.04116139772486168,0.35985330083990597,0.5999792494824847,True,False,False
"Dillingham Census Area, Alaska",02070,T1 thin (<2.2k returns),1940.0,0.02916282032946316,0.244257823535215,0.540478807270191,True,False,False
"Fairbanks North Star Borough, Alaska",02090,T3 mid (11.7k-100k),45640.0,0.07927531316173943,0.42056690467184976,0.2515622041390281,False,False,False
"Haines Borough, Alaska",02100,T1 thin (<2.2k returns),1290.0,0.15796868318706603,1.2098870704476306,0.6014991038102089,True,False,False
"Hoonah-Angoon Census Area, Alaska",02105,T1 thin (<2.2k returns),940.0,0.09335646140503036,0.7489382723751689,0.7187466473873342,True,False,False
"Juneau City and Borough, Alaska",02110,T3 mid (11.7k-100k),16550.0,0.13365794762560007,0.671406701420737,0.09325197851587522,False,False,False
"Kenai Peninsula Borough, Alaska",02122,T3 mid (11.7k-100k),30030.0,0.1381000006994034,0.7297518044775054,0.2686271267807701,False,False,False
"Ketchikan Gateway Borough, Alaska",02130,T2 small (2.2k-11.7k),6870.0,0.12424479556256257,0.5708091965455857,0.13813581696193386,False,False,False
"Kodiak Island Borough, Alaska",02150,T2 small (2.2k-11.7k),6260.0,0.07068290561113527,0.5066039804780946,0.5971176634916134,False,False,False
"Kusilvak Census Area, Alaska",02158,T2 small (2.2k-11.7k),2840.0,0.005229855371900826,0.021039725314191196,0.6903069845216416,False,True,False
"Lake and Peninsula Borough, Alaska",02164,T1 thin (<2.2k returns),550.0,0.03174916190100572,0.19881416653607933,0.001989047531576915,True,True,False
"Matanuska-Susitna Borough, Alaska",02170,T3 mid (11.7k-100k),51190.0,0.0854558209921603,0.4226101898145612,0.19864674403929505,False,False,False
"Nome Census Area, Alaska",02180,T2 small (2.2k-11.7k),3640.0,0.01850414216285772,0.14624132734445233,0.4316574984266113,False,False,False
"North Slope Borough, Alaska",02185,T2 small (2.2k-11.7k),3170.0,0.05152142161635832,0.2564187107211807,0.8210876797961153,False,False,False
"Northwest Arctic Borough, Alaska",02188,T2 small (2.2k-11.7k),2210.0,0.006922514228621385,0.06782938780254708,0.4474796793208711,False,True,False
"Petersburg Borough, Alaska",02195,T1 thin (<2.2k returns),1870.0,0.1935328595294051,1.0345201611131276,0.17724118524029558,True,False,False
"Prince of Wales-Hyder Census Area, Alaska",02198,T2 small (2.2k-11.7k),2200.0,0.07526881720430108,0.5263694748410511,0.24976408723036558,False,False,False
"Sitka City and Borough, Alaska",02220,T2 small (2.2k-11.7k),4590.0,0.13817762399077277,0.8462294430838231,0.4203517292588635,False,False,False
"Skagway Municipality, Alaska",02230,T1 thin (<2.2k returns),640.0,0.034940066309614895,0.30827167413409967,0.5450678898058539,True,False,False
"Southeast Fairbanks Census Area, Alaska",02240,T2 small (2.2k-11.7k),3290.0,0.035308976312929216,0.2261992562747138,0.3925707814783884,False,False,False
"Wrangell City and Borough, Alaska",02275,T1 thin (<2.2k returns),1010.0,0.11570181545547047,0.6078674743561385,0.26088172140315696,True,False,False
"Yakutat City and Borough, Alaska",02282,T1 thin (<2.2k returns),260.0,0.07618530582699964,0.18307676001252254,0.7394616688719211,True,True,False
"Yukon-Koyukuk Census Area, Alaska",02290,T2 small (2.2k-11.7k),2270.0,0.02442289748062802,0.16662551377485565,0.4436423998252437,False,False,False
"Apache County, Arizona",04001,T3 mid (11.7k-100k),25370.0,0.023683869037341453,0.11570827167922763,0.22613114856385383,False,False,False
"Cochise County, Arizona",04003,T3 mid (11.7k-100k),56150.0,0.06949815509991518,0.44068375108097335,0.3802018634933871,False,False,False
"Coconino County, Arizona",04005,T3 mid (11.7k-100k),62460.0,0.15395505055966227,0.8217437031732991,0.15811990852381852,False,False,False
"Gila County, Arizona",04007,T3 mid (11.7k-100k),23090.0,0.1375164408544844,0.7429561586967461,0.4020037859718667,False,False,False
"Graham County, Arizona",04009,T3 mid (11.7k-100k),13100.0,0.027550992462579155,0.2045902906826001,0.5310463414818429,False,False,False
"Greenlee County, Arizona",04011,T2 small (2.2k-11.7k),3360.0,0.006326371435999653,0.06132489449259928,0.7066893645973289,False,False,False
"La Paz County, Arizona",04012,T2 small (2.2k-11.7k),7110.0,0.09617229336437719,0.5045690376570374,0.415812409082035,False,False,False
"Maricopa County, Arizona",04013,T4 large (>=100k),2109250.0,0.17238058268685832,1.0476016339560492,0.3323452134740066,False,False,True
"Mohave County, Arizona",04015,T3 mid (11.7k-100k),95190.0,0.14493493850351702,0.7875691109706422,0.35766339547497833,False,False,False
"Navajo County, Arizona",04017,T3 mid (11.7k-100k),45230.0,0.06355411223075491,0.35690923796329427,0.47857778011924695,False,False,False
"Pima County, Arizona",04019,T4 large (>=100k),488180.0,0.13481468884920972,0.9293972551830801,0.44831241098217295,False,False,False
"Pinal County, Arizona",04021,T4 large (>=100k),199400.0,0.07456765820251739,0.44657552916209137,0.35593474480735626,False,False,False
"Santa Cruz County, Arizona",04023,T3 mid (11.7k-100k),23640.0,0.11917057656579652,0.6371314196250173,0.13719429728725316,False,False,False
"Yavapai County, Arizona",04025,T4 large (>=100k),121890.0,0.25551329845413445,1.584303451860828,0.35060232199143987,False,False,False
"Yuma County, Arizona",04027,T3 mid (11.7k-100k),98780.0,0.05607572672928849,0.3360847479573786,0.2267386478328956,False,False,False
"Arkansas County, Arkansas",05001,T2 small (2.2k-11.7k),7340.0,0.0701897894743929,0.6405310735175239,0.575176262178494,False,False,False
"Ashley County, Arkansas",05003,T2 small (2.2k-11.7k),7360.0,0.039447016931499906,0.219056099608771,0.208344322080466,False,False,False
"Baxter County, Arkansas",05005,T3 mid (11.7k-100k),19020.0,0.13770873880813578,0.7830472931245799,0.22308517386761792,False,False,False
"Benton County, Arkansas",05007,T4 large (>=100k),138170.0,0.5507304733674733,4.076137543866634,0.6368964370480961,False,False,True
"Boone County, Arkansas",05009,T3 mid (11.7k-100k),16400.0,0.14405790188293358,0.6120710410617953,0.14866141112412132,False,False,False
"Bradley County, Arkansas",05011,T2 small (2.2k-11.7k),4090.0,0.028501746481202076,0.20582773776911473,0.3906940212461649,False,False,False
"Calhoun County, Arkansas",05013,T1 thin (<2.2k returns),1870.0,0.021660731959818432,0.16074042278094522,0.3461617970238171,True,False,False
"Carroll County, Arkansas",05015,T3 mid (11.7k-100k),12780.0,0.14800789599710323,0.7369635952958933,0.007438416623829181,False,False,False
"Chicot County, Arkansas",05017,T2 small (2.2k-11.7k),3600.0,0.0978877871708042,0.4555951263345347,0.3293173678810499,False,False,False
"Clark County, Arkansas",05019,T2 small (2.2k-11.7k),8430.0,0.05429190656538015,0.36826769919635993,0.32241820962606393,False,False,False
"Clay County, Arkansas",05021,T2 small (2.2k-11.7k),5800.0,0.05012147762707325,0.27714556309592825,0.20492510299398367,False,False,False
"Cleburne County, Arkansas",05023,T2 small (2.2k-11.7k),10960.0,0.09741261438137644,0.6244943038549955,0.3074689587528694,False,False,False
"Cleveland County, Arkansas",05025,T2 small (2.2k-11.7k),3100.0,0.06164221909127969,0.24732860341852633,0.18679860534052203,False,False,False
"Columbia County, Arkansas",05027,T2 small (2.2k-11.7k),8760.0,0.0623914927607502,0.4743612771109971,0.45370802496933793,False,False,False
"Conway County, Arkansas",05029,T2 small (2.2k-11.7k),8570.0,0.09924107577223115,0.4274940439182574,0.2978368760979931,False,False,False
"Craighead County, Arkansas",05031,T3 mid (11.7k-100k),46580.0,0.08491012983731513,0.5358464102480227,0.3000649043526585,False,False,False
"Crawford County, Arkansas",05033,T3 mid (11.7k-100k),25230.0,0.04276311661021933,0.2764916940728666,0.16342598525927815,False,False,False
"Crittenden County, Arkansas",05035,T3 mid (11.7k-100k),19990.0,0.05873600222573305,0.37345199136148527,0.09955774887479564,False,False,False
"Cross County, Arkansas",05037,T2 small (2.2k-11.7k),6740.0,0.03420429688670482,0.2876075749298419,0.2553173109551993,False,False,False
"Dallas County, Arkansas",05039,T2 small (2.2k-11.7k),2530.0,0.03083563320952045,0.22708768039781413,0.301706698774899,False,False,False
"Desha County, Arkansas",05041,T2 small (2.2k-11.7k),4440.0,0.0389279540403187,0.2547851117081781,0.6174441855746825,False,False,False
"Drew County, Arkansas",05043,T2 small (2.2k-11.7k),7120.0,0.07283134903881336,0.3388024851870643,0.0996072808210748,False,False,False
"Faulkner County, Arkansas",05045,T3 mid (11.7k-100k),54560.0,0.07101210610646252,0.41326776797531073,0.35943854418231386,False,False,False
"Franklin County, Arkansas",05047,T2 small (2.2k-11.7k),7040.0,0.05511841435368059,0.30718453300980225,0.3443800397044616,False,False,False
"Fulton County, Arkansas",05049,T2 small (2.2k-11.7k),4610.0,0.06941227472595529,0.36038191721711177,0.2975443843770554,False,False,False
"Garland County, Arkansas",05051,T3 mid (11.7k-100k),44830.0,0.252093298943918,1.0482090734410998,0.3145716973569791,False,False,False
"Grant County, Arkansas",05053,T2 small (2.2k-11.7k),7720.0,0.03401747951737701,0.22487224310727635,0.3659637702693408,False,False,False
"Greene County, Arkansas",05055,T3 mid (11.7k-100k),18720.0,0.050140693551974924,0.349896815384043,0.35944251495638124,False,False,False
"Hempstead County, Arkansas",05057,T2 small (2.2k-11.7k),8180.0,0.04046056457374516,0.22824894861855638,0.19659972878295964,False,False,False
"Hot Spring County, Arkansas",05059,T3 mid (11.7k-100k),12840.0,0.05303254292078134,0.2792490328770186,0.35578921472137087,False,False,False
"Howard County, Arkansas",05061,T2 small (2.2k-11.7k),5380.0,0.048777182777674614,0.29561868781489914,0.28007314015397755,False,False,False
"Independence County, Arkansas",05063,T3 mid (11.7k-100k),15390.0,0.06518799264280958,0.35847840340945736,0.2039398655015738,False,False,False
"Izard County, Arkansas",05065,T2 small (2.2k-11.7k),5170.0,0.07705596793605639,0.38061393402672994,0.3013003247936764,False,False,False
"Jackson County, Arkansas",05067,T2 small (2.2k-11.7k),5790.0,0.042555035534754725,0.2869562491062171,0.3816693089908607,False,False,False
"Jefferson County, Arkansas",05069,T3 mid (11.7k-100k),26570.0,0.041261440004475604,0.26307543391305244,0.3792882773209879,False,False,False
"Johnson County, Arkansas",05071,T2 small (2.2k-11.7k),10390.0,0.03578915617223437,0.20658676560764894,0.3377570885270986,False,False,False
"Lafayette County, Arkansas",05073,T2 small (2.2k-11.7k),2470.0,0.04082953883338009,0.1895981118042907,0.0766234326906136,False,False,False
"Lawrence County, Arkansas",05075,T2 small (2.2k-11.7k),6330.0,0.03758554968379104,0.2528268013103849,0.3973525303172084,False,False,False
"Lee County, Arkansas",05077,T2 small (2.2k-11.7k),2660.0,0.048510303522485025,0.29154786283566125,0.3628892494555508,False,False,False
"Lincoln County, Arkansas",05079,T2 small (2.2k-11.7k),3890.0,0.03846774518901037,0.18929437767297524,0.10304131784942207,False,False,False
"Little River County, Arkansas",05081,T2 small (2.2k-11.7k),4840.0,0.042127173206383824,0.19000851966125748,0.07715497643072806,False,False,False
"Logan County, Arkansas",05083,T2 small (2.2k-11.7k),8610.0,0.04770413281171632,0.2289614092168321,0.1096986099496705,False,False,False
"Lonoke County, Arkansas",05085,T3 mid (11.7k-100k),32030.0,0.05223142831688218,0.2720239098460325,0.19697331353225292,False,False,False
"Madison County, Arkansas",05087,T2 small (2.2k-11.7k),7270.0,0.07040064064818523,0.41052816755669275,0.22691439811991415,False,False,False
"Marion County, Arkansas",05089,T2 small (2.2k-11.7k),6900.0,0.151308760076566,0.6201855931661623,0.003472139239764542,False,False,False
"Miller County, Arkansas",05091,T3 mid (11.7k-100k),17580.0,0.07367734659123507,0.3372204182800294,0.10973751208988033,False,False,False
"Mississippi County, Arkansas",05093,T3 mid (11.7k-100k),15390.0,0.04318925744331172,0.21341109938882838,0.030762434832665643,False,False,False
"Monroe County, Arkansas",05095,T2 small (2.2k-11.7k),2740.0,0.05197256364222253,0.23370588121457408,0.1876951480371841,False,False,False
"Montgomery County, Arkansas",05097,T2 small (2.2k-11.7k),3370.0,0.06955953947052554,0.440407369536985,0.2628504326106159,False,False,False
"Nevada County, Arkansas",05099,T2 small (2.2k-11.7k),3260.0,0.02910343624629339,0.2442114765848471,0.5402532364401322,False,False,False
"Newton County, Arkansas",05101,T2 small (2.2k-11.7k),2980.0,0.10187828057684702,0.493826342082982,0.2728471592936778,False,False,False
"Ouachita County, Arkansas",05103,T2 small (2.2k-11.7k),9260.0,0.053412510022784465,0.31047033141840974,0.2689346317322275,False,False,False
"Perry County, Arkansas",05105,T2 small (2.2k-11.7k),4080.0,0.036818727993352424,0.2155886982474867,0.1466642596608348,False,False,False
"Phillips County, Arkansas",05107,T2 small (2.2k-11.7k),6170.0,0.030565570682882206,0.21138039540919054,0.36556289669150316,False,False,False
"Pike County, Arkansas",05109,T2 small (2.2k-11.7k),4140.0,0.07610950930990812,0.33584414977402377,0.07396672085409867,False,False,False
"Poinsett County, Arkansas",05111,T2 small (2.2k-11.7k),8670.0,0.03226812342432185,0.22940938010758666,0.4284517432960294,False,False,False
"Polk County, Arkansas",05113,T2 small (2.2k-11.7k),7600.0,0.09256165412381405,0.4035451067492227,0.023019945714374514,False,False,False
"Pope County, Arkansas",05115,T3 mid (11.7k-100k),26400.0,0.09375075014317018,0.4049799156501425,0.06157964569632137,False,False,False
"Prairie County, Arkansas",05117,T2 small (2.2k-11.7k),3220.0,0.08233452811521806,0.37082081717983784,0.03461889175146934,False,False,False
"Pulaski County, Arkansas",05119,T4 large (>=100k),181930.0,0.1385152395068474,1.0279707939353249,0.5520533990582805,False,False,False
"Randolph County, Arkansas",05121,T2 small (2.2k-11.7k),7300.0,0.05634926850370503,0.31632508383630376,0.2564871407805408,False,False,False
"St. Francis County, Arkansas",05123,T2 small (2.2k-11.7k),8040.0,0.035846831262777164,0.19819212887327903,0.22019976087515927,False,False,False
"Saline County, Arkansas",05125,T3 mid (11.7k-100k),56220.0,0.06379295143868291,0.37000665259752424,0.40363265366054846,False,False,False
"Scott County, Arkansas",05127,T2 small (2.2k-11.7k),3890.0,0.04118554462266553,0.23864082236086634,0.1848070719540024,False,False,False
"Searcy County, Arkansas",05129,T2 small (2.2k-11.7k),3110.0,0.09184017029965354,0.4734757467274961,0.15856637732323672,False,False,False
"Sebastian County, Arkansas",05131,T3 mid (11.7k-100k),55590.0,0.1524073189908477,0.7719797276557605,0.20053018064975944,False,False,False
"Sevier County, Arkansas",05133,T2 small (2.2k-11.7k),6400.0,0.04283583949322111,0.22036371838640853,0.204277909851045,False,False,False
"Sharp County, Arkansas",05135,T2 small (2.2k-11.7k),6740.0,0.07171934254561659,0.3927636423798343,0.07041482468833425,False,False,False
"Stone County, Arkansas",05137,T2 small (2.2k-11.7k),4890.0,0.0969657310142931,0.5088805830926554,0.25649144275247115,False,False,False
"Union County, Arkansas",05139,T3 mid (11.7k-100k),16330.0,0.1300213797654944,0.8509349310697066,0.33685560081805754,False,False,False
"Van Buren County, Arkansas",05141,T2 small (2.2k-11.7k),6620.0,0.07919542987108753,0.4569709435730072,0.20449681449447069,False,False,False
"Washington County, Arkansas",05143,T4 large (>=100k),110850.0,0.15109917582476035,0.8274211148295134,0.2771510172183295,False,False,False
"White County, Arkansas",05145,T3 mid (11.7k-100k),31490.0,0.06791402631796618,0.37340987116977525,0.057518305867571166,False,False,False
"Woodruff County, Arkansas",05147,T2 small (2.2k-11.7k),2390.0,0.0310926648665857,0.24867904567670074,0.46151722546144824,False,False,False
"Yell County, Arkansas",05149,T2 small (2.2k-11.7k),8310.0,0.049341450674095816,0.3434678219118066,0.38128172882384376,False,False,False
"Alameda County, California",06001,T4 large (>=100k),775600.0,0.10587429327049902,0.7781139572801749,0.465790516296634,False,False,False
"Alpine County, California",06003,T1 thin (<2.2k returns),470.0,0.20294582839066824,1.1134695826849432,0.11159211616652488,True,False,False
"Amador County, California",06005,T3 mid (11.7k-100k),18390.0,0.10110465082776782,0.7072528099013279,0.40746789440739944,False,False,False
"Butte County, California",06007,T3 mid (11.7k-100k),89320.0,0.10836389136437348,0.7493703795763684,0.39538313476705533,False,False,False
"Calaveras County, California",06009,T3 mid (11.7k-100k),21400.0,0.11911969404165033,0.846385744839899,0.43473679791155184,False,False,False
"Colusa County, California",06011,T2 small (2.2k-11.7k),10310.0,0.1227712255749639,0.8406521268624061,0.25199109616005105,False,False,False
"Contra Costa County, California",06013,T4 large (>=100k),554210.0,0.13156428721665828,0.9571738797312028,0.3737160073169473,False,False,False
"Del Norte County, California",06015,T2 small (2.2k-11.7k),10510.0,0.07427557627149782,0.44412111936736043,0.35819377357475013,False,False,False
"El Dorado County, California",06017,T3 mid (11.7k-100k),93340.0,0.14716163298716753,0.897034713489173,0.35443041337999603,False,False,False
"Fresno County, California",06019,T4 large (>=100k),430420.0,0.08993930602416524,0.4984265868739823,0.19430799802978072,False,False,False
"Glenn County, California",06021,T3 mid (11.7k-100k),12760.0,0.0917705181204614,0.6637835426744737,0.45825948065057576,False,False,False
"Humboldt County, California",06023,T3 mid (11.7k-100k),58940.0,0.12127680179743942,0.8130633373026119,0.45137600701303787,False,False,False
"Imperial County, California",06025,T3 mid (11.7k-100k),88790.0,0.03237329428697982,0.18126178530322906,0.32249556192469786,False,False,False
"Inyo County, California",06027,T2 small (2.2k-11.7k),8510.0,0.10245393480002465,0.6273357483956912,0.318092949324628,False,False,False
"Kern County, California",06029,T4 large (>=100k),375620.0,0.05881848306309756,0.40620212626088115,0.18861419569035512,False,False,False
"Kings County, California",06031,T3 mid (11.7k-100k),59620.0,0.06063854745562619,0.38578197394087466,0.2699106890819081,False,False,False
"Lake County, California",06033,T3 mid (11.7k-100k),26270.0,0.0882939235313469,0.5026034530808687,0.13114180999754238,False,False,False
"Lassen County, California",06035,T2 small (2.2k-11.7k),10600.0,0.035096931381403455,0.22994129584804207,0.35865092852444636,False,False,False
"Los Angeles County, California",06037,T4 large (>=100k),4691250.0,0.1497701463887964,1.111429707596555,0.4702663105156579,False,False,False
"Madera County, California",06039,T3 mid (11.7k-100k),67840.0,0.06901430582003507,0.4961724682426095,0.43150108301770457,False,False,False
"Marin County, California",06041,T4 large (>=100k),128760.0,0.3883258135026231,3.0375349711795474,0.4689286170763364,False,False,True
"Mariposa County, California",06043,T2 small (2.2k-11.7k),7490.0,0.08896693660238915,0.6079501891605512,0.45559453968690955,False,False,False
"Mendocino County, California",06045,T3 mid (11.7k-100k),39800.0,0.15825906393451097,1.0241710974016638,0.32268788709036283,False,False,False
"Merced County, California",06047,T4 large (>=100k),118450.0,0.07057501558936834,0.47929107343314364,0.21769963492731403,False,False,False
"Modoc County, California",06049,T2 small (2.2k-11.7k),3410.0,0.08376914377067442,0.5599312769022645,0.37371566646275023,False,False,False
"Mono County, California",06051,T2 small (2.2k-11.7k),6430.0,0.16045582706766917,0.925457306889121,0.22528340073111675,False,False,False
"Monterey County, California",06053,T4 large (>=100k),199960.0,0.16612856403589596,1.0348573971449169,0.4117789586652924,False,False,True
"Napa County, California",06055,T3 mid (11.7k-100k),67180.0,0.28965279676009015,1.7017174880276982,0.24628273208399132,False,False,True
"Nevada County, California",06057,T3 mid (11.7k-100k),50720.0,0.24251033992113927,1.6384741514622019,0.3422443307653653,False,False,False
"Orange County, California",06059,T4 large (>=100k),1551230.0,0.17953356991511765,1.2002702061857042,0.40155506865316354,False,False,False
"Placer County, California",06061,T4 large (>=100k),201610.0,0.1452747704955499,0.8583105026100357,0.3015064686400703,False,False,False
"Plumas County, California",06063,T2 small (2.2k-11.7k),8620.0,0.13831285840900154,0.9317983876205755,0.4655339658344174,False,False,False
"Riverside County, California",06065,T4 large (>=100k),1116770.0,0.07991898296521677,0.44678809523185253,0.2767454964680318,False,False,False
"Sacramento County, California",06067,T4 large (>=100k),732480.0,0.09309544951281834,0.4796682899748982,0.2054865890431785,False,False,False
"San Benito County, California",06069,T3 mid (11.7k-100k),31960.0,0.05113441751806347,0.36900579352070134,0.4320009541748317,False,False,False
"San Bernardino County, California",06071,T4 large (>=100k),986660.0,0.04853164516356735,0.28472481891509455,0.3638990193764769,False,False,False
"San Diego County, California",06073,T4 large (>=100k),1638340.0,0.14288200833263498,1.0054607156894328,0.448174657134879,False,False,False
"San Francisco County, California",06075,T4 large (>=100k),438440.0,0.2876875369132104,2.1937059022164274,0.47191944887403015,False,False,True
"San Joaquin County, California",06077,T4 large (>=100k),351000.0,0.05694434584395316,0.42236019894955,0.44302438803838123,False,False,False
"San Luis Obispo County, California",06079,T4 large (>=100k),133940.0,0.1878803258207632,1.2036020957926374,0.34101659048606536,False,False,False
"San Mateo County, California",06081,T4 large (>=100k),372720.0,0.2927152989822317,2.340920478694275,0.4770233526344852,False,False,True
"Santa Barbara County, California",06083,T4 large (>=100k),205340.0,0.3709815947687622,2.383268607553336,0.29453904590797547,False,False,True
"Santa Clara County, California",06085,T4 large (>=100k),925920.0,0.23163787270696637,1.5549749114015508,0.3481275431009097,False,False,True
"Santa Cruz County, California",06087,T4 large (>=100k),126700.0,0.17411563895429233,1.1148984337301713,0.32190498793529476,False,False,False
"Shasta County, California",06089,T3 mid (11.7k-100k),79910.0,0.09720732238991678,0.6488145317003184,0.39552659080339975,False,False,False
"Sierra County, California",06091,T1 thin (<2.2k returns),1290.0,0.08751604226367328,0.5555497635451723,0.22498793341970663,True,False,False
"Siskiyou County, California",06093,T3 mid (11.7k-100k),19090.0,0.12026044997383872,0.7726723310011722,0.3549416485058278,False,False,False
"Solano County, California",06095,T4 large (>=100k),214690.0,0.05658351494035021,0.32758078429220283,0.3049539728448183,False,False,False
"Sonoma County, California",06097,T4 large (>=100k),247770.0,0.18957745756202435,1.3004673315745894,0.43225543300701147,False,False,False
"Stanislaus County, California",06099,T4 large (>=100k),242390.0,0.0725633753394317,0.4975955980582437,0.4028897127054855,False,False,False
"Sutter County, California",06101,T3 mid (11.7k-100k),42790.0,0.07144352638223848,0.4966416179793266,0.4474736890153816,False,False,False
"Tehama County, California",06103,T3 mid (11.7k-100k),26850.0,0.059341271127136844,0.45481607450537814,0.4599090291150766,False,False,False
"Trinity County, California",06105,T2 small (2.2k-11.7k),4600.0,0.10821234119782214,0.8096227344880393,0.31607841768565587,False,False,False
"Tulare County, California",06107,T4 large (>=100k),196220.0,0.11572942097105424,0.5776992825353487,0.0316037197208996,False,False,True
"Tuolumne County, California",06109,T3 mid (11.7k-100k),24330.0,0.12833439385872317,0.8790157834389747,0.3256253126315018,False,False,False
"Ventura County, California",06111,T4 large (>=100k),409980.0,0.1447270547061696,0.9788340533294588,0.49100517095325574,False,False,False
"Yolo County, California",06113,T3 mid (11.7k-100k),94740.0,0.12527742965393035,0.7023550765412377,0.1512525604922082,False,False,False
"Yuba County, California",06115,T3 mid (11.7k-100k),34470.0,0.03492447903746684,0.22118085707375018,0.4056107968752973,False,False,False
"Adams County, Colorado",08001,T4 large (>=100k),268400.0,0.04757816896402176,0.3039507975094772,0.3577448670869004,False,False,False
"Alamosa County, Colorado",08003,T2 small (2.2k-11.7k),7400.0,0.0914239509345716,0.4582889936037537,0.02094942116784257,False,False,False
"Arapahoe County, Colorado",08005,T4 large (>=100k),337590.0,0.19971440891267078,1.2574658045880516,0.38275877480859755,False,False,True
"Archuleta County, Colorado",08007,T2 small (2.2k-11.7k),7440.0,0.3071660611083567,2.028456288200098,0.5237893285145953,False,False,False
"Baca County, Colorado",08009,T1 thin (<2.2k returns),1530.0,0.10670731707317073,0.8407227447950667,0.23599411869138057,True,False,False
"Bent County, Colorado",08011,T1 thin (<2.2k returns),1910.0,0.048840941512125535,0.3814069956918364,0.4664894275007282,True,False,False
"Boulder County, Colorado",08013,T4 large (>=100k),165140.0,0.33679330599533397,2.1824047354250387,0.4130855183530403,False,False,True
"Broomfield County, Colorado",08014,T3 mid (11.7k-100k),39580.0,0.10919456870528464,0.8267263092887968,0.5894225561110957,False,False,False
"Chaffee County, Colorado",08015,T2 small (2.2k-11.7k),11150.0,0.29227218277967687,1.8757426064811518,0.360899095333155,False,False,False
"Cheyenne County, Colorado",08017,T1 thin (<2.2k returns),810.0,0.15171255185655022,0.6998680874664018,0.37500064754299745,True,False,False
"Clear Creek County, Colorado",08019,T2 small (2.2k-11.7k),4920.0,0.16009610965122215,1.2714015378340953,0.686519637220632,False,False,False
"Conejos County, Colorado",08021,T2 small (2.2k-11.7k),3290.0,0.0720550270537893,0.3761470244743811,0.10174568020803834,False,False,False
"Costilla County, Colorado",08023,T1 thin (<2.2k returns),1610.0,0.042223864883632375,0.3469915449816638,0.45732828569342987,True,False,False
"Crowley County, Colorado",08025,T1 thin (<2.2k returns),1350.0,0.05821751384974244,0.40577696950947983,0.4463338902696982,True,False,False
"Custer County, Colorado",08027,T2 small (2.2k-11.7k),2660.0,0.253084419092068,1.7175945655986886,0.45891666040783174,False,False,False
"Delta County, Colorado",08029,T3 mid (11.7k-100k),15230.0,0.17657169834953607,1.0445121760094396,0.37556992399565087,False,False,False
"Denver County, Colorado",08031,T4 large (>=100k),389020.0,0.19884375968874599,1.4475459239029862,0.4829045208458853,False,False,True
"Dolores County, Colorado",08033,T1 thin (<2.2k returns),1010.0,0.07953791731151891,0.40251333440414633,0.24747550671015445,True,False,False
"Douglas County, Colorado",08035,T4 large (>=100k),190950.0,0.1402563405128081,0.9539713326816267,0.4360323568163634,False,False,False
"Eagle County, Colorado",08037,T3 mid (11.7k-100k),31820.0,0.47219736181918176,3.402395184324643,0.5332746676817324,False,False,True
"Elbert County, Colorado",08039,T3 mid (11.7k-100k),14100.0,0.1051288969120493,0.690843718789844,0.3552995510236071,False,False,False
"El Paso County, Colorado",08041,T4 large (>=100k),361510.0,0.09821495800726471,0.6717580651452157,0.3621221271280165,False,False,False
"Fremont County, Colorado",08043,T3 mid (11.7k-100k),20340.0,0.09448491680043124,0.5942161854828905,0.35075805719422604,False,False,False
"Garfield County, Colorado",08045,T3 mid (11.7k-100k),31340.0,0.21188667722100668,1.4561787692342811,0.4138133702366953,False,False,False
"Gilpin County, Colorado",08047,T2 small (2.2k-11.7k),2960.0,0.08083897866252408,0.5231586356817877,0.4925171939067794,False,False,False
"Grand County, Colorado",08049,T2 small (2.2k-11.7k),8340.0,0.2359089235814802,1.3292328742839525,0.27010789566561155,False,False,False
"Gunnison County, Colorado",08051,T2 small (2.2k-11.7k),9000.0,0.3105638914419648,1.9114623549085052,0.384434664789123,False,False,False
"Hinsdale County, Colorado",08053,T1 thin (<2.2k returns),420.0,0.11559961243198927,1.6815751230842921,0.6772517125262065,True,False,False
"Huerfano County, Colorado",08055,T2 small (2.2k-11.7k),3130.0,0.13672877938048905,0.9446271086983764,0.5814815919843075,False,False,False
"Jackson County, Colorado",08057,T1 thin (<2.2k returns),650.0,0.11660580021482277,0.802562470954377,0.42265713341438366,True,False,False
"Jefferson County, Colorado",08059,T4 large (>=100k),310360.0,0.13578428106548182,0.9162040216595246,0.41436602235998693,False,False,False
"Kiowa County, Colorado",08061,T1 thin (<2.2k returns),630.0,0.059657173707652854,0.38911677920044363,0.07550111419922277,True,False,False
"Kit Carson County, Colorado",08063,T2 small (2.2k-11.7k),3310.0,0.14868335252018644,0.9356209741171538,0.25984118903212433,False,False,False
"Lake County, Colorado",08065,T2 small (2.2k-11.7k),3800.0,0.07104007346711198,0.5127036780232075,0.4757233417576076,False,False,False
"La Plata County, Colorado",08067,T3 mid (11.7k-100k),28560.0,0.26652889763096865,1.8186032482877459,0.42289183596062296,False,False,False
"Larimer County, Colorado",08069,T4 large (>=100k),187340.0,0.15158958410333137,1.0961499257049787,0.44694908163106867,False,False,False
"Las Animas County, Colorado",08071,T2 small (2.2k-11.7k),6480.0,0.10018299300267451,0.6717556230574384,0.2943113520882915,False,False,False
"Lincoln County, Colorado",08073,T1 thin (<2.2k returns),2130.0,0.1342664140784685,0.6663996716198929,0.05129965009208527,True,False,False
"Logan County, Colorado",08075,T2 small (2.2k-11.7k),8750.0,0.08887625493020497,0.6008561362187759,0.3785206744854069,False,False,False
"Mesa County, Colorado",08077,T3 mid (11.7k-100k),77650.0,0.14634267008816765,0.8186730892711036,0.3042431179582611,False,False,False
"Mineral County, Colorado",08079,T1 thin (<2.2k returns),490.0,0.20908248378127897,0.9033009387314227,0.3156144453912708,True,False,False
"Moffat County, Colorado",08081,T2 small (2.2k-11.7k),6320.0,0.0554276914080959,0.3873745347072685,0.4566157213269886,False,False,False
"Montezuma County, Colorado",08083,T3 mid (11.7k-100k),12830.0,0.2047609178259857,0.9896039695634149,0.12825653013090405,False,False,False
"Montrose County, Colorado",08085,T3 mid (11.7k-100k),22260.0,0.1808290487309231,0.9550258955670614,0.19024598493270217,False,False,False
"Morgan County, Colorado",08087,T3 mid (11.7k-100k),14240.0,0.0550198907693345,0.41340629550611147,0.5188116557007004,False,False,False
"Otero County, Colorado",08089,T2 small (2.2k-11.7k),8110.0,0.06254286347346245,0.35708695943588775,0.22188556222710173,False,False,False
"Ouray County, Colorado",08091,T2 small (2.2k-11.7k),2970.0,0.3939428563747202,2.7178195806215806,0.5374234868312416,False,False,False
"Park County, Colorado",08093,T2 small (2.2k-11.7k),8530.0,0.11066166030353707,0.6528760752551255,0.14277816891898076,False,False,False
"Phillips County, Colorado",08095,T1 thin (<2.2k returns),2150.0,0.1358487869367921,0.6872876358657789,0.05790905732667235,True,False,False
"Pitkin County, Colorado",08097,T2 small (2.2k-11.7k),10520.0,1.5710921882009523,11.707294316915839,0.6640085917355706,False,False,True
"Prowers County, Colorado",08099,T2 small (2.2k-11.7k),5190.0,0.08973709027675568,0.5246793971097874,0.36001640076411323,False,False,False
"Pueblo County, Colorado",08101,T3 mid (11.7k-100k),78190.0,0.07484871005414588,0.49106025566764266,0.49533885008454787,False,False,False
"Rio Blanco County, Colorado",08103,T2 small (2.2k-11.7k),2860.0,0.08083836549695254,0.5965254964577928,0.6609493127847018,False,False,False
"Rio Grande County, Colorado",08105,T2 small (2.2k-11.7k),6250.0,0.10256264286777779,0.7470322960829032,0.5804326475693545,False,False,False
"Routt County, Colorado",08107,T3 mid (11.7k-100k),14000.0,0.6065634270939624,3.8389402299770694,0.48686159773372,False,False,True
"Saguache County, Colorado",08109,T2 small (2.2k-11.7k),2310.0,0.22920109341940664,1.4734808973262095,0.38412819211092664,False,False,False
"San Juan County, Colorado",08111,T1 thin (<2.2k returns),420.0,0.09475186649099693,0.5380078246416394,0.5120327532954239,True,False,False
"San Miguel County, Colorado",08113,T2 small (2.2k-11.7k),4520.0,1.0840067047761512,5.596141824960176,0.19121065398422862,False,False,True
"Sedgwick County, Colorado",08115,T1 thin (<2.2k returns),1120.0,0.07367081447963801,0.5434847399974554,0.36247384255355286,True,False,False
"Summit County, Colorado",08117,T3 mid (11.7k-100k),18050.0,0.27761760896309745,1.84456342689595,0.34422047213449747,False,False,True
"Teller County, Colorado",08119,T3 mid (11.7k-100k),12770.0,0.13511350210230416,0.7152590874401366,0.2178241840896124,False,False,False
"Washington County, Colorado",08121,T1 thin (<2.2k returns),2050.0,0.10818212496430704,0.7611999412544933,0.30757785904814006,True,False,False
"Weld County, Colorado",08123,T4 large (>=100k),168180.0,0.075562227278174,0.5343589652537402,0.41144308150864883,False,False,False
"Yuma County, Colorado",08125,T2 small (2.2k-11.7k),4480.0,0.1651290414742155,1.0034777437488491,0.39794344234332263,False,False,False
"Capitol Planning Region, Connecticut",09110,T4 large (>=100k),492650.0,0.10416911737534372,0.6488689610990633,0.3503011794907704,False,False,False
"Greater Bridgeport Planning Region, Connecticut",09120,T4 large (>=100k),157090.0,0.12785534893875108,0.8748859899866258,0.4601357703651393,False,False,False
"Lower Connecticut River Valley Planning Region, Connecticut",09130,T3 mid (11.7k-100k),93000.0,0.12983958001519563,0.7954590063312882,0.3274465525260331,False,False,False
"Naugatuck Valley Planning Region, Connecticut",09140,T4 large (>=100k),230060.0,0.06341312219000371,0.41442483382287876,0.4101877769052929,False,False,False
"Northeastern Connecticut Planning Region, Connecticut",09150,T3 mid (11.7k-100k),48600.0,0.05344856406339364,0.3548441440284413,0.42803021509448114,False,False,False
"Northwest Hills Planning Region, Connecticut",09160,T3 mid (11.7k-100k),58170.0,0.20676330017506936,1.430369963232687,0.47108080930219187,False,False,False
"South Central Connecticut Planning Region, Connecticut",09170,T4 large (>=100k),283470.0,0.1102579762365186,0.6633323916534108,0.3009937032592965,False,False,False
"Southeastern Connecticut Planning Region, Connecticut",09180,T4 large (>=100k),143120.0,0.08474467749359595,0.515607378940599,0.31755769928948274,False,False,False
"Western Connecticut Planning Region, Connecticut",09190,T4 large (>=100k),317030.0,0.42686131145956485,2.8119882516397263,0.4193220609352054,False,False,True
"Kent County, Delaware",10001,T3 mid (11.7k-100k),88490.0,0.04916110475125292,0.29598233333672647,0.2767373270848444,False,False,False
"New Castle County, Delaware",10003,T4 large (>=100k),280600.0,0.10544047479403827,0.6689901875827093,0.3314279346828752,False,False,False
"Sussex County, Delaware",10005,T4 large (>=100k),134040.0,0.171964508439673,1.0884992847484447,0.29673549111844605,False,False,False
District of Columbia,11001,T4 large (>=100k),348680.0,0.2033271397370768,1.1717382197812278,0.26349826557511324,False,False,True
"Alachua County, Florida",12001,T4 large (>=100k),119510.0,0.13817656738777515,0.8673125080620187,0.2750394905333681,False,False,False
"Baker County, Florida",12003,T3 mid (11.7k-100k),12060.0,0.04749853900597726,0.2720521302875983,0.3703062681333352,False,False,False
"Bay County, Florida",12005,T3 mid (11.7k-100k),92270.0,0.1677580978120792,0.8577971280476886,0.2070459730664243,False,False,False
"Bradford County, Florida",12007,T2 small (2.2k-11.7k),11110.0,0.06840647501391607,0.3070780228474669,0.024637403298458396,False,False,False
"Brevard County, Florida",12009,T4 large (>=100k),318020.0,0.14286382246782298,0.9066697118406057,0.39062865354285287,False,False,False
"Broward County, Florida",12011,T4 large (>=100k),1018410.0,0.2824005150029023,1.4272634503866672,0.08722026158145281,False,False,True
"Calhoun County, Florida",12013,T2 small (2.2k-11.7k),4980.0,0.07772648149549687,0.3694134403754289,0.32460936067185864,False,False,False
"Charlotte County, Florida",12015,T4 large (>=100k),100230.0,0.30169329326882444,1.675539377825028,0.3724028291473108,False,False,False
"Citrus County, Florida",12017,T3 mid (11.7k-100k),76840.0,0.1946204556710062,1.1596937954063857,0.22963599966378395,False,False,False
"Clay County, Florida",12019,T4 large (>=100k),111410.0,0.086005324204126,0.5321155820614651,0.3334719773489322,False,False,False
"Collier County, Florida",12021,T4 large (>=100k),214600.0,1.1286688519144137,6.909965568413672,0.25030366462839715,False,False,True
"Columbia County, Florida",12023,T3 mid (11.7k-100k),29810.0,0.07009765253107744,0.44057385133746685,0.46298220981397215,False,False,False
"DeSoto County, Florida",12027,T3 mid (11.7k-100k),15040.0,0.135026171598144,0.6778193113377939,0.16510687807491112,False,False,False
"Dixie County, Florida",12029,T2 small (2.2k-11.7k),5810.0,0.061319931023945166,1.1988020269962631,0.9109290502683246,False,False,False
"Duval County, Florida",12031,T4 large (>=100k),490630.0,0.15307441759995186,0.8891220948372578,0.3019827693335139,False,False,False
"Escambia County, Florida",12033,T4 large (>=100k),153400.0,0.13036735521302595,0.7886370947659902,0.31080922067031513,False,False,False
"Flagler County, Florida",12035,T3 mid (11.7k-100k),66440.0,0.2603646512887866,1.5775808247720655,0.25092797035259895,False,False,False
"Franklin County, Florida",12037,T2 small (2.2k-11.7k),4950.0,0.31824756740022736,1.8023646975873397,0.4355326180519578,False,False,False
"Gadsden County, Florida",12039,T3 mid (11.7k-100k),20240.0,0.08688771822321904,0.6541570507589235,0.4336132471945631,False,False,False
"Gilchrist County, Florida",12041,T2 small (2.2k-11.7k),7740.0,0.05106506688070177,0.4534803427670296,0.7532030368823638,False,False,False
"Glades County, Florida",12043,T2 small (2.2k-11.7k),4950.0,0.10274982538738132,0.5261968890034288,0.0739645459174039,False,False,False
"Gulf County, Florida",12045,T2 small (2.2k-11.7k),6590.0,0.3571195890262213,1.3777303939615708,0.03921015871358172,False,False,True
"Hamilton County, Florida",12047,T2 small (2.2k-11.7k),5100.0,0.11182269470332037,0.39488241629031184,0.32699089060127234,False,False,False
"Hardee County, Florida",12049,T2 small (2.2k-11.7k),10620.0,0.09590800059905673,0.5409604438968674,0.6067401296543932,False,False,False
"Hendry County, Florida",12051,T3 mid (11.7k-100k),19600.0,0.08589438933367356,0.40704010590768824,0.029188412552789776,False,False,False
"Hernando County, Florida",12053,T3 mid (11.7k-100k),96950.0,0.0976524879395927,0.6026784277483062,0.278958876750356,False,False,False
"Highlands County, Florida",12055,T3 mid (11.7k-100k),48100.0,0.20018203783077101,0.918356551275625,0.018473408786489915,False,False,False
"Hillsborough County, Florida",12057,T4 large (>=100k),740230.0,0.1924829167155727,1.0758041076995308,0.21426827886903738,False,False,True
"Holmes County, Florida",12059,T2 small (2.2k-11.7k),7230.0,0.06051726624712482,0.32909919648611047,0.2463130099078744,False,False,False
"Indian River County, Florida",12061,T3 mid (11.7k-100k),86430.0,0.973848613689895,6.06685314313817,0.3317733334173575,False,False,True
"Jackson County, Florida",12063,T3 mid (11.7k-100k),19390.0,0.09285412917759348,0.45360582022355567,0.1818062441553624,False,False,False
"Jefferson County, Florida",12065,T2 small (2.2k-11.7k),6340.0,0.1371482235835823,1.154067847551903,0.31619541337321533,False,False,False
"Lafayette County, Florida",12067,T2 small (2.2k-11.7k),2820.0,0.08247990204918422,0.4846952379597629,0.28774132778611095,False,False,False
"Lake County, Florida",12069,T4 large (>=100k),199610.0,0.15037594318937567,0.8337292354179562,0.18896831179560195,False,False,False
"Lee County, Florida",12071,T4 large (>=100k),401220.0,0.4463240563983714,2.707875114948288,0.28208074528884614,False,False,True
"Leon County, Florida",12073,T4 large (>=100k),133430.0,0.1298518237907896,0.8334333429992334,0.35709409198125835,False,False,False
"Levy County, Florida",12075,T3 mid (11.7k-100k),19740.0,0.15007521394588916,0.6885131576636251,0.07162445440748877,False,False,False
"Liberty County, Florida",12077,T2 small (2.2k-11.7k),2650.0,0.041199573695429065,0.1685193541187073,0.1594994446416861,False,False,False
"Madison County, Florida",12079,T2 small (2.2k-11.7k),7470.0,0.16103230334400068,0.5644875369630661,0.516173095055123,False,False,False
"Manatee County, Florida",12081,T4 large (>=100k),214540.0,0.3204836289498077,1.7142565289187395,0.22631466080962984,False,False,True
"Marion County, Florida",12083,T4 large (>=100k),190030.0,0.21681431268676601,1.075290347419113,0.1529834947014154,False,False,False
"Martin County, Florida",12085,T3 mid (11.7k-100k),85010.0,0.8925182990910974,5.442587013753363,0.2266735230563421,False,False,True
"Miami-Dade County, Florida",12086,T4 large (>=100k),1445830.0,0.5263335992901507,2.417949568938435,0.028158142698469356,False,False,True
"Monroe County, Florida",12087,T3 mid (11.7k-100k),46010.0,1.1060647236487269,6.634384499129053,0.19151898499968484,False,False,True
"Nassau County, Florida",12089,T3 mid (11.7k-100k),49670.0,0.2728487091538184,1.6632837922542933,0.30667832968994424,False,False,True
"Okaloosa County, Florida",12091,T4 large (>=100k),109410.0,0.24398706958261734,1.2059821978394274,0.18171415246658582,False,False,True
"Okeechobee County, Florida",12093,T3 mid (11.7k-100k),17200.0,0.2177483878993011,0.7517286985886396,0.285131094849785,False,False,True
"Orange County, Florida",12095,T4 large (>=100k),719020.0,0.2033700240819486,1.0411000165527635,0.13020630644311376,False,False,True
"Osceola County, Florida",12097,T4 large (>=100k),215690.0,0.07118425331651683,0.39140053699737815,0.27949798845403,False,False,False
"Palm Beach County, Florida",12099,T4 large (>=100k),789140.0,0.9644053399640725,5.1554199663779245,0.15552645140155189,False,False,True
"Pasco County, Florida",12101,T4 large (>=100k),291030.0,0.08019990765379782,0.5123173101206943,0.27507896985771196,False,False,False
"Pinellas County, Florida",12103,T4 large (>=100k),496460.0,0.29466455567024696,1.8046101709442044,0.28519173558763267,False,False,True
"Polk County, Florida",12105,T4 large (>=100k),374220.0,0.11701754775725762,0.765864075473614,0.3325511452255341,False,False,False
"Putnam County, Florida",12107,T3 mid (11.7k-100k),31770.0,0.09513149803918655,0.4411875716512025,0.15309961230855296,False,False,False
"St. Johns County, Florida",12109,T4 large (>=100k),149030.0,0.2930613234075789,1.6813262530753126,0.34573936373973624,False,False,True
"St. Lucie County, Florida",12111,T4 large (>=100k),181540.0,0.14507296021101163,0.8362979800906121,0.33088280799483255,False,False,False
"Santa Rosa County, Florida",12113,T3 mid (11.7k-100k),90630.0,0.14454191343202202,0.7676909405806145,0.21565933046828586,False,False,False
"Sarasota County, Florida",12115,T4 large (>=100k),239330.0,0.6774412089080539,3.8808133629339694,0.2495462168122854,False,False,True
"Seminole County, Florida",12117,T4 large (>=100k),239200.0,0.14233433397504847,0.7742590370045077,0.22874058638669195,False,False,False
"Sumter County, Florida",12119,T3 mid (11.7k-100k),77550.0,0.4833184854112874,3.536355175002767,0.39637773236330787,False,False,False
"Suwannee County, Florida",12121,T3 mid (11.7k-100k),18690.0,0.11885316087569786,0.5307451889651786,0.021674684768912815,False,False,False
"Taylor County, Florida",12123,T2 small (2.2k-11.7k),8110.0,0.07790064032093846,0.45101146156273925,0.5005735126701526,False,False,False
"Union County, Florida",12125,T2 small (2.2k-11.7k),5310.0,0.03462397969812321,0.19919441954271783,0.30248327627342153,False,False,False
"Volusia County, Florida",12127,T4 large (>=100k),286720.0,0.18422836936650847,1.1360470728995555,0.27188713630161354,False,False,False
"Wakulla County, Florida",12129,T3 mid (11.7k-100k),15740.0,0.0700468840469088,0.3382924498222185,0.11057786639083017,False,False,False
"Walton County, Florida",12131,T3 mid (11.7k-100k),40610.0,0.6042942887869057,3.710265672664705,0.42250153726479045,False,False,True
"Washington County, Florida",12133,T2 small (2.2k-11.7k),10160.0,0.05175359517017522,0.29361530365807187,0.4704877279677068,False,False,False
"Appling County, Georgia",13001,T2 small (2.2k-11.7k),7300.0,0.05318455774556117,0.2544414759342964,0.06557364414746196,False,False,False
"Atkinson County, Georgia",13003,T2 small (2.2k-11.7k),3030.0,0.054506868118495734,0.23416483671670454,0.2747512104500125,False,False,False
"Bacon County, Georgia",13005,T2 small (2.2k-11.7k),4190.0,0.02780735229026354,0.2328096180756624,0.7015275766714608,False,False,False
"Baker County, Georgia",13007,T1 thin (<2.2k returns),1150.0,0.04635248202304258,0.4345734981037571,0.3525224128711247,True,False,False
"Baldwin County, Georgia",13009,T3 mid (11.7k-100k),17890.0,0.1230634081669766,0.5084671297221638,0.09009129026691709,False,False,False
"Banks County, Georgia",13011,T2 small (2.2k-11.7k),8600.0,0.05765647128978557,0.26142658059897983,0.21835363291159848,False,False,False
"Barrow County, Georgia",13013,T3 mid (11.7k-100k),42580.0,0.0569182996889121,0.3380290449857365,0.47956205788649553,False,False,False
"Bartow County, Georgia",13015,T3 mid (11.7k-100k),51900.0,0.08101075439791157,0.49875916828653627,0.40540012781558316,False,False,False
"Ben Hill County, Georgia",13017,T2 small (2.2k-11.7k),6490.0,0.10069071711394632,0.4874901877823228,0.06204291523355856,False,False,False
"Berrien County, Georgia",13019,T2 small (2.2k-11.7k),7220.0,0.07894955448888119,0.4262642817348907,0.10378313830513329,False,False,False
"Bibb County, Georgia",13021,T3 mid (11.7k-100k),68050.0,0.15534606358816277,0.8183052175368752,0.32451343614133765,False,False,False
"Bleckley County, Georgia",13023,T2 small (2.2k-11.7k),4890.0,0.04237563192163188,0.25693036379569517,0.3784569863220879,False,False,False
"Brantley County, Georgia",13025,T2 small (2.2k-11.7k),6990.0,0.023360547424661253,0.12751793275846376,0.166867539075972,False,False,False
"Brooks County, Georgia",13027,T2 small (2.2k-11.7k),6190.0,0.09397693093335083,0.5606807105768649,0.263803421138179,False,False,False
"Bryan County, Georgia",13029,T3 mid (11.7k-100k),20770.0,0.1221187433308984,0.4876931030266368,0.07616885865816454,False,False,False
"Bulloch County, Georgia",13031,T3 mid (11.7k-100k),30420.0,0.07944089272296548,0.495411594170554,0.37051297522941434,False,False,False
"Burke County, Georgia",13033,T2 small (2.2k-11.7k),9970.0,0.09437867393721687,0.3442691662650246,0.21623702271851086,False,False,False
"Butts County, Georgia",13035,T2 small (2.2k-11.7k),11360.0,0.06731856139870533,0.2942161047757826,0.11225942835201343,False,False,False
"Calhoun County, Georgia",13037,T1 thin (<2.2k returns),1990.0,0.04845778273983103,0.2650867679847528,0.18676693628883637,True,False,False
"Camden County, Georgia",13039,T3 mid (11.7k-100k),24570.0,0.046070073395162635,0.290793043362039,0.40545064860374375,False,False,False
"Candler County, Georgia",13043,T2 small (2.2k-11.7k),4370.0,0.08782360956274,0.36424035735508964,0.15358675828698137,False,False,False
"Carroll County, Georgia",13045,T3 mid (11.7k-100k),53930.0,0.08484846420180396,0.4888606363737112,0.3072754718072848,False,False,False
"Catoosa County, Georgia",13047,T3 mid (11.7k-100k),29120.0,0.10808334103402023,0.3304378805425787,0.9250283216040359,False,False,False
"Charlton County, Georgia",13049,T2 small (2.2k-11.7k),3840.0,0.026936826414447213,0.2034958028352296,0.5611481017314439,False,False,False
"Chatham County, Georgia",13051,T4 large (>=100k),135900.0,0.18899981550193723,1.001952638364049,0.2005396019381225,False,False,True
"Chattahoochee County, Georgia",13053,T2 small (2.2k-11.7k),2840.0,0.007988029645331483,0.07531984180947253,0.69612427871079,False,False,False
"Chattooga County, Georgia",13055,T2 small (2.2k-11.7k),9770.0,0.03962925587071772,0.222028666376952,0.0787975985884468,False,False,False
"Cherokee County, Georgia",13057,T4 large (>=100k),135250.0,0.10367074959796825,0.6079080068620503,0.4020675578033287,False,False,False
"Clarke County, Georgia",13059,T3 mid (11.7k-100k),49240.0,0.18808467852146848,0.9475979314819136,0.045541084364598694,False,False,False
"Clay County, Georgia",13061,T1 thin (<2.2k returns),1160.0,0.03030045351473923,0.30136792066485285,0.6053684161794544,True,True,False
"Clayton County, Georgia",13063,T4 large (>=100k),136880.0,0.03265256886292966,0.13407298639585516,0.17033952470144773,False,False,False
"Clinch County, Georgia",13065,T2 small (2.2k-11.7k),2410.0,0.42480024720787535,0.8066773935060624,1.5436408664333456,False,False,True
"Cobb County, Georgia",13067,T4 large (>=100k),371800.0,0.1177930388534285,0.7733376703757441,0.4033726126361708,False,False,False
"Coffee County, Georgia",13069,T3 mid (11.7k-100k),15810.0,0.0696747612799337,0.43481985253783934,0.39914755600397783,False,False,False
"Colquitt County, Georgia",13071,T3 mid (11.7k-100k),17560.0,0.0688937865710724,0.4362845124754397,0.23368401309452214,False,False,False
"Columbia County, Georgia",13073,T3 mid (11.7k-100k),72180.0,0.07357225106742511,0.4481588051890264,0.3422804080292482,False,False,False
"Cook County, Georgia",13075,T2 small (2.2k-11.7k),6750.0,0.047454415179148245,0.25520591972440076,0.0857164343431376,False,False,False
"Coweta County, Georgia",13077,T3 mid (11.7k-100k),72880.0,0.07236646089463453,0.42393959249042734,0.362120407119671,False,False,False
"Crawford County, Georgia",13079,T2 small (2.2k-11.7k),5280.0,0.021797797448606326,0.1446437063472794,0.4958579159105554,False,False,False
"Crisp County, Georgia",13081,T2 small (2.2k-11.7k),8530.0,0.11960187408531174,0.5716618528305165,0.182165703015977,False,False,False
"Dade County, Georgia",13083,T2 small (2.2k-11.7k),6220.0,0.06488869249765697,0.4358031965862555,0.21556033665771038,False,False,False
"Dawson County, Georgia",13085,T3 mid (11.7k-100k),14470.0,0.12137638435279348,0.7423184906658921,0.44557587605587456,False,False,False
"Decatur County, Georgia",13087,T2 small (2.2k-11.7k),11160.0,0.09192487363032971,0.6349411783359139,0.4310817435216128,False,False,False
"DeKalb County, Georgia",13089,T4 large (>=100k),360200.0,0.13693550594943826,0.791503902762959,0.2828369427135231,False,False,False
"Dodge County, Georgia",13091,T2 small (2.2k-11.7k),7490.0,0.0776194494168487,0.37572019334051077,0.3239462550287156,False,False,False
"Dooly County, Georgia",13093,T2 small (2.2k-11.7k),3840.0,0.06048626519578737,0.5022642697212094,0.4716301000526988,False,False,False
"Dougherty County, Georgia",13095,T3 mid (11.7k-100k),35550.0,0.1502124696697964,0.6586779588516178,0.13825559524394768,False,False,True
"Douglas County, Georgia",13097,T3 mid (11.7k-100k),69750.0,0.0426757669501257,0.22638452564686692,0.2389397046371282,False,False,False
"Early County, Georgia",13099,T2 small (2.2k-11.7k),4210.0,0.06954625559723242,0.42652177973924593,0.29474031681894547,False,False,False
"Echols County, Georgia",13101,T1 thin (<2.2k returns),1450.0,0.011016810837277624,0.10276180556440688,0.7575680367067498,True,False,False
"Effingham County, Georgia",13103,T3 mid (11.7k-100k),30880.0,0.047884387862511396,0.2631853091764058,0.17819189180645884,False,False,False
"Elbert County, Georgia",13105,T2 small (2.2k-11.7k),8610.0,0.08549415532374813,0.5022648000703624,0.07110797384577514,False,False,False
"Emanuel County, Georgia",13107,T2 small (2.2k-11.7k),9010.0,0.07533479425371317,0.34289190626664146,0.05058972945950838,False,False,False
"Evans County, Georgia",13109,T2 small (2.2k-11.7k),4250.0,0.08873984264155811,0.388244480841191,0.06563806581911828,False,False,False
"Fannin County, Georgia",13111,T2 small (2.2k-11.7k),11680.0,0.22144176464319965,1.0531307909397258,0.2150667992136747,False,False,False
"Fayette County, Georgia",13113,T3 mid (11.7k-100k),58680.0,0.150107782589848,0.7596965010714856,0.20606770124390514,False,False,False
"Floyd County, Georgia",13115,T3 mid (11.7k-100k),42520.0,0.13540062056264765,0.6480464309986738,0.07987455421469568,False,False,False
"Forsyth County, Georgia",13117,T4 large (>=100k),119270.0,0.10257774350522103,0.616171589872331,0.33513398839583664,False,False,False
"Franklin County, Georgia",13119,T2 small (2.2k-11.7k),10430.0,0.0664449290646459,0.3696062387596293,0.3521290897245475,False,False,False
"Fulton County, Georgia",13121,T4 large (>=100k),510360.0,0.24755686617227066,1.8051225311041112,0.6146446054966789,False,False,True
"Gilmer County, Georgia",13123,T3 mid (11.7k-100k),14220.0,0.1283579402868125,0.6960970698907032,0.2623245503197333,False,False,False
"Glascock County, Georgia",13125,T1 thin (<2.2k returns),1160.0,0.03080712238058707,0.15605771714735814,0.24573442990877625,True,False,False
"Glynn County, Georgia",13127,T3 mid (11.7k-100k),39530.0,0.19962214370400688,1.3958982284266646,0.4151029840536384,False,False,False
"Gordon County, Georgia",13129,T3 mid (11.7k-100k),25680.0,0.07657133617296506,0.3824976430018159,0.32500207302531237,False,False,False
"Grady County, Georgia",13131,T2 small (2.2k-11.7k),9910.0,0.07893132631545613,0.38240443399751534,0.03142269855868459,False,False,False
"Greene County, Georgia",13133,T2 small (2.2k-11.7k),9750.0,0.38072666013409473,2.373989033334172,0.45085440841747176,False,False,True
"Gwinnett County, Georgia",13135,T4 large (>=100k),462200.0,0.0797151270254871,0.515853192876115,0.35711668710464173,False,False,False
"Habersham County, Georgia",13137,T3 mid (11.7k-100k),20700.0,0.08093842993200562,0.49236394899443353,0.4181992278983032,False,False,False
"Hall County, Georgia",13139,T4 large (>=100k),102430.0,0.12440138211039899,0.7550525817365052,0.3893292157731383,False,False,False
"Hancock County, Georgia",13141,T2 small (2.2k-11.7k),3370.0,0.045652860033789426,0.26167262056394264,0.25820502378741783,False,False,False
"Haralson County, Georgia",13143,T3 mid (11.7k-100k),13510.0,0.03387363597530193,0.2720565477323153,0.5607743905257376,False,False,False
"Harris County, Georgia",13145,T3 mid (11.7k-100k),16120.0,0.0864549480206017,0.6070154279890021,0.5274259253049913,False,False,False
"Hart County, Georgia",13147,T3 mid (11.7k-100k),11900.0,0.09966291119906716,0.6508017090290911,0.3383750560131691,False,False,False
"Heard County, Georgia",13149,T2 small (2.2k-11.7k),4720.0,0.0353981890162116,0.14929818106999226,0.1365814213296763,False,False,False
"Henry County, Georgia",13151,T4 large (>=100k),120700.0,0.04518647500180056,0.26172399473537344,0.376652025211955,False,False,False
"Houston County, Georgia",13153,T3 mid (11.7k-100k),77230.0,0.059721298591379,0.34050487263576884,0.2980591751593456,False,False,False
"Irwin County, Georgia",13155,T2 small (2.2k-11.7k),3700.0,0.06916058519438971,0.3743495541124703,0.18258982805671825,False,False,False
"Jackson County, Georgia",13157,T3 mid (11.7k-100k),39860.0,0.06439218120087827,0.32379655879682867,0.24865851240567766,False,False,False
"Jasper County, Georgia",13159,T2 small (2.2k-11.7k),6940.0,0.06721960523654018,0.37168613921714305,0.4259865964430945,False,False,False
"Jeff Davis County, Georgia",13161,T2 small (2.2k-11.7k),5760.0,0.04540711897668595,0.39179752683718305,0.5953736144698503,False,False,False
"Jefferson County, Georgia",13163,T2 small (2.2k-11.7k),6800.0,0.10133489816611178,0.36436331479643636,0.38423434791981964,False,False,False
"Jenkins County, Georgia",13165,T2 small (2.2k-11.7k),3200.0,0.0639371792586477,0.33179353932055816,0.36458334925157554,False,False,False
"Johnson County, Georgia",13167,T2 small (2.2k-11.7k),3270.0,0.04850522377523648,0.2057229320681259,0.20148734189470785,False,False,False
"Jones County, Georgia",13169,T3 mid (11.7k-100k),12810.0,0.04134056689466666,0.3018827561096812,0.5396623225649038,False,False,False
"Lamar County, Georgia",13171,T2 small (2.2k-11.7k),8740.0,0.07749878709307967,0.2837414645995709,0.04094720611674003,False,False,False
"Lanier County, Georgia",13173,T2 small (2.2k-11.7k),3690.0,0.0326841313209532,0.19218813835769738,0.2644590498879524,False,False,False
"Laurens County, Georgia",13175,T3 mid (11.7k-100k),20880.0,0.08805865078805424,0.4695754934254291,0.23671954697153189,False,False,False
"Lee County, Georgia",13177,T3 mid (11.7k-100k),14750.0,0.07639698028180224,0.3139874123459599,0.042474025929603344,False,False,False
"Liberty County, Georgia",13179,T3 mid (11.7k-100k),29320.0,0.022743198079985646,0.12296370346463448,0.16701824880364116,False,False,False
"Lincoln County, Georgia",13181,T2 small (2.2k-11.7k),3540.0,0.06348974483257751,0.3316335212132738,0.3522593150774464,False,False,False
"Long County, Georgia",13183,T2 small (2.2k-11.7k),7450.0,0.01843828942040071,0.07950874456289417,0.06602084347155127,False,False,False
"Lowndes County, Georgia",13185,T3 mid (11.7k-100k),48810.0,0.12515174990151814,0.7177055789738407,0.220873232940071,False,False,False
"Lumpkin County, Georgia",13187,T3 mid (11.7k-100k),14380.0,0.10466567992154173,0.584501000098439,0.33941117214783567,False,False,False
"McDuffie County, Georgia",13189,T2 small (2.2k-11.7k),9860.0,0.0511755823986195,0.30087569921346197,0.2730472159803791,False,False,False
"McIntosh County, Georgia",13191,T2 small (2.2k-11.7k),5500.0,0.09866750974028993,0.489257163262232,0.15208569786769502,False,False,False
"Macon County, Georgia",13193,T2 small (2.2k-11.7k),4530.0,0.08955545804109986,0.4705971487698526,0.22920125426036586,False,False,False
"Madison County, Georgia",13195,T3 mid (11.7k-100k),14200.0,0.06958786802232327,0.4155314171770913,0.2526801253987247,False,False,False
"Marion County, Georgia",13197,T2 small (2.2k-11.7k),2790.0,0.051590778478090876,0.31564302801258604,0.26159297597908854,False,False,False
"Meriwether County, Georgia",13199,T2 small (2.2k-11.7k),9540.0,0.0570156268479429,0.354561926171087,0.2533962556029959,False,False,False
"Miller County, Georgia",13201,T2 small (2.2k-11.7k),2250.0,0.0713495278103076,0.4774538973890953,0.21135793229423966,False,False,False
"Mitchell County, Georgia",13205,T2 small (2.2k-11.7k),8210.0,0.06562488065520725,0.41691971339499057,0.15638163512322933,False,False,False
"Monroe County, Georgia",13207,T3 mid (11.7k-100k),13080.0,0.1085573541083868,0.5446004634608763,0.32943637540249876,False,False,False
"Montgomery County, Georgia",13209,T2 small (2.2k-11.7k),3250.0,0.03632254114160877,0.22085430459469949,0.2438274612791102,False,False,False
"Morgan County, Georgia",13211,T2 small (2.2k-11.7k),9970.0,0.2122142215940562,1.108484546310322,0.06521872104924278,False,False,True
"Murray County, Georgia",13213,T3 mid (11.7k-100k),16590.0,0.0388739110554226,0.2091633592905744,0.4022397306812565,False,False,False
"Muscogee County, Georgia",13215,T3 mid (11.7k-100k),84610.0,0.1535895956996283,1.139524465298327,0.5869677163316103,False,False,False
"Newton County, Georgia",13217,T3 mid (11.7k-100k),54760.0,0.0565616394269441,0.2552699328921072,0.06213869963480429,False,False,False
"Oconee County, Georgia",13219,T3 mid (11.7k-100k),19500.0,0.21149668481220443,1.1671176986114993,0.36252547586914385,False,False,False
"Oglethorpe County, Georgia",13221,T2 small (2.2k-11.7k),6860.0,0.06524284110532441,0.40472061463568565,0.2516627610551437,False,False,False
"Paulding County, Georgia",13223,T3 mid (11.7k-100k),82400.0,0.036419943086872686,0.19562633561436704,0.26312904159137557,False,False,False
"Peach County, Georgia",13225,T3 mid (11.7k-100k),12470.0,0.0831381364032646,0.44306485909245313,0.05952866317832005,False,False,False
"Pickens County, Georgia",13227,T3 mid (11.7k-100k),17460.0,0.1641768345373475,0.8274435233938015,0.1571942841233806,False,False,False
"Pierce County, Georgia",13229,T2 small (2.2k-11.7k),8180.0,0.054338802476680235,0.42117429733231065,0.5449363165400078,False,False,False
"Pike County, Georgia",13231,T2 small (2.2k-11.7k),9330.0,0.06276191309589788,0.3367171347759913,0.24652597271785148,False,False,False
"Polk County, Georgia",13233,T3 mid (11.7k-100k),18150.0,0.06499592182451297,0.2506944227601158,0.3116936579705279,False,False,False
"Pulaski County, Georgia",13235,T2 small (2.2k-11.7k),3960.0,0.0957027977885743,0.7086436461033923,0.08650447816274677,False,False,False
"Putnam County, Georgia",13237,T2 small (2.2k-11.7k),10480.0,0.1627541656314368,1.0082076012274936,0.42400669006105585,False,False,False
"Quitman County, Georgia",13239,T1 thin (<2.2k returns),900.0,0.014037707672204592,0.1256833926951181,0.5456327157293009,True,True,False
"Rabun County, Georgia",13241,T2 small (2.2k-11.7k),8190.0,0.2482852914682795,1.5417437102962488,0.2733040580488325,False,False,False
"Randolph County, Georgia",13243,T2 small (2.2k-11.7k),2510.0,0.05085571593885133,0.29691553784057845,0.107501950869203,False,False,False
"Richmond County, Georgia",13245,T3 mid (11.7k-100k),89130.0,0.07813686843308061,0.5117391522516144,0.28019859685016696,False,False,False
"Rockdale County, Georgia",13247,T3 mid (11.7k-100k),43700.0,0.053517313395880096,0.2748883131335774,0.15273554757804755,False,False,False
"Schley County, Georgia",13249,T1 thin (<2.2k returns),1790.0,0.02326598018263066,0.20181064901826784,0.6557946855354777,True,False,False
"Screven County, Georgia",13251,T2 small (2.2k-11.7k),5690.0,0.09418038896167324,0.3803145741878081,0.27898991162740316,False,False,False
"Seminole County, Georgia",13253,T2 small (2.2k-11.7k),3380.0,0.05620864278102256,0.3908746456724308,0.4022939627495988,False,False,False
"Spalding County, Georgia",13255,T3 mid (11.7k-100k),32250.0,0.0803984930661557,0.42823365206336933,0.23835801414608818,False,False,False
"Stephens County, Georgia",13257,T2 small (2.2k-11.7k),11630.0,0.07454213358345263,0.3569867765121507,0.20051246128100628,False,False,False
"Stewart County, Georgia",13259,T1 thin (<2.2k returns),1520.0,0.06179720156210138,0.32152400660519487,0.2119774613917635,True,False,False
"Sumter County, Georgia",13261,T2 small (2.2k-11.7k),11540.0,0.13910653796319655,0.6721914688689138,0.021802616779995808,False,False,False
"Talbot County, Georgia",13263,T2 small (2.2k-11.7k),2540.0,0.04456247749369824,0.30588256102237843,0.35801061347159724,False,False,False
"Taliaferro County, Georgia",13265,T1 thin (<2.2k returns),640.0,0.012584351632318073,0.25776586936079554,0.8312255355802608,True,True,False
"Tattnall County, Georgia",13267,T2 small (2.2k-11.7k),8280.0,0.046552421627859164,0.2864549625100774,0.18364081557959175,False,False,False
"Taylor County, Georgia",13269,T2 small (2.2k-11.7k),3190.0,0.10582576612699429,0.3807290077414657,0.035458336811698854,False,False,False
"Telfair County, Georgia",13271,T2 small (2.2k-11.7k),3920.0,0.04605727414458029,0.28763236468410847,0.333636805003637,False,False,False
"Terrell County, Georgia",13273,T2 small (2.2k-11.7k),3690.0,0.0963305324372602,0.6113350381021506,0.21891568485944995,False,False,False
"Thomas County, Georgia",13275,T3 mid (11.7k-100k),19130.0,0.14690634496043584,0.8090246011587425,0.14204315406983498,False,False,False
"Tift County, Georgia",13277,T3 mid (11.7k-100k),17480.0,0.15078081509071448,0.5687792856690711,0.20050458312928018,False,False,True
"Toombs County, Georgia",13279,T2 small (2.2k-11.7k),11580.0,0.057197446870689714,0.4078719724210478,0.365641204575257,False,False,False
"Towns County, Georgia",13281,T2 small (2.2k-11.7k),6140.0,0.21680153886972672,1.2890751663821232,0.3750120875398434,False,False,False
"Treutlen County, Georgia",13283,T2 small (2.2k-11.7k),2440.0,0.031127241673783092,0.18362157874350007,0.1660019589711366,False,False,False
"Troup County, Georgia",13285,T3 mid (11.7k-100k),31110.0,0.07018970951879247,0.46589283323386627,0.4703126463099881,False,False,False
"Turner County, Georgia",13287,T2 small (2.2k-11.7k),3640.0,0.07803825803825803,0.21875086078281206,0.8990844455080491,False,False,False
"Twiggs County, Georgia",13289,T2 small (2.2k-11.7k),3460.0,0.02205644639855166,0.11303736174657535,0.3852339530995899,False,False,False
"Union County, Georgia",13291,T3 mid (11.7k-100k),12580.0,0.16090975540183983,0.8466337107491096,0.16887842563747127,False,False,False
"Upson County, Georgia",13293,T2 small (2.2k-11.7k),11620.0,0.09706541932201289,0.5683944915969228,0.3182710178467273,False,False,False
"Walker County, Georgia",13295,T3 mid (11.7k-100k),27620.0,0.060015596933773216,0.3326099977271954,0.4272637953670782,False,False,False
"Walton County, Georgia",13297,T3 mid (11.7k-100k),48120.0,0.08202614494410704,0.508753003737352,0.4246610419042674,False,False,False
"Ware County, Georgia",13299,T3 mid (11.7k-100k),14060.0,0.05944794356811524,0.44441396405892747,0.3044947693860386,False,False,False
"Warren County, Georgia",13301,T2 small (2.2k-11.7k),2370.0,0.026385476059832526,0.19299001278947275,0.4458145899186403,False,False,False
"Washington County, Georgia",13303,T2 small (2.2k-11.7k),8040.0,0.0964092521242122,0.6530608526839659,0.3451711321853874,False,False,False
"Wayne County, Georgia",13305,T3 mid (11.7k-100k),11760.0,0.039022716639808705,0.2564744081848865,0.5052096651279642,False,False,False
"Webster County, Georgia",13307,T1 thin (<2.2k returns),920.0,0.03830752016960132,0.36619742299087205,0.43323515402169943,True,True,False
"Wheeler County, Georgia",13309,T1 thin (<2.2k returns),1840.0,0.06681224977902564,0.37221909665966335,0.22481087193885502,True,False,False
"White County, Georgia",13311,T3 mid (11.7k-100k),13200.0,0.10346225662115899,0.6426150634651424,0.42997271254051933,False,False,False
"Whitfield County, Georgia",13313,T3 mid (11.7k-100k),45210.0,0.08454164201260211,0.5908221454014236,0.4754387931203245,False,False,False
"Wilcox County, Georgia",13315,T2 small (2.2k-11.7k),2790.0,0.03420507955672459,0.2783469571599696,0.5547618559357731,False,False,False
"Wilkes County, Georgia",13317,T2 small (2.2k-11.7k),4230.0,0.11329899638751204,0.6441316179287085,0.3199632450477153,False,False,False
"Wilkinson County, Georgia",13319,T2 small (2.2k-11.7k),3980.0,0.04334325818800511,0.2235886997441206,0.11042893405927805,False,False,False
"Worth County, Georgia",13321,T2 small (2.2k-11.7k),8170.0,0.06249587169901053,0.3253611086664091,0.23242769168002883,False,False,False
"Hawaii County, Hawaii",15001,T3 mid (11.7k-100k),94410.0,0.17361019126331126,1.0503022668458257,0.4097763445664446,False,False,False
"Honolulu County, Hawaii",15003,T4 large (>=100k),476670.0,0.11022112110001542,0.6883735554598946,0.3818299106291816,False,False,False
"Kauai County, Hawaii",15007,T3 mid (11.7k-100k),36620.0,0.18435266102637515,1.0970544690123931,0.33960904759360744,False,False,False
"Maui County, Hawaii",15009,T3 mid (11.7k-100k),82270.0,0.20410971811707762,1.2021509209025178,0.4095201405859296,False,False,True
"Ada County, Idaho",16001,T4 large (>=100k),248580.0,0.1947478593418146,1.217137483435034,0.3568049932606325,False,False,False
"Adams County, Idaho",16003,T1 thin (<2.2k returns),2130.0,0.26052899000733926,1.4151525736226624,0.3558980851912022,True,False,False
"Bannock County, Idaho",16005,T3 mid (11.7k-100k),38060.0,0.08236006246425394,0.4631206687681937,0.2910214323862377,False,False,False
"Bear Lake County, Idaho",16007,T2 small (2.2k-11.7k),2790.0,0.10559169459228596,0.5176131144490907,0.2357099289511648,False,False,False
"Benewah County, Idaho",16009,T2 small (2.2k-11.7k),4580.0,0.09201151079136691,0.535319898001595,0.42101466788547826,False,False,False
"Bingham County, Idaho",16011,T3 mid (11.7k-100k),20600.0,0.09237718897934205,0.5665615369491656,0.3665125798057353,False,False,False
"Blaine County, Idaho",16013,T3 mid (11.7k-100k),13590.0,1.243861459100958,7.647924178094968,0.315772053980559,False,False,True
"Boise County, Idaho",16015,T2 small (2.2k-11.7k),3770.0,0.18818786030778026,0.8516161748520517,0.336185630119624,False,False,False
"Bonner County, Idaho",16017,T3 mid (11.7k-100k),23570.0,0.2913733121056666,1.5779240317210212,0.20489915787071286,False,False,False
"Bonneville County, Idaho",16019,T3 mid (11.7k-100k),55800.0,0.09933475929621391,0.7354177556945072,0.5054414293613818,False,False,False
"Boundary County, Idaho",16021,T2 small (2.2k-11.7k),6180.0,0.17352347073754962,0.885838910071179,0.38246067633835995,False,False,False
"Butte County, Idaho",16023,T1 thin (<2.2k returns),1150.0,0.058853474988933153,0.5133281806654303,0.5292916885021336,True,False,False
"Camas County, Idaho",16025,T1 thin (<2.2k returns),540.0,0.06547986251872742,0.6277633352787604,0.734173393891417,True,False,False
"Canyon County, Idaho",16027,T4 large (>=100k),110900.0,0.11073384356372361,0.6057644769715494,0.4129099072575992,False,False,False
"Caribou County, Idaho",16029,T2 small (2.2k-11.7k),3020.0,0.11892221360947137,0.4920375403376167,0.07197155519963379,False,False,False
"Cassia County, Idaho",16031,T2 small (2.2k-11.7k),10540.0,0.1839634041459915,1.121331286666683,0.5881770597869528,False,False,True
"Clark County, Idaho",16033,T1 thin (<2.2k returns),340.0,0.016326875898824127,0.12346189611003575,0.24256533836941582,True,True,False
"Clearwater County, Idaho",16035,T2 small (2.2k-11.7k),3690.0,0.08310599602159705,0.5934829877131945,0.4793469732722065,False,False,False
"Custer County, Idaho",16037,T1 thin (<2.2k returns),2140.0,0.22133173231314837,1.2081823343870994,0.32108586798320976,True,False,False
"Elmore County, Idaho",16039,T3 mid (11.7k-100k),12630.0,0.08170359781723852,0.4768467686179084,0.2767584914188921,False,False,False
"Franklin County, Idaho",16041,T2 small (2.2k-11.7k),6300.0,0.13753553921173142,0.5873082916867046,0.01704707052492354,False,False,False
"Fremont County, Idaho",16043,T2 small (2.2k-11.7k),6060.0,0.13224652748897944,0.6411893870424614,0.32892248978756156,False,False,False
"Gem County, Idaho",16045,T2 small (2.2k-11.7k),9100.0,0.139855451588902,0.7252861742806447,0.3015108832198423,False,False,False
"Gooding County, Idaho",16047,T2 small (2.2k-11.7k),6880.0,0.16985854391071395,1.1438884191312475,0.26789088068675015,False,False,True
"Idaho County, Idaho",16049,T2 small (2.2k-11.7k),7270.0,0.2356731011312936,1.190158353151985,0.22093751004258053,False,False,False
"Jefferson County, Idaho",16051,T3 mid (11.7k-100k),13310.0,0.11279667202289427,0.5654313379621144,0.24379754316151167,False,False,False
"Jerome County, Idaho",16053,T2 small (2.2k-11.7k),10460.0,0.11214998408394894,0.7617424655205697,0.2736621101426148,False,False,False
"Kootenai County, Idaho",16055,T3 mid (11.7k-100k),88020.0,0.193099990721637,1.0962925067128975,0.43674335567736877,False,False,False
"Latah County, Idaho",16057,T3 mid (11.7k-100k),16950.0,0.1361716216833356,0.834377593775254,0.38592965098935944,False,False,False
"Lemhi County, Idaho",16059,T2 small (2.2k-11.7k),3930.0,0.22487037636233062,1.2384621092094643,0.2806574312691152,False,False,False
"Lewis County, Idaho",16061,T1 thin (<2.2k returns),1830.0,0.11139586805446369,0.5797098629493583,0.3448743375007248,True,False,False
"Lincoln County, Idaho",16063,T2 small (2.2k-11.7k),2230.0,0.11563585823488534,0.5361789746215775,0.1496167428662844,False,False,False
"Madison County, Idaho",16065,T3 mid (11.7k-100k),16150.0,0.12232784993143161,0.6312061604532451,0.23369514844704617,False,False,False
"Minidoka County, Idaho",16067,T2 small (2.2k-11.7k),9710.0,0.12054476264842758,0.619771700812972,0.2113208711805993,False,False,False
"Nez Perce County, Idaho",16069,T3 mid (11.7k-100k),19490.0,0.075716546389643,0.4719608796164693,0.40483874420204363,False,False,False
"Oneida County, Idaho",16071,T1 thin (<2.2k returns),2140.0,0.12078900946169883,0.6060250378293909,0.5083703492655872,True,False,False
"Owyhee County, Idaho",16073,T2 small (2.2k-11.7k),5440.0,0.22160057599090155,1.1079846306144507,0.1760991425650284,False,False,True
"Payette County, Idaho",16075,T2 small (2.2k-11.7k),11640.0,0.10020394790410571,0.8240234149226303,0.5520565559662866,False,False,False
"Power County, Idaho",16077,T2 small (2.2k-11.7k),3440.0,0.07924261631041365,0.6140286051041077,0.4911548189458954,False,False,False
"Shoshone County, Idaho",16079,T2 small (2.2k-11.7k),5930.0,0.06168847077269832,0.4009965043078708,0.5188069218096069,False,False,False
"Teton County, Idaho",16081,T2 small (2.2k-11.7k),6190.0,0.2612601867230434,1.5869941957336389,0.46152304490864554,False,False,False
"Twin Falls County, Idaho",16083,T3 mid (11.7k-100k),41580.0,0.12982493903475378,0.8071641827284063,0.3158979825128944,False,False,False
"Valley County, Idaho",16085,T2 small (2.2k-11.7k),6180.0,0.2744081403439373,1.87000424107021,0.5049197292537557,False,False,False
"Washington County, Idaho",16087,T2 small (2.2k-11.7k),4800.0,0.14505609480106674,0.8040621860882021,0.285158925087413,False,False,False
"Adams County, Illinois",17001,T3 mid (11.7k-100k),31060.0,0.10212767101485122,0.7334932644025951,0.5222246207219082,False,False,False
"Alexander County, Illinois",17003,T1 thin (<2.2k returns),2050.0,0.03313067627411244,0.15551252461812748,0.15726284250937006,True,False,False
"Bond County, Illinois",17005,T2 small (2.2k-11.7k),6890.0,0.054672022145629225,0.3521726440724538,0.33469024958665383,False,False,False
"Boone County, Illinois",17007,T3 mid (11.7k-100k),26200.0,0.06321584231751046,0.43721746068557454,0.5077934191385057,False,False,False
"Brown County, Illinois",17009,T2 small (2.2k-11.7k),2300.0,0.06764980787205317,0.3677761571677879,0.21466026884161107,False,False,False
"Bureau County, Illinois",17011,T3 mid (11.7k-100k),16480.0,0.07376551404667349,0.4638320252553342,0.37642569140907545,False,False,False
"Calhoun County, Illinois",17013,T1 thin (<2.2k returns),2090.0,0.05542307970229063,0.3333115136446235,0.4035350017575861,True,False,False
"Carroll County, Illinois",17015,T2 small (2.2k-11.7k),7340.0,0.07258430106720566,0.4741269729162088,0.34163029497239616,False,False,False
"Cass County, Illinois",17017,T2 small (2.2k-11.7k),6140.0,0.05129700809302146,0.2915344644529193,0.07196047223044229,False,False,False
"Champaign County, Illinois",17019,T3 mid (11.7k-100k),86550.0,0.10025137213160308,0.6844783936511195,0.43121610040550457,False,False,False
"Christian County, Illinois",17021,T3 mid (11.7k-100k),14870.0,0.10617801774713413,0.4060205055882761,0.46175063319212883,False,False,False
"Clark County, Illinois",17023,T2 small (2.2k-11.7k),7160.0,0.0586629627003719,0.36835641825390153,0.29517518579652235,False,False,False
"Clay County, Illinois",17025,T2 small (2.2k-11.7k),6080.0,0.07295297731469158,0.3804270501638693,0.09777004387374424,False,False,False
"Clinton County, Illinois",17027,T3 mid (11.7k-100k),17640.0,0.0660937760720841,0.3776331963603168,0.23142822815606892,False,False,False
"Coles County, Illinois",17029,T3 mid (11.7k-100k),20850.0,0.1397107561484066,0.5733212172344698,0.32421706893809693,False,False,False
"Cook County, Illinois",17031,T4 large (>=100k),2501880.0,0.17424875097567988,1.309542589639968,0.5024870078212959,False,False,True
"Crawford County, Illinois",17033,T2 small (2.2k-11.7k),8320.0,0.06742417703579752,0.40580053870107075,0.20629697834039,False,False,False
"Cumberland County, Illinois",17035,T2 small (2.2k-11.7k),4920.0,0.0491336544032445,0.3123220482032808,0.28480895537207535,False,False,False
"DeKalb County, Illinois",17037,T3 mid (11.7k-100k),47760.0,0.06218836919486366,0.41831057406235567,0.4418457620420072,False,False,False
"De Witt County, Illinois",17039,T2 small (2.2k-11.7k),7450.0,0.052135922055196744,0.33106147153001586,0.4377446296277011,False,False,False
"Douglas County, Illinois",17041,T2 small (2.2k-11.7k),10000.0,0.13172717870556855,0.4686412032567976,0.3162048192478088,False,False,False
"DuPage County, Illinois",17043,T4 large (>=100k),466870.0,0.14538271257904403,0.9949415637780328,0.4108058671322438,False,False,False
"Edgar County, Illinois",17045,T2 small (2.2k-11.7k),7700.0,0.056135308565770356,0.37222098980068397,0.3739521042858746,False,False,False
"Edwards County, Illinois",17047,T2 small (2.2k-11.7k),2830.0,0.04887601590869791,0.38749817417862087,0.4128006338470472,False,False,False
"Effingham County, Illinois",17049,T3 mid (11.7k-100k),17270.0,0.13992737809447672,0.8838137512215706,0.24079359648802948,False,False,False
"Fayette County, Illinois",17051,T2 small (2.2k-11.7k),9030.0,0.08244668949005393,0.41084142311417865,0.011304689713699898,False,False,False
"Ford County, Illinois",17053,T2 small (2.2k-11.7k),6380.0,0.07258191839019419,0.3681967526611566,0.10098486919341151,False,False,False
"Franklin County, Illinois",17055,T3 mid (11.7k-100k),16150.0,0.03280148136717846,0.239604660569051,0.4005480816989258,False,False,False
"Fulton County, Illinois",17057,T3 mid (11.7k-100k),14900.0,0.05023512037774712,0.3431896618796927,0.346739185302238,False,False,False
"Gallatin County, Illinois",17059,T1 thin (<2.2k returns),2060.0,0.08852244025646007,0.4356302724089839,0.21450399023628713,True,False,False
"Greene County, Illinois",17061,T2 small (2.2k-11.7k),5450.0,0.03716738274097166,0.27469223415721994,0.3769082828901072,False,False,False
"Grundy County, Illinois",17063,T3 mid (11.7k-100k),26520.0,0.04527784986050379,0.40486772318729525,0.6692370731226013,False,False,False
"Hamilton County, Illinois",17065,T2 small (2.2k-11.7k),3590.0,0.06740206960144804,0.4156286525538331,0.1047890325499179,False,False,False
"Hancock County, Illinois",17067,T2 small (2.2k-11.7k),8310.0,0.2151033967920673,0.6805147293443172,0.7043776757659315,False,False,False
"Hardin County, Illinois",17069,T1 thin (<2.2k returns),1470.0,0.022055891840951105,0.1581349513098747,0.5089661974356675,True,False,False
"Henderson County, Illinois",17071,T2 small (2.2k-11.7k),2910.0,0.066097364768699,0.3598233577868702,0.16251328978151866,False,False,False
"Henry County, Illinois",17073,T3 mid (11.7k-100k),23720.0,0.07103212857340302,0.44230330070111723,0.3434788643811927,False,False,False
"Iroquois County, Illinois",17075,T3 mid (11.7k-100k),12800.0,0.08019513466712595,0.502191113580208,0.2091166370501487,False,False,False
"Jackson County, Illinois",17077,T3 mid (11.7k-100k),21770.0,0.07194059422307393,0.5199637931602173,0.3797718252199774,False,False,False
"Jasper County, Illinois",17079,T2 small (2.2k-11.7k),4600.0,0.08841566246588783,0.47939892737960454,0.19428280464344397,False,False,False
"Jefferson County, Illinois",17081,T3 mid (11.7k-100k),16340.0,0.07987663156962717,0.38852738122781966,0.11232016263702894,False,False,False
"Jersey County, Illinois",17083,T2 small (2.2k-11.7k),10080.0,0.06048456604225098,0.3306506710643697,0.18577355712979363,False,False,False
"Jo Daviess County, Illinois",17085,T3 mid (11.7k-100k),12590.0,0.1184300334660177,0.9542412092896104,0.473612079355264,False,False,False
"Johnson County, Illinois",17087,T2 small (2.2k-11.7k),5080.0,0.03744125741423334,0.2615711967993236,0.35767979725819327,False,False,False
"Kane County, Illinois",17089,T4 large (>=100k),257550.0,0.09373301906067692,0.5796346043933884,0.386149079066518,False,False,False
"Kankakee County, Illinois",17091,T3 mid (11.7k-100k),50210.0,0.04149888263044702,0.3302113238272371,0.4530218938098264,False,False,False
"Kendall County, Illinois",17093,T3 mid (11.7k-100k),66840.0,0.03502777126275774,0.2428034798600896,0.5114912295190105,False,False,False
"Knox County, Illinois",17095,T3 mid (11.7k-100k),22290.0,0.06196358502246986,0.4294857447634405,0.3867427001196427,False,False,False
"Lake County, Illinois",17097,T4 large (>=100k),347020.0,0.2302395054845393,1.5994311964406245,0.5024426039430362,False,False,True
"LaSalle County, Illinois",17099,T3 mid (11.7k-100k),53830.0,0.05914131462939454,0.39379765337656913,0.36189466364461964,False,False,False
"Lawrence County, Illinois",17101,T2 small (2.2k-11.7k),5940.0,0.06299910888713713,0.40560037226143814,0.2602755292789448,False,False,False
"Lee County, Illinois",17103,T3 mid (11.7k-100k),16020.0,0.06345360296905574,0.3798036202832794,0.2575357761929815,False,False,False
"Livingston County, Illinois",17105,T3 mid (11.7k-100k),16870.0,0.06973801301362594,0.4071943578005491,0.2764323302060885,False,False,False
"Logan County, Illinois",17107,T3 mid (11.7k-100k),12340.0,0.06862016719218912,0.35343914667529275,0.1651506661875105,False,False,False
"McDonough County, Illinois",17109,T3 mid (11.7k-100k),11810.0,0.07998988929218394,0.5006246610705881,0.22594118863785012,False,False,False
"McHenry County, Illinois",17111,T4 large (>=100k),160510.0,0.07303984438591403,0.5760998555307366,0.6631576666302113,False,False,False
"McLean County, Illinois",17113,T3 mid (11.7k-100k),78370.0,0.059611186602186006,0.4617579961651937,0.49902319695847713,False,False,False
"Macon County, Illinois",17115,T3 mid (11.7k-100k),46270.0,0.07106283084004603,0.5480035951191085,0.5425409337811754,False,False,False
"Macoupin County, Illinois",17117,T3 mid (11.7k-100k),20860.0,0.05488658047606527,0.31918604795813704,0.20724170703055247,False,False,False
"Madison County, Illinois",17119,T4 large (>=100k),125990.0,0.057697491275810975,0.4072342586120346,0.3950454020866394,False,False,False
"Marion County, Illinois",17121,T3 mid (11.7k-100k),16990.0,0.08247048192590235,0.41817553645791444,0.08053663718462999,False,False,False
"Marshall County, Illinois",17123,T2 small (2.2k-11.7k),5750.0,0.08723518391007062,0.46301733070849654,0.17175105426624554,False,False,False
"Mason County, Illinois",17125,T2 small (2.2k-11.7k),6090.0,0.062394014962593516,0.35629793713304414,0.22724468232906758,False,False,False
"Massac County, Illinois",17127,T2 small (2.2k-11.7k),6080.0,0.05477990514374307,0.33621970803483003,0.4104013810612697,False,False,False
"Menard County, Illinois",17129,T2 small (2.2k-11.7k),5990.0,0.054126142644557826,0.3420769616070222,0.40405672967092154,False,False,False
"Mercer County, Illinois",17131,T2 small (2.2k-11.7k),7600.0,0.04823902473398633,0.3792788508555493,0.5989892362570616,False,False,False
"Monroe County, Illinois",17133,T3 mid (11.7k-100k),17730.0,0.09025975783451687,0.49399710349611736,0.3665764663098461,False,False,False
"Montgomery County, Illinois",17135,T3 mid (11.7k-100k),12320.0,0.06131328496762618,0.4084883285440221,0.35253522904998746,False,False,False
"Morgan County, Illinois",17137,T3 mid (11.7k-100k),15070.0,0.06762017685277023,0.47549051992487196,0.3526187241258115,False,False,False
"Moultrie County, Illinois",17139,T2 small (2.2k-11.7k),6630.0,0.10804504708585483,0.4625140041844992,0.0840986427349643,False,False,False
"Ogle County, Illinois",17141,T3 mid (11.7k-100k),25070.0,0.06669646124548219,0.4035575933261156,0.27719545707195326,False,False,False
"Peoria County, Illinois",17143,T3 mid (11.7k-100k),84940.0,0.0916039839213507,0.7412634283215084,0.6935771278531121,False,False,False
"Perry County, Illinois",17145,T2 small (2.2k-11.7k),8530.0,0.038698208286674134,0.3031317966104853,0.43344615863209907,False,False,False
"Piatt County, Illinois",17147,T2 small (2.2k-11.7k),8080.0,0.07171531481703959,0.4530106530129322,0.28626772950757207,False,False,False
"Pike County, Illinois",17149,T2 small (2.2k-11.7k),6620.0,0.06943108677961086,0.4690627903658684,0.46395336836809087,False,False,False
"Pope County, Illinois",17151,T1 thin (<2.2k returns),1600.0,0.048369239704521116,0.3140608769632703,0.5017619613546651,True,False,False
"Pulaski County, Illinois",17153,T1 thin (<2.2k returns),2180.0,0.027022753922976588,0.1452151090216506,0.14830377581067963,True,False,False
"Putnam County, Illinois",17155,T2 small (2.2k-11.7k),2930.0,0.06562947198473562,0.4374052438520426,0.4055459484885845,False,False,False
"Randolph County, Illinois",17157,T3 mid (11.7k-100k),13310.0,0.05188921425258216,0.34160105334647106,0.3261577549016258,False,False,False
"Richland County, Illinois",17159,T2 small (2.2k-11.7k),7220.0,0.07152591299677766,0.4897915380299425,0.4277496969368937,False,False,False
"Rock Island County, Illinois",17161,T3 mid (11.7k-100k),67710.0,0.05528819654059162,0.439539548493354,0.5384812097398656,False,False,False
"St. Clair County, Illinois",17163,T4 large (>=100k),118720.0,0.05762785901434082,0.3985214591036261,0.41287546403914616,False,False,False
"Saline County, Illinois",17165,T2 small (2.2k-11.7k),9790.0,0.053292271893410355,0.4126231814632767,0.26712339061278334,False,False,False
"Sangamon County, Illinois",17167,T3 mid (11.7k-100k),97630.0,0.08403500238287219,0.5901934322085589,0.3442741034056567,False,False,False
"Schuyler County, Illinois",17169,T2 small (2.2k-11.7k),3140.0,0.07891331431097537,0.3409367106704388,0.12444609160533333,False,False,False
"Scott County, Illinois",17171,T2 small (2.2k-11.7k),2340.0,0.04376667462550218,0.22037927646198557,0.020047486186662456,False,False,False
"Shelby County, Illinois",17173,T2 small (2.2k-11.7k),10100.0,0.06302418314557412,0.3775807992434787,0.29324036627132005,False,False,False
"Stark County, Illinois",17175,T2 small (2.2k-11.7k),2540.0,0.07433955501900459,0.4991482715065274,0.2811552005578548,False,False,False
"Stephenson County, Illinois",17177,T3 mid (11.7k-100k),21480.0,0.08665611570629823,0.486658015789797,0.2423760848616487,False,False,False
"Tazewell County, Illinois",17179,T3 mid (11.7k-100k),63870.0,0.06521241017251389,0.41988395411682333,0.4001688078271121,False,False,False
"Union County, Illinois",17181,T2 small (2.2k-11.7k),7470.0,0.05459648195419168,0.3543822359837507,0.3021138520221782,False,False,False
"Vermilion County, Illinois",17183,T3 mid (11.7k-100k),32080.0,0.042501263894843946,0.29695413046668406,0.4432902571556876,False,False,False
"Wabash County, Illinois",17185,T2 small (2.2k-11.7k),4930.0,0.06917160794434998,0.5660507845445288,0.35413332490284255,False,False,False
"Warren County, Illinois",17187,T2 small (2.2k-11.7k),7430.0,0.062085609895082626,0.47268496950508154,0.31471710138367065,False,False,False
"Washington County, Illinois",17189,T2 small (2.2k-11.7k),6890.0,0.0582176363059538,0.43959782247723833,0.36446778256184914,False,False,False
"Wayne County, Illinois",17191,T2 small (2.2k-11.7k),7200.0,0.08726888423929288,0.4018713764022611,0.09845915351294333,False,False,False
"White County, Illinois",17193,T2 small (2.2k-11.7k),6020.0,0.08438878380513015,0.5380198015848187,0.23140683080699362,False,False,False
"Whiteside County, Illinois",17195,T3 mid (11.7k-100k),27020.0,0.059477649580732615,0.4234154671923009,0.3782724699024443,False,False,False
"Will County, Illinois",17197,T4 large (>=100k),346490.0,0.06695438176421979,0.4139718548515325,0.35396376602105817,False,False,False
"Williamson County, Illinois",17199,T3 mid (11.7k-100k),30200.0,0.06663722307619824,0.3752371146498502,0.24446854550723862,False,False,False
"Winnebago County, Illinois",17201,T4 large (>=100k),135630.0,0.061359064098842085,0.43633519838769413,0.5360588230555714,False,False,False
"Woodford County, Illinois",17203,T3 mid (11.7k-100k),18350.0,0.08310634115202008,0.5303267340178232,0.3760194636582844,False,False,False
"Adams County, Indiana",18001,T3 mid (11.7k-100k),16030.0,0.0615234494863329,0.39117759772981253,0.41616932630078723,False,False,False
"Allen County, Indiana",18003,T4 large (>=100k),190790.0,0.11018656938511796,0.6056018944705955,0.45528826105467807,False,False,False
"Bartholomew County, Indiana",18005,T3 mid (11.7k-100k),40500.0,0.1058897678847371,0.5779116234248114,0.16014900948152921,False,False,False
"Benton County, Indiana",18007,T2 small (2.2k-11.7k),4320.0,0.058619940142787874,0.29040397281250957,0.20029326639185585,False,False,False
"Blackford County, Indiana",18009,T2 small (2.2k-11.7k),5650.0,0.031555449110455366,0.23205945515487514,0.5000104571565138,False,False,False
"Boone County, Indiana",18011,T3 mid (11.7k-100k),36610.0,0.146253525095307,1.0232231994555119,0.44768506501267585,False,False,False
"Brown County, Indiana",18013,T2 small (2.2k-11.7k),7940.0,0.1212076906206594,0.6332211032788337,0.024558687174726535,False,False,False
"Carroll County, Indiana",18015,T2 small (2.2k-11.7k),10020.0,0.0634969885417148,0.3221118151892508,0.053662836916135714,False,False,False
"Cass County, Indiana",18017,T3 mid (11.7k-100k),18120.0,0.043479218762048494,0.288555637771176,0.46997736641007737,False,False,False
"Clark County, Indiana",18019,T3 mid (11.7k-100k),61150.0,0.04721358899544172,0.30883351964896877,0.41589820665922533,False,False,False
"Clay County, Indiana",18021,T3 mid (11.7k-100k),12140.0,0.05526353860249795,0.28975632507910565,0.08669538635309466,False,False,False
"Clinton County, Indiana",18023,T3 mid (11.7k-100k),15540.0,0.054696705648895755,0.31240441081361237,0.2597070555890586,False,False,False
"Crawford County, Indiana",18025,T2 small (2.2k-11.7k),4730.0,0.020098058182662384,0.1673077363106577,0.5855616955419676,False,False,False
"Daviess County, Indiana",18027,T3 mid (11.7k-100k),14990.0,0.07368499939719975,0.510502531368482,0.3048310381346645,False,False,False
"Dearborn County, Indiana",18029,T3 mid (11.7k-100k),25650.0,0.06768913789987349,0.3909325148238131,0.183858066074366,False,False,False
"Decatur County, Indiana",18031,T3 mid (11.7k-100k),13020.0,0.05413458785027613,0.35732920850759087,0.4151117381838444,False,False,False
"DeKalb County, Indiana",18033,T3 mid (11.7k-100k),21610.0,0.08051274446054217,0.4898192775216361,0.4781621044966362,False,False,False
"Delaware County, Indiana",18035,T3 mid (11.7k-100k),48210.0,0.06495810601710056,0.4207554853753515,0.32421902825967636,False,False,False
"Dubois County, Indiana",18037,T3 mid (11.7k-100k),22840.0,0.11677498092793324,0.8901067522355216,0.5362434770867212,False,False,False
"Elkhart County, Indiana",18039,T3 mid (11.7k-100k),98550.0,0.07146529456122712,0.6126988233727502,0.5693293868458771,False,False,False
"Fayette County, Indiana",18041,T2 small (2.2k-11.7k),10410.0,0.051981511532220234,0.2828602287282376,0.24422262055223962,False,False,False
"Floyd County, Indiana",18043,T3 mid (11.7k-100k),39140.0,0.10393461050974039,0.5882406955781875,0.23320108735265854,False,False,False
"Fountain County, Indiana",18045,T2 small (2.2k-11.7k),8090.0,0.06138012523760325,0.29810423113549683,0.061135036757657114,False,False,False
"Franklin County, Indiana",18047,T2 small (2.2k-11.7k),11030.0,0.07343782894796032,0.5427758134211318,0.5821702853393977,False,False,False
"Fulton County, Indiana",18049,T2 small (2.2k-11.7k),9590.0,0.07466396335511001,0.3913256532988375,0.16153546974142238,False,False,False
"Gibson County, Indiana",18051,T3 mid (11.7k-100k),16370.0,0.05923571405497949,0.3784281298126597,0.27284312240054814,False,False,False
"Grant County, Indiana",18053,T3 mid (11.7k-100k),29110.0,0.04141063582629164,0.28358981738553046,0.5256437208492922,False,False,False
"Greene County, Indiana",18055,T3 mid (11.7k-100k),14930.0,0.03408964623078348,0.20116991756252095,0.27877429174292573,False,False,False
"Hamilton County, Indiana",18057,T4 large (>=100k),177350.0,0.17221441645540672,0.9946692335473178,0.305072674018029,False,False,False
"Hancock County, Indiana",18059,T3 mid (11.7k-100k),42380.0,0.06939243385106443,0.39986077843233037,0.2539535148293901,False,False,False
"Harrison County, Indiana",18061,T3 mid (11.7k-100k),19040.0,0.04559742926721181,0.30011607442079147,0.40646620246425325,False,False,False
"Hendricks County, Indiana",18063,T3 mid (11.7k-100k),89620.0,0.0819270089469975,0.3830072788602977,0.11278082300967461,False,False,False
"Henry County, Indiana",18065,T3 mid (11.7k-100k),22200.0,0.046674662096624665,0.3165739840745564,0.38564595487274467,False,False,False
"Howard County, Indiana",18067,T3 mid (11.7k-100k),41510.0,0.04649241497382618,0.32546773931393846,0.41877548712924184,False,False,False
"Huntington County, Indiana",18069,T3 mid (11.7k-100k),18130.0,0.06464995335357987,0.4075249893854786,0.4593499536810041,False,False,False
"Jackson County, Indiana",18071,T3 mid (11.7k-100k),21850.0,0.04436649689690813,0.30680723987009345,0.4191375652982186,False,False,False
"Jasper County, Indiana",18073,T3 mid (11.7k-100k),16280.0,0.070896290923233,0.4451122280860309,0.32810250830857113,False,False,False
"Jay County, Indiana",18075,T2 small (2.2k-11.7k),9240.0,0.046269332262995636,0.30157861837343514,0.37088548453157966,False,False,False
"Jefferson County, Indiana",18077,T3 mid (11.7k-100k),14860.0,0.10936145248417155,0.42888771913381224,0.3319825877245082,False,False,False
"Jennings County, Indiana",18079,T3 mid (11.7k-100k),12830.0,0.032385322409281166,0.20085094793075506,0.46191449854380917,False,False,False
"Johnson County, Indiana",18081,T3 mid (11.7k-100k),80430.0,0.07815098988693338,0.47326766913457236,0.26402341615187624,False,False,False
"Knox County, Indiana",18083,T3 mid (11.7k-100k),16480.0,0.061039025532246965,0.442828877922463,0.3933544141375446,False,False,False
"Kosciusko County, Indiana",18085,T3 mid (11.7k-100k),39560.0,0.13172847734487084,0.8591660376191832,0.3174419412914825,False,False,False
"LaGrange County, Indiana",18087,T3 mid (11.7k-100k),18270.0,0.07248290846959701,0.39070667231050105,0.07062962485914034,False,False,False
"Lake County, Indiana",18089,T4 large (>=100k),235210.0,0.05273039085216116,0.36777878178885026,0.4736800631199542,False,False,False
"LaPorte County, Indiana",18091,T3 mid (11.7k-100k),52070.0,0.07348429504454453,0.4392177324277947,0.3010605514739686,False,False,False
"Lawrence County, Indiana",18093,T3 mid (11.7k-100k),21860.0,0.048065849797345954,0.3115507058442307,0.3871514552896411,False,False,False
"Madison County, Indiana",18095,T3 mid (11.7k-100k),61680.0,0.04125661767300296,0.3332660868249162,0.591331682499872,False,False,False
"Marion County, Indiana",18097,T4 large (>=100k),467010.0,0.10546549587096053,0.6209343437732355,0.30510457836009547,False,False,False
"Marshall County, Indiana",18099,T3 mid (11.7k-100k),22760.0,0.08209704942651583,0.48114520661983884,0.35028769862092735,False,False,False
"Martin County, Indiana",18101,T2 small (2.2k-11.7k),4840.0,0.0365108553802349,0.2622472459371003,0.5380907327200111,False,False,False
"Miami County, Indiana",18103,T3 mid (11.7k-100k),15610.0,0.04899345218021363,0.32034880508995195,0.28611408258272947,False,False,False
"Monroe County, Indiana",18105,T3 mid (11.7k-100k),58190.0,0.10297545826994946,0.7595620681741947,0.44812472542727866,False,False,False
"Montgomery County, Indiana",18107,T3 mid (11.7k-100k),18630.0,0.056229813173841944,0.3537801310172431,0.373220463974865,False,False,False
"Morgan County, Indiana",18109,T3 mid (11.7k-100k),35870.0,0.06395062270176195,0.31943351221185734,0.18939023046335043,False,False,False
"Newton County, Indiana",18111,T2 small (2.2k-11.7k),6840.0,0.04201089482108741,0.22742637114343767,0.18300226689296234,False,False,False
"Noble County, Indiana",18113,T3 mid (11.7k-100k),22680.0,0.04920847980078593,0.31129033559854585,0.47006832437891355,False,False,False
"Ohio County, Indiana",18115,T2 small (2.2k-11.7k),2840.0,0.043597509551851335,0.2001079998062516,0.16031851601744793,False,False,False
"Orange County, Indiana",18117,T2 small (2.2k-11.7k),8800.0,0.05788037958153167,0.32857103911419727,0.27591138125235715,False,False,False
"Owen County, Indiana",18119,T2 small (2.2k-11.7k),9980.0,0.033824203990333916,0.24728350290992546,0.49560574654053097,False,False,False
"Parke County, Indiana",18121,T2 small (2.2k-11.7k),6990.0,0.08658936080978452,0.459058835819189,0.09574606549778618,False,False,False
"Perry County, Indiana",18123,T2 small (2.2k-11.7k),8700.0,0.04477040958795474,0.2934912030818189,0.3893446994435606,False,False,False
"Pike County, Indiana",18125,T2 small (2.2k-11.7k),5650.0,0.03696078016340636,0.21685995603680103,0.24213581379599783,False,False,False
"Porter County, Indiana",18127,T3 mid (11.7k-100k),86170.0,0.0766267506338855,0.4800028286953369,0.32411856360264735,False,False,False
"Posey County, Indiana",18129,T3 mid (11.7k-100k),12120.0,0.08737349503388624,0.5740533921866886,0.1839676639487018,False,False,False
"Pulaski County, Indiana",18131,T2 small (2.2k-11.7k),5890.0,0.10357694613053278,0.4403332051194317,0.28434941781499357,False,False,False
"Putnam County, Indiana",18133,T3 mid (11.7k-100k),16950.0,0.05060014733933439,0.32751847487832114,0.3897280848854377,False,False,False
"Randolph County, Indiana",18135,T2 small (2.2k-11.7k),11510.0,0.07441083271674767,0.35420568732290547,0.21280902333599447,False,False,False
"Ripley County, Indiana",18137,T3 mid (11.7k-100k),14170.0,0.05780708202466606,0.499208873674659,0.6280521377891299,False,False,False
"Rush County, Indiana",18139,T2 small (2.2k-11.7k),8090.0,0.09388103252191295,0.41322416351710006,0.048454776227828955,False,False,False
"St. Joseph County, Indiana",18141,T4 large (>=100k),127680.0,0.0965070387758405,0.6977705466992807,0.668916612036293,False,False,False
"Scott County, Indiana",18143,T2 small (2.2k-11.7k),10940.0,0.03516614384894523,0.2210330849804098,0.4104806269202956,False,False,False
"Shelby County, Indiana",18145,T3 mid (11.7k-100k),21850.0,0.06635933553737437,0.37993955460303275,0.09110879895469418,False,False,False
"Spencer County, Indiana",18147,T2 small (2.2k-11.7k),9810.0,0.07335144373791862,0.3624392921194595,0.050762550083785746,False,False,False
"Starke County, Indiana",18149,T2 small (2.2k-11.7k),10610.0,0.042107130347311415,0.21748261289743182,0.17258198484454526,False,False,False
"Steuben County, Indiana",18151,T3 mid (11.7k-100k),16910.0,0.09506530469616477,0.6606258042364862,0.36970962413451636,False,False,False
"Sullivan County, Indiana",18153,T2 small (2.2k-11.7k),8860.0,0.03922673023381213,0.3017973778157863,0.35187606171047364,False,False,False
"Switzerland County, Indiana",18155,T2 small (2.2k-11.7k),4290.0,0.02182578648733287,0.17599476350556287,0.5318931096314945,False,False,False
"Tippecanoe County, Indiana",18157,T3 mid (11.7k-100k),79120.0,0.08108250291889543,0.5425393754363049,0.39118756524490667,False,False,False
"Tipton County, Indiana",18159,T2 small (2.2k-11.7k),7670.0,0.041947139942286646,0.260463109901911,0.35229388925504324,False,False,False
"Union County, Indiana",18161,T2 small (2.2k-11.7k),3300.0,0.058152134124020795,0.24047838117318374,0.20320991155329504,False,False,False
"Vanderburgh County, Indiana",18163,T3 mid (11.7k-100k),86930.0,0.09935123293472876,0.7133498038895445,0.48456951215591193,False,False,False
"Vermillion County, Indiana",18165,T2 small (2.2k-11.7k),7410.0,0.05332522962317748,0.2779619596212228,0.1626153079575862,False,False,False
"Vigo County, Indiana",18167,T3 mid (11.7k-100k),46120.0,0.30180490797672105,0.9888158943775824,0.4531174685429358,False,False,True
"Wabash County, Indiana",18169,T3 mid (11.7k-100k),14930.0,0.1017375300246436,0.6518011051901551,0.5527932031154785,False,False,False
"Warren County, Indiana",18171,T2 small (2.2k-11.7k),4020.0,0.058213512173481904,0.283653476355724,0.2871498652230993,False,False,False
"Warrick County, Indiana",18173,T3 mid (11.7k-100k),31780.0,0.09372516905314025,0.6182019707680102,0.3477496333732638,False,False,False
"Washington County, Indiana",18175,T3 mid (11.7k-100k),12740.0,0.049441291884874033,0.2542931970933355,0.01804279304754146,False,False,False
"Wayne County, Indiana",18177,T3 mid (11.7k-100k),30140.0,0.06413264455924013,0.39769381684124705,0.31128204384845026,False,False,False
"Wells County, Indiana",18179,T3 mid (11.7k-100k),13870.0,0.08723184467111854,0.4874171418527936,0.43760588979294773,False,False,False
"White County, Indiana",18181,T3 mid (11.7k-100k),12240.0,0.0808994340360957,0.44572905541212277,0.2730891941210407,False,False,False
"Whitley County, Indiana",18183,T3 mid (11.7k-100k),17420.0,0.07048975189724989,0.42425881812471095,0.26573726320506563,False,False,False
"Adair County, Iowa",19001,T2 small (2.2k-11.7k),3480.0,0.09819647664346588,0.5733622029243903,0.19801485781388775,False,False,False
"Adams County, Iowa",19003,T1 thin (<2.2k returns),1700.0,0.0690547176429323,0.5594344505589086,0.48760776170444503,True,False,False
"Allamakee County, Iowa",19005,T2 small (2.2k-11.7k),6570.0,0.15617068821357485,0.7395935682644244,0.12007527268196151,False,False,False
"Appanoose County, Iowa",19007,T2 small (2.2k-11.7k),5360.0,0.07989271048446438,0.48096914986150613,0.33354891827290756,False,False,False
"Audubon County, Iowa",19009,T2 small (2.2k-11.7k),2570.0,0.1693196497045272,0.8360379154442669,0.019760624012599075,False,False,False
"Benton County, Iowa",19011,T3 mid (11.7k-100k),11940.0,0.07401670719159838,0.4105933165233765,0.20942222916388847,False,False,False
"Black Hawk County, Iowa",19013,T3 mid (11.7k-100k),59240.0,0.08272354817675233,0.5384734849078872,0.35813353514032614,False,False,False
"Boone County, Iowa",19015,T3 mid (11.7k-100k),12600.0,0.06342861813140635,0.38867624380567856,0.23528702286296543,False,False,False
"Bremer County, Iowa",19017,T2 small (2.2k-11.7k),11370.0,0.07458189633311356,0.6400157906094074,0.4708357350486258,False,False,False
"Buchanan County, Iowa",19019,T2 small (2.2k-11.7k),9400.0,0.08637210511256288,0.4278825838703102,0.1180163155381193,False,False,False
"Buena Vista County, Iowa",19021,T2 small (2.2k-11.7k),9600.0,0.06381769699227983,0.42023293437607423,0.3556364254317378,False,False,False
"Butler County, Iowa",19023,T2 small (2.2k-11.7k),6630.0,0.0743458178630871,0.4628829964837003,0.18476485716663743,False,False,False
"Calhoun County, Iowa",19025,T2 small (2.2k-11.7k),4380.0,0.1271167612266242,0.5427198633956432,0.07717038849120025,False,False,False
"Carroll County, Iowa",19027,T2 small (2.2k-11.7k),9910.0,0.12486075582695597,0.7064010464454397,0.23534112314292047,False,False,False
"Cass County, Iowa",19029,T2 small (2.2k-11.7k),6120.0,0.09595662474361216,0.5846462848383169,0.2523420462680823,False,False,False
"Cedar County, Iowa",19031,T2 small (2.2k-11.7k),8940.0,0.08381064764480745,0.5073527433264615,0.3125084809316099,False,False,False
"Cerro Gordo County, Iowa",19033,T3 mid (11.7k-100k),20110.0,0.11472844096644212,0.6760999902803547,0.4668084628710227,False,False,False
"Cherokee County, Iowa",19035,T2 small (2.2k-11.7k),5500.0,0.09985258544139068,0.5768389620167905,0.21251062612442487,False,False,False
"Chickasaw County, Iowa",19037,T2 small (2.2k-11.7k),5590.0,0.09862017040434538,0.7174407828967219,0.5609494013694192,False,False,False
"Clarke County, Iowa",19039,T2 small (2.2k-11.7k),4390.0,0.05409030408518481,0.3569299688242279,0.10244102464513535,False,False,False
"Clay County, Iowa",19041,T2 small (2.2k-11.7k),7980.0,0.10762921201579358,0.590684778418571,0.22283227274737102,False,False,False
"Clayton County, Iowa",19043,T2 small (2.2k-11.7k),8200.0,0.14281393150585328,0.689914491068877,0.08262111948760295,False,False,False
"Clinton County, Iowa",19045,T3 mid (11.7k-100k),21610.0,0.05947758826462013,0.38275646081658043,0.2791003834660045,False,False,False
"Crawford County, Iowa",19047,T2 small (2.2k-11.7k),7550.0,0.08980882831759616,0.4789725276886457,0.30414342667184324,False,False,False
"Dallas County, Iowa",19049,T3 mid (11.7k-100k),51740.0,0.088904271691433,0.6558244665258266,0.4551445045974959,False,False,False
"Davis County, Iowa",19051,T2 small (2.2k-11.7k),3630.0,0.08933679835112947,0.573074132415593,0.17137154544825112,False,False,False
"Decatur County, Iowa",19053,T2 small (2.2k-11.7k),3050.0,0.14910848763066045,0.6603119642359637,0.4054129526710543,False,False,False
"Delaware County, Iowa",19055,T2 small (2.2k-11.7k),8390.0,0.12055670915888507,0.5928106381269072,0.09612315170997464,False,False,False
"Des Moines County, Iowa",19057,T3 mid (11.7k-100k),18480.0,0.15794848490586283,0.7408122588942387,0.08599672528534004,False,False,False
"Dickinson County, Iowa",19059,T2 small (2.2k-11.7k),9230.0,0.23585004886471705,1.2221950979953724,0.22005825706142002,False,False,False
"Dubuque County, Iowa",19061,T3 mid (11.7k-100k),47800.0,0.16482570243732314,0.8333983814511612,0.08724856905413772,False,False,False
"Emmet County, Iowa",19063,T2 small (2.2k-11.7k),4410.0,0.06847247597108587,0.4005369719547643,0.33050195886312417,False,False,False
"Fayette County, Iowa",19065,T2 small (2.2k-11.7k),8570.0,0.14015919691746095,0.6930878635408712,0.0675308633812945,False,False,False
"Floyd County, Iowa",19067,T2 small (2.2k-11.7k),7220.0,0.09045126171411251,0.5167054874025151,0.2041357801207478,False,False,False
"Franklin County, Iowa",19069,T2 small (2.2k-11.7k),4270.0,0.1377631960515617,0.6988778739802193,0.19886965521027514,False,False,False
"Fremont County, Iowa",19071,T2 small (2.2k-11.7k),3080.0,0.059441520282410634,0.40581721165307477,0.6017734475176768,False,False,False
"Greene County, Iowa",19073,T2 small (2.2k-11.7k),4170.0,0.1151820936965613,0.6249104894034212,0.21562674445994962,False,False,False
"Grundy County, Iowa",19075,T2 small (2.2k-11.7k),5720.0,0.1085114222549742,0.5568702875211204,0.10955215411390438,False,False,False
"Guthrie County, Iowa",19077,T2 small (2.2k-11.7k),5140.0,0.13684634296010537,0.8435967578170732,0.29091186896715876,False,False,False
"Hamilton County, Iowa",19079,T2 small (2.2k-11.7k),6900.0,0.0824331127514906,0.42461018640136183,0.10964660432684437,False,False,False
"Hancock County, Iowa",19081,T2 small (2.2k-11.7k),4960.0,0.07340268509761982,0.5261492280449273,0.4303709649550754,False,False,False
"Hardin County, Iowa",19083,T2 small (2.2k-11.7k),7650.0,0.10050540631604742,0.5056306502445687,0.07072608677162358,False,False,False
"Harrison County, Iowa",19085,T2 small (2.2k-11.7k),6660.0,0.06768218092852565,0.4404444158767179,0.5001566093766113,False,False,False
"Henry County, Iowa",19087,T2 small (2.2k-11.7k),8730.0,0.07684287184613689,0.47231020427830295,0.19559592555379945,False,False,False
"Howard County, Iowa",19089,T2 small (2.2k-11.7k),4590.0,0.07473409218137712,0.47955795244362875,0.23614422737212487,False,False,False
"Humboldt County, Iowa",19091,T2 small (2.2k-11.7k),4420.0,0.07836245021157097,0.47074433942954197,0.3024079794446343,False,False,False
"Ida County, Iowa",19093,T2 small (2.2k-11.7k),3260.0,0.12791008472990673,0.6431307124692596,0.04026603777539848,False,False,False
"Iowa County, Iowa",19095,T2 small (2.2k-11.7k),7860.0,0.08079016257922293,0.4667477142375039,0.23910845547748322,False,False,False
"Jackson County, Iowa",19097,T2 small (2.2k-11.7k),9360.0,0.10506128103515708,0.5621357965929912,0.20488511625678335,False,False,False
"Jasper County, Iowa",19099,T3 mid (11.7k-100k),16880.0,0.05544275785018316,0.3578280830441794,0.33209044600063037,False,False,False
"Jefferson County, Iowa",19101,T2 small (2.2k-11.7k),7090.0,0.2041964846544018,1.3627243081951277,0.3558366945059319,False,False,False
"Johnson County, Iowa",19103,T3 mid (11.7k-100k),68580.0,0.13191685829926858,0.8755430353684037,0.3707248041697151,False,False,False
"Jones County, Iowa",19105,T2 small (2.2k-11.7k),9070.0,0.12224542801295954,0.5655097527769175,0.023766939258164144,False,False,False
"Keokuk County, Iowa",19107,T2 small (2.2k-11.7k),4450.0,0.08545906130411146,0.4982030281778013,0.2594913862864396,False,False,False
"Kossuth County, Iowa",19109,T2 small (2.2k-11.7k),7060.0,0.12728657513655703,0.6696333398686191,0.24101179590973038,False,False,False
"Lee County, Iowa",19111,T3 mid (11.7k-100k),14420.0,0.10382342938688771,0.510093775623476,0.17067431297158506,False,False,False
"Linn County, Iowa",19113,T4 large (>=100k),109760.0,0.09875721444309053,0.6047120178564732,0.2519013348456093,False,False,False
"Louisa County, Iowa",19115,T2 small (2.2k-11.7k),4840.0,0.06566571634115798,0.32370124545838197,0.06339090803429745,False,False,False
"Lucas County, Iowa",19117,T2 small (2.2k-11.7k),3960.0,0.09934467894251614,0.58006909607804,0.25396025038515085,False,False,False
"Lyon County, Iowa",19119,T2 small (2.2k-11.7k),5440.0,0.12438521339044899,0.5925696922711816,0.01161168559494384,False,False,False
"Madison County, Iowa",19121,T2 small (2.2k-11.7k),7810.0,0.07818255034123037,0.4237318690960278,0.1142394063352359,False,False,False
"Mahaska County, Iowa",19123,T2 small (2.2k-11.7k),9650.0,0.07440976139735071,0.4324557198409253,0.42403978926764485,False,False,False
"Marion County, Iowa",19125,T3 mid (11.7k-100k),15270.0,0.0959861167729558,0.5750993947420682,0.18823496718428853,False,False,False
"Marshall County, Iowa",19127,T3 mid (11.7k-100k),18060.0,0.07405692456843536,0.45085212990609974,0.23921733306738346,False,False,False
"Mills County, Iowa",19129,T2 small (2.2k-11.7k),6740.0,0.06758846583579774,0.3808316977506321,0.24842399653012368,False,False,False
"Mitchell County, Iowa",19131,T2 small (2.2k-11.7k),4850.0,0.10038595946969352,0.6193208571164224,0.25349169803951044,False,False,False
"Monona County, Iowa",19133,T2 small (2.2k-11.7k),3940.0,0.06656295143904878,0.36844473259857086,0.26045507073688295,False,False,False
"Monroe County, Iowa",19135,T2 small (2.2k-11.7k),3430.0,0.07889301425852548,0.6054561866887548,0.4836264542074391,False,False,False
"Montgomery County, Iowa",19137,T2 small (2.2k-11.7k),4690.0,0.09619364895652491,0.5077867895083112,0.07601846241846609,False,False,False
"Muscatine County, Iowa",19139,T3 mid (11.7k-100k),20170.0,0.0853213985220027,0.49130112616511656,0.23396456995970227,False,False,False
"O'Brien County, Iowa",19141,T2 small (2.2k-11.7k),6460.0,0.10524896638504404,0.5829898427945805,0.0844811454574489,False,False,False
"Osceola County, Iowa",19143,T2 small (2.2k-11.7k),2820.0,0.08877709671379846,0.45727491665437625,0.257407282697363,False,False,False
"Page County, Iowa",19145,T2 small (2.2k-11.7k),6480.0,0.09021767738539425,0.5492597616881982,0.20622279029614923,False,False,False
"Palo Alto County, Iowa",19147,T2 small (2.2k-11.7k),4090.0,0.10281256122976078,0.5468949820328616,0.1577705989088168,False,False,False
"Plymouth County, Iowa",19149,T3 mid (11.7k-100k),12410.0,0.10243093486757458,0.6551252997181108,0.31435249902294177,False,False,False
"Pocahontas County, Iowa",19151,T2 small (2.2k-11.7k),3120.0,0.08081406368460956,0.4656947251210486,0.22308563667603287,False,False,False
"Polk County, Iowa",19153,T4 large (>=100k),241940.0,0.10121221204570047,0.6590725190451636,0.2729625408137841,False,False,False
"Pottawattamie County, Iowa",19155,T3 mid (11.7k-100k),42780.0,0.0703194507471562,0.38706826865972543,0.21773800457289902,False,False,False
"Poweshiek County, Iowa",19157,T2 small (2.2k-11.7k),8200.0,0.1332148560243136,0.6208265587116711,0.11073630338493352,False,False,False
"Ringgold County, Iowa",19159,T1 thin (<2.2k returns),2110.0,0.16551640340218712,1.001134426337979,0.2531399120662365,True,False,False
"Sac County, Iowa",19161,T2 small (2.2k-11.7k),4730.0,0.14896780027280113,0.723292877610507,0.05159641909059105,False,False,False
"Scott County, Iowa",19163,T3 mid (11.7k-100k),82770.0,0.10345736911891218,0.6393250377803917,0.3601439420433779,False,False,False
"Shelby County, Iowa",19165,T2 small (2.2k-11.7k),5680.0,0.0825005702091798,0.6009018642449933,0.5111228288899357,False,False,False
"Sioux County, Iowa",19167,T3 mid (11.7k-100k),14960.0,0.13278387131517713,0.807528620184845,0.19853545125717467,False,False,False
"Story County, Iowa",19169,T3 mid (11.7k-100k),38890.0,0.10581552504615982,0.6892520134791225,0.365508010567541,False,False,False
"Tama County, Iowa",19171,T2 small (2.2k-11.7k),8280.0,0.10191138241574599,0.511465805766268,0.14618153159121403,False,False,False
"Taylor County, Iowa",19173,T2 small (2.2k-11.7k),2700.0,0.14714244270380042,0.5938882970306969,0.4754550921876361,False,False,False
"Union County, Iowa",19175,T2 small (2.2k-11.7k),5390.0,0.08879909576391018,0.5675076633129692,0.3360095980481386,False,False,False
"Van Buren County, Iowa",19177,T2 small (2.2k-11.7k),3100.0,0.13979538693760096,0.6372951388392224,0.22025770533158348,False,False,False
"Wapello County, Iowa",19179,T3 mid (11.7k-100k),15470.0,0.07025078333727647,0.3577763620112157,0.027626247044106402,False,False,False
"Warren County, Iowa",19181,T3 mid (11.7k-100k),25520.0,0.0728403264674673,0.4420463538489342,0.3462522700300369,False,False,False
"Washington County, Iowa",19183,T2 small (2.2k-11.7k),10470.0,0.08681806432852458,0.6291101196689697,0.3851398112287763,False,False,False
"Wayne County, Iowa",19185,T2 small (2.2k-11.7k),2790.0,0.12918543772068672,0.5847122849952247,0.10410409179981012,False,False,False
"Webster County, Iowa",19187,T3 mid (11.7k-100k),16860.0,0.0733412999717597,0.5048115987417104,0.281523295604258,False,False,False
"Winnebago County, Iowa",19189,T2 small (2.2k-11.7k),4990.0,0.09520293796828633,0.4842235416994284,0.12767478504211588,False,False,False
"Winneshiek County, Iowa",19191,T2 small (2.2k-11.7k),9390.0,0.1323755980214612,0.8454261219261705,0.35859414393502487,False,False,False
"Woodbury County, Iowa",19193,T3 mid (11.7k-100k),48370.0,0.05558102103854027,0.3682012045184305,0.3910709724875859,False,False,False
"Worth County, Iowa",19195,T2 small (2.2k-11.7k),3460.0,0.0642366775647727,0.37509753175247806,0.2705675145721543,False,False,False
"Wright County, Iowa",19197,T2 small (2.2k-11.7k),5760.0,0.081152249895489,0.48034871879331364,0.3181737369149504,False,False,False
"Allen County, Kansas",20001,T2 small (2.2k-11.7k),5800.0,0.0693971644471046,0.4291444038639577,0.14344035436637806,False,False,False
"Anderson County, Kansas",20003,T2 small (2.2k-11.7k),3580.0,0.1009208741087151,0.4822113429851546,0.14993719877615236,False,False,False
"Atchison County, Kansas",20005,T2 small (2.2k-11.7k),6810.0,0.10837345607359032,0.5587267621448037,0.09418709188851003,False,False,False
"Barber County, Kansas",20007,T1 thin (<2.2k returns),2000.0,0.11418223156336334,0.7818688230212973,0.44583886317182103,True,False,False
"Barton County, Kansas",20009,T3 mid (11.7k-100k),11710.0,0.10586920431879458,0.6626494638284788,0.2730058765271239,False,False,False
"Bourbon County, Kansas",20011,T2 small (2.2k-11.7k),6190.0,0.08026435874486912,0.4033230816047076,0.06043905389723505,False,False,False
"Brown County, Kansas",20013,T2 small (2.2k-11.7k),4350.0,0.40637720488466755,0.8971311411149593,2.9862002341870446,False,False,True
"Butler County, Kansas",20015,T3 mid (11.7k-100k),30200.0,0.06552319076642445,0.5047360717916984,0.3799391079926135,False,False,False
"Chase County, Kansas",20017,T1 thin (<2.2k returns),1170.0,0.06568550436671133,0.6169395795968853,0.5040984778229441,True,False,False
"Chautauqua County, Kansas",20019,T1 thin (<2.2k returns),1400.0,0.09173619645128603,0.6244903964497771,0.30850861751270314,True,False,False
"Cherokee County, Kansas",20021,T2 small (2.2k-11.7k),8230.0,0.04340879380822941,0.30032689168102716,0.38732269474807235,False,False,False
"Cheyenne County, Kansas",20023,T1 thin (<2.2k returns),1240.0,0.15023122109736284,0.9110626463871521,0.2515775166800314,True,False,False
"Clark County, Kansas",20025,T1 thin (<2.2k returns),900.0,0.06827789742362607,0.4415688388518764,0.28979809940885415,True,False,False
"Clay County, Kansas",20027,T2 small (2.2k-11.7k),3900.0,0.11438733135965348,0.7088059979863066,0.3350158364123834,False,False,False
"Cloud County, Kansas",20029,T2 small (2.2k-11.7k),3980.0,0.1067207848086742,0.624127478778786,0.1706375130096029,False,False,False
"Coffey County, Kansas",20031,T2 small (2.2k-11.7k),3890.0,0.06533674677122493,0.35697568724117656,0.14194121873462542,False,False,False
"Comanche County, Kansas",20033,T1 thin (<2.2k returns),770.0,0.16296296296296298,0.77834950209064,0.14420803782505917,True,False,False
"Cowley County, Kansas",20035,T3 mid (11.7k-100k),14690.0,0.07478007342642075,0.3929074041936615,0.043517618565562445,False,False,False
"Crawford County, Kansas",20037,T3 mid (11.7k-100k),16460.0,0.12208625699645834,0.6681749136838508,0.3152933912335386,False,False,False
"Decatur County, Kansas",20039,T1 thin (<2.2k returns),1320.0,0.16416784535596418,0.802127821666837,0.1338342288789893,True,False,False
"Dickinson County, Kansas",20041,T2 small (2.2k-11.7k),8760.0,0.08095669776683166,0.4662529014769725,0.18842513138311126,False,False,False
"Doniphan County, Kansas",20043,T2 small (2.2k-11.7k),3310.0,0.0653322592536967,0.3489427976973289,0.14306451732727124,False,False,False
"Douglas County, Kansas",20045,T3 mid (11.7k-100k),52830.0,0.10872393950785068,0.7555667984144397,0.427275431192524,False,False,False
"Edwards County, Kansas",20047,T1 thin (<2.2k returns),1320.0,0.06262908516583647,0.5522958159007467,0.4502520032937219,True,False,False
"Elk County, Kansas",20049,T1 thin (<2.2k returns),1110.0,0.12242920211047702,0.7084673785958695,0.24656860515351764,True,False,False
"Ellis County, Kansas",20051,T3 mid (11.7k-100k),13340.0,0.09620876131039231,0.6020304034515226,0.32265260892316777,False,False,False
"Ellsworth County, Kansas",20053,T2 small (2.2k-11.7k),2630.0,0.11098888485010809,0.6246934755675373,0.16338481266585944,False,False,False
"Finney County, Kansas",20055,T3 mid (11.7k-100k),17590.0,0.06141482255136302,0.368570279585503,0.23423654575798805,False,False,False
"Ford County, Kansas",20057,T3 mid (11.7k-100k),15280.0,0.04249907656588043,0.3335197727749827,0.49782726214849654,False,False,False
"Franklin County, Kansas",20059,T3 mid (11.7k-100k),12110.0,0.05554433092931121,0.32799799691377807,0.372758144685908,False,False,False
"Geary County, Kansas",20061,T3 mid (11.7k-100k),16500.0,0.027261426836421448,0.1653640651220531,0.3462070925219201,False,False,False
"Gove County, Kansas",20063,T1 thin (<2.2k returns),1320.0,0.1796099369015576,0.8618059303647219,0.16945909707060033,True,False,False
"Graham County, Kansas",20065,T1 thin (<2.2k returns),1180.0,0.08611765911653171,0.6415737355016007,0.3070231349339071,True,False,False
"Grant County, Kansas",20067,T2 small (2.2k-11.7k),3020.0,0.05893261135630308,0.289708601496135,0.1631183376528652,False,False,False
"Gray County, Kansas",20069,T2 small (2.2k-11.7k),2780.0,0.07020605045405548,0.48685491720377694,0.45100427470913396,False,False,False
"Greeley County, Kansas",20071,T1 thin (<2.2k returns),560.0,0.13644442418994668,0.4735614856656428,0.1395487710842315,True,False,False
"Greenwood County, Kansas",20073,T2 small (2.2k-11.7k),2670.0,0.11293854893967648,0.5833922109668839,0.19693660199665397,False,False,False
"Hamilton County, Kansas",20075,T1 thin (<2.2k returns),1080.0,0.051460690078643456,0.6923200738008869,0.6794012940760671,True,False,False
"Harper County, Kansas",20077,T2 small (2.2k-11.7k),2430.0,0.0871564907439347,0.48281171066814865,0.15658801417636223,False,False,False
"Harvey County, Kansas",20079,T3 mid (11.7k-100k),15790.0,0.05747505059669202,0.42523424791717146,0.5655285217794561,False,False,False
"Haskell County, Kansas",20081,T1 thin (<2.2k returns),1690.0,0.074720639709436,0.5539078804635356,0.0886736730326932,True,False,False
"Hodgeman County, Kansas",20083,T1 thin (<2.2k returns),840.0,0.08519482072904519,0.7333026430702242,0.4611557894761318,True,False,False
"Jackson County, Kansas",20085,T2 small (2.2k-11.7k),6150.0,0.07132506113576668,0.34709791114140087,0.036181379444311004,False,False,False
"Jefferson County, Kansas",20087,T2 small (2.2k-11.7k),8790.0,0.05132941802234861,0.31275754675274464,0.2741247620356231,False,False,False
"Jewell County, Kansas",20089,T1 thin (<2.2k returns),1390.0,0.14073510773130546,0.8040225274597926,0.19220920307286407,True,False,False
"Johnson County, Kansas",20091,T4 large (>=100k),304340.0,0.1748256636301428,1.2046219075252291,0.42567232067550587,False,False,False
"Kearny County, Kansas",20093,T1 thin (<2.2k returns),1700.0,0.07489113466436612,0.5422382352166408,0.35904848206052203,True,False,False
"Kingman County, Kansas",20095,T2 small (2.2k-11.7k),3550.0,0.08638686380050419,0.5845557317082907,0.3743674310706783,False,False,False
"Kiowa County, Kansas",20097,T1 thin (<2.2k returns),1020.0,0.06222733091251078,0.46410958105058986,0.4847677142773694,True,False,False
"Labette County, Kansas",20099,T2 small (2.2k-11.7k),8710.0,0.061238472148349814,0.4020902960615221,0.44610406689543625,False,False,False
"Lane County, Kansas",20101,T1 thin (<2.2k returns),770.0,0.21490626428898033,0.8076365830999623,0.2206930084819242,True,False,False
"Leavenworth County, Kansas",20103,T3 mid (11.7k-100k),35620.0,0.046693908459657804,0.33696708526374186,0.49143835013464726,False,False,False
"Lincoln County, Kansas",20105,T1 thin (<2.2k returns),1350.0,0.1443276438577704,0.6895612435715145,0.10317983908772377,True,False,False
"Linn County, Kansas",20107,T2 small (2.2k-11.7k),4590.0,0.06220287772824273,0.3723419430833478,0.3918984208994824,False,False,False
"Logan County, Kansas",20109,T1 thin (<2.2k returns),1340.0,0.11059035084363163,0.7610763832863576,0.5121396990817674,True,False,False
"Lyon County, Kansas",20111,T3 mid (11.7k-100k),15010.0,0.06667216008671152,0.4354783153756479,0.38486262223638174,False,False,False
"McPherson County, Kansas",20113,T3 mid (11.7k-100k),13970.0,0.0783830697610221,0.5424320482739257,0.5316996118925873,False,False,False
"Marion County, Kansas",20115,T2 small (2.2k-11.7k),5250.0,0.0897239866035339,0.5881296133997818,0.4330967656262282,False,False,False
"Marshall County, Kansas",20117,T2 small (2.2k-11.7k),4850.0,0.14883447461389912,0.8303746027712396,0.17400890318323475,False,False,False
"Meade County, Kansas",20119,T1 thin (<2.2k returns),1930.0,0.19971352301582135,1.0566411460478229,0.42304982239873834,True,False,False
"Miami County, Kansas",20121,T3 mid (11.7k-100k),16430.0,0.1625877240565216,0.6277614742861698,0.13737395676028846,False,False,False
"Mitchell County, Kansas",20123,T2 small (2.2k-11.7k),2870.0,0.10566346314484432,0.5863001765644258,0.2913061558606487,False,False,False
"Montgomery County, Kansas",20125,T3 mid (11.7k-100k),12890.0,0.05438356818724624,0.36583514877188383,0.4501806107643169,False,False,False
"Morris County, Kansas",20127,T2 small (2.2k-11.7k),2510.0,0.07800001967709881,0.5835994254015091,0.4468208133939047,False,False,False
"Morton County, Kansas",20129,T1 thin (<2.2k returns),1230.0,0.07115416391275611,0.32689699800232047,0.017215458461926687,True,False,False
"Nemaha County, Kansas",20131,T2 small (2.2k-11.7k),4930.0,0.7547123216685829,1.8920076798205738,1.786393299004907,False,False,True
"Neosho County, Kansas",20133,T2 small (2.2k-11.7k),6880.0,0.07351959428307976,0.40968033089198164,0.13887185739959887,False,False,False
"Ness County, Kansas",20135,T1 thin (<2.2k returns),1300.0,0.14222313540168482,0.9175826529052463,0.35856354024569326,True,False,False
"Norton County, Kansas",20137,T2 small (2.2k-11.7k),2240.0,0.0872306322350846,0.5510911313820879,0.33117034030919623,False,False,False
"Osage County, Kansas",20139,T2 small (2.2k-11.7k),7430.0,0.04811710964223695,0.30484949861109,0.4288861216592294,False,False,False
"Osborne County, Kansas",20141,T1 thin (<2.2k returns),1640.0,0.11911429615070185,0.7017861979816912,0.153946292163557,True,False,False
"Ottawa County, Kansas",20143,T2 small (2.2k-11.7k),2750.0,0.06239561261373551,0.4387239923332665,0.3630146404240504,False,False,False
"Pawnee County, Kansas",20145,T2 small (2.2k-11.7k),2780.0,0.07033808538137858,0.5036537197384579,0.16783098128708263,False,False,False
"Phillips County, Kansas",20147,T2 small (2.2k-11.7k),2440.0,0.1541018731224598,0.8052308206144682,0.26292839629012354,False,False,False
"Pottawatomie County, Kansas",20149,T3 mid (11.7k-100k),11730.0,0.0893110986625805,0.4766573044044861,0.25243460087442315,False,False,False
"Pratt County, Kansas",20151,T2 small (2.2k-11.7k),4170.0,0.09599201639874852,0.626167491815291,0.33092004762701255,False,False,False
"Rawlins County, Kansas",20153,T1 thin (<2.2k returns),1170.0,0.39993846424332996,1.3719503758086238,0.8400504369817108,True,False,False
"Reno County, Kansas",20155,T3 mid (11.7k-100k),28550.0,0.08947843401523181,0.5714473515366112,0.31695429334231817,False,False,False
"Republic County, Kansas",20157,T2 small (2.2k-11.7k),2300.0,0.07070272805440475,0.6189087685054513,0.41557522316974077,False,False,False
"Rice County, Kansas",20159,T2 small (2.2k-11.7k),4070.0,0.08111459454400824,0.46275284934510363,0.3303815042371572,False,False,False
"Riley County, Kansas",20161,T3 mid (11.7k-100k),26170.0,0.13685354929943633,0.7217142507017552,0.22278872715879555,False,False,False
"Rooks County, Kansas",20163,T2 small (2.2k-11.7k),2300.0,0.11796147269487857,0.5980652614931438,0.11544667183350768,False,False,False
"Rush County, Kansas",20165,T1 thin (<2.2k returns),1510.0,0.09689767468433982,0.5260988985104997,0.29574940035342306,True,False,False
"Russell County, Kansas",20167,T2 small (2.2k-11.7k),3180.0,0.13152000277816364,0.8324770771587252,0.3946259556019545,False,False,False
"Saline County, Kansas",20169,T3 mid (11.7k-100k),26370.0,0.09553162176915546,0.7161848328161253,0.5673368226024402,False,False,False
"Scott County, Kansas",20171,T2 small (2.2k-11.7k),2320.0,0.12076880814251259,0.6745353286797717,0.25016726622826624,False,False,False
"Sedgwick County, Kansas",20173,T4 large (>=100k),245850.0,0.12161052500547366,0.9355990761207256,0.5052639379882085,False,False,False
"Seward County, Kansas",20175,T2 small (2.2k-11.7k),9450.0,0.03133257833144583,0.23365603024915887,0.40386318616666594,False,False,False
"Shawnee County, Kansas",20177,T3 mid (11.7k-100k),85830.0,0.07022821037994953,0.4991582236333959,0.48893161924587775,False,False,False
"Sheridan County, Kansas",20179,T1 thin (<2.2k returns),1250.0,0.12406808271205515,0.787006094055591,0.16418357515290222,True,False,False
"Sherman County, Kansas",20181,T2 small (2.2k-11.7k),2610.0,0.07864639397201292,0.5037147460610217,0.3723303432749505,False,False,False
"Smith County, Kansas",20183,T1 thin (<2.2k returns),1830.0,0.15776682756771251,0.8529534909187628,0.13206050951243362,True,False,False
"Stafford County, Kansas",20185,T1 thin (<2.2k returns),1860.0,0.10973590412842749,0.7560539730664418,0.3495377082302319,True,False,False
"Stanton County, Kansas",20187,T1 thin (<2.2k returns),850.0,0.18819882973176524,1.2641194915933862,0.057520722478757454,True,False,False
"Stevens County, Kansas",20189,T2 small (2.2k-11.7k),2290.0,0.07414414593830283,0.5465751967966076,0.5398957249932875,False,False,False
"Sumner County, Kansas",20191,T2 small (2.2k-11.7k),10290.0,0.05175086743608042,0.3251492996607491,0.3166817849488728,False,False,False
"Thomas County, Kansas",20193,T2 small (2.2k-11.7k),3640.0,0.13646666091819515,0.8019311585157552,0.24304917556678773,False,False,False
"Trego County, Kansas",20195,T1 thin (<2.2k returns),1460.0,0.1329492415402567,0.7276486865100799,0.09175265446320552,True,False,False
"Wabaunsee County, Kansas",20197,T2 small (2.2k-11.7k),3380.0,0.05105958961925857,0.3488096212755433,0.3825512534498164,False,False,False
"Wallace County, Kansas",20199,T1 thin (<2.2k returns),640.0,0.12337112878659671,0.7096383165388318,0.32509445345380733,True,False,False
"Washington County, Kansas",20201,T2 small (2.2k-11.7k),2690.0,0.11534877830346561,0.8439630213105467,0.4430494586584615,False,False,False
"Wichita County, Kansas",20203,T1 thin (<2.2k returns),1060.0,0.0764123701162475,0.5360153449680007,0.3800245376890783,True,False,False
"Wilson County, Kansas",20205,T2 small (2.2k-11.7k),3680.0,0.08226007177587405,0.47514407513388857,0.384503638276344,False,False,False
"Woodson County, Kansas",20207,T1 thin (<2.2k returns),1410.0,0.0893674959772249,0.4794101628817044,0.1907267140664544,True,False,False
"Wyandotte County, Kansas",20209,T3 mid (11.7k-100k),72300.0,0.0226032416134724,0.14180748032585883,0.40826066389283777,False,False,False
"Adair County, Kentucky",21001,T2 small (2.2k-11.7k),7550.0,0.07143026097926358,0.3319483068775604,0.05735468803377848,False,False,False
"Allen County, Kentucky",21003,T2 small (2.2k-11.7k),8430.0,0.0549684086313462,0.41195086030290096,0.323131458208783,False,False,False
"Anderson County, Kentucky",21005,T2 small (2.2k-11.7k),11140.0,0.048210954003669836,0.26742781223527967,0.33699447937076643,False,False,False
"Ballard County, Kentucky",21007,T2 small (2.2k-11.7k),3440.0,0.037520043493520706,0.22759793662123454,0.49430967517657,False,False,False
"Barren County, Kentucky",21009,T3 mid (11.7k-100k),19000.0,0.08128771878407211,0.464657263224152,0.37594351787891905,False,False,False
"Bath County, Kentucky",21011,T2 small (2.2k-11.7k),4940.0,0.03348325296776007,0.15066665714052005,0.05739434637308408,False,False,False
"Bell County, Kentucky",21013,T2 small (2.2k-11.7k),8520.0,0.029989303588485082,0.1979224222594481,0.36632933502441595,False,False,False
"Boone County, Kentucky",21015,T3 mid (11.7k-100k),66660.0,0.06961501689233492,0.41148309540893313,0.2984482712483074,False,False,False
"Bourbon County, Kentucky",21017,T2 small (2.2k-11.7k),9130.0,0.20037610985768617,0.9802337987045231,0.10152493762111435,False,False,True
"Boyd County, Kentucky",21019,T3 mid (11.7k-100k),19270.0,0.0462300361902673,0.27114699186254326,0.2420311495068566,False,False,False
"Boyle County, Kentucky",21021,T3 mid (11.7k-100k),12640.0,0.10281637388436698,0.6197726640529466,0.2814305809085973,False,False,False
"Bracken County, Kentucky",21023,T2 small (2.2k-11.7k),3740.0,0.03250816352591349,0.19684367944674927,0.33281813194764426,False,False,False
"Breathitt County, Kentucky",21025,T2 small (2.2k-11.7k),4170.0,0.017774555146194245,0.0999167911363608,0.29113576624553034,False,False,False
"Breckinridge County, Kentucky",21027,T2 small (2.2k-11.7k),8580.0,0.0831713845702552,0.417580504746425,0.13346610457462,False,False,False
"Bullitt County, Kentucky",21029,T3 mid (11.7k-100k),40030.0,0.0330730295568249,0.19496225232459558,0.3677965216606237,False,False,False
"Butler County, Kentucky",21031,T2 small (2.2k-11.7k),5130.0,0.03725891856375372,0.23188332382305843,0.4095183479710225,False,False,False
"Caldwell County, Kentucky",21033,T2 small (2.2k-11.7k),5480.0,0.050328787082020675,0.3237563043082262,0.2984063677661438,False,False,False
"Calloway County, Kentucky",21035,T3 mid (11.7k-100k),15680.0,0.07584977666417872,0.5041171991915909,0.42943351851537415,False,False,False
"Campbell County, Kentucky",21037,T3 mid (11.7k-100k),44990.0,0.09348264235732724,0.5783194529913654,0.40029072164227175,False,False,False
"Carlisle County, Kentucky",21039,T1 thin (<2.2k returns),2050.0,0.09425215544170935,0.38365229793694156,0.09940578734587434,True,False,False
"Carroll County, Kentucky",21041,T2 small (2.2k-11.7k),4690.0,0.03498111583879141,0.18920787081818016,0.23324208925035286,False,False,False
"Carter County, Kentucky",21043,T2 small (2.2k-11.7k),10320.0,0.024362628740552405,0.14849044978335865,0.40551957739149547,False,False,False
"Casey County, Kentucky",21045,T2 small (2.2k-11.7k),6060.0,0.060427096563755604,0.28999713851665654,0.08788093632025087,False,False,False
"Christian County, Kentucky",21047,T3 mid (11.7k-100k),29140.0,0.06108807436889503,0.44557915094821376,0.563633676387236,False,False,False
"Clark County, Kentucky",21049,T3 mid (11.7k-100k),16490.0,0.062157519585598696,0.42585634396227884,0.34178239094221236,False,False,False
"Clay County, Kentucky",21051,T2 small (2.2k-11.7k),6270.0,0.020943677086578738,0.12728622394339967,0.3958692974296321,False,False,False
"Clinton County, Kentucky",21053,T2 small (2.2k-11.7k),3740.0,0.05221994129922128,0.21078166454595956,0.018813038142213478,False,False,False
"Crittenden County, Kentucky",21055,T2 small (2.2k-11.7k),3600.0,0.06415518241422603,0.30478627666454977,0.04812961191286131,False,False,False
"Cumberland County, Kentucky",21057,T2 small (2.2k-11.7k),2610.0,0.0933508459054321,0.29533617005521345,0.4278358787106452,False,False,False
"Daviess County, Kentucky",21059,T3 mid (11.7k-100k),47050.0,0.06887934505064162,0.5470291401846455,0.40881108698530483,False,False,False
"Edmonson County, Kentucky",21061,T2 small (2.2k-11.7k),5030.0,0.032729901044712954,0.16611143300820902,0.10192504603725175,False,False,False
"Elliott County, Kentucky",21063,T2 small (2.2k-11.7k),2250.0,0.026889805781565315,0.07881962954397789,0.39600814127659173,False,False,False
"Estill County, Kentucky",21065,T2 small (2.2k-11.7k),5390.0,0.02146388639436314,0.154720185803955,0.4200580511456061,False,False,False
"Fayette County, Kentucky",21067,T4 large (>=100k),146620.0,0.17223993118986947,0.8864559440195536,0.06268396810100574,False,False,False
"Fleming County, Kentucky",21069,T2 small (2.2k-11.7k),6240.0,0.05840069632720715,0.2985440772760253,0.11649262865428012,False,False,False
"Floyd County, Kentucky",21071,T3 mid (11.7k-100k),12520.0,0.022962711850306662,0.15677443380079442,0.4211898472173103,False,False,False
"Franklin County, Kentucky",21073,T3 mid (11.7k-100k),25230.0,0.10050539403334494,0.47380970727139216,0.1200328670341835,False,False,False
"Fulton County, Kentucky",21075,T2 small (2.2k-11.7k),2250.0,0.04050979306952003,0.3152464800965866,0.5524399062306266,False,False,False
"Gallatin County, Kentucky",21077,T2 small (2.2k-11.7k),3770.0,0.03783744934458948,0.1431415008491243,0.2328819186599537,False,False,False
"Garrard County, Kentucky",21079,T2 small (2.2k-11.7k),7420.0,0.06961467969841521,0.34403267599583526,0.30951355520744145,False,False,False
"Grant County, Kentucky",21081,T2 small (2.2k-11.7k),11010.0,0.03918036214284458,0.21295857417409847,0.30721883199017586,False,False,False
"Graves County, Kentucky",21083,T3 mid (11.7k-100k),15300.0,0.08839030027493984,0.3433958128759794,0.328594559866881,False,False,False
"Grayson County, Kentucky",21085,T2 small (2.2k-11.7k),10770.0,0.06861273676157434,0.3144840802320384,0.08013581399900191,False,False,False
"Green County, Kentucky",21087,T2 small (2.2k-11.7k),4550.0,0.04792244945062287,0.24029069482045964,0.09035701745174143,False,False,False
"Greenup County, Kentucky",21089,T3 mid (11.7k-100k),14710.0,0.04092807248615432,0.2402219812629347,0.41664430077061243,False,False,False
"Hancock County, Kentucky",21091,T2 small (2.2k-11.7k),3860.0,0.03551667662616471,0.17247840814862794,0.11863240787351313,False,False,False
"Hardin County, Kentucky",21093,T3 mid (11.7k-100k),50460.0,0.08660875000974032,0.3607055605735239,0.17688394240260868,False,False,False
"Harlan County, Kentucky",21095,T2 small (2.2k-11.7k),8390.0,0.019270577473616452,0.12172528831508589,0.18445679717416746,False,False,False
"Harrison County, Kentucky",21097,T2 small (2.2k-11.7k),8480.0,0.04494004770397748,0.31001108081077755,0.4406857731929689,False,False,False
"Hart County, Kentucky",21099,T2 small (2.2k-11.7k),7700.0,0.0742215976131248,0.3426349274347741,0.08555614574270307,False,False,False
"Henderson County, Kentucky",21101,T3 mid (11.7k-100k),20030.0,0.05991045777435998,0.4421372693795111,0.48957164026691735,False,False,False
"Henry County, Kentucky",21103,T2 small (2.2k-11.7k),7240.0,0.052134436552683606,0.29014081828796423,0.21587316072518067,False,False,False
"Hickman County, Kentucky",21105,T1 thin (<2.2k returns),1840.0,0.04888263741821285,0.2736036169064671,0.16977762409099187,True,False,False
"Hopkins County, Kentucky",21107,T3 mid (11.7k-100k),18800.0,0.06843181021921305,0.4533816659797217,0.5504901623550763,False,False,False
"Jackson County, Kentucky",21109,T2 small (2.2k-11.7k),4610.0,0.021820352270705518,0.10549946912415406,0.007564678532717636,False,False,False
"Jefferson County, Kentucky",21111,T4 large (>=100k),375300.0,0.11749767102758313,0.8605995869458318,0.43453441454879516,False,False,False
"Jessamine County, Kentucky",21113,T3 mid (11.7k-100k),24200.0,0.13682966643815642,0.8070693525479491,0.3462847330939713,False,False,False
"Johnson County, Kentucky",21115,T2 small (2.2k-11.7k),7710.0,0.024412173222878118,0.16878839710732524,0.22655243827055457,False,False,False
"Kenton County, Kentucky",21117,T3 mid (11.7k-100k),81620.0,0.145284698030947,2.041964934536493,0.5393269614864112,False,False,False
"Knott County, Kentucky",21119,T2 small (2.2k-11.7k),4800.0,0.026121875877562484,0.1863462130434313,0.4177445877785902,False,False,False
"Knox County, Kentucky",21121,T2 small (2.2k-11.7k),11200.0,0.02627967264779139,0.14694811785167167,0.2702609225696266,False,False,False
"Larue County, Kentucky",21123,T2 small (2.2k-11.7k),6460.0,0.05090579353032782,0.29098930245186716,0.0770149834685743,False,False,False
"Laurel County, Kentucky",21125,T3 mid (11.7k-100k),25110.0,0.07151240129811685,0.3476586648200941,0.11216301995449889,False,False,False
"Lawrence County, Kentucky",21127,T2 small (2.2k-11.7k),5550.0,0.015543431843336848,0.09176955052360372,0.23190285391410956,False,False,False
"Lee County, Kentucky",21129,T2 small (2.2k-11.7k),2250.0,0.02217568962759383,0.08752471544089754,0.26953821701943304,False,False,False
"Leslie County, Kentucky",21131,T2 small (2.2k-11.7k),3200.0,0.007869209449650257,0.044784447936766135,0.12901709119704372,False,False,False
"Letcher County, Kentucky",21133,T2 small (2.2k-11.7k),6930.0,0.016339324418953617,0.07001330564948108,0.03777052273828238,False,False,False
"Lewis County, Kentucky",21135,T2 small (2.2k-11.7k),4940.0,0.023674117904887135,0.15420973107609845,0.3353042322982387,False,False,False
"Lincoln County, Kentucky",21137,T2 small (2.2k-11.7k),9910.0,0.056738106637885095,0.29961204511271144,0.14070530279706808,False,False,False
"Livingston County, Kentucky",21139,T2 small (2.2k-11.7k),3920.0,0.05543486498092808,0.29929342598967745,0.22245155742661088,False,False,False
"Logan County, Kentucky",21141,T3 mid (11.7k-100k),11940.0,0.06528627633744385,0.3582262711782287,0.18419713833298004,False,False,False
"Lyon County, Kentucky",21143,T2 small (2.2k-11.7k),3440.0,0.08563427407622927,0.5586407413552056,0.39987631859983075,False,False,False
"McCracken County, Kentucky",21145,T3 mid (11.7k-100k),30780.0,0.24588316019909442,0.8805093422568918,0.4132792671470799,False,False,True
"McCreary County, Kentucky",21147,T2 small (2.2k-11.7k),5070.0,0.02758097634066483,0.13688934081576498,0.12184556713060751,False,False,False
"McLean County, Kentucky",21149,T2 small (2.2k-11.7k),3850.0,0.04203821656050955,0.31571554742631064,0.2281442659716762,False,False,False
"Madison County, Kentucky",21151,T3 mid (11.7k-100k),40540.0,0.054244952462508295,0.31709933867036766,0.2978119322885142,False,False,False
"Magoffin County, Kentucky",21153,T2 small (2.2k-11.7k),3890.0,0.005028333132389132,0.044239358243148154,0.5774539255647068,False,False,False
"Marion County, Kentucky",21155,T2 small (2.2k-11.7k),8860.0,0.06142895964118175,0.37137604111350137,0.0633157685759814,False,False,False
"Marshall County, Kentucky",21157,T3 mid (11.7k-100k),14480.0,0.09611118763864017,0.5071995481073399,0.2235294247767708,False,False,False
"Martin County, Kentucky",21159,T2 small (2.2k-11.7k),2930.0,0.03066092785718954,0.3017158414474152,2.354144134272024,False,False,False
"Mason County, Kentucky",21161,T2 small (2.2k-11.7k),7380.0,0.07890855938452303,0.465679429295367,0.3235536405443793,False,False,False
"Meade County, Kentucky",21163,T3 mid (11.7k-100k),13400.0,0.044021137936753565,0.2223574115183086,0.15077627080059483,False,False,False
"Menifee County, Kentucky",21165,T2 small (2.2k-11.7k),2450.0,0.02194155174031335,0.11080349543982808,0.06671470341906269,False,False,False
"Mercer County, Kentucky",21167,T2 small (2.2k-11.7k),10530.0,0.06610404034886473,0.3939469163312847,0.37695065648853693,False,False,False
"Metcalfe County, Kentucky",21169,T2 small (2.2k-11.7k),4120.0,0.04312581063553826,0.22727158011227874,0.25351191647465315,False,False,False
"Monroe County, Kentucky",21171,T2 small (2.2k-11.7k),4260.0,0.06084468576259063,0.33243720938655297,0.3458467383417433,False,False,False
"Montgomery County, Kentucky",21173,T3 mid (11.7k-100k),12120.0,0.05584690810109379,0.2980360844607506,0.2552994451240383,False,False,False
"Morgan County, Kentucky",21175,T2 small (2.2k-11.7k),4410.0,0.025199265415854145,0.15474634646812913,0.458172418083566,False,False,False
"Muhlenberg County, Kentucky",21177,T3 mid (11.7k-100k),11990.0,0.03649313288789904,0.25703407750360585,0.3862826911730596,False,False,False
"Nelson County, Kentucky",21179,T3 mid (11.7k-100k),23170.0,0.06120158977749035,0.3609330122950999,0.26100660869949666,False,False,False
"Nicholas County, Kentucky",21181,T2 small (2.2k-11.7k),3050.0,0.030702779436841604,0.20081693179342652,0.5105176490820245,False,False,False
"Ohio County, Kentucky",21183,T2 small (2.2k-11.7k),9510.0,0.034664954817046074,0.22182397126793002,0.17702630424201607,False,False,False
"Oldham County, Kentucky",21185,T3 mid (11.7k-100k),30690.0,0.10316699756525886,0.7476311461398816,0.5290993017732343,False,False,False
"Owen County, Kentucky",21187,T2 small (2.2k-11.7k),4670.0,0.04435653060001199,0.21211401402337948,0.09125015657468005,False,False,False
"Owsley County, Kentucky",21189,T1 thin (<2.2k returns),1350.0,0.01627708029872142,0.04560337469679742,2.6084311191708895,True,True,False
"Pendleton County, Kentucky",21191,T2 small (2.2k-11.7k),6500.0,0.026986257675234576,0.21222103672510562,0.5394723445994004,False,False,False
"Perry County, Kentucky",21193,T2 small (2.2k-11.7k),9430.0,0.03711100099108028,0.17815233667062294,0.13562778985769564,False,False,False
"Pike County, Kentucky",21195,T3 mid (11.7k-100k),19300.0,0.051136074175964136,0.2846230695030318,0.011656968228065303,False,False,False
"Powell County, Kentucky",21197,T2 small (2.2k-11.7k),4990.0,0.04633260947071598,0.16414805597159046,0.3079510135278599,False,False,False
"Pulaski County, Kentucky",21199,T3 mid (11.7k-100k),27470.0,0.09337515142019726,0.42626504255385955,0.07124650301447552,False,False,False
"Robertson County, Kentucky",21201,T1 thin (<2.2k returns),920.0,0.025499847056533468,0.15325166868557175,0.20395919046308816,True,True,False
"Rockcastle County, Kentucky",21203,T2 small (2.2k-11.7k),6210.0,0.030326154780174377,0.1361093386938963,0.10267923660468072,False,False,False
"Rowan County, Kentucky",21205,T2 small (2.2k-11.7k),9170.0,0.03825565450129694,0.24595137246851015,0.22053809098704744,False,False,False
"Russell County, Kentucky",21207,T2 small (2.2k-11.7k),7420.0,0.07336639938067571,0.36006265319261443,0.052660094587314854,False,False,False
"Scott County, Kentucky",21209,T3 mid (11.7k-100k),27330.0,0.05521268956845729,0.3066566732073076,0.3567684136316871,False,False,False
"Shelby County, Kentucky",21211,T3 mid (11.7k-100k),22840.0,0.1179056334742719,0.6432993987772406,0.10747034164782315,False,False,False
"Simpson County, Kentucky",21213,T2 small (2.2k-11.7k),8780.0,0.08870250934908677,0.40401152318762124,0.12077379498653865,False,False,False
"Spencer County, Kentucky",21215,T2 small (2.2k-11.7k),9290.0,0.041264917256285547,0.20049113881624367,0.20927833773764895,False,False,False
"Taylor County, Kentucky",21217,T2 small (2.2k-11.7k),10890.0,0.05675346560228293,0.32482305366575615,0.13576635623344435,False,False,False
"Todd County, Kentucky",21219,T2 small (2.2k-11.7k),5000.0,0.090478881980694,0.53578255448577,0.18280479937960267,False,False,False
"Trigg County, Kentucky",21221,T2 small (2.2k-11.7k),6260.0,0.07582961663295966,0.4584141128262072,0.3461551909182239,False,False,False
"Trimble County, Kentucky",21223,T2 small (2.2k-11.7k),3820.0,0.03265595041690819,0.1642100061983464,0.2284100374295442,False,False,False
"Union County, Kentucky",21225,T2 small (2.2k-11.7k),5610.0,0.06930523356716475,0.36588809860858446,0.08424035283778696,False,False,False
"Warren County, Kentucky",21227,T3 mid (11.7k-100k),60410.0,0.1333440292313979,0.6632087133002548,0.12540301072186869,False,False,False
"Washington County, Kentucky",21229,T2 small (2.2k-11.7k),5690.0,0.05963111060126842,0.33954269646227553,0.31435643995175866,False,False,False
"Wayne County, Kentucky",21231,T2 small (2.2k-11.7k),7590.0,0.06604492669147648,0.313219211815294,0.08095231764597237,False,False,False
"Webster County, Kentucky",21233,T2 small (2.2k-11.7k),5270.0,0.04729407188698927,0.26853811361953184,0.057825487381362464,False,False,False
"Whitley County, Kentucky",21235,T3 mid (11.7k-100k),13590.0,0.04979722360040093,0.30474934955670435,0.4375776618604072,False,False,False
"Wolfe County, Kentucky",21237,T2 small (2.2k-11.7k),2330.0,0.05749079580855282,0.14449241221047932,1.6490017662398921,False,False,False
"Woodford County, Kentucky",21239,T3 mid (11.7k-100k),13000.0,0.13452205059655684,0.7019244863590057,0.13144242276023993,False,False,False
"Acadia Parish, Louisiana",22001,T3 mid (11.7k-100k),24970.0,0.05345430841936752,0.33417956119857906,0.31816808852066303,False,False,False
"Allen Parish, Louisiana",22003,T2 small (2.2k-11.7k),8370.0,0.02038206830609595,0.11624209365005407,0.3028389965953409,False,False,False
"Ascension Parish, Louisiana",22005,T3 mid (11.7k-100k),57910.0,0.052601124340129625,0.294255672268621,0.24624336366253385,False,False,False
"Assumption Parish, Louisiana",22007,T2 small (2.2k-11.7k),9020.0,0.059450000685328935,0.26848293085230723,0.2210219458939036,False,False,False
"Avoyelles Parish, Louisiana",22009,T3 mid (11.7k-100k),15520.0,0.04668882664768857,0.28405393667181783,0.22982854580628556,False,False,False
"Beauregard Parish, Louisiana",22011,T3 mid (11.7k-100k),13990.0,0.04221587204119199,0.23293500467265904,0.3089918909962434,False,False,False
"Bienville Parish, Louisiana",22013,T2 small (2.2k-11.7k),5260.0,0.05032214205151183,0.2050890931692945,0.037203258751664504,False,False,False
"Bossier Parish, Louisiana",22015,T3 mid (11.7k-100k),56000.0,0.07108950932541018,0.49889453461622385,0.5568852291553528,False,False,False
"Caddo Parish, Louisiana",22017,T4 large (>=100k),101670.0,0.13896758444866159,1.0226537859448281,0.3434372306674602,False,False,False
"Calcasieu Parish, Louisiana",22019,T3 mid (11.7k-100k),82720.0,0.08293816121621404,0.5059813106985797,0.4907141885522601,False,False,False
"Caldwell Parish, Louisiana",22021,T2 small (2.2k-11.7k),3640.0,0.023800923656441084,0.13470931955944204,0.2718467046455984,False,False,False
"Cameron Parish, Louisiana",22023,T2 small (2.2k-11.7k),2510.0,0.06126044852910083,0.42030187951239206,0.43257351878896344,False,False,False
"Catahoula Parish, Louisiana",22025,T2 small (2.2k-11.7k),3300.0,0.025736777562403577,0.15609849239509438,0.41023468440153626,False,False,False
"Claiborne Parish, Louisiana",22027,T2 small (2.2k-11.7k),5270.0,0.16384963865818142,0.5215405556273074,1.0244715902330999,False,False,True
"Concordia Parish, Louisiana",22029,T2 small (2.2k-11.7k),6800.0,0.06384415754529305,0.29340857973379186,0.0032315899063663535,False,False,False
"De Soto Parish, Louisiana",22031,T3 mid (11.7k-100k),12070.0,0.0607855667183455,0.31468283964248095,0.025705470353072052,False,False,False
"East Baton Rouge Parish, Louisiana",22033,T4 large (>=100k),192970.0,0.13894295428908246,0.8049593928492257,0.40087814892010626,False,False,False
"East Carroll Parish, Louisiana",22035,T2 small (2.2k-11.7k),2230.0,0.07628812375087338,0.3718992778111078,0.22370444737936987,False,False,False
"East Feliciana Parish, Louisiana",22037,T2 small (2.2k-11.7k),7980.0,0.05121716212769575,0.3293660147667311,0.3153144910149472,False,False,False
"Evangeline Parish, Louisiana",22039,T3 mid (11.7k-100k),12800.0,0.0323890701286348,0.2189653867999422,0.4132997339968096,False,False,False
"Franklin Parish, Louisiana",22041,T2 small (2.2k-11.7k),7800.0,0.04893731407476434,0.22352039664943452,0.1995371846423158,False,False,False
"Grant Parish, Louisiana",22043,T2 small (2.2k-11.7k),8050.0,0.019894526378084493,0.11226151220483435,0.2619509444915902,False,False,False
"Iberia Parish, Louisiana",22045,T3 mid (11.7k-100k),29220.0,0.11209316029956946,0.5053925794325227,0.1437964192182963,False,False,False
"Iberville Parish, Louisiana",22047,T3 mid (11.7k-100k),13090.0,0.08360692230952518,0.3607115774614956,0.03760993905433646,False,False,False
"Jackson Parish, Louisiana",22049,T2 small (2.2k-11.7k),5870.0,0.03217104923386184,0.15104795937505194,0.07973770666366989,False,False,False
"Jefferson Parish, Louisiana",22051,T4 large (>=100k),197090.0,0.10579437373671649,0.705114457956785,0.4786205482491423,False,False,False
"Jefferson Davis Parish, Louisiana",22053,T3 mid (11.7k-100k),13300.0,0.04825971639822786,0.2885788314125952,0.275142711771459,False,False,False
"Lafayette Parish, Louisiana",22055,T4 large (>=100k),113810.0,0.13447189151773176,0.8203435527261991,0.45474488745460023,False,False,False
"Lafourche Parish, Louisiana",22057,T3 mid (11.7k-100k),39640.0,0.08790307897469207,0.4652054338567778,0.30199481860350086,False,False,False
"LaSalle Parish, Louisiana",22059,T2 small (2.2k-11.7k),5200.0,0.0329854565581858,0.16178635172823116,0.04151464111609231,False,False,False
"Lincoln Parish, Louisiana",22061,T3 mid (11.7k-100k),17520.0,0.18137778642761346,0.8117104187076765,0.06386269511618411,False,False,False
"Livingston Parish, Louisiana",22063,T3 mid (11.7k-100k),62510.0,0.0385801594128242,0.19678301160364606,0.25956792586955457,False,False,False
"Madison Parish, Louisiana",22065,T2 small (2.2k-11.7k),3990.0,0.04848898753628137,0.3266220780923496,0.35039492196170824,False,False,False
"Morehouse Parish, Louisiana",22067,T2 small (2.2k-11.7k),9750.0,0.08067868667122029,0.329176167546001,0.08016896940018199,False,False,False
"Natchitoches Parish, Louisiana",22069,T3 mid (11.7k-100k),14600.0,0.08615861652208658,0.4409432318949197,0.10796444737370899,False,False,False
"Orleans Parish, Louisiana",22071,T4 large (>=100k),155070.0,0.15453979981264557,1.049711198369849,0.5320449043307766,False,False,False
"Ouachita Parish, Louisiana",22073,T3 mid (11.7k-100k),64990.0,0.10002480235061109,0.5920167198687636,0.31348010257925896,False,False,False
"Plaquemines Parish, Louisiana",22075,T2 small (2.2k-11.7k),9830.0,0.07079202071715926,0.3661523795462647,0.22917424742287668,False,False,False
"Pointe Coupee Parish, Louisiana",22077,T2 small (2.2k-11.7k),9440.0,0.05874229504887354,0.4062951849960676,0.4105424241657647,False,False,False
"Rapides Parish, Louisiana",22079,T3 mid (11.7k-100k),54530.0,0.07767029451000339,0.6733345393838541,0.7298845206056283,False,False,False
"Red River Parish, Louisiana",22081,T2 small (2.2k-11.7k),3210.0,0.12413583591966763,0.48262575396588775,0.0010070215870019265,False,False,True
"Richland Parish, Louisiana",22083,T2 small (2.2k-11.7k),8200.0,0.04419713634944819,0.294977739890052,0.36885753405754884,False,False,False
"Sabine Parish, Louisiana",22085,T2 small (2.2k-11.7k),8870.0,0.06747369199560477,0.38969180909264367,0.4369270818741375,False,False,False
"St. Bernard Parish, Louisiana",22087,T3 mid (11.7k-100k),18390.0,0.029711751662971176,0.17504692892358184,0.2509366670789929,False,False,False
"St. Charles Parish, Louisiana",22089,T3 mid (11.7k-100k),23470.0,0.03565364518611231,0.25460004460294805,0.520617207125241,False,False,False
"St. Helena Parish, Louisiana",22091,T2 small (2.2k-11.7k),5340.0,0.02216966471113874,0.1369304006887976,0.27220982431136126,False,False,False
"St. James Parish, Louisiana",22093,T2 small (2.2k-11.7k),9170.0,0.026016396006177958,0.17215826139477422,0.45733552057930343,False,False,False
"St. John the Baptist Parish, Louisiana",22095,T3 mid (11.7k-100k),18280.0,0.028420927404430814,0.15252666549689692,0.23241144070065006,False,False,False
"St. Landry Parish, Louisiana",22097,T3 mid (11.7k-100k),35680.0,0.05723627667912761,0.37272341068382836,0.42706610425486347,False,False,False
"St. Martin Parish, Louisiana",22099,T3 mid (11.7k-100k),22790.0,0.053194569028785776,0.28025894705246324,0.24472138808104135,False,False,False
"St. Mary Parish, Louisiana",22101,T3 mid (11.7k-100k),20200.0,0.0628394065181046,0.4155730529278886,0.2915080619907094,False,False,False
"St. Tammany Parish, Louisiana",22103,T4 large (>=100k),124170.0,0.13333933075903953,0.8944358565558176,0.47687217519237646,False,False,False
"Tangipahoa Parish, Louisiana",22105,T3 mid (11.7k-100k),56000.0,0.06259076199309503,0.335340670789375,0.3690383973199398,False,False,False
"Tensas Parish, Louisiana",22107,T1 thin (<2.2k returns),1610.0,0.0831512686841593,0.6771157150215401,0.2062397905282604,True,False,False
"Terrebonne Parish, Louisiana",22109,T3 mid (11.7k-100k),44620.0,0.07962191210928544,0.4307810381158637,0.2768097446819133,False,False,False
"Union Parish, Louisiana",22111,T2 small (2.2k-11.7k),8760.0,0.04854774576717945,0.30231834669340935,0.5048844416431684,False,False,False
"Vermilion Parish, Louisiana",22113,T3 mid (11.7k-100k),24830.0,0.04453031236022935,0.334855054064794,0.5176480615587037,False,False,False
"Vernon Parish, Louisiana",22115,T3 mid (11.7k-100k),18850.0,0.024986368640782006,0.15697984529695347,0.5373669481201203,False,False,False
"Washington Parish, Louisiana",22117,T3 mid (11.7k-100k),16620.0,0.031877269729359066,0.1945133355521444,0.34245176170191644,False,False,False
"Webster Parish, Louisiana",22119,T3 mid (11.7k-100k),15280.0,0.07322431943488626,0.4578182112262172,0.3820193848251773,False,False,False
"West Baton Rouge Parish, Louisiana",22121,T3 mid (11.7k-100k),12520.0,0.036086473029535215,0.18275739515092015,0.3047872591846354,False,False,False
"West Carroll Parish, Louisiana",22123,T2 small (2.2k-11.7k),3970.0,0.030098036625003304,0.15055858950285747,0.4163613917676972,False,False,False
"West Feliciana Parish, Louisiana",22125,T2 small (2.2k-11.7k),4860.0,0.15082895879753766,0.6650968001006532,0.05141098931693309,False,False,False
"Winn Parish, Louisiana",22127,T2 small (2.2k-11.7k),4610.0,0.02733128149766703,0.16503708458071076,0.4074967440010281,False,False,False
"Androscoggin County, Maine",23001,T3 mid (11.7k-100k),54420.0,0.07291815823757937,0.36586998207938326,0.1306912372227544,False,False,False
"Aroostook County, Maine",23003,T3 mid (11.7k-100k),31190.0,0.06188962596303346,0.34951037415973973,0.29198838020141754,False,False,False
"Cumberland County, Maine",23005,T4 large (>=100k),166360.0,0.17041837270438595,1.206765169559246,0.37662064050797184,False,False,False
"Franklin County, Maine",23007,T3 mid (11.7k-100k),14330.0,0.11151097825823413,0.5469757212674873,0.12493179196025851,False,False,False
"Hancock County, Maine",23009,T3 mid (11.7k-100k),29880.0,0.21173741096760815,1.3810465892256143,0.3361207379726879,False,False,False
"Kennebec County, Maine",23011,T3 mid (11.7k-100k),63700.0,0.07100563698312264,0.45578504487376376,0.3853782626948425,False,False,False
"Knox County, Maine",23013,T3 mid (11.7k-100k),21660.0,0.2507700849392618,1.5668109105473307,0.312053213169498,False,False,False
"Lincoln County, Maine",23015,T3 mid (11.7k-100k),19860.0,0.2495005727110605,1.5225078308551327,0.27456298132667206,False,False,False
"Oxford County, Maine",23017,T3 mid (11.7k-100k),29210.0,0.1312405818547128,0.6029245886705902,0.11067755869321498,False,False,False
"Penobscot County, Maine",23019,T3 mid (11.7k-100k),73890.0,0.07566130370290804,0.42322802542475496,0.33484892471965494,False,False,False
"Piscataquis County, Maine",23021,T2 small (2.2k-11.7k),8100.0,0.09676130879073329,0.6077284356352699,0.5658606614969501,False,False,False
"Sagadahoc County, Maine",23023,T3 mid (11.7k-100k),20180.0,0.12584438173055082,0.8017852619425865,0.32822304629930277,False,False,False
"Somerset County, Maine",23025,T3 mid (11.7k-100k),24480.0,0.05630125644388307,0.366707496154872,0.36925877769813786,False,False,False
"Waldo County, Maine",23027,T3 mid (11.7k-100k),20270.0,0.11782110219311716,0.7812412508335507,0.3566512244426085,False,False,False
"Washington County, Maine",23029,T3 mid (11.7k-100k),15110.0,0.0784492253764582,0.4896958706370936,0.29089532284094355,False,False,False
"York County, Maine",23031,T4 large (>=100k),118270.0,0.11244892938258287,0.7150702343705833,0.33775827468576136,False,False,False
"Allegany County, Maryland",24001,T3 mid (11.7k-100k),28660.0,0.04496335198806143,0.326892345206988,0.5275202927017334,False,False,False
"Anne Arundel County, Maryland",24003,T4 large (>=100k),303290.0,0.10286287978974658,0.6965010703707574,0.41811185831654296,False,False,False
"Baltimore County, Maryland",24005,T4 large (>=100k),422230.0,0.1339115879955861,0.903127196433223,0.45025395928050754,False,False,False
"Calvert County, Maryland",24009,T3 mid (11.7k-100k),47110.0,0.054951823391314034,0.3736359351713711,0.38163091207595956,False,False,False
"Caroline County, Maryland",24011,T3 mid (11.7k-100k),16250.0,0.038046009625937564,0.27467403336087487,0.3958898740889796,False,False,False
"Carroll County, Maryland",24013,T3 mid (11.7k-100k),87320.0,0.06007550245158773,0.3890312446657925,0.37224520267929173,False,False,False
"Cecil County, Maryland",24015,T3 mid (11.7k-100k),49800.0,0.05215817241441401,0.2918330176068557,0.26724649219543634,False,False,False
"Charles County, Maryland",24017,T3 mid (11.7k-100k),87760.0,0.022854908719243297,0.1520877072434645,0.433631317069024,False,False,False
"Dorchester County, Maryland",24019,T3 mid (11.7k-100k),16060.0,0.07831561284511769,0.5342693095174526,0.5172985698553509,False,False,False
"Frederick County, Maryland",24021,T4 large (>=100k),144760.0,0.07646388343280658,0.4445643922521775,0.2265040767870866,False,False,False
"Garrett County, Maryland",24023,T3 mid (11.7k-100k),13830.0,0.09513581976029245,0.6187310597275777,0.5482109796707161,False,False,False
"Harford County, Maryland",24025,T4 large (>=100k),133440.0,0.0473541912598886,0.3215931667623735,0.45203740073269644,False,False,False
"Howard County, Maryland",24027,T4 large (>=100k),165830.0,0.09199547473885096,0.7152346079304671,0.5455986213534231,False,False,False
"Kent County, Maryland",24029,T2 small (2.2k-11.7k),9740.0,0.18168107805387015,1.5188535601694555,0.5550872741206803,False,False,False
"Montgomery County, Maryland",24031,T4 large (>=100k),548770.0,0.1595197821797555,1.1883681252234262,0.4749678692152239,False,False,False
"Prince George's County, Maryland",24033,T4 large (>=100k),494390.0,0.019019021624932547,0.12706178153756087,0.45081383964304794,False,False,False
"Queen Anne's County, Maryland",24035,T3 mid (11.7k-100k),26980.0,0.09599475018819036,0.701325409239972,0.523348507180813,False,False,False
"St. Mary's County, Maryland",24037,T3 mid (11.7k-100k),55440.0,0.05328470705434101,0.31101307481688,0.3774003676010593,False,False,False
"Somerset County, Maryland",24039,T2 small (2.2k-11.7k),9340.0,0.08215097969298259,0.34439896995038544,0.09027645234010645,False,False,False
"Talbot County, Maryland",24041,T3 mid (11.7k-100k),20060.0,0.450438946959226,2.553910589723119,0.3302528067414955,False,False,True
"Washington County, Maryland",24043,T3 mid (11.7k-100k),74860.0,0.06449954733634457,0.40000903059907655,0.4079793730925141,False,False,False
"Wicomico County, Maryland",24045,T3 mid (11.7k-100k),48990.0,0.057431420109197925,0.3537217822352384,0.3444207670080232,False,False,False
"Worcester County, Maryland",24047,T3 mid (11.7k-100k),30630.0,0.16264429820209172,0.9644719589438665,0.3331549637176523,False,False,False
"Baltimore City, Maryland",24510,T4 large (>=100k),259640.0,0.07790749520692762,0.5790548899607953,0.5485699495405004,False,False,False
"Barnstable County, Massachusetts",25001,T4 large (>=100k),135210.0,0.24754913039226242,1.5930013206323044,0.34079462003792976,False,False,False
"Berkshire County, Massachusetts",25003,T3 mid (11.7k-100k),64910.0,0.1801642217798912,1.1865726380630632,0.37337654678618104,False,False,False
"Bristol County, Massachusetts",25005,T4 large (>=100k),292920.0,0.08020323089818385,0.4618854260796058,0.3384847169866318,False,False,False
"Dukes County, Massachusetts",25007,T3 mid (11.7k-100k),12450.0,0.32498227896493226,2.9913808446612355,0.4968343774615518,False,False,False
"Essex County, Massachusetts",25009,T4 large (>=100k),422920.0,0.17493764405399873,1.087075977821722,0.36968605002184757,False,False,True
"Franklin County, Massachusetts",25011,T3 mid (11.7k-100k),36670.0,0.11410533611121376,0.8088538136322374,0.4304721055245629,False,False,False
"Hampden County, Massachusetts",25013,T4 large (>=100k),225910.0,0.07240106590225512,0.52003008541133,0.43505798054691025,False,False,False
"Hampshire County, Massachusetts",25015,T3 mid (11.7k-100k),73810.0,0.11898180305526303,0.944472869183935,0.44429733439040786,False,False,False
"Middlesex County, Massachusetts",25017,T4 large (>=100k),825030.0,0.20550406405991725,1.532090542594688,0.4652992887891,False,False,True
"Nantucket County, Massachusetts",25019,T2 small (2.2k-11.7k),8810.0,0.3597610512855152,3.0701638925023276,0.6178578987127994,False,False,True
"Norfolk County, Massachusetts",25021,T4 large (>=100k),370240.0,0.2216574465468757,1.6599255906755186,0.5310253759513575,False,False,True
"Plymouth County, Massachusetts",25023,T4 large (>=100k),280130.0,0.11980131685913874,0.8544487223511815,0.47520102507098894,False,False,False
"Suffolk County, Massachusetts",25025,T4 large (>=100k),391650.0,0.23963666580138898,1.96132335262227,0.6200752997568483,False,False,True
"Worcester County, Massachusetts",25027,T4 large (>=100k),426990.0,0.07891732998101599,0.5473610570792002,0.4437550002091711,False,False,False
"Alcona County, Michigan",26001,T2 small (2.2k-11.7k),5190.0,0.08249392692324506,0.5891186543073131,0.45258646359663024,False,False,False
"Alger County, Michigan",26003,T2 small (2.2k-11.7k),4270.0,0.08949229320709248,0.4951529072310762,0.34369978279938296,False,False,False
"Allegan County, Michigan",26005,T3 mid (11.7k-100k),59540.0,0.11671670623206382,0.7182355646818389,0.3116610054742589,False,False,False
"Alpena County, Michigan",26007,T3 mid (11.7k-100k),14330.0,0.05586883998027085,0.3922261538760712,0.5231904496990226,False,False,False
"Antrim County, Michigan",26009,T3 mid (11.7k-100k),12560.0,0.24287884276316712,1.4073284735249796,0.2830000085105439,False,False,False
"Arenac County, Michigan",26011,T2 small (2.2k-11.7k),7460.0,0.058417547982765376,0.31646677188559513,0.2594857414801437,False,False,False
"Baraga County, Michigan",26013,T2 small (2.2k-11.7k),3650.0,0.0641858363523403,0.41662124688586566,0.35869363808367,False,False,False
"Barry County, Michigan",26015,T3 mid (11.7k-100k),30410.0,0.08181342527245003,0.5158527820042289,0.38742440355491764,False,False,False
"Bay County, Michigan",26017,T3 mid (11.7k-100k),53200.0,0.058492474645689914,0.36438215234039883,0.3994660561461931,False,False,False
"Benzie County, Michigan",26019,T2 small (2.2k-11.7k),9870.0,0.23714657900950592,1.2961301021462803,0.12825465652203547,False,False,False
"Berrien County, Michigan",26021,T3 mid (11.7k-100k),74090.0,0.11447855146078487,0.7427087828779838,0.3848378273782417,False,False,False
"Branch County, Michigan",26023,T3 mid (11.7k-100k),19500.0,0.06870513921082334,0.41774471053679585,0.2883801828347419,False,False,False
"Calhoun County, Michigan",26025,T3 mid (11.7k-100k),61300.0,0.045994392160600125,0.33405145132799324,0.43433091469708485,False,False,False
"Cass County, Michigan",26027,T3 mid (11.7k-100k),24100.0,0.10774316688467434,0.8144582389010375,0.6034356979146114,False,False,False
"Charlevoix County, Michigan",26029,T3 mid (11.7k-100k),14190.0,0.27250640800286524,1.6879975504455527,0.4431227091023641,False,False,False
"Cheboygan County, Michigan",26031,T3 mid (11.7k-100k),13440.0,0.14501656663081566,1.1063026680410943,0.528682957524376,False,False,False
"Chippewa County, Michigan",26033,T3 mid (11.7k-100k),16430.0,0.05092684247485131,0.36844233930739734,0.48966792160456707,False,False,False
"Clare County, Michigan",26035,T3 mid (11.7k-100k),13990.0,0.0615125313764519,0.3244248813506233,0.08997030709329322,False,False,False
"Clinton County, Michigan",26037,T3 mid (11.7k-100k),39250.0,0.06940636724655867,0.5026287052900302,0.5736249613928026,False,False,False
"Crawford County, Michigan",26039,T2 small (2.2k-11.7k),6550.0,0.052719748177302635,0.33538692712090656,0.2972714753846999,False,False,False
"Delta County, Michigan",26041,T3 mid (11.7k-100k),18000.0,0.06950556732857563,0.4878627471446716,0.4876906963775353,False,False,False
"Dickinson County, Michigan",26043,T3 mid (11.7k-100k),13190.0,0.07379332215829294,0.4810060938320911,0.31590791630597276,False,False,False
"Eaton County, Michigan",26045,T3 mid (11.7k-100k),54910.0,0.04369727071170622,0.32949115153435454,0.4691392145046975,False,False,False
"Emmet County, Michigan",26047,T3 mid (11.7k-100k),18640.0,0.29899744037177095,1.6247280243660256,0.26874839200132483,False,False,False
"Genesee County, Michigan",26049,T4 large (>=100k),194820.0,0.06122544225551359,0.4168715793853254,0.3730402941618151,False,False,False
"Gladwin County, Michigan",26051,T3 mid (11.7k-100k),11880.0,0.07170299091594556,0.42301370454920395,0.27243301730790187,False,False,False
"Gogebic County, Michigan",26053,T2 small (2.2k-11.7k),6730.0,0.08080123008886556,1.1663741330652764,0.5812161835513788,False,False,False
"Grand Traverse County, Michigan",26055,T3 mid (11.7k-100k),51350.0,0.20176601251435114,1.5265352052186638,0.5000236064415411,False,False,False
"Gratiot County, Michigan",26057,T3 mid (11.7k-100k),17300.0,0.07692954041039132,0.48454676474924707,0.3661901112532834,False,False,False
"Hillsdale County, Michigan",26059,T3 mid (11.7k-100k),20420.0,0.06553440927016703,0.38539316193927775,0.3042858815222487,False,False,False
"Houghton County, Michigan",26061,T3 mid (11.7k-100k),15450.0,0.07254794192637015,0.4705406523224217,0.2842280143677852,False,False,False
"Huron County, Michigan",26063,T3 mid (11.7k-100k),16510.0,0.1414820313523427,0.7292241688487744,0.2573802211441811,False,False,False
"Ingham County, Michigan",26065,T4 large (>=100k),126480.0,0.06001355391693917,0.5379652259978851,0.656301546031122,False,False,False
"Ionia County, Michigan",26067,T3 mid (11.7k-100k),29240.0,0.05309252333419256,0.26060948620021523,0.177097474435022,False,False,False
"Iosco County, Michigan",26069,T3 mid (11.7k-100k),12520.0,0.08031511994031436,0.5078289695835977,0.35002649674782405,False,False,False
"Iron County, Michigan",26071,T2 small (2.2k-11.7k),5650.0,0.10039042913401353,0.5398580507627548,0.4056599147516012,False,False,False
"Isabella County, Michigan",26073,T3 mid (11.7k-100k),28150.0,0.10833613631274179,0.584645666435377,0.11319210802004068,False,False,False
"Jackson County, Michigan",26075,T3 mid (11.7k-100k),73100.0,0.07139494248707581,0.4279439107783488,0.34900658099010246,False,False,False
"Kalamazoo County, Michigan",26077,T4 large (>=100k),124220.0,0.12008583916018441,0.7821691244681361,0.4367745266836063,False,False,False
"Kalkaska County, Michigan",26079,T2 small (2.2k-11.7k),8890.0,0.0655626422211138,0.33961278191789956,0.23188954041917387,False,False,False
"Kent County, Michigan",26081,T4 large (>=100k),326180.0,0.17114955509158578,1.0682327277867694,0.33856533913774006,False,False,False
"Keweenaw County, Michigan",26083,T1 thin (<2.2k returns),1120.0,0.14636628706607252,0.8497363069024836,0.2190366588450286,True,False,False
"Lake County, Michigan",26085,T2 small (2.2k-11.7k),5040.0,0.0695866682027962,0.43428096922685794,0.380954834260001,False,False,False
"Lapeer County, Michigan",26087,T3 mid (11.7k-100k),44050.0,0.05578673718928219,0.3838368593198947,0.5626576965457948,False,False,False
"Leelanau County, Michigan",26089,T3 mid (11.7k-100k),12610.0,0.3614323364888124,2.4758592057961346,0.3928337113072628,False,False,False
"Lenawee County, Michigan",26091,T3 mid (11.7k-100k),46340.0,0.06302506685532226,0.3428628777789634,0.2230676845739183,False,False,False
"Livingston County, Michigan",26093,T4 large (>=100k),101370.0,0.07465408659952798,0.5724414689427688,0.496485825774755,False,False,False
"Luce County, Michigan",26095,T2 small (2.2k-11.7k),2520.0,0.09162233064456812,0.3549889561057822,0.19841182627453996,False,False,False
"Mackinac County, Michigan",26097,T2 small (2.2k-11.7k),6180.0,0.16409328508242862,1.00050613883983,0.2859847445399781,False,False,False
"Macomb County, Michigan",26099,T4 large (>=100k),459020.0,0.05842274591865251,0.37931089141809204,0.33779592125012314,False,False,False
"Manistee County, Michigan",26101,T3 mid (11.7k-100k),12360.0,0.09696652096756905,0.6261177125744583,0.38676383728647573,False,False,False
"Marquette County, Michigan",26103,T3 mid (11.7k-100k),31830.0,0.07804384614033341,0.5688609183225205,0.4385526575651154,False,False,False
"Mason County, Michigan",26105,T3 mid (11.7k-100k),14760.0,0.1426714055161659,0.6445238516583617,0.021597450795220626,False,False,False
"Mecosta County, Michigan",26107,T3 mid (11.7k-100k),18040.0,0.07872378963217044,0.4345946815074493,0.18285725109492118,False,False,False
"Menominee County, Michigan",26109,T2 small (2.2k-11.7k),11260.0,0.08522019626917576,0.4697853207820157,0.09320325398366647,False,False,False
"Midland County, Michigan",26111,T3 mid (11.7k-100k),41230.0,0.08483869821403793,0.6260336011179625,0.4176417323932158,False,False,False
"Missaukee County, Michigan",26113,T2 small (2.2k-11.7k),7080.0,0.14156410504893885,0.7035159358464369,0.06142305865699682,False,False,False
"Monroe County, Michigan",26115,T3 mid (11.7k-100k),76400.0,0.04396441593360559,0.29257049994085504,0.4626802804439463,False,False,False
"Montcalm County, Michigan",26117,T3 mid (11.7k-100k),29630.0,0.06755361863231972,0.33819956778285565,0.12465415488486882,False,False,False
"Montmorency County, Michigan",26119,T2 small (2.2k-11.7k),4820.0,0.08382145468781162,0.5361593537717482,0.38874453033853007,False,False,False
"Muskegon County, Michigan",26121,T3 mid (11.7k-100k),83320.0,0.06591186364390117,0.48876591711314576,0.5748907156219565,False,False,False
"Newaygo County, Michigan",26123,T3 mid (11.7k-100k),23240.0,0.09104832400231608,0.4100093589200201,0.049047411915112755,False,False,False
"Oakland County, Michigan",26125,T4 large (>=100k),646390.0,0.15911257374594026,1.131913983738712,0.4875185999038247,False,False,False
"Oceana County, Michigan",26127,T3 mid (11.7k-100k),12980.0,0.13366667252500045,0.7902117564252026,0.5974835539644824,False,False,False
"Ogemaw County, Michigan",26129,T2 small (2.2k-11.7k),9910.0,0.08382712455433582,0.37017686752940715,0.0002564501257255328,False,False,False
"Ontonagon County, Michigan",26131,T2 small (2.2k-11.7k),2820.0,0.07288503774468034,0.492219036849516,0.3217383657663102,False,False,False
"Osceola County, Michigan",26133,T2 small (2.2k-11.7k),10710.0,0.04677754144991415,0.2955901506182143,0.40522823971451677,False,False,False
"Oscoda County, Michigan",26135,T2 small (2.2k-11.7k),3840.0,0.05786065887855058,0.3698300870818908,0.46072450234247503,False,False,False
"Otsego County, Michigan",26137,T3 mid (11.7k-100k),13340.0,0.07309103954521622,0.5111002028348468,0.4323609856091003,False,False,False
"Ottawa County, Michigan",26139,T4 large (>=100k),145880.0,0.13635287085386896,0.9263645775192785,0.3641257690034336,False,False,False
"Presque Isle County, Michigan",26141,T2 small (2.2k-11.7k),6790.0,0.095173274088103,0.49124095565553294,0.17168468057877415,False,False,False
"Roscommon County, Michigan",26143,T3 mid (11.7k-100k),11980.0,0.09886058329466745,0.5832286758568402,0.363870552917317,False,False,False
"Saginaw County, Michigan",26145,T3 mid (11.7k-100k),90400.0,0.05737669837156414,0.3698882602740284,0.43408874715345164,False,False,False
"St. Clair County, Michigan",26147,T3 mid (11.7k-100k),81200.0,0.05986582824671912,0.4456498869075152,0.47155114740196774,False,False,False
"St. Joseph County, Michigan",26149,T3 mid (11.7k-100k),28440.0,0.06685288475274181,0.423686451843815,0.4015430454378109,False,False,False
"Sanilac County, Michigan",26151,T3 mid (11.7k-100k),19670.0,0.08917707712555495,0.5136233076084048,0.26557136700803624,False,False,False
"Schoolcraft County, Michigan",26153,T2 small (2.2k-11.7k),4010.0,0.08024379366731084,0.3960559723145786,0.12325953163761355,False,False,False
"Shiawassee County, Michigan",26155,T3 mid (11.7k-100k),33630.0,0.043275339602559235,0.3056054285353087,0.4632235628452421,False,False,False
"Tuscola County, Michigan",26157,T3 mid (11.7k-100k),25510.0,0.05033455097461079,0.2756066876591489,0.24738391789767897,False,False,False
"Van Buren County, Michigan",26159,T3 mid (11.7k-100k),36440.0,0.0746055787729667,0.4713339204939859,0.31256087552598405,False,False,False
"Washtenaw County, Michigan",26161,T4 large (>=100k),169390.0,0.13748128549383942,0.9377543114899808,0.34954817660032667,False,False,False
"Wayne County, Michigan",26163,T4 large (>=100k),812790.0,0.07963206549716555,0.498524941143846,0.3479490189950822,False,False,False
"Wexford County, Michigan",26165,T3 mid (11.7k-100k),16310.0,0.054327218588478374,0.40335352760123955,0.4331261664928414,False,False,False
"Aitkin County, Minnesota",27001,T2 small (2.2k-11.7k),7950.0,0.113027271869397,0.5657831510273142,0.16580217881578277,False,False,False
"Anoka County, Minnesota",27003,T4 large (>=100k),189810.0,0.04895912797947586,0.36724169577335697,0.4637426074944912,False,False,False
"Becker County, Minnesota",27005,T3 mid (11.7k-100k),16850.0,0.09231953982019998,0.5931243025667114,0.3754137175830516,False,False,False
"Beltrami County, Minnesota",27007,T3 mid (11.7k-100k),20850.0,0.0694750912905906,0.3965770467159051,0.3614961750217681,False,False,False
"Benton County, Minnesota",27009,T3 mid (11.7k-100k),20390.0,0.04782758822386209,0.3120047995831785,0.4003560371411487,False,False,False
"Big Stone County, Minnesota",27011,T2 small (2.2k-11.7k),2380.0,0.114909749335144,0.5924985127948545,0.07039216264684663,False,False,False
"Blue Earth County, Minnesota",27013,T3 mid (11.7k-100k),32300.0,0.08910451604307874,0.5883276815684463,0.2696798563110437,False,False,False
"Brown County, Minnesota",27015,T3 mid (11.7k-100k),13100.0,0.1480090183597858,0.6127684681231725,0.22824524198324012,False,False,False
"Carlton County, Minnesota",27017,T3 mid (11.7k-100k),17500.0,0.037634984182483205,0.25175026305561937,0.3855568064363653,False,False,False
"Carver County, Minnesota",27019,T3 mid (11.7k-100k),54730.0,0.1096533374689225,0.6763989692256887,0.295946304629416,False,False,False
"Cass County, Minnesota",27021,T3 mid (11.7k-100k),15480.0,0.14551264019842633,0.9655771727446482,0.4316672270027785,False,False,False
"Chippewa County, Minnesota",27023,T2 small (2.2k-11.7k),5950.0,0.07425270573779974,0.4835780985840669,0.3962968201602373,False,False,False
"Chisago County, Minnesota",27025,T3 mid (11.7k-100k),29580.0,0.04951002916168128,0.327559551371046,0.43543328094250283,False,False,False
"Clay County, Minnesota",27027,T3 mid (11.7k-100k),29640.0,0.05668601211131872,0.3459008711009011,0.20164341485436943,False,False,False
"Clearwater County, Minnesota",27029,T2 small (2.2k-11.7k),3930.0,0.06303541517109357,0.43037256499772125,0.28287524775257744,False,False,False
"Cook County, Minnesota",27031,T2 small (2.2k-11.7k),3160.0,0.21252796420581654,1.004091198397931,0.06635329084240643,False,False,False
"Cottonwood County, Minnesota",27033,T2 small (2.2k-11.7k),5800.0,0.0752063508753483,0.5059776487453747,0.46510262463613683,False,False,False
"Crow Wing County, Minnesota",27035,T3 mid (11.7k-100k),34280.0,0.09588165891371953,0.6806965842055017,0.5200327029554354,False,False,False
"Dakota County, Minnesota",27037,T4 large (>=100k),230590.0,0.07910376181279555,0.5162922703915936,0.41118281435506066,False,False,False
"Dodge County, Minnesota",27039,T2 small (2.2k-11.7k),10590.0,0.05348994125603988,0.27659522961896077,0.12154674677970603,False,False,False
"Douglas County, Minnesota",27041,T3 mid (11.7k-100k),20560.0,0.09708183957421943,0.6477860061897898,0.43589776824282395,False,False,False
"Faribault County, Minnesota",27043,T2 small (2.2k-11.7k),6750.0,0.07827376897809667,0.5139138344162835,0.42574362684306954,False,False,False
"Fillmore County, Minnesota",27045,T2 small (2.2k-11.7k),10360.0,0.09701932854339193,0.5514512477561243,0.26116879210914234,False,False,False
"Freeborn County, Minnesota",27047,T3 mid (11.7k-100k),14830.0,0.07294419787562959,0.6047911568195764,0.35502979258724393,False,False,False
"Goodhue County, Minnesota",27049,T3 mid (11.7k-100k),24790.0,0.07452254682566445,0.4782952255295707,0.31960308421972455,False,False,False
"Grant County, Minnesota",27051,T2 small (2.2k-11.7k),2960.0,0.07551861789149925,0.5110541755665112,0.4296010412621488,False,False,False
"Hennepin County, Minnesota",27053,T4 large (>=100k),651040.0,0.1381216270739561,1.1083647845117395,0.5087671281558046,False,False,False
"Houston County, Minnesota",27055,T2 small (2.2k-11.7k),9490.0,0.09837383425338767,0.5802496994834796,0.1864054206201576,False,False,False
"Hubbard County, Minnesota",27057,T2 small (2.2k-11.7k),10570.0,0.08802624631644501,0.556111016680086,0.27312510923147526,False,False,False
"Isanti County, Minnesota",27059,T3 mid (11.7k-100k),21550.0,0.04564826891076432,0.30041044570132397,0.4098622605931616,False,False,False
"Itasca County, Minnesota",27061,T3 mid (11.7k-100k),21650.0,0.08818526484102876,0.5161301819688167,0.24849991557668388,False,False,False
"Jackson County, Minnesota",27063,T2 small (2.2k-11.7k),5080.0,0.06997083183122726,0.495317753088225,0.4101330622984552,False,False,False
"Kanabec County, Minnesota",27065,T2 small (2.2k-11.7k),7920.0,0.043043054520437996,0.2872853649354889,0.4306978701272236,False,False,False
"Kandiyohi County, Minnesota",27067,T3 mid (11.7k-100k),21840.0,0.08415483554035903,0.6668442329892532,0.47398746510546375,False,False,False
"Kittson County, Minnesota",27069,T1 thin (<2.2k returns),1990.0,0.08588327599734444,0.4841314248508913,0.021529550237308872,True,False,False
"Koochiching County, Minnesota",27071,T2 small (2.2k-11.7k),5770.0,0.058882837580732934,0.38984386538728877,0.28534816240337574,False,False,False
"Lac qui Parle County, Minnesota",27073,T2 small (2.2k-11.7k),3260.0,0.11041004585276083,0.6595067777231842,0.2317898013915823,False,False,False
"Lake County, Minnesota",27075,T2 small (2.2k-11.7k),5400.0,0.07760488477447311,0.48836865891716874,0.5260712561498562,False,False,False
"Lake of the Woods County, Minnesota",27077,T1 thin (<2.2k returns),2060.0,0.10487471198156682,0.4841196894487586,0.15880597510073102,True,False,False
"Le Sueur County, Minnesota",27079,T3 mid (11.7k-100k),15020.0,0.06661495519318349,0.41475145532212165,0.3562802231239749,False,False,False
"Lincoln County, Minnesota",27081,T2 small (2.2k-11.7k),2620.0,0.07448720612010802,0.5842714610961933,0.4956200501738467,False,False,False
"Lyon County, Minnesota",27083,T3 mid (11.7k-100k),11920.0,0.07846687818816064,0.512443024723461,0.3175210578794373,False,False,False
"McLeod County, Minnesota",27085,T3 mid (11.7k-100k),19130.0,0.059061445303179846,0.4131965428040247,0.4025308504501975,False,False,False
"Mahnomen County, Minnesota",27087,T2 small (2.2k-11.7k),2260.0,0.041435136700220546,0.32204652206278334,0.6183030766995745,False,False,False
"Marshall County, Minnesota",27089,T2 small (2.2k-11.7k),4380.0,0.05773797841020609,0.36232961454935114,0.32028290610894206,False,False,False
"Martin County, Minnesota",27091,T2 small (2.2k-11.7k),9880.0,0.07001710894776372,0.5221817788359344,0.509127472612761,False,False,False
"Meeker County, Minnesota",27093,T2 small (2.2k-11.7k),11510.0,0.06429191251528131,0.5668852545774962,0.6264379782920064,False,False,False
"Mille Lacs County, Minnesota",27095,T3 mid (11.7k-100k),13070.0,0.04686986443793055,0.25412073223490095,0.1588064074159117,False,False,False
"Morrison County, Minnesota",27097,T3 mid (11.7k-100k),16680.0,0.07829378180447663,0.4692873876234783,0.3212087417616798,False,False,False
"Mower County, Minnesota",27099,T3 mid (11.7k-100k),19200.0,0.05713233571022062,0.427777506704325,0.41783989208254413,False,False,False
"Murray County, Minnesota",27101,T2 small (2.2k-11.7k),4090.0,0.11686506960499779,0.6643797452371165,0.20576740096970886,False,False,False
"Nicollet County, Minnesota",27103,T3 mid (11.7k-100k),16700.0,0.06963419460620796,0.5781193271705519,0.4770508930581741,False,False,False
"Nobles County, Minnesota",27105,T2 small (2.2k-11.7k),10010.0,0.0708557804727081,0.4312452238764367,0.40971225231135505,False,False,False
"Norman County, Minnesota",27107,T2 small (2.2k-11.7k),3080.0,0.08652288458706288,0.5484506106834915,0.37508562547335034,False,False,False
"Olmsted County, Minnesota",27109,T3 mid (11.7k-100k),83860.0,0.08421959833173101,0.48974935773736306,0.29975279663874577,False,False,False
"Otter Tail County, Minnesota",27111,T3 mid (11.7k-100k),29730.0,0.09621580314840288,0.5894855375276646,0.38108157633863815,False,False,False
"Pennington County, Minnesota",27113,T2 small (2.2k-11.7k),6980.0,0.03602742671476694,0.26075324193901,0.5606951303430816,False,False,False
"Pine County, Minnesota",27115,T3 mid (11.7k-100k),13950.0,0.04505756622104549,0.3145179310135773,0.4377611051882375,False,False,False
"Pipestone County, Minnesota",27117,T2 small (2.2k-11.7k),4410.0,0.11688219952184307,0.66538417505645,0.30865214276409075,False,False,False
"Polk County, Minnesota",27119,T3 mid (11.7k-100k),14360.0,0.07521420716158894,0.4121015738300179,0.15530793786317307,False,False,False
"Pope County, Minnesota",27121,T2 small (2.2k-11.7k),5860.0,0.10565604781026933,0.6234494409062079,0.22186168545453103,False,False,False
"Ramsey County, Minnesota",27123,T4 large (>=100k),269710.0,0.11630919494812358,0.7851473255180283,0.44510769167179526,False,False,False
"Red Lake County, Minnesota",27125,T1 thin (<2.2k returns),1900.0,0.05392821833398478,0.2464101238698082,0.12193937904790177,True,False,False
"Redwood County, Minnesota",27127,T2 small (2.2k-11.7k),7640.0,0.09135946563989686,0.4852869745267931,0.14832532552907987,False,False,False
"Renville County, Minnesota",27129,T2 small (2.2k-11.7k),7220.0,0.10129338275316865,0.5443702805886634,0.14269156902067967,False,False,False
"Rice County, Minnesota",27131,T3 mid (11.7k-100k),31160.0,0.14497942805174915,0.6771803540041093,0.15858912944817571,False,False,False
"Rock County, Minnesota",27133,T2 small (2.2k-11.7k),4610.0,0.0866958498357206,0.49019330946117173,0.2410483821107571,False,False,False
"Roseau County, Minnesota",27135,T2 small (2.2k-11.7k),7720.0,0.09006606733837334,0.6104089347776083,0.3150500978789469,False,False,False
"St. Louis County, Minnesota",27137,T3 mid (11.7k-100k),96120.0,0.07571827367797378,0.5168508943106935,0.4522309609731662,False,False,False
"Scott County, Minnesota",27139,T3 mid (11.7k-100k),78210.0,0.0724193509375597,0.5040327558163425,0.4561870991005894,False,False,False
"Sherburne County, Minnesota",27141,T3 mid (11.7k-100k),49360.0,0.0440631446368624,0.26461706474358965,0.30698187365463503,False,False,False
"Sibley County, Minnesota",27143,T2 small (2.2k-11.7k),7580.0,0.08027121609798775,0.48019393617858447,0.1508427190221698,False,False,False
"Stearns County, Minnesota",27145,T3 mid (11.7k-100k),78010.0,0.090632409788879,1.0135100063161657,0.8622628513026228,False,False,False
"Steele County, Minnesota",27147,T3 mid (11.7k-100k),19200.0,0.05535130002167563,0.37834281928328106,0.3807886343910711,False,False,False
"Stevens County, Minnesota",27149,T2 small (2.2k-11.7k),4970.0,0.10817937549024516,0.8767702462033888,0.5899166593927809,False,False,False
"Swift County, Minnesota",27151,T2 small (2.2k-11.7k),4560.0,0.07010116110007576,0.45104620669152284,0.2611069738461127,False,False,False
"Todd County, Minnesota",27153,T3 mid (11.7k-100k),11770.0,0.07067139933820096,0.41656379772559776,0.35762705882296864,False,False,False
"Traverse County, Minnesota",27155,T1 thin (<2.2k returns),1540.0,0.12079869740337647,0.7273776788246942,0.4550270656152716,True,False,False
"Wabasha County, Minnesota",27157,T2 small (2.2k-11.7k),11270.0,0.07854479707524575,0.514188648618444,0.4195574269094647,False,False,False
"Wadena County, Minnesota",27159,T2 small (2.2k-11.7k),6580.0,0.053014223048298705,0.3675886351792098,0.4486026183423473,False,False,False
"Waseca County, Minnesota",27161,T2 small (2.2k-11.7k),9250.0,0.06528481821155604,0.3617640206256859,0.21723268940146323,False,False,False
"Washington County, Minnesota",27163,T4 large (>=100k),142220.0,0.10009440125165701,0.6762869882771588,0.4176663312207168,False,False,False
"Watonwan County, Minnesota",27165,T2 small (2.2k-11.7k),5170.0,0.05675295137008556,0.2920577038403144,0.18060038552150637,False,False,False
"Wilkin County, Minnesota",27167,T2 small (2.2k-11.7k),3200.0,0.06453467481135465,0.470445537645196,0.38003065541130504,False,False,False
"Winona County, Minnesota",27169,T3 mid (11.7k-100k),22960.0,0.09299208787049439,0.6927616134733949,0.4039432315576836,False,False,False
"Wright County, Minnesota",27171,T3 mid (11.7k-100k),73820.0,0.06454252619118746,0.4051796978785497,0.34766852483426525,False,False,False
"Yellow Medicine County, Minnesota",27173,T2 small (2.2k-11.7k),4770.0,0.09056117164519203,0.5027827300374061,0.17456655834319948,False,False,False
"Adams County, Mississippi",28001,T2 small (2.2k-11.7k),11150.0,0.13189743536377874,0.8585751203091554,0.5301005672386964,False,False,False
"Alcorn County, Mississippi",28003,T3 mid (11.7k-100k),13590.0,0.05655251265857244,0.3211124410890322,0.2484941183312662,False,False,False
"Amite County, Mississippi",28005,T2 small (2.2k-11.7k),4800.0,0.04549363230652008,0.25853600646434677,0.4896510153504439,False,False,False
"Attala County, Mississippi",28007,T2 small (2.2k-11.7k),7250.0,0.04085341584121239,0.257909355101088,0.6027166767711607,False,False,False
"Benton County, Mississippi",28009,T2 small (2.2k-11.7k),3370.0,0.018284961758597985,0.1381295574648106,0.7325078152383205,False,False,False
"Bolivar County, Mississippi",28011,T3 mid (11.7k-100k),12400.0,0.06459973715787669,0.42979119062438825,0.4018391519483486,False,False,False
"Calhoun County, Mississippi",28013,T2 small (2.2k-11.7k),5640.0,0.02967890769602189,0.17851620867294643,0.2448734798394705,False,False,False
"Carroll County, Mississippi",28015,T2 small (2.2k-11.7k),4140.0,0.043861195327739785,0.3097624139208205,0.26731582954105915,False,False,False
"Chickasaw County, Mississippi",28017,T2 small (2.2k-11.7k),7110.0,0.0401657970038714,0.2901989325694486,0.5323410629343043,False,False,False
"Choctaw County, Mississippi",28019,T2 small (2.2k-11.7k),3340.0,0.03353506414073943,0.15468656161416133,0.1640972333949497,False,False,False
"Claiborne County, Mississippi",28021,T2 small (2.2k-11.7k),3480.0,0.013646821830965054,0.11036743543090928,0.497395480279847,False,False,False
"Clarke County, Mississippi",28023,T2 small (2.2k-11.7k),6360.0,0.030766744519817923,0.15977169515918904,0.24456187003977126,False,False,False
"Clay County, Mississippi",28025,T2 small (2.2k-11.7k),8450.0,0.06861145315060083,0.47708113869706725,0.336433926178906,False,False,False
"Coahoma County, Mississippi",28027,T2 small (2.2k-11.7k),8790.0,0.06836512457219443,0.44739941240363795,0.3048673829570903,False,False,False
"Copiah County, Mississippi",28029,T2 small (2.2k-11.7k),11340.0,0.030964148805362007,0.18962963153551637,0.3733553444196875,False,False,False
"Covington County, Mississippi",28031,T2 small (2.2k-11.7k),7900.0,0.05808034963859472,0.25258193614570346,0.1325993687052116,False,False,False
"DeSoto County, Mississippi",28033,T3 mid (11.7k-100k),89620.0,0.041342171271456035,0.22667901363451018,0.322107588766055,False,False,False
"Forrest County, Mississippi",28035,T3 mid (11.7k-100k),30860.0,0.20997792176700972,0.6537047028603032,0.7421048138259367,False,False,True
"Franklin County, Mississippi",28037,T2 small (2.2k-11.7k),3150.0,0.020169297501031826,0.1459542061893845,0.03648314827900319,False,False,False
"George County, Mississippi",28039,T2 small (2.2k-11.7k),9820.0,0.028394437692911608,0.15542070715285036,0.24537130219087744,False,False,False
"Greene County, Mississippi",28041,T2 small (2.2k-11.7k),4470.0,0.016947035517828862,0.08938173439683839,0.2922708726099613,False,False,False
"Grenada County, Mississippi",28043,T2 small (2.2k-11.7k),9310.0,0.07111234705228031,0.2802571623130555,0.08445592491910926,False,False,False
"Hancock County, Mississippi",28045,T3 mid (11.7k-100k),19290.0,0.10907417091821366,0.49407327429919723,0.3015412171557214,False,False,False
"Harrison County, Mississippi",28047,T3 mid (11.7k-100k),90480.0,0.09513480509011712,0.43563867882693846,0.1174284108465929,False,False,False
"Hinds County, Mississippi",28049,T3 mid (11.7k-100k),96640.0,0.12329524253154198,0.7074339304591487,0.15123697213630263,False,False,False
"Holmes County, Mississippi",28051,T2 small (2.2k-11.7k),6560.0,0.04764618097951431,0.195438329812332,0.37698907340762067,False,False,False
"Humphreys County, Mississippi",28053,T2 small (2.2k-11.7k),3170.0,0.020205632543585157,0.19194479081507201,0.5623158285334025,False,False,False
"Issaquena County, Mississippi",28055,T1 thin (<2.2k returns),400.0,0.009955285581709272,0.09998835717571482,4.461659294612977,True,True,False
"Itawamba County, Mississippi",28057,T2 small (2.2k-11.7k),9650.0,0.03508579265777869,0.17644589912186154,0.07633459134451655,False,False,False
"Jackson County, Mississippi",28059,T3 mid (11.7k-100k),63680.0,0.07777287905042157,0.35698234638022097,0.03366334637495391,False,False,False
"Jasper County, Mississippi",28061,T2 small (2.2k-11.7k),6850.0,0.03784690088324924,0.16034156446672793,0.06734165805991502,False,False,False
"Jefferson County, Mississippi",28063,T2 small (2.2k-11.7k),2970.0,0.00921347144864921,0.09871128122484649,0.6834447923261716,False,False,False
"Jefferson Davis County, Mississippi",28065,T2 small (2.2k-11.7k),4630.0,0.028681720903254194,0.14334402072724362,0.09768188141614692,False,False,False
"Jones County, Mississippi",28067,T3 mid (11.7k-100k),26420.0,0.092285871391791,0.43251750394218347,0.14614109132751935,False,False,False
"Kemper County, Mississippi",28069,T2 small (2.2k-11.7k),3740.0,0.024846328589563708,0.17852861474891962,0.3129974596594778,False,False,False
"Lafayette County, Mississippi",28071,T3 mid (11.7k-100k),22350.0,0.17148128807658833,1.0635285627513988,0.3845817835930068,False,False,False
"Lamar County, Mississippi",28073,T3 mid (11.7k-100k),26270.0,0.10484872895246,0.4964589040670585,0.09255027783603349,False,False,False
"Lauderdale County, Mississippi",28075,T3 mid (11.7k-100k),29810.0,0.07323073556524849,0.47064071877447333,0.22631960194809014,False,False,False
"Lawrence County, Mississippi",28077,T2 small (2.2k-11.7k),4840.0,0.026394238312388338,0.14278937761975596,0.2403524715494172,False,False,False
"Leake County, Mississippi",28079,T2 small (2.2k-11.7k),8410.0,0.030224564028480033,0.17081439536581464,0.14242917878450137,False,False,False
"Lee County, Mississippi",28081,T3 mid (11.7k-100k),37410.0,0.07065542595424643,0.4591300176602827,0.4690964359270317,False,False,False
"Leflore County, Mississippi",28083,T2 small (2.2k-11.7k),11210.0,0.07292864375663742,0.5732264383573955,0.4021420279094175,False,False,False
"Lincoln County, Mississippi",28085,T3 mid (11.7k-100k),13900.0,0.05893440685047301,0.35349239856310916,0.5308268896585868,False,False,False
"Lowndes County, Mississippi",28087,T3 mid (11.7k-100k),24860.0,0.06347956029871613,0.4389277700515285,0.459906643808641,False,False,False
"Madison County, Mississippi",28089,T3 mid (11.7k-100k),51880.0,0.18242633876228595,1.0669249499106452,0.2991265370838717,False,False,False
"Marion County, Mississippi",28091,T2 small (2.2k-11.7k),9510.0,0.05183414768572004,0.27245801147754084,0.22730139018599185,False,False,False
"Marshall County, Mississippi",28093,T3 mid (11.7k-100k),15850.0,0.030847859090222637,0.1724315230891202,0.3349483708168052,False,False,False
"Monroe County, Mississippi",28095,T3 mid (11.7k-100k),14540.0,0.03771311893823379,0.23758222007130633,0.3106112134825737,False,False,False
"Montgomery County, Mississippi",28097,T2 small (2.2k-11.7k),4100.0,0.025168939424594344,0.1943016069827334,0.44851176999154235,False,False,False
"Neshoba County, Mississippi",28099,T3 mid (11.7k-100k),11950.0,0.03734297833972008,0.20842384119597676,0.26143717303336367,False,False,False
"Newton County, Mississippi",28101,T2 small (2.2k-11.7k),8870.0,0.04172534853399386,0.2163751736922058,0.11012744590752122,False,False,False
"Noxubee County, Mississippi",28103,T2 small (2.2k-11.7k),4430.0,0.050863153345732076,0.30655117936406906,0.23481070975696094,False,False,False
"Oktibbeha County, Mississippi",28105,T3 mid (11.7k-100k),18590.0,0.06876488377869008,0.471247543179217,0.4235376456755246,False,False,False
"Panola County, Mississippi",28107,T3 mid (11.7k-100k),14310.0,0.04680999701722162,0.27711809741515747,0.34098686539785433,False,False,False
"Pearl River County, Mississippi",28109,T3 mid (11.7k-100k),22860.0,0.04225963838328586,0.23378784286831938,0.24163344655090463,False,False,False
"Perry County, Mississippi",28111,T2 small (2.2k-11.7k),4560.0,0.013537284894837477,0.11219776122254568,0.58953080846219,False,False,False
"Pike County, Mississippi",28113,T3 mid (11.7k-100k),15920.0,0.04015060225021216,0.24075831168407164,0.14755898167508255,False,False,False
"Pontotoc County, Mississippi",28115,T3 mid (11.7k-100k),13240.0,0.04126884643412764,0.19474484128366454,0.13898636639504447,False,False,False
"Prentiss County, Mississippi",28117,T2 small (2.2k-11.7k),9740.0,0.02967580846954057,0.17211625283600945,0.26374222802271496,False,False,False
"Quitman County, Mississippi",28119,T2 small (2.2k-11.7k),2520.0,0.03088199434858069,0.133589508133282,0.24481291132909383,False,False,False
"Rankin County, Mississippi",28121,T3 mid (11.7k-100k),68370.0,0.06352134191066085,0.38441069640934844,0.4034719719919609,False,False,False
"Scott County, Mississippi",28123,T2 small (2.2k-11.7k),11110.0,0.03376146615831792,0.163711943049238,0.0051961012117102525,False,False,False
"Sharkey County, Mississippi",28125,T1 thin (<2.2k returns),1530.0,0.05689447213308755,0.34606398759420776,0.440107880426749,True,False,False
"Simpson County, Mississippi",28127,T2 small (2.2k-11.7k),10460.0,0.028665663406069727,0.21040965147198798,0.39956636473983653,False,False,False
"Smith County, Mississippi",28129,T2 small (2.2k-11.7k),5970.0,0.020108195165900584,0.14666065804016035,0.36848641746773086,False,False,False
"Stone County, Mississippi",28131,T2 small (2.2k-11.7k),7180.0,0.039969098154021304,0.19053303545483036,0.1655449712807765,False,False,False
"Sunflower County, Mississippi",28133,T2 small (2.2k-11.7k),9030.0,0.04973485782417817,0.3954328606079197,0.48122348391320463,False,False,False
"Tallahatchie County, Mississippi",28135,T2 small (2.2k-11.7k),4560.0,0.07475339668281802,0.41343204872588835,0.047635378763199246,False,False,False
"Tate County, Mississippi",28137,T3 mid (11.7k-100k),12230.0,0.07164631585235408,0.24966177432001074,0.5461239423018646,False,False,False
"Tippah County, Mississippi",28139,T2 small (2.2k-11.7k),8790.0,0.03915106813948149,0.2300700843087236,0.08193210204539321,False,False,False
"Tishomingo County, Mississippi",28141,T2 small (2.2k-11.7k),7470.0,0.04529973749182711,0.2093964229136298,0.07173772662649992,False,False,False
"Tunica County, Mississippi",28143,T2 small (2.2k-11.7k),4260.0,0.056558487337711204,0.3751302123618761,0.40428193926188294,False,False,False
"Union County, Mississippi",28145,T3 mid (11.7k-100k),11910.0,0.047967418950314686,0.2565149707390959,0.3234515953117555,False,False,False
"Walthall County, Mississippi",28147,T2 small (2.2k-11.7k),5490.0,0.03918130438318289,0.2695562738716971,0.3316729877023672,False,False,False
"Warren County, Mississippi",28149,T3 mid (11.7k-100k),19280.0,0.05987529535475824,0.36796784036668617,0.26729395225690633,False,False,False
"Washington County, Mississippi",28151,T3 mid (11.7k-100k),18140.0,0.08096780636924975,0.39840935739199534,0.21970439640709408,False,False,False
"Wayne County, Mississippi",28153,T2 small (2.2k-11.7k),8240.0,0.040720692854933495,0.24754709376360448,0.131146746745721,False,False,False
"Webster County, Mississippi",28155,T2 small (2.2k-11.7k),4100.0,0.02962838872168724,0.17624954869227732,0.2922795703467145,False,False,False
"Wilkinson County, Mississippi",28157,T2 small (2.2k-11.7k),3050.0,0.10565336518861931,0.3197160479511098,1.072815329374523,False,False,True
"Winston County, Mississippi",28159,T2 small (2.2k-11.7k),7310.0,0.044173983557966555,0.29707824411545936,0.3071565875739232,False,False,False
"Yalobusha County, Mississippi",28161,T2 small (2.2k-11.7k),5180.0,0.037463786110421324,0.20240838187294927,0.16426163053094558,False,False,False
"Yazoo County, Mississippi",28163,T2 small (2.2k-11.7k),9050.0,0.04350672445321524,0.414671439357836,0.5372055469302859,False,False,False
"Adair County, Missouri",29001,T2 small (2.2k-11.7k),9790.0,0.11543311880327013,0.581966486506188,0.12650239682866884,False,False,False
"Andrew County, Missouri",29003,T2 small (2.2k-11.7k),8650.0,0.05905181386889305,0.37890636306250447,0.380324972860531,False,False,False
"Atchison County, Missouri",29005,T2 small (2.2k-11.7k),2500.0,0.0804214260076431,0.4464998648526531,0.3037300325988763,False,False,False
"Audrain County, Missouri",29007,T2 small (2.2k-11.7k),10680.0,0.1027548337440014,0.5083951267574396,0.07187533660677532,False,False,False
"Barry County, Missouri",29009,T3 mid (11.7k-100k),15280.0,0.13242581921313784,0.7226984117831213,0.3494148512152485,False,False,False
"Barton County, Missouri",29011,T2 small (2.2k-11.7k),5230.0,0.0847659782204692,0.5357459655934882,0.19285792903546475,False,False,False
"Bates County, Missouri",29013,T2 small (2.2k-11.7k),7280.0,0.05865585420330115,0.4011668319004711,0.4013342546980951,False,False,False
"Benton County, Missouri",29015,T2 small (2.2k-11.7k),8990.0,0.08636497112466965,0.6057854750258904,0.4722977986049006,False,False,False
"Bollinger County, Missouri",29017,T2 small (2.2k-11.7k),4840.0,0.0517793034631612,0.3457573854846575,0.5178866783967891,False,False,False
"Boone County, Missouri",29019,T3 mid (11.7k-100k),82660.0,0.15640555456217684,0.8273287245844572,0.14712890475657053,False,False,False
"Buchanan County, Missouri",29021,T3 mid (11.7k-100k),38800.0,0.06285584270841295,0.4935824234005321,0.4908599274223068,False,False,False
"Butler County, Missouri",29023,T3 mid (11.7k-100k),17920.0,0.1087744830147434,0.5334594901896074,0.017537074015076665,False,False,False
"Caldwell County, Missouri",29025,T2 small (2.2k-11.7k),3990.0,0.05875306128470686,0.2975286545545815,0.21866812572533093,False,False,False
"Callaway County, Missouri",29027,T3 mid (11.7k-100k),20390.0,0.06786836528933174,0.37206452315431027,0.2654537400369196,False,False,False
"Camden County, Missouri",29029,T3 mid (11.7k-100k),21690.0,0.19949121629220976,1.0986744934120136,0.14688038220255015,False,False,False
"Cape Girardeau County, Missouri",29031,T3 mid (11.7k-100k),36380.0,0.1467590339774649,0.8020101671559857,0.44444349641988373,False,False,False
"Carroll County, Missouri",29033,T2 small (2.2k-11.7k),4030.0,0.12775401176919524,0.5045589163094862,0.27000276111223337,False,False,False
"Carter County, Missouri",29035,T2 small (2.2k-11.7k),2510.0,0.10116554878394789,0.3954186103016471,0.18899420585979718,False,False,False
"Cass County, Missouri",29037,T3 mid (11.7k-100k),53580.0,0.08166480414519389,0.4814917173538814,0.4021166412208467,False,False,False
"Cedar County, Missouri",29039,T2 small (2.2k-11.7k),5970.0,0.09327669685993513,0.5225317059930509,0.028564206048628225,False,False,False
"Chariton County, Missouri",29041,T2 small (2.2k-11.7k),3470.0,0.08651590853245371,0.6435250881429027,0.11176315918596831,False,False,False
"Christian County, Missouri",29043,T3 mid (11.7k-100k),42030.0,0.09451433029263406,0.5216922752509803,0.21948337797059841,False,False,False
"Clark County, Missouri",29045,T2 small (2.2k-11.7k),2870.0,0.06759420081174236,0.37534618024578315,0.29321094868930975,False,False,False
"Clay County, Missouri",29047,T4 large (>=100k),124300.0,0.07139972110217542,0.40284465434662914,0.4042637179452709,False,False,False
"Clinton County, Missouri",29049,T2 small (2.2k-11.7k),10040.0,0.06460972651821302,0.3063011134651655,0.22890905565489034,False,False,False
"Cole County, Missouri",29051,T3 mid (11.7k-100k),37770.0,0.09452987631482691,0.6124093254037578,0.3170180419175366,False,False,False
"Cooper County, Missouri",29053,T2 small (2.2k-11.7k),7980.0,0.07093369806069366,0.42282311192437005,0.2985961389252195,False,False,False
"Crawford County, Missouri",29055,T2 small (2.2k-11.7k),10510.0,0.09389533762677876,0.49817255632716967,0.3473992444902021,False,False,False
"Dade County, Missouri",29057,T2 small (2.2k-11.7k),3310.0,0.10099237511955006,0.6490887712189458,0.2771267473948089,False,False,False
"Dallas County, Missouri",29059,T2 small (2.2k-11.7k),7290.0,0.0900127938589477,0.46888654914853767,0.10258730220421923,False,False,False
"Daviess County, Missouri",29061,T2 small (2.2k-11.7k),3640.0,0.09563877424916277,0.455008352439053,0.1324010908095728,False,False,False
"DeKalb County, Missouri",29063,T2 small (2.2k-11.7k),4240.0,0.05776184803879861,0.32077787925812684,0.16943080370122035,False,False,False
"Dent County, Missouri",29065,T2 small (2.2k-11.7k),6190.0,0.07736744377965751,0.3965331166991546,0.23207793202536547,False,False,False
"Douglas County, Missouri",29067,T2 small (2.2k-11.7k),5490.0,0.09395243301708225,0.4351624510385924,0.01922051734608719,False,False,False
"Dunklin County, Missouri",29069,T2 small (2.2k-11.7k),10630.0,0.050321309704426845,0.38714690401456586,0.3208085459359261,False,False,False
"Franklin County, Missouri",29071,T3 mid (11.7k-100k),52140.0,0.0799153429499254,0.5446592239660466,0.48684338040965136,False,False,False
"Gasconade County, Missouri",29073,T2 small (2.2k-11.7k),7170.0,0.09807401854322158,0.5221327641568193,0.2942143474950121,False,False,False
"Gentry County, Missouri",29075,T2 small (2.2k-11.7k),2890.0,0.10037720033528919,0.539426901809061,0.1736436655524855,False,False,False
"Greene County, Missouri",29077,T4 large (>=100k),140690.0,0.17650043953179465,1.1333560118252757,0.3011047480940408,False,False,False
"Grundy County, Missouri",29079,T2 small (2.2k-11.7k),4040.0,0.08615072649604509,0.5183649568878395,0.5412677824601658,False,False,False
"Harrison County, Missouri",29081,T2 small (2.2k-11.7k),3580.0,0.10156359189378057,0.6480340888720943,0.2455130833424129,False,False,False
"Henry County, Missouri",29083,T2 small (2.2k-11.7k),10120.0,0.07898879096476019,0.4957556484639595,0.4706342607155194,False,False,False
"Hickory County, Missouri",29085,T2 small (2.2k-11.7k),3960.0,0.10511972799576275,0.5511495374483498,0.1556968252899494,False,False,False
"Holt County, Missouri",29087,T1 thin (<2.2k returns),2100.0,0.07158918579720755,0.4725766272698578,0.5155337577256331,True,False,False
"Howard County, Missouri",29089,T2 small (2.2k-11.7k),4340.0,0.0833869521939738,0.5047657115080987,0.47658132143572407,False,False,False
"Howell County, Missouri",29091,T3 mid (11.7k-100k),16840.0,0.10025005274166722,0.5842241011366058,0.22171524377302662,False,False,False
"Iron County, Missouri",29093,T2 small (2.2k-11.7k),3930.0,0.05017215937038859,0.26742498958577965,0.22302055498003837,False,False,False
"Jackson County, Missouri",29095,T4 large (>=100k),338250.0,0.08665312350596567,0.5885166207363404,0.39411828775015734,False,False,False
"Jasper County, Missouri",29097,T3 mid (11.7k-100k),54930.0,0.08037493750173606,0.5986919058660088,0.5726091791062284,False,False,False
"Jefferson County, Missouri",29099,T4 large (>=100k),112040.0,0.04238680017118758,0.26706866469803675,0.37866849057581614,False,False,False
"Johnson County, Missouri",29101,T3 mid (11.7k-100k),23670.0,0.05175451794023092,0.31062990717502287,0.2790118558804617,False,False,False
"Knox County, Missouri",29103,T1 thin (<2.2k returns),1740.0,0.11413454270597127,0.7028401533224995,0.24689241519330798,True,False,False
"Laclede County, Missouri",29105,T3 mid (11.7k-100k),15900.0,0.08153794492948288,0.4510478893086556,0.34320805892425776,False,False,False
"Lafayette County, Missouri",29107,T3 mid (11.7k-100k),15180.0,0.0633462456031495,0.40680888697526135,0.3569884272985269,False,False,False
"Lawrence County, Missouri",29109,T3 mid (11.7k-100k),16780.0,0.0778787745232881,0.432907802320414,0.19760248940222125,False,False,False
"Lewis County, Missouri",29111,T2 small (2.2k-11.7k),4080.0,0.05926943368467029,0.35102157332119116,0.29839582296152256,False,False,False
"Lincoln County, Missouri",29113,T3 mid (11.7k-100k),29780.0,0.0436690746579326,0.24945366378127884,0.260079102843744,False,False,False
"Linn County, Missouri",29115,T2 small (2.2k-11.7k),5500.0,0.09553931726469626,0.476872889497068,0.09895690425790901,False,False,False
"Livingston County, Missouri",29117,T2 small (2.2k-11.7k),6500.0,0.09093752958464192,0.5854978520215113,0.4702321480021766,False,False,False
"McDonald County, Missouri",29119,T2 small (2.2k-11.7k),9520.0,0.05914242063461184,0.2674151177363827,0.18459200938798723,False,False,False
"Macon County, Missouri",29121,T2 small (2.2k-11.7k),7090.0,0.12162798117571987,0.4938859532652904,0.2850939671284623,False,False,False
"Madison County, Missouri",29123,T2 small (2.2k-11.7k),5300.0,0.04844802185870346,0.3730356506967976,0.39135457550971964,False,False,False
"Maries County, Missouri",29125,T2 small (2.2k-11.7k),3860.0,0.07240902747960498,0.45141992948463044,0.3912894973582814,False,False,False
"Marion County, Missouri",29127,T3 mid (11.7k-100k),12730.0,0.08611184131066478,0.5136598376076196,0.22682811047337362,False,False,False
"Mercer County, Missouri",29129,T1 thin (<2.2k returns),1570.0,0.08606095313087206,0.445876360927167,0.26479441132103765,True,False,False
"Miller County, Missouri",29131,T2 small (2.2k-11.7k),11280.0,0.09899954921892147,0.5047795031178206,0.24726982526818114,False,False,False
"Mississippi County, Missouri",29133,T2 small (2.2k-11.7k),4810.0,0.06928599353164872,0.42716081319231536,0.2804271118832436,False,False,False
"Moniteau County, Missouri",29135,T2 small (2.2k-11.7k),7000.0,0.07351964901646678,0.4040661887207483,0.2300731450565761,False,False,False
"Monroe County, Missouri",29137,T2 small (2.2k-11.7k),3940.0,0.08872328458942633,0.5648668990931851,0.32072616219961114,False,False,False
"Montgomery County, Missouri",29139,T2 small (2.2k-11.7k),5430.0,0.10234930581093796,0.4821121560913827,0.025897308308663398,False,False,False
"Morgan County, Missouri",29141,T2 small (2.2k-11.7k),9420.0,0.14134111424686177,0.7105081994454131,0.034539254675284355,False,False,False
"New Madrid County, Missouri",29143,T2 small (2.2k-11.7k),6730.0,0.05248532132228746,0.2674084454236655,0.1290037689706056,False,False,False
"Newton County, Missouri",29145,T3 mid (11.7k-100k),26270.0,0.10102051361108334,0.5571017202159577,0.2605805637584338,False,False,False
"Nodaway County, Missouri",29147,T2 small (2.2k-11.7k),8820.0,0.07072802660688908,0.4977149817277686,0.42631129330981005,False,False,False
"Oregon County, Missouri",29149,T2 small (2.2k-11.7k),4020.0,0.12920503290808816,0.5701268961101489,0.11877113698883802,False,False,False
"Osage County, Missouri",29151,T2 small (2.2k-11.7k),6360.0,0.07357656201176518,0.45213783736657803,0.36634458415428867,False,False,False
"Ozark County, Missouri",29153,T2 small (2.2k-11.7k),3930.0,0.14786128553382571,0.6987871397894868,0.03130778987541584,False,False,False
"Pemiscot County, Missouri",29155,T2 small (2.2k-11.7k),5690.0,0.02874308991781577,0.1997878462708413,0.4227267897468394,False,False,False
"Perry County, Missouri",29157,T2 small (2.2k-11.7k),9170.0,0.06434831194849518,0.4287851878758162,0.4934792843652728,False,False,False
"Pettis County, Missouri",29159,T3 mid (11.7k-100k),19220.0,0.08700662518101679,0.4488003847619172,0.12772168324639574,False,False,False
"Phelps County, Missouri",29161,T3 mid (11.7k-100k),18720.0,0.06860480579659997,0.4488480848592383,0.41941307203761186,False,False,False
"Pike County, Missouri",29163,T2 small (2.2k-11.7k),7490.0,0.0719559886915388,0.5004692807375005,0.44010993850980856,False,False,False
"Platte County, Missouri",29165,T3 mid (11.7k-100k),53370.0,0.12350063097049929,0.6628767273331606,0.16326040752489682,False,False,False
"Polk County, Missouri",29167,T3 mid (11.7k-100k),13660.0,0.0960855282715976,0.5194367475443344,0.3751747603782204,False,False,False
"Pulaski County, Missouri",29169,T3 mid (11.7k-100k),18830.0,0.031588504400007045,0.16060575416015357,0.30673049628417953,False,False,False
"Putnam County, Missouri",29171,T1 thin (<2.2k returns),2050.0,0.16179139144951732,0.7484732316458954,0.2858262460646502,True,False,False
"Ralls County, Missouri",29173,T2 small (2.2k-11.7k),4860.0,0.06874868617074753,0.379944078165413,0.20771171932374324,False,False,False
"Randolph County, Missouri",29175,T2 small (2.2k-11.7k),10830.0,0.5789720168157337,1.091164910251966,5.003206238437013,False,False,True
"Ray County, Missouri",29177,T2 small (2.2k-11.7k),10700.0,0.06534233850679258,0.29307355558624637,0.24543128989493918,False,False,False
"Reynolds County, Missouri",29179,T2 small (2.2k-11.7k),2450.0,0.06843929850002266,0.2986152816439621,0.05340261596718604,False,False,False
"Ripley County, Missouri",29181,T2 small (2.2k-11.7k),4960.0,0.08164806323340458,0.37150765469299823,0.04246683189187481,False,False,False
"St. Charles County, Missouri",29183,T4 large (>=100k),206160.0,0.07155661679401241,0.43690237305963314,0.32404792342109784,False,False,False
"St. Clair County, Missouri",29185,T2 small (2.2k-11.7k),3960.0,0.08738584608654214,0.5019079664052482,0.26716863990113315,False,False,False
"Ste. Genevieve County, Missouri",29186,T2 small (2.2k-11.7k),8600.0,0.062039907129793605,0.4370174962327725,0.35183963524856665,False,False,False
"St. Francois County, Missouri",29187,T3 mid (11.7k-100k),27740.0,0.07461567203055224,0.4999946800626119,0.41660399479174726,False,False,False
"St. Louis County, Missouri",29189,T4 large (>=100k),492370.0,0.23146563620644722,1.6045891610096088,0.4450283305083018,False,False,False
"Saline County, Missouri",29195,T2 small (2.2k-11.7k),9770.0,0.052322837300249475,0.4606891395800293,0.5694012348128992,False,False,False
"Schuyler County, Missouri",29197,T1 thin (<2.2k returns),1760.0,0.1466212359069502,0.6014763301022708,0.4540876469514716,True,False,False
"Scotland County, Missouri",29199,T1 thin (<2.2k returns),2040.0,0.17558041331288027,0.9540699040429255,0.23704442616787658,True,False,False
"Scott County, Missouri",29201,T3 mid (11.7k-100k),17000.0,0.12384296477883125,0.5531665562977444,0.0529351187229766,False,False,False
"Shannon County, Missouri",29203,T2 small (2.2k-11.7k),3140.0,0.07976102219702585,0.32751212818289854,0.19046368669381283,False,False,False
"Shelby County, Missouri",29205,T2 small (2.2k-11.7k),2770.0,0.1179068443676762,0.5690119838671176,0.18604198650710688,False,False,False
"Stoddard County, Missouri",29207,T3 mid (11.7k-100k),12340.0,0.05358649875669138,0.5979400325415392,0.5632620693273963,False,False,False
"Stone County, Missouri",29209,T3 mid (11.7k-100k),15310.0,0.1843652765208738,0.8746669715175133,0.1263025442038801,False,False,False
"Sullivan County, Missouri",29211,T2 small (2.2k-11.7k),2670.0,0.09342154459723319,0.4923884813457793,0.4937907984732603,False,False,False
"Taney County, Missouri",29213,T3 mid (11.7k-100k),27160.0,0.14112630026702802,0.6525537623496959,0.11805227454534638,False,False,False
"Texas County, Missouri",29215,T2 small (2.2k-11.7k),9980.0,0.09192843827383768,0.4713338371373815,0.18387676342056042,False,False,False
"Vernon County, Missouri",29217,T2 small (2.2k-11.7k),8570.0,0.06569844687772025,0.41752281188951246,0.2287782981410243,False,False,False
"Warren County, Missouri",29219,T3 mid (11.7k-100k),18260.0,0.05922619245030213,0.402106264878613,0.44916558478250757,False,False,False
"Washington County, Missouri",29221,T2 small (2.2k-11.7k),9350.0,0.03275386064085035,0.19707337004101272,0.5033029349779752,False,False,False
"Wayne County, Missouri",29223,T2 small (2.2k-11.7k),4700.0,0.05708245243128964,0.2964610212144518,0.12525887147430487,False,False,False
"Webster County, Missouri",29225,T3 mid (11.7k-100k),17220.0,0.0632062841661633,0.38434273033754796,0.43387653289657074,False,False,False
"Worth County, Missouri",29227,T1 thin (<2.2k returns),870.0,0.07727670753064798,0.41373083797846144,0.29017981292363587,True,False,False
"Wright County, Missouri",29229,T2 small (2.2k-11.7k),7680.0,0.15905443333201566,0.5967776115461488,0.4376834442835486,False,False,False
"St. Louis City, Missouri",29510,T4 large (>=100k),133780.0,0.07313383920376734,0.5591183253353658,0.5099092741772051,False,False,False
"Beaverhead County, Montana",30001,T2 small (2.2k-11.7k),4730.0,0.20582007413899156,1.588667642838916,0.3524579215220534,False,False,False
"Big Horn County, Montana",30003,T2 small (2.2k-11.7k),4360.0,0.09580429310497489,0.41990903996847917,0.048364117595877054,False,False,False
"Blaine County, Montana",30005,T2 small (2.2k-11.7k),2650.0,0.11888211963854929,0.6955439130290539,0.16699913071092704,False,False,False
"Broadwater County, Montana",30007,T2 small (2.2k-11.7k),3540.0,0.2857241172201507,1.0263973253564902,0.3223466467744212,False,False,True
"Carbon County, Montana",30009,T2 small (2.2k-11.7k),5680.0,0.2777840483081661,1.3457697934368453,0.1934778446700509,False,False,False
"Carter County, Montana",30011,T1 thin (<2.2k returns),600.0,0.4883252818035427,3.2562805668765336,0.2159284207661428,True,False,False
"Cascade County, Montana",30013,T3 mid (11.7k-100k),41140.0,0.10536924818648832,0.6592356614424995,0.24494065965375328,False,False,False
"Chouteau County, Montana",30015,T2 small (2.2k-11.7k),2330.0,0.18740226676488453,1.352408195700341,0.2778163940371987,False,False,False
"Custer County, Montana",30017,T2 small (2.2k-11.7k),5530.0,0.14418655381527856,0.875878441571148,0.1536434952472112,False,False,False
"Daniels County, Montana",30019,T1 thin (<2.2k returns),890.0,0.23567958061628946,1.090220788956234,0.01334712906447246,True,False,False
"Dawson County, Montana",30021,T2 small (2.2k-11.7k),4060.0,0.07539997888267101,0.5143706011183076,0.6264291309618659,False,False,False
"Deer Lodge County, Montana",30023,T2 small (2.2k-11.7k),4460.0,0.10040919651836183,0.5038961849437475,0.1766251422955841,False,False,False
"Fallon County, Montana",30025,T1 thin (<2.2k returns),1350.0,0.10758394137528034,0.7435339699491169,0.37020828112294674,True,False,False
"Fergus County, Montana",30027,T2 small (2.2k-11.7k),5850.0,0.21472689895896546,1.3542233112001438,0.2922670847779578,False,False,False
"Flathead County, Montana",30029,T3 mid (11.7k-100k),57650.0,0.3056950103042898,1.6538618738365785,0.33559341790239366,False,False,True
"Gallatin County, Montana",30031,T3 mid (11.7k-100k),65460.0,0.3739929320692758,2.301588365515708,0.4017603432810765,False,False,True
"Garfield County, Montana",30033,T1 thin (<2.2k returns),550.0,0.7983043284248104,4.326965642540772,0.4583611985843971,True,False,False
"Glacier County, Montana",30035,T2 small (2.2k-11.7k),5220.0,0.06981251802711277,0.3114348906124902,0.04888078933637532,False,False,False
"Golden Valley County, Montana",30037,T1 thin (<2.2k returns),420.0,0.332256046705588,1.4673437773273554,0.37682462086352003,True,False,False
"Granite County, Montana",30039,T1 thin (<2.2k returns),1620.0,0.36026081329948734,1.9066568015652472,0.40932963574109216,True,False,False
"Hill County, Montana",30041,T2 small (2.2k-11.7k),7500.0,0.09155810069195897,0.533677148334837,0.18510142090603499,False,False,False
"Jefferson County, Montana",30043,T2 small (2.2k-11.7k),6520.0,0.1552923861211918,0.7969301831519799,0.4317915260478118,False,False,False
"Judith Basin County, Montana",30045,T1 thin (<2.2k returns),1030.0,0.48001342507132067,2.2529322883252054,0.05110791801983935,True,False,False
"Lake County, Montana",30047,T3 mid (11.7k-100k),14420.0,0.2881623421133493,1.3361492270437236,0.07108281993700928,False,False,True
"Lewis and Clark County, Montana",30049,T3 mid (11.7k-100k),37510.0,0.1273658099726455,0.8041375407392289,0.4259510688514179,False,False,False
"Liberty County, Montana",30051,T1 thin (<2.2k returns),860.0,0.17431115236929828,1.2297206733575348,0.4288803884292879,True,False,False
"Lincoln County, Montana",30053,T2 small (2.2k-11.7k),9770.0,0.14982011227953348,0.8088078672321839,0.39694536872596337,False,False,False
"McCone County, Montana",30055,T1 thin (<2.2k returns),850.0,0.23215465387156217,1.2847999999981536,0.1200709429143332,True,False,False
"Madison County, Montana",30057,T2 small (2.2k-11.7k),4650.0,0.4346751889250651,2.5491484760117635,0.3033039676858769,False,False,True
"Meagher County, Montana",30059,T1 thin (<2.2k returns),930.0,0.32972298805303923,1.8273690818730806,0.004240177641679007,True,False,False
"Mineral County, Montana",30061,T2 small (2.2k-11.7k),2330.0,0.07542010960959145,0.5355548084475042,0.5794997129252332,False,False,False
"Missoula County, Montana",30063,T3 mid (11.7k-100k),62380.0,0.22200011510475187,1.2662153245169612,0.42052869709112556,False,False,False
"Musselshell County, Montana",30065,T2 small (2.2k-11.7k),2240.0,0.2633760900359988,1.0794988911585885,0.20962589285402233,False,False,False
"Park County, Montana",30067,T2 small (2.2k-11.7k),9840.0,0.32766565100308426,1.699929769325659,0.24897027587174259,False,False,True
"Petroleum County, Montana",30069,T1 thin (<2.2k returns),210.0,0.27502238137869295,2.284834640439025,0.3061618094151756,True,True,False
"Phillips County, Montana",30071,T1 thin (<2.2k returns),1920.0,0.2396917467683129,1.532009372843567,0.10054256522749036,True,False,False
"Pondera County, Montana",30073,T2 small (2.2k-11.7k),3000.0,0.201036577012649,1.0494778427490576,0.08143403646271713,False,False,False
"Powder River County, Montana",30075,T1 thin (<2.2k returns),790.0,0.4614248800295312,2.453928458282988,0.08650058823421894,True,False,False
"Powell County, Montana",30077,T2 small (2.2k-11.7k),2900.0,0.3005564249695705,1.345113377218984,0.1924263792347686,False,False,True
"Prairie County, Montana",30079,T1 thin (<2.2k returns),560.0,0.3468201233981965,1.7408195932692787,0.05094608984096962,True,False,False
"Ravalli County, Montana",30081,T3 mid (11.7k-100k),23260.0,0.2565393605249983,1.6589689998049386,0.3612309350427406,False,False,False
"Richland County, Montana",30083,T2 small (2.2k-11.7k),5530.0,0.10799917490398436,0.557093481906224,0.19004313725095445,False,False,False
"Roosevelt County, Montana",30085,T2 small (2.2k-11.7k),3830.0,0.07079207920792079,0.43544160410240434,0.410187340542565,False,False,False
"Rosebud County, Montana",30087,T2 small (2.2k-11.7k),3700.0,0.07077959871343238,0.39788248637336643,0.31342057827064973,False,False,False
"Sanders County, Montana",30089,T2 small (2.2k-11.7k),5950.0,0.23989606915567152,1.2412767269752116,0.3365858074962414,False,False,False
"Sheridan County, Montana",30091,T1 thin (<2.2k returns),1730.0,0.14475495275359182,0.9181448412250433,0.2221162712341711,True,False,False
"Silver Bow County, Montana",30093,T3 mid (11.7k-100k),17520.0,0.09363320797248062,0.560811161835329,0.3404731307157031,False,False,False
"Stillwater County, Montana",30095,T2 small (2.2k-11.7k),4760.0,0.17653350446547944,0.9485257483710712,0.24052354656520633,False,False,False
"Sweet Grass County, Montana",30097,T1 thin (<2.2k returns),1860.0,0.32530151968534804,2.2872984510426533,0.3528200248215123,True,False,False
"Teton County, Montana",30099,T2 small (2.2k-11.7k),3130.0,0.2468867782300618,1.3308334699460933,0.28168273702708985,False,False,False
"Toole County, Montana",30101,T2 small (2.2k-11.7k),2380.0,0.08396441805047845,0.5956165324224016,0.3748369072595451,False,False,False
"Treasure County, Montana",30103,T1 thin (<2.2k returns),330.0,0.1608560579910252,1.0170214183824748,0.42445806564764577,True,False,False
"Valley County, Montana",30105,T2 small (2.2k-11.7k),3520.0,0.19122529644268774,1.1265201291432227,0.18594402228607268,False,False,False
"Wheatland County, Montana",30107,T1 thin (<2.2k returns),950.0,0.30895677972897123,1.6098120054354201,0.20421071952387748,True,False,False
"Wibaux County, Montana",30109,T1 thin (<2.2k returns),410.0,0.12867487776196077,0.9344547289656582,0.2644439946538108,True,False,False
"Yellowstone County, Montana",30111,T3 mid (11.7k-100k),83370.0,0.13350167871557395,0.8136720045315933,0.4247054012738061,False,False,False
"Adams County, Nebraska",31001,T3 mid (11.7k-100k),14430.0,0.10825971173805686,0.7190531864901067,0.322346907710526,False,False,False
"Antelope County, Nebraska",31003,T2 small (2.2k-11.7k),2980.0,0.17021618105480135,0.9645661550128246,0.36610756439446346,False,False,False
"Arthur County, Nebraska",31005,T1 thin (<2.2k returns),190.0,0.5907052588666939,2.139790783404505,1.1004664239425335,True,True,False
"Banner County, Nebraska",31007,T1 thin (<2.2k returns),280.0,0.1843062675706962,0.5886159139133827,1.4787362131296016,True,True,False
"Blaine County, Nebraska",31009,T1 thin (<2.2k returns),220.0,0.42719734660033165,1.9506692076221455,0.7298504148146674,True,False,False
"Boone County, Nebraska",31011,T2 small (2.2k-11.7k),2620.0,0.20255314768106245,0.9543055911095994,0.31854893006099244,False,False,False
"Box Butte County, Nebraska",31013,T2 small (2.2k-11.7k),5070.0,0.06977391175325037,0.4184003406308725,0.2516566994123517,False,False,False
"Boyd County, Nebraska",31015,T1 thin (<2.2k returns),870.0,0.254396530956396,1.2417250971217049,0.3106223867762203,True,False,False
"Brown County, Nebraska",31017,T1 thin (<2.2k returns),1470.0,0.15372248104503516,0.8858385386710461,0.22690481853247446,True,False,False
"Buffalo County, Nebraska",31019,T3 mid (11.7k-100k),23380.0,0.09416195240429427,0.711524746083834,0.5617871168183968,False,False,False
"Burt County, Nebraska",31021,T2 small (2.2k-11.7k),3090.0,0.0552454517444235,0.39088719695781854,0.3459768538802625,False,False,False
"Butler County, Nebraska",31023,T2 small (2.2k-11.7k),4010.0,0.08950138189527884,0.49899454515901837,0.1931348972211512,False,False,False
"Cass County, Nebraska",31025,T3 mid (11.7k-100k),13350.0,0.08470018379488946,0.5615123156710146,0.29121529741655533,False,False,False
"Cedar County, Nebraska",31027,T2 small (2.2k-11.7k),3970.0,0.15621841736653289,0.8253807574652416,0.17089702160298006,False,False,False
"Chase County, Nebraska",31029,T1 thin (<2.2k returns),1760.0,0.1763182139852857,0.9263615719389122,0.0033065747731893195,True,False,False
"Cherry County, Nebraska",31031,T2 small (2.2k-11.7k),2660.0,0.3901694183662458,2.192541152030315,0.04003594952321303,False,False,False
"Cheyenne County, Nebraska",31033,T2 small (2.2k-11.7k),4550.0,0.12099208786823965,0.620399116972125,0.26413763687989095,False,False,False
"Clay County, Nebraska",31035,T2 small (2.2k-11.7k),2870.0,0.11710716343232344,0.6049110945658875,0.1581714300613731,False,False,False
"Colfax County, Nebraska",31037,T2 small (2.2k-11.7k),5130.0,0.05167763102264464,0.31650315185192,0.28615094030631144,False,False,False
"Cuming County, Nebraska",31039,T2 small (2.2k-11.7k),4320.0,0.07086949783013019,0.6273975768029059,0.5640854732063831,False,False,False
"Custer County, Nebraska",31041,T2 small (2.2k-11.7k),5180.0,0.16364175762128744,1.0117288437907845,0.26966237454538244,False,False,False
"Dakota County, Nebraska",31043,T2 small (2.2k-11.7k),10440.0,0.03820936952986628,0.2973865823163226,0.22481299459614948,False,False,False
"Dawes County, Nebraska",31045,T2 small (2.2k-11.7k),3530.0,0.13221087496549822,0.6899342534706088,0.19163018968542095,False,False,False
"Dawson County, Nebraska",31047,T3 mid (11.7k-100k),11870.0,0.060061072741398484,0.4165981059312796,0.2900817250626564,False,False,False
"Deuel County, Nebraska",31049,T1 thin (<2.2k returns),840.0,0.12556375563755637,0.611644684575583,0.17426825525284684,True,False,False
"Dixon County, Nebraska",31051,T2 small (2.2k-11.7k),2630.0,0.04373519447769938,0.3394580536798857,0.41438375750451684,False,False,False
"Dodge County, Nebraska",31053,T3 mid (11.7k-100k),18030.0,0.07770487585230927,0.5253496766599783,0.437256750522239,False,False,False
"Douglas County, Nebraska",31055,T4 large (>=100k),281250.0,0.14815601381405574,1.1055078746845737,0.48212209739166223,False,False,False
"Dundy County, Nebraska",31057,T1 thin (<2.2k returns),790.0,0.12241399462344645,1.0780014160714793,0.5100769503008645,True,False,False
"Fillmore County, Nebraska",31059,T2 small (2.2k-11.7k),2810.0,0.1063186188185135,0.6453955884031373,0.3657157394091328,False,False,False
"Franklin County, Nebraska",31061,T1 thin (<2.2k returns),1360.0,0.13403120281831907,0.8474876309004783,0.12744699935435558,True,False,False
"Frontier County, Nebraska",31063,T1 thin (<2.2k returns),1160.0,0.14590763603109283,0.9197096574013978,0.2765791218279246,True,False,False
"Furnas County, Nebraska",31065,T2 small (2.2k-11.7k),2230.0,0.07735840340016631,0.5086358104201822,0.3473316584248623,False,False,False
"Gage County, Nebraska",31067,T2 small (2.2k-11.7k),10310.0,0.10187078003596511,0.5166911375610475,0.14178079413189676,False,False,False
"Garden County, Nebraska",31069,T1 thin (<2.2k returns),880.0,0.1819885900570497,1.012713305494692,0.27890724899417496,True,False,False
"Garfield County, Nebraska",31071,T1 thin (<2.2k returns),810.0,0.21963860484661718,1.0034439692142532,0.04928664037761445,True,False,False
"Gosper County, Nebraska",31073,T1 thin (<2.2k returns),930.0,0.1442290946184659,0.9454576612648147,0.37379847947936923,True,False,False
"Grant County, Nebraska",31075,T1 thin (<2.2k returns),290.0,0.23134328358208955,1.4326012298704565,0.07365524331304421,True,False,False
"Greeley County, Nebraska",31077,T1 thin (<2.2k returns),1090.0,0.12620345970203772,0.8876930827877507,0.33978545601920696,True,False,False
"Hall County, Nebraska",31079,T3 mid (11.7k-100k),30300.0,0.090451239594612,0.5289745833686029,0.2971067640030112,False,False,False
"Hamilton County, Nebraska",31081,T2 small (2.2k-11.7k),4600.0,0.10103658339527519,0.5531999328129976,0.23090509474603935,False,False,False
"Harlan County, Nebraska",31083,T1 thin (<2.2k returns),1450.0,0.11391003460207612,0.6608632723997281,0.2207991955049616,True,False,False
"Hayes County, Nebraska",31085,T1 thin (<2.2k returns),410.0,0.29220023282887075,1.461805692343114,0.03467623427928013,True,False,False
"Hitchcock County, Nebraska",31087,T1 thin (<2.2k returns),1200.0,0.09747050518103717,0.5350283654749812,0.22442603567545757,True,False,False
"Holt County, Nebraska",31089,T2 small (2.2k-11.7k),4890.0,0.19388314302225942,0.9672184236309302,0.19739497333365716,False,False,False
"Hooker County, Nebraska",31091,T1 thin (<2.2k returns),330.0,0.1828886145665179,0.997641909097488,0.16698414417165655,True,False,False
"Howard County, Nebraska",31093,T2 small (2.2k-11.7k),3110.0,0.10298207246611588,0.5889652692270797,0.3136753131510519,False,False,False
"Jefferson County, Nebraska",31095,T2 small (2.2k-11.7k),3380.0,0.11903347771291159,0.7473862832424857,0.2209405334721411,False,False,False
"Johnson County, Nebraska",31097,T1 thin (<2.2k returns),2000.0,0.06474745495002134,0.4530686827140136,0.21461524590640732,True,False,False
"Kearney County, Nebraska",31099,T2 small (2.2k-11.7k),3200.0,0.13488435338910618,0.7359626138628433,0.21045966007944708,False,False,False
"Keith County, Nebraska",31101,T2 small (2.2k-11.7k),3840.0,0.17580922371813235,0.9357553945192703,0.07459655337562315,False,False,False
"Keya Paha County, Nebraska",31103,T1 thin (<2.2k returns),380.0,0.30063416567578277,1.7750350710755611,0.034581878920054765,True,False,False
"Kimball County, Nebraska",31105,T1 thin (<2.2k returns),1620.0,0.1429318003658218,0.7202886617063446,0.15608804955729144,True,False,False
"Knox County, Nebraska",31107,T2 small (2.2k-11.7k),3810.0,0.12449900501695675,0.7775617972572885,0.18198696313128904,False,False,False
"Lancaster County, Nebraska",31109,T4 large (>=100k),153990.0,0.158336120225893,0.7799740280603846,0.259323700386996,False,False,False
"Lincoln County, Nebraska",31111,T3 mid (11.7k-100k),16300.0,0.07911264010826267,0.5279006450516481,0.44741382041495775,False,False,False
"Logan County, Nebraska",31113,T1 thin (<2.2k returns),320.0,0.1924094592359848,0.870500780125312,0.06201530007585182,True,False,False
"Loup County, Nebraska",31115,T1 thin (<2.2k returns),270.0,0.3063206726587417,1.2353778838883254,0.06689812722207056,True,False,False
"McPherson County, Nebraska",31117,T1 thin (<2.2k returns),210.0,0.5932964754664823,2.747878044922924,0.7854506661793498,True,True,False
"Madison County, Nebraska",31119,T3 mid (11.7k-100k),17020.0,0.08529731019941919,0.593212567388334,0.537822162468793,False,False,False
"Merrick County, Nebraska",31121,T2 small (2.2k-11.7k),3620.0,0.13235723852429077,0.745619633327479,0.23174285718670587,False,False,False
"Morrill County, Nebraska",31123,T1 thin (<2.2k returns),2160.0,0.20958580321011794,1.0046541854766067,0.04854757398947169,True,False,False
"Nance County, Nebraska",31125,T1 thin (<2.2k returns),1570.0,0.10803724231053052,0.5233478185112284,0.2006166838690764,True,False,False
"Nemaha County, Nebraska",31127,T2 small (2.2k-11.7k),2980.0,0.11008835809301874,0.44240468981206593,0.2619052005061954,False,False,False
"Nuckolls County, Nebraska",31129,T1 thin (<2.2k returns),2010.0,0.0984305519225739,0.7254562052671203,0.3938754673981799,True,False,False
"Otoe County, Nebraska",31131,T2 small (2.2k-11.7k),7810.0,0.07512819353834255,0.4370225843616245,0.23803259066900795,False,False,False
"Pawnee County, Nebraska",31133,T1 thin (<2.2k returns),1150.0,0.1086114696662364,0.7094964517098119,0.28473528753194066,True,False,False
"Perkins County, Nebraska",31135,T1 thin (<2.2k returns),1330.0,0.16025715278582184,0.9601313173257996,0.22583893550614217,True,False,False
"Phelps County, Nebraska",31137,T2 small (2.2k-11.7k),4390.0,0.12760603363244882,0.7810193503981054,0.34947219323337136,False,False,False
"Pierce County, Nebraska",31139,T2 small (2.2k-11.7k),3360.0,0.10598895132530692,0.580549516609473,0.13533866235083977,False,False,False
"Platte County, Nebraska",31141,T3 mid (11.7k-100k),17290.0,0.08707030713599122,0.5437564589794301,0.37799173928591634,False,False,False
"Polk County, Nebraska",31143,T2 small (2.2k-11.7k),2590.0,0.08842758207482333,0.5706093108606515,0.32580913328007416,False,False,False
"Red Willow County, Nebraska",31145,T2 small (2.2k-11.7k),4890.0,0.12866108786610878,0.7301664921585559,0.18274764675797833,False,False,False
"Richardson County, Nebraska",31147,T2 small (2.2k-11.7k),3590.0,0.10937863785145925,0.5505963846511666,0.037986501910426296,False,False,False
"Rock County, Nebraska",31149,T1 thin (<2.2k returns),670.0,0.39615646838247826,2.0771420437760204,0.043743959102828855,True,False,False
"Saline County, Nebraska",31151,T2 small (2.2k-11.7k),6630.0,0.04988626813463517,0.3252064006188791,0.4034292894992348,False,False,False
"Sarpy County, Nebraska",31153,T3 mid (11.7k-100k),96560.0,0.07214244279878253,0.39255840223821004,0.2309852486903781,False,False,False
"Saunders County, Nebraska",31155,T2 small (2.2k-11.7k),10960.0,0.09629511245423374,0.5855530484912749,0.38587746671748285,False,False,False
"Scotts Bluff County, Nebraska",31157,T3 mid (11.7k-100k),16310.0,0.1066730937579646,0.5585247074901164,0.06242715060262079,False,False,False
"Seward County, Nebraska",31159,T2 small (2.2k-11.7k),7900.0,0.10138736367767343,0.597634591915023,0.31950609418694864,False,False,False
"Sheridan County, Nebraska",31161,T2 small (2.2k-11.7k),2240.0,0.24440944471923567,1.3243256041633007,0.09170192591872181,False,False,False
"Sherman County, Nebraska",31163,T1 thin (<2.2k returns),1420.0,0.10333333333333333,0.651382939692456,0.44901780651015083,True,False,False
"Sioux County, Nebraska",31165,T1 thin (<2.2k returns),520.0,0.28171677065607864,1.429467274059784,0.33469092982961857,True,False,False
"Stanton County, Nebraska",31167,T2 small (2.2k-11.7k),2700.0,0.10663707224476679,0.538406474768737,0.014738377762088287,False,False,False
"Thayer County, Nebraska",31169,T2 small (2.2k-11.7k),2390.0,0.08153612034622804,0.5267496086202067,0.3605286722149891,False,False,False
"Thomas County, Nebraska",31171,T1 thin (<2.2k returns),330.0,0.2951818018986208,1.3857760554977523,0.2509563351837461,True,False,False
"Thurston County, Nebraska",31173,T2 small (2.2k-11.7k),2660.0,0.0727791203479942,0.38016759938068934,0.4367948897071648,False,False,False
"Valley County, Nebraska",31175,T1 thin (<2.2k returns),1960.0,0.0860705596107056,0.577753287133469,0.3875513321226315,True,False,False
"Washington County, Nebraska",31177,T2 small (2.2k-11.7k),10250.0,0.09904339516972678,0.8167325969001746,0.4097888429112718,False,False,False
"Wayne County, Nebraska",31179,T2 small (2.2k-11.7k),3770.0,0.10596461187214612,0.739688866725457,0.2720076085474384,False,False,False
"Webster County, Nebraska",31181,T1 thin (<2.2k returns),1580.0,0.1478529603122967,0.6737128330356132,0.13482810574953233,True,False,False
"Wheeler County, Nebraska",31183,T1 thin (<2.2k returns),380.0,0.1672033299301029,1.4852895729536217,0.4257121649163535,True,False,False
"York County, Nebraska",31185,T2 small (2.2k-11.7k),6640.0,0.10014970153647644,0.5748823839187572,0.25021493909145226,False,False,False
"Churchill County, Nevada",32001,T3 mid (11.7k-100k),11990.0,0.07558023636622525,0.44871514563732556,0.3620605224193435,False,False,False
"Clark County, Nevada",32003,T4 large (>=100k),1132500.0,0.2588699823556825,1.5249969547110969,0.36148611275405584,False,False,True
"Douglas County, Nevada",32005,T3 mid (11.7k-100k),27580.0,0.6155600984405153,3.635343280603654,0.34209593788323184,False,False,True
"Elko County, Nevada",32007,T3 mid (11.7k-100k),24020.0,0.051107520410299354,0.2629731295285277,0.17398776418149178,False,False,False
"Esmeralda County, Nevada",32009,T1 thin (<2.2k returns),390.0,0.019917266738164546,0.09806412155937683,0.33765601792792144,True,True,False
"Eureka County, Nevada",32011,T1 thin (<2.2k returns),820.0,0.03326262580674279,0.17405697138281678,0.44361780322862865,True,False,False
"Humboldt County, Nevada",32013,T2 small (2.2k-11.7k),7930.0,0.07431627055468848,0.36575839214902695,0.22787110020550852,False,False,False
"Lander County, Nevada",32015,T2 small (2.2k-11.7k),2390.0,0.04517634162280671,0.23957175696566302,0.1259365390944013,False,False,False
"Lincoln County, Nevada",32017,T1 thin (<2.2k returns),1790.0,0.040214256283477544,0.2746959161431299,0.42250673486113577,True,False,False
"Lyon County, Nevada",32019,T3 mid (11.7k-100k),31100.0,0.06052236952007136,0.4501861738799131,0.37348173318926114,False,False,False
"Mineral County, Nevada",32021,T1 thin (<2.2k returns),1970.0,0.01768760064412238,0.10030269575659037,0.31684696959584924,True,False,False
"Nye County, Nevada",32023,T3 mid (11.7k-100k),22010.0,0.10344996977025393,0.6388757025666826,0.41101235602685154,False,False,False
"Pershing County, Nevada",32027,T1 thin (<2.2k returns),2190.0,0.06248182793434997,0.3387577664536122,0.2249785900897337,True,False,False
"Storey County, Nevada",32029,T1 thin (<2.2k returns),2140.0,0.08565655761363976,0.5801594539707031,0.2643743059475584,True,False,False
"Washoe County, Nevada",32031,T4 large (>=100k),250860.0,0.3498808188874094,2.363081337014301,0.4441846502797834,False,False,True
"White Pine County, Nevada",32033,T2 small (2.2k-11.7k),4090.0,0.04982702264213967,0.2587561391692027,0.14821107952571927,False,False,False
"Carson City, Nevada",32510,T3 mid (11.7k-100k),29510.0,0.18320351652688407,1.1514541291700315,0.405871424236443,False,False,False
"Belknap County, New Hampshire",33001,T3 mid (11.7k-100k),35280.0,0.20772639631871656,1.241695832697038,0.3398539191924581,False,False,False
"Carroll County, New Hampshire",33003,T3 mid (11.7k-100k),28400.0,0.4012478635488337,2.16676572496345,0.2110554798083203,False,False,True
"Cheshire County, New Hampshire",33005,T3 mid (11.7k-100k),38940.0,0.16121443984189784,1.0474658245474993,0.48834671838498644,False,False,False
"Coos County, New Hampshire",33007,T3 mid (11.7k-100k),15430.0,0.13184074618055608,0.6869484093430855,0.081514181214402,False,False,False
"Grafton County, New Hampshire",33009,T3 mid (11.7k-100k),46460.0,0.23535918181815035,1.910488879172887,0.50778651545065,False,False,False
"Hillsborough County, New Hampshire",33011,T4 large (>=100k),224150.0,0.12885384232027897,0.7762058039502224,0.5038236270887272,False,False,False
"Merrimack County, New Hampshire",33013,T3 mid (11.7k-100k),79800.0,0.12067399466286276,0.8219752869599258,0.44480609220789435,False,False,False
"Rockingham County, New Hampshire",33015,T4 large (>=100k),174810.0,0.23696253091050706,1.150886524260176,0.14929999647861628,False,False,True
"Strafford County, New Hampshire",33017,T3 mid (11.7k-100k),66150.0,0.09374281549544343,0.5689266876803074,0.2869263670343459,False,False,False
"Sullivan County, New Hampshire",33019,T3 mid (11.7k-100k),22480.0,0.14800147407444075,1.1206431959869196,0.6469150639010183,False,False,False
"Atlantic County, New Jersey",34001,T4 large (>=100k),140230.0,0.06912444376292207,0.47603556271156594,0.49888764121431295,False,False,False
"Bergen County, New Jersey",34003,T4 large (>=100k),486970.0,0.15983464427407595,1.1091349399747905,0.4449181267218773,False,False,False
"Burlington County, New Jersey",34005,T4 large (>=100k),237040.0,0.07743941115802791,0.5156484032660235,0.44581159812956395,False,False,False
"Camden County, New Jersey",34007,T4 large (>=100k),257070.0,0.06401214834565466,0.4352748985844501,0.4622215905413034,False,False,False
"Cape May County, New Jersey",34009,T3 mid (11.7k-100k),51100.0,0.15780695442945314,1.0007779982889828,0.43450414196001913,False,False,False
"Cumberland County, New Jersey",34011,T3 mid (11.7k-100k),69220.0,0.050465720831567834,0.28982838290390944,0.22471907195991644,False,False,False
"Essex County, New Jersey",34013,T4 large (>=100k),395710.0,0.11750364957669589,0.8560668742644726,0.4846026095734963,False,False,False
"Gloucester County, New Jersey",34015,T4 large (>=100k),149690.0,0.05786261061077127,0.31593095996218373,0.2803210116713508,False,False,False
"Hudson County, New Jersey",34017,T4 large (>=100k),358320.0,0.04541738759713908,0.37420996213532487,0.5979488819064154,False,False,False
"Hunterdon County, New Jersey",34019,T3 mid (11.7k-100k),67280.0,0.15002978032448516,0.9229013133414534,0.4734948250022516,False,False,False
"Mercer County, New Jersey",34021,T4 large (>=100k),186040.0,0.13130609938800356,0.9565623943834097,0.44339655045300685,False,False,False
"Middlesex County, New Jersey",34023,T4 large (>=100k),429780.0,0.07355608816557214,0.5347792946587229,0.523015452181367,False,False,False
"Monmouth County, New Jersey",34025,T4 large (>=100k),332310.0,0.1453362596609858,0.9748865989786113,0.4001381572749794,False,False,False
"Morris County, New Jersey",34027,T4 large (>=100k),265880.0,0.15047803470419205,1.082424091641181,0.46025230071359186,False,False,False
"Ocean County, New Jersey",34029,T4 large (>=100k),307970.0,0.11984723410117669,0.6650678418512279,0.30582674062653675,False,False,False
"Passaic County, New Jersey",34031,T4 large (>=100k),265120.0,0.05567731467045715,0.394977820542645,0.4913862322426862,False,False,False
"Salem County, New Jersey",34033,T3 mid (11.7k-100k),31790.0,0.047420757362397765,0.3138946878078316,0.4389960637306372,False,False,False
"Somerset County, New Jersey",34035,T4 large (>=100k),180100.0,0.14601323041223868,0.9973427112329258,0.4110328697138438,False,False,False
"Sussex County, New Jersey",34037,T3 mid (11.7k-100k),75680.0,0.06496043977440046,0.45470496219723155,0.3764405721500456,False,False,False
"Union County, New Jersey",34039,T4 large (>=100k),294100.0,0.11924234279198571,0.7861694209372763,0.4293969530295905,False,False,False
"Warren County, New Jersey",34041,T3 mid (11.7k-100k),56900.0,0.05889203893314876,0.3599106913356215,0.42592131835926855,False,False,False
"Bernalillo County, New Mexico",35001,T4 large (>=100k),332110.0,0.10451211251102896,0.6358367632286256,0.3789086505663596,False,False,False
"Catron County, New Mexico",35003,T1 thin (<2.2k returns),1520.0,0.2048462198260017,1.13637244579443,0.2339495919940803,True,False,False
"Chaves County, New Mexico",35005,T3 mid (11.7k-100k),26680.0,0.09650925614141015,0.9044091513856541,0.5465461188398751,False,False,False
"Cibola County, New Mexico",35006,T2 small (2.2k-11.7k),10100.0,0.022892604832989272,0.1397156693397262,0.4265895585697351,False,False,False
"Colfax County, New Mexico",35007,T2 small (2.2k-11.7k),5720.0,0.15532496966644538,0.9490862597724601,0.1756515877380945,False,False,False
"Curry County, New Mexico",35009,T3 mid (11.7k-100k),21070.0,0.08629547036683068,0.46971588052284635,0.09353133272179492,False,False,False
"De Baca County, New Mexico",35011,T1 thin (<2.2k returns),810.0,0.13183520599250936,0.7582434794669329,0.2739260539709978,True,False,False
"Doña Ana County, New Mexico",35013,T4 large (>=100k),102660.0,0.06836844993776657,0.48201376020883274,0.457618415083393,False,False,False
"Eddy County, New Mexico",35015,T3 mid (11.7k-100k),25180.0,0.12424117718257742,1.5558378080968192,0.27032631071079877,False,False,False
"Grant County, New Mexico",35017,T3 mid (11.7k-100k),12690.0,0.11216194299152576,0.6602617165970426,0.2789255504359045,False,False,False
"Guadalupe County, New Mexico",35019,T1 thin (<2.2k returns),1840.0,0.022943165351795202,0.17204018599863025,0.4465197399675208,True,False,False
"Harding County, New Mexico",35021,T1 thin (<2.2k returns),300.0,0.08889399333869301,0.6834779330887186,0.36720092883828614,True,True,False
"Hidalgo County, New Mexico",35023,T1 thin (<2.2k returns),1740.0,0.02805771674238073,0.263419552870202,0.5586603904934426,True,False,False
"Lea County, New Mexico",35025,T3 mid (11.7k-100k),29450.0,0.04020540907925619,0.29441301397308606,0.37228571510751984,False,False,False
"Lincoln County, New Mexico",35027,T2 small (2.2k-11.7k),9570.0,0.20844513787943947,1.3644013945726101,0.41479579182004267,False,False,False
"Los Alamos County, New Mexico",35028,T2 small (2.2k-11.7k),9900.0,0.070716993159027,0.49900985818621163,0.4377247555374192,False,False,False
"Luna County, New Mexico",35029,T2 small (2.2k-11.7k),11380.0,0.06932485678445152,0.3405825631455322,0.15431677405270394,False,False,False
"McKinley County, New Mexico",35031,T3 mid (11.7k-100k),28630.0,0.019257147756011832,0.11666601192355723,0.3960022581265044,False,False,False
"Mora County, New Mexico",35033,T1 thin (<2.2k returns),2100.0,0.05840443310757323,0.4111284874581843,0.4256339127554899,True,False,False
"Otero County, New Mexico",35035,T3 mid (11.7k-100k),30010.0,0.07541737947065225,0.35654213684176506,0.00015093786140427822,False,False,False
"Quay County, New Mexico",35037,T2 small (2.2k-11.7k),3720.0,0.057420468846030026,0.5005105008843372,0.5276833053544364,False,False,False
"Rio Arriba County, New Mexico",35039,T3 mid (11.7k-100k),17620.0,0.039880541060039236,0.25000642341965384,0.4531223914700796,False,False,False
"Roosevelt County, New Mexico",35041,T2 small (2.2k-11.7k),7640.0,0.058228671594051,0.44940837722436144,0.5251717497097306,False,False,False
"Sandoval County, New Mexico",35043,T3 mid (11.7k-100k),74880.0,0.08513977533219827,0.5073572828602556,0.33804365488345606,False,False,False
"San Juan County, New Mexico",35045,T3 mid (11.7k-100k),52900.0,0.04431599846438316,0.27498003544037203,0.287392680375609,False,False,False
"San Miguel County, New Mexico",35047,T3 mid (11.7k-100k),12040.0,0.052393944225025045,0.33838077261548694,0.4090457967320537,False,False,False
"Santa Fe County, New Mexico",35049,T3 mid (11.7k-100k),83140.0,0.3075376782010084,2.330601329014922,0.4551582998368816,False,False,False
"Sierra County, New Mexico",35051,T2 small (2.2k-11.7k),5240.0,0.17523825659706044,0.7784649453884793,0.030854856801433937,False,False,False
"Socorro County, New Mexico",35053,T2 small (2.2k-11.7k),7020.0,0.06787925766356909,0.3633653773936047,0.2168683813374814,False,False,False
"Taos County, New Mexico",35055,T3 mid (11.7k-100k),16580.0,0.24894561982092323,1.360305255220673,0.2612677301904013,False,False,False
"Torrance County, New Mexico",35057,T2 small (2.2k-11.7k),6560.0,0.06898613602547522,0.4682870299669939,0.27132356692794013,False,False,False
"Union County, New Mexico",35059,T1 thin (<2.2k returns),1800.0,0.10950737370567933,0.7348640994620363,0.05163695222663315,True,False,False
"Valencia County, New Mexico",35061,T3 mid (11.7k-100k),35330.0,0.05318526425443532,0.2814015790479728,0.17499133402493425,False,False,False
"Albany County, New York",36001,T4 large (>=100k),154650.0,0.1994971288180485,1.442353624144492,0.46949610060225233,False,False,True
"Allegany County, New York",36003,T3 mid (11.7k-100k),18600.0,0.04798273353778063,0.39666266032306485,0.35819579486784253,False,False,False
"Bronx County, New York",36005,T4 large (>=100k),669960.0,0.02080343779208576,0.16646827172991624,0.5686314107149278,False,False,False
"Broome County, New York",36007,T3 mid (11.7k-100k),86480.0,0.07912303167640446,0.5287888949121031,0.3199177458235644,False,False,False
"Cattaraugus County, New York",36009,T3 mid (11.7k-100k),33590.0,0.0835536312134424,0.45457592402723995,0.10320173787544734,False,False,False
"Cayuga County, New York",36011,T3 mid (11.7k-100k),34900.0,0.06502420418701661,0.4791112485943403,0.6359028999789498,False,False,False
"Chautauqua County, New York",36013,T3 mid (11.7k-100k),55900.0,0.0622083409546517,0.41593837133785777,0.33942473344945706,False,False,False
"Chemung County, New York",36015,T3 mid (11.7k-100k),37720.0,0.0698922962991525,0.4053577282985663,0.26334134271191106,False,False,False
"Chenango County, New York",36017,T3 mid (11.7k-100k),21840.0,0.049015835134502715,0.31592128066223335,0.3521885001292135,False,False,False
"Clinton County, New York",36019,T3 mid (11.7k-100k),36610.0,0.05020881318335591,0.3497448204200434,0.3858314419418042,False,False,False
"Columbia County, New York",36021,T3 mid (11.7k-100k),30740.0,0.23674879474174415,1.6036604009553899,0.47745708497093875,False,False,False
"Cortland County, New York",36023,T3 mid (11.7k-100k),20310.0,0.06307472316379314,0.33649168030354465,0.18784099553996325,False,False,False
"Delaware County, New York",36025,T3 mid (11.7k-100k),20020.0,0.10134598610768378,0.6155145513438681,0.29754818644968273,False,False,False
"Dutchess County, New York",36027,T4 large (>=100k),148100.0,0.11748941117070845,0.7901827603298891,0.4466185499063036,False,False,False
"Erie County, New York",36029,T4 large (>=100k),452520.0,0.07348127802172735,0.5302998980274545,0.4790874208210827,False,False,False
"Essex County, New York",36031,T3 mid (11.7k-100k),18100.0,0.1304635537735898,0.7952192299891732,0.3221733788816874,False,False,False
"Franklin County, New York",36033,T3 mid (11.7k-100k),20190.0,0.05848022417602258,0.3833905651152295,0.28376857682817114,False,False,False
"Fulton County, New York",36035,T3 mid (11.7k-100k),24770.0,0.0479044119337911,0.2849714718159725,0.3740698348979259,False,False,False
"Genesee County, New York",36037,T3 mid (11.7k-100k),28040.0,0.06599971289208176,0.366361667433228,0.20533198050834706,False,False,False
"Greene County, New York",36039,T3 mid (11.7k-100k),23150.0,0.10955279546813976,0.5615242765917128,0.18716809947096816,False,False,False
"Hamilton County, New York",36041,T2 small (2.2k-11.7k),2630.0,0.11820678729773379,0.7694350632249207,0.3807438062652294,False,False,False
"Herkimer County, New York",36043,T3 mid (11.7k-100k),27860.0,0.05607016571912019,0.3804265017576286,0.25793623659413945,False,False,False
"Jefferson County, New York",36045,T3 mid (11.7k-100k),49790.0,0.04893726028534683,0.300852330282477,0.31178178591950156,False,False,False
"Kings County, New York",36047,T4 large (>=100k),1240660.0,0.0956776893517775,0.6171717374474822,0.4365606952630718,False,False,False
"Lewis County, New York",36049,T3 mid (11.7k-100k),11900.0,0.0710064716273172,0.3888033599289458,0.2572493327297718,False,False,False
"Livingston County, New York",36051,T3 mid (11.7k-100k),28050.0,0.0709202648731719,0.40839994913348354,0.2730607456612942,False,False,False
"Madison County, New York",36053,T3 mid (11.7k-100k),31520.0,0.07103963136621662,0.5646448753264891,0.44262626705448244,False,False,False
"Monroe County, New York",36055,T4 large (>=100k),366020.0,0.09953935232681944,0.6864414688454529,0.42923166603025226,False,False,False
"Montgomery County, New York",36057,T3 mid (11.7k-100k),22940.0,0.036808148910851504,0.2588430723853805,0.4330808520465122,False,False,False
"Nassau County, New York",36059,T4 large (>=100k),735120.0,0.19718193769080153,1.3624334828503595,0.40295180962607474,False,False,True
"New York County, New York",36061,T4 large (>=100k),855470.0,0.4693416018847721,3.4182140252536883,0.48593069354466956,False,False,True
"Niagara County, New York",36063,T4 large (>=100k),104700.0,0.045892703219200796,0.3144290697536761,0.3168063069326389,False,False,False
"Oneida County, New York",36065,T4 large (>=100k),105090.0,0.06275980419325929,0.4491134321221506,0.3012697520593682,False,False,False
"Onondaga County, New York",36067,T4 large (>=100k),224800.0,0.08692310402938451,0.6201207738528475,0.4575726650943453,False,False,False
"Ontario County, New York",36069,T3 mid (11.7k-100k),56100.0,0.10836612719532888,0.722960190728937,0.5007995878164939,False,False,False
"Orange County, New York",36071,T4 large (>=100k),190910.0,0.06356501623344521,0.4182201785070562,0.44103041134717164,False,False,False
"Orleans County, New York",36073,T3 mid (11.7k-100k),18650.0,0.034900788901194,0.2399403816929892,0.5019989251934145,False,False,False
"Oswego County, New York",36075,T3 mid (11.7k-100k),53300.0,0.04464216851134859,0.22047298046784033,0.09275933713574648,False,False,False
"Otsego County, New York",36077,T3 mid (11.7k-100k),26460.0,0.08082746980575735,0.5441362112740735,0.3336723370591084,False,False,False
"Putnam County, New York",36079,T3 mid (11.7k-100k),52040.0,0.08974795815157904,0.6656383505808294,0.4509515130368679,False,False,False
"Queens County, New York",36081,T4 large (>=100k),1187950.0,0.042293970556333424,0.3135990396399184,0.5017978704592196,False,False,False
"Rensselaer County, New York",36083,T3 mid (11.7k-100k),78620.0,0.05471606136195184,0.37710578225053193,0.4960029336175528,False,False,False
"Richmond County, New York",36085,T4 large (>=100k),234640.0,0.04975101154437726,0.3404040877767998,0.4350033686849721,False,False,False
"Rockland County, New York",36087,T4 large (>=100k),151780.0,0.16097592559947332,0.8889074054763337,0.2658300553217142,False,False,False
"St. Lawrence County, New York",36089,T3 mid (11.7k-100k),43110.0,0.05678404072993899,0.3035101480927855,0.09201712259687432,False,False,False
"Saratoga County, New York",36091,T4 large (>=100k),122780.0,0.176613099286802,1.436426804091231,0.5731372824706228,False,False,False
"Schenectady County, New York",36093,T3 mid (11.7k-100k),78450.0,0.05345046857101624,0.4148836856599418,0.4479372720205321,False,False,False
"Schoharie County, New York",36095,T3 mid (11.7k-100k),14220.0,0.08315911402418352,0.4063444812161688,0.0819962784107818,False,False,False
"Schuyler County, New York",36097,T2 small (2.2k-11.7k),8520.0,0.051889619612962554,0.3550888837468326,0.34299697139254476,False,False,False
"Seneca County, New York",36099,T3 mid (11.7k-100k),15140.0,0.10723045670002257,0.47356156848662073,0.1050084070984467,False,False,False
"Steuben County, New York",36101,T3 mid (11.7k-100k),43000.0,0.05861067264704954,0.4037524782400643,0.40459063688157143,False,False,False
"Suffolk County, New York",36103,T4 large (>=100k),819360.0,0.14182513308014866,0.8676654094381959,0.3901088370854748,False,False,False
"Sullivan County, New York",36105,T3 mid (11.7k-100k),35950.0,0.08276722233125883,0.5783292034542099,0.4000426972072236,False,False,False
"Tioga County, New York",36107,T3 mid (11.7k-100k),22970.0,0.0574966016729793,0.41630101094878225,0.45641800542271554,False,False,False
"Tompkins County, New York",36109,T3 mid (11.7k-100k),41050.0,0.11500815588139551,0.9375359681404756,0.5569867189397514,False,False,False
"Ulster County, New York",36111,T3 mid (11.7k-100k),89360.0,0.1618138275175808,0.889735330807134,0.248746877511741,False,False,False
"Warren County, New York",36113,T3 mid (11.7k-100k),34460.0,0.11652447155045295,0.7848543804987944,0.3214523193851079,False,False,False
"Washington County, New York",36115,T3 mid (11.7k-100k),28530.0,0.05924094628282975,0.3777751911350301,0.4287530606518295,False,False,False
"Wayne County, New York",36117,T3 mid (11.7k-100k),44680.0,0.04352086256883733,0.3031723573506528,0.462383018063403,False,False,False
"Westchester County, New York",36119,T4 large (>=100k),503090.0,0.28029356537677064,1.8524531088659966,0.4087284486234792,False,False,True
"Wyoming County, New York",36121,T3 mid (11.7k-100k),18210.0,0.06856343110431339,0.44894257138849614,0.1734638733990884,False,False,False
"Yates County, New York",36123,T2 small (2.2k-11.7k),10880.0,0.1486337984912759,0.8288379461186806,0.10752489276098003,False,False,False
"Alamance County, North Carolina",37001,T3 mid (11.7k-100k),80780.0,0.10482538742202213,0.5677442521034682,0.4142840051178275,False,False,False
"Alexander County, North Carolina",37003,T3 mid (11.7k-100k),16000.0,0.05945282258178199,0.3100399299760577,0.18395471886455822,False,False,False
"Alleghany County, North Carolina",37005,T2 small (2.2k-11.7k),4960.0,0.1787276520334687,1.4213989721264457,0.19782687232717264,False,False,False
"Anson County, North Carolina",37007,T2 small (2.2k-11.7k),9700.0,0.05126960064427495,0.243630945095416,0.0593947394974651,False,False,False
"Ashe County, North Carolina",37009,T3 mid (11.7k-100k),11920.0,0.2104829673542817,1.1686121825982554,0.116484672108652,False,False,False
"Avery County, North Carolina",37011,T2 small (2.2k-11.7k),7780.0,0.23665847803416828,1.2533640239009554,0.10425827585724673,False,False,False
"Beaufort County, North Carolina",37013,T3 mid (11.7k-100k),21070.0,0.11612728629175789,0.6057212289551827,0.09729287000193945,False,False,False
"Bertie County, North Carolina",37015,T2 small (2.2k-11.7k),7460.0,0.05359009693974529,0.28444201578534917,0.24840355689347607,False,False,False
"Bladen County, North Carolina",37017,T3 mid (11.7k-100k),13010.0,0.09760922722785863,0.3998841292907872,0.37451041602132334,False,False,False
"Brunswick County, North Carolina",37019,T3 mid (11.7k-100k),81140.0,0.17662007020907308,1.065494903430556,0.2161643678841893,False,False,False
"Buncombe County, North Carolina",37021,T4 large (>=100k),135580.0,0.23082533569029573,1.346182064495777,0.3519229372788076,False,False,False
"Burke County, North Carolina",37023,T3 mid (11.7k-100k),39030.0,0.07455839007650786,0.44275901829855197,0.301383834582158,False,False,False
"Cabarrus County, North Carolina",37025,T4 large (>=100k),106930.0,0.061559806248721524,0.4037286943320801,0.3626349622713094,False,False,False
"Caldwell County, North Carolina",37027,T3 mid (11.7k-100k),35470.0,0.06896501329903838,0.3900931856645026,0.26917321945920486,False,False,False
"Camden County, North Carolina",37029,T2 small (2.2k-11.7k),5120.0,0.03600704375589842,0.2023569041919079,0.19502216913316267,False,False,False
"Carteret County, North Carolina",37031,T3 mid (11.7k-100k),34770.0,0.25176874231489405,1.269476061819173,0.20266447654155165,False,False,False
"Caswell County, North Carolina",37033,T2 small (2.2k-11.7k),9490.0,0.06172001708331259,0.3134575615301114,0.1622624768712837,False,False,False
"Catawba County, North Carolina",37035,T3 mid (11.7k-100k),77420.0,0.10983306469828895,0.6714854135803833,0.3086150505253026,False,False,False
"Chatham County, North Carolina",37037,T3 mid (11.7k-100k),39000.0,0.21542487627695153,1.3305102802449404,0.37052598826708394,False,False,False
"Cherokee County, North Carolina",37039,T3 mid (11.7k-100k),12940.0,0.0980999384821878,0.48786344575828827,0.16392073832803672,False,False,False
"Chowan County, North Carolina",37041,T2 small (2.2k-11.7k),6490.0,0.08224652238595272,0.5395138592147486,0.3948207620713193,False,False,False
"Clay County, North Carolina",37043,T2 small (2.2k-11.7k),5280.0,0.14155801410005947,0.8593568805044833,0.5184456596240066,False,False,False
"Cleveland County, North Carolina",37045,T3 mid (11.7k-100k),43920.0,0.07562247794337654,0.36591592064213946,0.040276245445606214,False,False,False
"Columbus County, North Carolina",37047,T3 mid (11.7k-100k),21400.0,0.06612998267113654,0.3778689546916024,0.26003534122739125,False,False,False
"Craven County, North Carolina",37049,T3 mid (11.7k-100k),48760.0,0.08386404007288055,0.5641261673599332,0.43208280820599504,False,False,False
"Cumberland County, North Carolina",37051,T4 large (>=100k),145560.0,0.08318234857535214,0.3641879287180883,0.138564058793562,False,False,False
"Currituck County, North Carolina",37053,T3 mid (11.7k-100k),14540.0,0.061762937728570715,0.34272741101142973,0.32869388121079546,False,False,False
"Dare County, North Carolina",37055,T3 mid (11.7k-100k),21610.0,0.21620786883900445,1.2387101637641416,0.3925681759734382,False,False,False
"Davidson County, North Carolina",37057,T3 mid (11.7k-100k),79710.0,0.07072172460570436,0.4140976764419266,0.2653229964055107,False,False,False
"Davie County, North Carolina",37059,T3 mid (11.7k-100k),20840.0,0.1083970241185531,0.6869958619310562,0.446426058348975,False,False,False
"Duplin County, North Carolina",37061,T3 mid (11.7k-100k),22430.0,0.06837917848772665,0.3696932272552912,0.1725271609342538,False,False,False
"Durham County, North Carolina",37063,T4 large (>=100k),157120.0,0.12199616965388822,0.7404648000767619,0.32819304372195385,False,False,False
"Edgecombe County, North Carolina",37065,T3 mid (11.7k-100k),21590.0,0.04620751344147154,0.3514271808518969,0.5037421910300417,False,False,False
"Forsyth County, North Carolina",37067,T4 large (>=100k),179730.0,0.11519391820584793,0.7980445711656955,0.41743021516027773,False,False,False
"Franklin County, North Carolina",37069,T3 mid (11.7k-100k),33760.0,0.0554602554095271,0.28898459358419304,0.1756654523417097,False,False,False
"Gaston County, North Carolina",37071,T4 large (>=100k),106470.0,0.06388532102246901,0.41740758957702295,0.40307058098980286,False,False,False
"Gates County, North Carolina",37073,T2 small (2.2k-11.7k),4640.0,0.029850597460605487,0.17430147989130984,0.34501732528468537,False,False,False
"Graham County, North Carolina",37075,T2 small (2.2k-11.7k),3360.0,0.055352589558165785,0.2895527050020873,0.2611216218276832,False,False,False
"Granville County, North Carolina",37077,T3 mid (11.7k-100k),27370.0,0.056105130266791335,0.3445795640938122,0.3593531504954992,False,False,False
"Greene County, North Carolina",37079,T2 small (2.2k-11.7k),8050.0,0.06717757451336565,0.2541771991658847,0.4850636007209179,False,False,False
"Guilford County, North Carolina",37081,T4 large (>=100k),250570.0,0.15452430352233915,0.8851279285806525,0.3023370934316478,False,False,False
"Halifax County, North Carolina",37083,T3 mid (11.7k-100k),20430.0,0.0714057723369187,0.35741748254759453,0.06966854252813531,False,False,False
"Harnett County, North Carolina",37085,T3 mid (11.7k-100k),59230.0,0.06031688145421022,0.31001473328818546,0.3248665545125434,False,False,False
"Haywood County, North Carolina",37087,T3 mid (11.7k-100k),29960.0,0.10134354956597436,0.6526028572732617,0.3601424301741747,False,False,False
"Henderson County, North Carolina",37089,T3 mid (11.7k-100k),57880.0,0.15187285361875416,0.9668368371182243,0.3558243348200549,False,False,False
"Hertford County, North Carolina",37091,T2 small (2.2k-11.7k),8070.0,0.03835807941271955,0.23897803539261314,0.46313611939860344,False,False,False
"Hoke County, North Carolina",37093,T3 mid (11.7k-100k),22690.0,0.022999460381098156,0.11086786539000877,0.28417202016068255,False,False,False
"Hyde County, North Carolina",37095,T1 thin (<2.2k returns),2170.0,0.11835440915037064,0.778329334093066,0.4131637175797031,True,False,False
"Iredell County, North Carolina",37097,T3 mid (11.7k-100k),92990.0,0.11654944213671399,0.7065782814313508,0.3530496482411456,False,False,False
"Jackson County, North Carolina",37099,T3 mid (11.7k-100k),17450.0,0.18604182496450894,0.955936313611852,0.1609980316214339,False,False,False
"Johnston County, North Carolina",37101,T4 large (>=100k),106570.0,0.05025884723842772,0.32394683116218337,0.29852556445593637,False,False,False
"Jones County, North Carolina",37103,T2 small (2.2k-11.7k),4290.0,0.04422328448658674,0.26831866399729515,0.4541326747655571,False,False,False
"Lee County, North Carolina",37105,T3 mid (11.7k-100k),29440.0,0.15997287829133236,0.7487431891377522,0.23038997098989344,False,False,False
"Lenoir County, North Carolina",37107,T3 mid (11.7k-100k),24080.0,0.07347560390482029,0.40084039681808736,0.19897192594384533,False,False,False
"Lincoln County, North Carolina",37109,T3 mid (11.7k-100k),43770.0,0.11512005137908837,0.5844691939230655,0.12056976723615051,False,False,False
"McDowell County, North Carolina",37111,T3 mid (11.7k-100k),19900.0,0.0728402777950701,0.3606177222849615,0.19844746196744814,False,False,False
"Macon County, North Carolina",37113,T3 mid (11.7k-100k),17410.0,0.24535326540838484,1.573024811274043,0.6556518638287612,False,False,False
"Madison County, North Carolina",37115,T2 small (2.2k-11.7k),9820.0,0.09059262179551597,0.5332488769329851,0.3801423599381876,False,False,False
"Martin County, North Carolina",37117,T2 small (2.2k-11.7k),9770.0,0.04429027278591835,0.2695580139609414,0.2595456079687255,False,False,False
"Mecklenburg County, North Carolina",37119,T4 large (>=100k),556260.0,0.1388167729877302,1.0028946791437556,0.4539276981977839,False,False,False
"Mitchell County, North Carolina",37121,T2 small (2.2k-11.7k),6400.0,0.0749361062083977,0.47137428656550984,0.397453800374802,False,False,False
"Montgomery County, North Carolina",37123,T3 mid (11.7k-100k),11700.0,0.12743242325861856,0.6027289177549559,0.0652432397946435,False,False,False
"Moore County, North Carolina",37125,T3 mid (11.7k-100k),49810.0,0.20838788697892469,1.2363568655026935,0.32442459413299346,False,False,False
"Nash County, North Carolina",37127,T3 mid (11.7k-100k),45090.0,0.08433839771494273,0.47074541973464673,0.2604513809306979,False,False,False
"New Hanover County, North Carolina",37129,T4 large (>=100k),116750.0,0.24914524664275373,1.389395149288045,0.09739464372028794,False,False,True
"Northampton County, North Carolina",37131,T2 small (2.2k-11.7k),7420.0,0.07379294892708756,0.3988033852840194,0.09399374307872116,False,False,False
"Onslow County, North Carolina",37133,T3 mid (11.7k-100k),85940.0,0.05690409401816441,0.268989491308684,0.18965810113573736,False,False,False
"Orange County, North Carolina",37135,T3 mid (11.7k-100k),64650.0,0.21950394440715132,1.6384512558221083,0.46684719062739366,False,False,False
"Pamlico County, North Carolina",37137,T2 small (2.2k-11.7k),5980.0,0.11522749229424484,0.8895216940634262,0.5245357117117768,False,False,False
"Pasquotank County, North Carolina",37139,T3 mid (11.7k-100k),18500.0,0.060883951530947424,0.33807812803745574,0.3555913200068756,False,False,False
"Pender County, North Carolina",37141,T3 mid (11.7k-100k),30770.0,0.13444202508570144,0.6455291804239977,0.15183179060986748,False,False,False
"Perquimans County, North Carolina",37143,T2 small (2.2k-11.7k),6140.0,0.08427078423129027,0.46645676992826957,0.3161297057457022,False,False,False
"Person County, North Carolina",37145,T3 mid (11.7k-100k),18200.0,0.06288268112234179,0.3296968643060373,0.39433406447781133,False,False,False
"Pitt County, North Carolina",37147,T3 mid (11.7k-100k),76390.0,0.11955286949233568,0.5553878877904037,0.010619872029929714,False,False,False
"Polk County, North Carolina",37149,T2 small (2.2k-11.7k),9640.0,0.25476960107388347,1.5074810842397184,0.3069041219769778,False,False,False
"Randolph County, North Carolina",37151,T3 mid (11.7k-100k),65940.0,0.07428347309770374,0.42040644930990273,0.4863252433998751,False,False,False
"Richmond County, North Carolina",37153,T3 mid (11.7k-100k),17990.0,0.050992443492469945,0.26824492482895035,0.2431136558005321,False,False,False
"Robeson County, North Carolina",37155,T3 mid (11.7k-100k),49830.0,0.038393915969547734,0.20669111984151556,0.2564311056988895,False,False,False
"Rockingham County, North Carolina",37157,T3 mid (11.7k-100k),41160.0,0.062453838275759344,0.3789421811431882,0.2484064405545529,False,False,False
"Rowan County, North Carolina",37159,T3 mid (11.7k-100k),67230.0,0.07323921693586392,0.43990708118866717,0.3962971077903305,False,False,False
"Rutherford County, North Carolina",37161,T3 mid (11.7k-100k),27750.0,0.07292104296065079,0.405585822358114,0.23754566049511447,False,False,False
"Sampson County, North Carolina",37163,T3 mid (11.7k-100k),27440.0,0.07117164351992977,0.4131467279824606,0.253983271648819,False,False,False
"Scotland County, North Carolina",37165,T3 mid (11.7k-100k),13840.0,0.04984837195517737,0.41275062269226587,0.4931883154347587,False,False,False
"Stanly County, North Carolina",37167,T3 mid (11.7k-100k),28980.0,0.07458328897959483,0.443604919469366,0.29384656003826676,False,False,False
"Stokes County, North Carolina",37169,T3 mid (11.7k-100k),20470.0,0.046313640730067246,0.3135030692362718,0.44968191754327974,False,False,False
"Surry County, North Carolina",37171,T3 mid (11.7k-100k),31410.0,0.09573978885710799,0.5448170862488876,0.1592815576424943,False,False,False
"Swain County, North Carolina",37173,T2 small (2.2k-11.7k),8190.0,0.07512197455275997,0.32695488961102515,0.012664841327094807,False,False,False
"Transylvania County, North Carolina",37175,T3 mid (11.7k-100k),15530.0,0.2560017052100509,1.792621677465231,0.39648151940536075,False,False,False
"Tyrrell County, North Carolina",37177,T1 thin (<2.2k returns),1750.0,0.049493449116392446,0.22053681630974395,0.07412356791897377,True,False,False
"Union County, North Carolina",37179,T4 large (>=100k),113910.0,0.10685432423544887,0.6593450397758593,0.5055610170451488,False,False,False
"Vance County, North Carolina",37181,T3 mid (11.7k-100k),19000.0,0.07368853845993997,0.3672343277251779,0.2432170689562173,False,False,False
"Wake County, North Carolina",37183,T4 large (>=100k),557740.0,0.13617760254651678,0.8685493806623524,0.3648985644206586,False,False,False
"Warren County, North Carolina",37185,T2 small (2.2k-11.7k),8010.0,0.06797036258466475,0.39265073212962603,0.2915001715112715,False,False,False
"Washington County, North Carolina",37187,T2 small (2.2k-11.7k),4910.0,0.048474788927516534,0.2851070341993256,0.28931605289703616,False,False,False
"Watauga County, North Carolina",37189,T3 mid (11.7k-100k),20480.0,0.2235753863849987,1.2959246388545167,0.313301215393577,False,False,False
"Wayne County, North Carolina",37191,T3 mid (11.7k-100k),53090.0,0.06088845904532707,0.39533407994239744,0.39898973823209816,False,False,False
"Wilkes County, North Carolina",37193,T3 mid (11.7k-100k),28070.0,0.1113665356164801,0.7496303410066434,0.36654960706609846,False,False,False
"Wilson County, North Carolina",37195,T3 mid (11.7k-100k),36350.0,0.0860892022981875,0.43080279208791794,0.05103309142554615,False,False,False
"Yadkin County, North Carolina",37197,T3 mid (11.7k-100k),17190.0,0.08193088313012094,0.37274542666852567,0.1355014638883047,False,False,False
"Yancey County, North Carolina",37199,T2 small (2.2k-11.7k),8110.0,0.1463799394156416,0.6605163077995595,0.020692788500879966,False,False,False
"Adams County, North Dakota",38001,T1 thin (<2.2k returns),1000.0,0.16793294446350668,0.7787139811080808,0.14860933672613333,True,False,False
"Barnes County, North Dakota",38003,T2 small (2.2k-11.7k),5010.0,0.10366350067842606,0.6395867858893117,0.23443859848936893,False,False,False
"Benson County, North Dakota",38005,T2 small (2.2k-11.7k),2260.0,0.0931484502446982,0.4921161780195373,0.210310930073184,False,False,False
"Billings County, North Dakota",38007,T1 thin (<2.2k returns),520.0,0.1761813484457038,1.2958756159471072,0.33381427618968257,True,False,False
"Bottineau County, North Dakota",38009,T2 small (2.2k-11.7k),3010.0,0.15679907219483907,0.8334143092602616,0.12329760294471036,False,False,False
"Bowman County, North Dakota",38011,T1 thin (<2.2k returns),1490.0,0.1376318150397835,1.0135689132592418,0.508960313098861,True,False,False
"Burke County, North Dakota",38013,T1 thin (<2.2k returns),1030.0,0.10089577757954207,0.5270177026702231,0.24881264800306457,True,False,False
"Burleigh County, North Dakota",38015,T3 mid (11.7k-100k),47680.0,0.10400267950153473,0.6589661720758893,0.4475303541267264,False,False,False
"Cass County, North Dakota",38017,T3 mid (11.7k-100k),94370.0,0.12765569414181258,1.2162746024181033,0.7190813913645591,False,False,False
"Cavalier County, North Dakota",38019,T1 thin (<2.2k returns),1760.0,0.1686489874494471,0.9897005718607789,0.2902071545772872,True,False,False
"Dickey County, North Dakota",38021,T2 small (2.2k-11.7k),2330.0,0.15590705866413765,0.7790212936906564,0.08324803541299616,False,False,False
"Divide County, North Dakota",38023,T1 thin (<2.2k returns),1050.0,0.11348978860623432,0.6026079679100105,0.330784039799566,True,False,False
"Dunn County, North Dakota",38025,T1 thin (<2.2k returns),1950.0,0.38822942252928455,1.6530279526381761,0.21213287951788376,True,False,True
"Eddy County, North Dakota",38027,T1 thin (<2.2k returns),1050.0,0.14458045962385158,0.7708288895669912,0.22835298265026058,True,False,False
"Emmons County, North Dakota",38029,T1 thin (<2.2k returns),1520.0,0.1750022758306782,0.9889077872148849,0.19678285693977515,True,False,False
"Foster County, North Dakota",38031,T1 thin (<2.2k returns),1600.0,0.09544198517140434,0.5840133628420932,0.24292735990324152,True,False,False
"Golden Valley County, North Dakota",38033,T1 thin (<2.2k returns),780.0,0.19762920220772703,1.4698048896562468,0.3355494507447158,True,False,False
"Grand Forks County, North Dakota",38035,T3 mid (11.7k-100k),32930.0,0.07789451283027744,0.5967828308478598,0.4962121057139187,False,False,False
"Grant County, North Dakota",38037,T1 thin (<2.2k returns),1040.0,0.2344970142397795,1.4084225499711127,0.19982061491639225,True,False,False
"Griggs County, North Dakota",38039,T1 thin (<2.2k returns),1070.0,0.19739036074425007,0.7822232032017993,0.3373017631910122,True,False,False
"Hettinger County, North Dakota",38041,T1 thin (<2.2k returns),1110.0,0.1701704817546212,0.9332221851496287,0.24304933626426303,True,False,False
"Kidder County, North Dakota",38043,T1 thin (<2.2k returns),1110.0,0.2383691593500858,1.7125055436459626,0.4629982991200981,True,False,False
"LaMoure County, North Dakota",38045,T1 thin (<2.2k returns),1910.0,0.14906544678940278,0.9651101486473754,0.2618423120662099,True,False,False
"Logan County, North Dakota",38047,T1 thin (<2.2k returns),850.0,0.1842933035090172,1.5693459991310263,0.6129280027384124,True,False,False
"McHenry County, North Dakota",38049,T2 small (2.2k-11.7k),2550.0,0.11742576557738878,0.660696411324699,0.2276106521110124,False,False,False
"McIntosh County, North Dakota",38051,T1 thin (<2.2k returns),1220.0,0.2516605903211307,1.1766505571445287,0.04735058310770189,True,False,False
"McKenzie County, North Dakota",38053,T2 small (2.2k-11.7k),5520.0,0.10478674718476207,0.7516983708138122,0.19125919973948277,False,False,False
"McLean County, North Dakota",38055,T2 small (2.2k-11.7k),4600.0,0.15200108656283956,0.7423163718892284,0.0685914617887811,False,False,False
"Mercer County, North Dakota",38057,T2 small (2.2k-11.7k),3940.0,0.06878828782057939,0.47503480632509076,0.5034732801194391,False,False,False
"Morton County, North Dakota",38059,T3 mid (11.7k-100k),16020.0,0.09390942568802181,0.5223202031522491,0.24941072167968514,False,False,False
"Mountrail County, North Dakota",38061,T2 small (2.2k-11.7k),4420.0,0.13304627823740933,0.7472996588507156,0.26101794710254655,False,False,False
"Nelson County, North Dakota",38063,T1 thin (<2.2k returns),1480.0,0.11461141771464761,0.6313149431107755,0.3088356929277834,True,False,False
"Oliver County, North Dakota",38065,T1 thin (<2.2k returns),870.0,0.1768079861365356,0.7329497674938307,0.12569949208122802,True,False,False
"Pembina County, North Dakota",38067,T2 small (2.2k-11.7k),3260.0,0.09985708700165832,0.6410140888498448,0.29974296775807074,False,False,False
"Pierce County, North Dakota",38069,T1 thin (<2.2k returns),1860.0,0.11384653492596467,0.6010766489961638,0.13002427660979804,True,False,False
"Ramsey County, North Dakota",38071,T2 small (2.2k-11.7k),5490.0,0.08042766212163716,0.530261619407483,0.42265794078869046,False,False,False
"Ransom County, North Dakota",38073,T2 small (2.2k-11.7k),2700.0,0.10031161402841722,0.4842649147057768,0.08083951714833568,False,False,False
"Renville County, North Dakota",38075,T1 thin (<2.2k returns),1120.0,0.07778171140590183,0.5543653949270247,0.495685403945755,True,False,False
"Richland County, North Dakota",38077,T2 small (2.2k-11.7k),7800.0,0.08813845394822259,0.5511067236710284,0.2175652083123907,False,False,False
"Rolette County, North Dakota",38079,T2 small (2.2k-11.7k),4930.0,0.03903317023268382,0.19405309919567937,0.05226823040696003,False,False,False
"Sargent County, North Dakota",38081,T1 thin (<2.2k returns),2010.0,0.09573131762787315,0.6063818211719316,0.19611435440896463,True,False,False
"Sheridan County, North Dakota",38083,T1 thin (<2.2k returns),590.0,0.15359934663399838,1.1728032343455477,0.33967318645652556,True,False,False
"Sioux County, North Dakota",38085,T1 thin (<2.2k returns),1060.0,0.018659367844829855,0.1319467914706644,0.3881102415991485,True,True,False
"Slope County, North Dakota",38087,T1 thin (<2.2k returns),300.0,0.31119411696042953,1.9283035154647827,0.3446430965221608,True,False,False
"Stark County, North Dakota",38089,T3 mid (11.7k-100k),15450.0,0.09818721984780569,0.506391387982916,0.14613722532251558,False,False,False
"Steele County, North Dakota",38091,T1 thin (<2.2k returns),850.0,0.11719328209507543,0.8546865636172474,0.3237938517187023,True,False,False
"Stutsman County, North Dakota",38093,T2 small (2.2k-11.7k),9830.0,0.09488304753066928,0.6052417890998167,0.3947063131533407,False,False,False
"Towner County, North Dakota",38095,T1 thin (<2.2k returns),990.0,0.17762054954110193,0.8004793716305306,0.47424200940734534,True,False,False
"Traill County, North Dakota",38097,T2 small (2.2k-11.7k),3680.0,0.08404031110588084,0.4732421025148888,0.16736055894895002,False,False,False
"Walsh County, North Dakota",38099,T2 small (2.2k-11.7k),4940.0,0.08734035902473877,0.5287543864353731,0.10239020146698861,False,False,False
"Ward County, North Dakota",38101,T3 mid (11.7k-100k),32440.0,0.07127737244853236,0.3944295981201102,0.14931929210059106,False,False,False
"Wells County, North Dakota",38103,T1 thin (<2.2k returns),1920.0,0.15073513982345452,0.7845329421133443,0.2184536765202789,True,False,False
"Williams County, North Dakota",38105,T3 mid (11.7k-100k),17920.0,0.11523933105029983,0.5643482061205793,0.08010062655263787,False,False,False
"Adams County, Ohio",39001,T2 small (2.2k-11.7k),11200.0,0.045371746822721465,0.24933336697750344,0.21456928360771907,False,False,False
"Allen County, Ohio",39003,T3 mid (11.7k-100k),47640.0,0.06955079839739037,0.4634495453373777,0.46730726078292956,False,False,False
"Ashland County, Ohio",39005,T3 mid (11.7k-100k),25050.0,0.08757745498630506,0.44208269329215255,0.16060119440313772,False,False,False
"Ashtabula County, Ohio",39007,T3 mid (11.7k-100k),44930.0,0.06378538525161621,0.3747208859396142,0.24018119706479424,False,False,False
"Athens County, Ohio",39009,T3 mid (11.7k-100k),22440.0,0.07054155605704898,0.5120998886183047,0.481499518095276,False,False,False
"Auglaize County, Ohio",39011,T3 mid (11.7k-100k),23550.0,0.07223636865151269,0.5350388056412241,0.5319658116421337,False,False,False
"Belmont County, Ohio",39013,T3 mid (11.7k-100k),29720.0,0.07425183986258307,0.46483850050462416,0.16292876673999068,False,False,False
"Brown County, Ohio",39015,T3 mid (11.7k-100k),19690.0,0.042901931746820256,0.25874917258777225,0.30517773212510296,False,False,False
"Butler County, Ohio",39017,T4 large (>=100k),181830.0,0.07868502078871932,0.4780667824479675,0.32366384022979383,False,False,False
"Carroll County, Ohio",39019,T3 mid (11.7k-100k),12690.0,0.07461477782713251,0.38364983049243523,0.28653867942304806,False,False,False
"Champaign County, Ohio",39021,T3 mid (11.7k-100k),18740.0,0.06177396304433648,0.31932012326862996,0.23491279278139895,False,False,False
"Clark County, Ohio",39023,T3 mid (11.7k-100k),63240.0,0.05858816316899234,0.3826065440456404,0.323559974333488,False,False,False
"Clermont County, Ohio",39025,T4 large (>=100k),102930.0,0.06347037505161249,0.44193460951785085,0.420126914042213,False,False,False
"Clinton County, Ohio",39027,T3 mid (11.7k-100k),19530.0,0.058228785955337904,0.3617573892058151,0.2094432456617592,False,False,False
"Columbiana County, Ohio",39029,T3 mid (11.7k-100k),46230.0,0.05530549412881084,0.3177311409498099,0.23540228521410062,False,False,False
"Coshocton County, Ohio",39031,T3 mid (11.7k-100k),16340.0,0.06322669147443276,0.4016798035795312,0.34343813635132686,False,False,False
"Crawford County, Ohio",39033,T3 mid (11.7k-100k),20260.0,0.06436711489538445,0.35772109916855205,0.291387812039981,False,False,False
"Cuyahoga County, Ohio",39035,T4 large (>=100k),613590.0,0.14102497084076998,0.9785527512038218,0.39254853419996955,False,False,False
"Darke County, Ohio",39037,T3 mid (11.7k-100k),24840.0,0.06617721547483707,0.4177457769040105,0.2911736305828289,False,False,False
"Defiance County, Ohio",39039,T3 mid (11.7k-100k),18860.0,0.0747036060240073,0.39825459548842346,0.19675031366399717,False,False,False
"Delaware County, Ohio",39041,T4 large (>=100k),110170.0,0.14482203219209291,0.878508216368797,0.418357338583515,False,False,False
"Erie County, Ohio",39043,T3 mid (11.7k-100k),39320.0,0.09099831744251262,0.6316176082922851,0.49517013889687056,False,False,False
"Fairfield County, Ohio",39045,T3 mid (11.7k-100k),78360.0,0.06743082474229162,0.3814790690119576,0.3668333536080767,False,False,False
"Fayette County, Ohio",39047,T3 mid (11.7k-100k),13410.0,0.047396698323384605,0.28505847268540324,0.33546131213304836,False,False,False
"Franklin County, Ohio",39049,T4 large (>=100k),645260.0,0.10877115644747118,0.7046596743310157,0.31604895163635016,False,False,False
"Fulton County, Ohio",39051,T3 mid (11.7k-100k),21250.0,0.06153857046909265,0.35402796836431494,0.2463510246039608,False,False,False
"Gallia County, Ohio",39053,T3 mid (11.7k-100k),12030.0,0.07793282301916106,0.38588805878425747,0.012897224481198451,False,False,False
"Geauga County, Ohio",39055,T3 mid (11.7k-100k),47650.0,0.18202423939511372,1.1449662736398227,0.3218048659332896,False,False,False
"Greene County, Ohio",39057,T3 mid (11.7k-100k),80440.0,0.08263175640140484,0.5759972200119051,0.3945226875718225,False,False,False
"Guernsey County, Ohio",39059,T3 mid (11.7k-100k),18140.0,0.06567018062617645,0.3904966194704159,0.23778131773051056,False,False,False
"Hamilton County, Ohio",39061,T4 large (>=100k),402090.0,0.17806865574145073,1.2084110751293182,0.42447213108747817,False,False,False
"Hancock County, Ohio",39063,T3 mid (11.7k-100k),37220.0,0.08600126605647167,0.5293377207988341,0.359555495623618,False,False,False
"Hardin County, Ohio",39065,T3 mid (11.7k-100k),13010.0,0.04262178953313613,0.2577696515541401,0.3245998092095972,False,False,False
"Harrison County, Ohio",39067,T2 small (2.2k-11.7k),6530.0,0.05333251691516395,0.3568157438515866,0.29046910045555396,False,False,False
"Henry County, Ohio",39069,T3 mid (11.7k-100k),14060.0,0.06829188616591765,0.33366531766578217,0.05863857702119804,False,False,False
"Highland County, Ohio",39071,T3 mid (11.7k-100k),19120.0,0.050325660744159596,0.3185812075191407,0.3586435513526778,False,False,False
"Hocking County, Ohio",39073,T3 mid (11.7k-100k),12360.0,0.05337087294993692,0.32688245631316215,0.334729251004827,False,False,False
"Holmes County, Ohio",39075,T3 mid (11.7k-100k),18370.0,0.1369099904546653,0.820235892207427,0.05182307493891756,False,False,False
"Huron County, Ohio",39077,T3 mid (11.7k-100k),29030.0,0.0497006838914564,0.34926146129295726,0.5237570382733385,False,False,False
"Jackson County, Ohio",39079,T3 mid (11.7k-100k),13900.0,0.039082586976340795,0.2665403713188348,0.5003061025329673,False,False,False
"Jefferson County, Ohio",39081,T3 mid (11.7k-100k),29350.0,0.04368153524151241,0.2951455489988086,0.3791910523318282,False,False,False
"Knox County, Ohio",39083,T3 mid (11.7k-100k),28140.0,0.10879267986113575,0.6512848008228302,0.251855514772913,False,False,False
"Lake County, Ohio",39085,T4 large (>=100k),125820.0,0.1042526381452089,0.552067107790624,0.2803483497637793,False,False,False
"Lawrence County, Ohio",39087,T3 mid (11.7k-100k),25230.0,0.038539158475838615,0.19796160777131752,0.1524977608130049,False,False,False
"Licking County, Ohio",39089,T3 mid (11.7k-100k),87050.0,0.09163761414516637,0.4981807718259172,0.1568950422048276,False,False,False
"Logan County, Ohio",39091,T3 mid (11.7k-100k),22640.0,0.0733009668690602,0.43950677437090524,0.4403813837571359,False,False,False
"Lorain County, Ohio",39093,T4 large (>=100k),158870.0,0.0781621280129638,0.4948136877187874,0.3498835571541084,False,False,False
"Lucas County, Ohio",39095,T4 large (>=100k),203820.0,0.07118683145006428,0.48157105695781005,0.34085242112012654,False,False,False
"Madison County, Ohio",39097,T3 mid (11.7k-100k),19810.0,0.07771719211784246,0.45689311242595254,0.2431569807977475,False,False,False
"Mahoning County, Ohio",39099,T4 large (>=100k),110590.0,0.09764590375006431,0.5560572277463033,0.24075935425092546,False,False,False
"Marion County, Ohio",39101,T3 mid (11.7k-100k),28200.0,0.04869270781601358,0.2992133670930615,0.29469908332708605,False,False,False
"Medina County, Ohio",39103,T3 mid (11.7k-100k),95970.0,0.09541295506748323,0.571719627922477,0.32458842971171326,False,False,False
"Meigs County, Ohio",39105,T2 small (2.2k-11.7k),9300.0,0.03224140110237345,0.17782240904220697,0.2932061000216134,False,False,False
"Mercer County, Ohio",39107,T3 mid (11.7k-100k),20940.0,0.09385767551420196,0.5408022159045804,0.21585900072139372,False,False,False
"Miami County, Ohio",39109,T3 mid (11.7k-100k),53620.0,0.07468396695186008,0.5246261766198673,0.4784753081848241,False,False,False
"Monroe County, Ohio",39111,T2 small (2.2k-11.7k),6240.0,0.08616381011125372,0.49767828198168707,0.21315267132466234,False,False,False
"Montgomery County, Ohio",39113,T4 large (>=100k),257230.0,0.07637806620000473,0.5932803637243793,0.560248522971465,False,False,False
"Morgan County, Ohio",39115,T2 small (2.2k-11.7k),6140.0,0.029387629500461587,0.2040648194272066,0.563260689989475,False,False,False
"Morrow County, Ohio",39117,T3 mid (11.7k-100k),16370.0,0.055983303539552366,0.2858614276363377,0.11334444763578233,False,False,False
"Muskingum County, Ohio",39119,T3 mid (11.7k-100k),40260.0,0.05410363907887884,0.3531717374321364,0.39113114208266053,False,False,False
"Noble County, Ohio",39121,T2 small (2.2k-11.7k),5570.0,0.03935872310870652,0.2400567487839981,0.3874609080865872,False,False,False
"Ottawa County, Ohio",39123,T3 mid (11.7k-100k),21720.0,0.10647857847898201,0.6397192929978094,0.4072050873772101,False,False,False
"Paulding County, Ohio",39125,T2 small (2.2k-11.7k),9070.0,0.10054558837292242,0.34009459330278935,0.3488075609863405,False,False,False
"Perry County, Ohio",39127,T3 mid (11.7k-100k),15870.0,0.04069768257294292,0.22248344820836957,0.31566669944834164,False,False,False
"Pickaway County, Ohio",39129,T3 mid (11.7k-100k),27160.0,0.042808650913371285,0.2792652722882595,0.36675998586983194,False,False,False
"Pike County, Ohio",39131,T2 small (2.2k-11.7k),11630.0,0.03889113795540975,0.22872504870884502,0.4390619803956214,False,False,False
"Portage County, Ohio",39133,T3 mid (11.7k-100k),77830.0,0.0840534419653344,0.487220775053801,0.2866756211186981,False,False,False
"Preble County, Ohio",39135,T3 mid (11.7k-100k),19200.0,0.06336494814924161,0.3128487711883058,0.1410288660486864,False,False,False
"Putnam County, Ohio",39137,T3 mid (11.7k-100k),17100.0,0.07493829299408918,0.519098053485182,0.46725037553997145,False,False,False
"Richland County, Ohio",39139,T3 mid (11.7k-100k),57700.0,0.06169519355802008,0.44983452721474704,0.5220797635433759,False,False,False
"Ross County, Ohio",39141,T3 mid (11.7k-100k),33430.0,0.04091006647726952,0.30829975170582846,0.3131637694392093,False,False,False
"Sandusky County, Ohio",39143,T3 mid (11.7k-100k),29740.0,0.04718527774219614,0.3205532405013288,0.4133713240638874,False,False,False
"Scioto County, Ohio",39145,T3 mid (11.7k-100k),29520.0,0.053735255570117955,0.27257144845757114,0.09044527403123509,False,False,False
"Seneca County, Ohio",39147,T3 mid (11.7k-100k),26680.0,0.056999514991913455,0.35766968614245975,0.39707426504898985,False,False,False
"Shelby County, Ohio",39149,T3 mid (11.7k-100k),24010.0,0.05506753557333768,0.48085521548160803,0.6596158097192967,False,False,False
"Stark County, Ohio",39151,T4 large (>=100k),184690.0,0.09991177943083021,0.563500065696811,0.28723812435966967,False,False,False
"Summit County, Ohio",39153,T4 large (>=100k),270980.0,0.091985456166334,0.6438528492407998,0.43441039383935287,False,False,False
"Trumbull County, Ohio",39155,T3 mid (11.7k-100k),97990.0,0.05346989170637897,0.3931352754242501,0.4039023884694694,False,False,False
"Tuscarawas County, Ohio",39157,T3 mid (11.7k-100k),44310.0,0.08521908012829944,0.502271724782845,0.19733965949834195,False,False,False
"Union County, Ohio",39159,T3 mid (11.7k-100k),31910.0,0.07253901789113057,0.49190265553294826,0.4607812680154996,False,False,False
"Van Wert County, Ohio",39161,T3 mid (11.7k-100k),14230.0,0.05684076649143632,0.39816563308870156,0.5277338374357194,False,False,False
"Vinton County, Ohio",39163,T2 small (2.2k-11.7k),5270.0,0.035520389761214605,0.20911654477132657,0.3358959424562108,False,False,False
"Warren County, Ohio",39165,T4 large (>=100k),120770.0,0.09152976447344435,0.5983189914514946,0.40007724651561455,False,False,False
"Washington County, Ohio",39167,T3 mid (11.7k-100k),28180.0,0.12283178422582665,0.5101725269090813,0.22486240419597026,False,False,False
"Wayne County, Ohio",39169,T3 mid (11.7k-100k),54160.0,0.08365916734893732,0.640309218165077,0.36098890842896025,False,False,False
"Williams County, Ohio",39171,T3 mid (11.7k-100k),18180.0,0.06292311140999776,0.3641339677227981,0.3561672358911129,False,False,False
"Wood County, Ohio",39173,T3 mid (11.7k-100k),63430.0,0.0852674335124754,0.46984034667956126,0.3028128998837243,False,False,False
"Wyandot County, Ohio",39175,T2 small (2.2k-11.7k),11040.0,0.055110584764338624,0.34354963707535124,0.4141457010627236,False,False,False
"Adair County, Oklahoma",40001,T2 small (2.2k-11.7k),8060.0,0.04485295427421222,0.2285806387900151,0.04586397661538469,False,False,False
"Alfalfa County, Oklahoma",40003,T1 thin (<2.2k returns),2030.0,0.12288099007051374,0.7071136734856028,0.11341406434194026,True,False,False
"Atoka County, Oklahoma",40005,T2 small (2.2k-11.7k),5510.0,0.09226183321714464,0.405056952793149,0.010715459256766141,False,False,False
"Beaver County, Oklahoma",40007,T1 thin (<2.2k returns),2140.0,0.06277500411477478,0.47273585050651923,0.15270689111137734,True,False,False
"Beckham County, Oklahoma",40009,T2 small (2.2k-11.7k),8180.0,0.12271267413981098,0.5707545292860126,0.13012325582449855,False,False,False
"Blaine County, Oklahoma",40011,T2 small (2.2k-11.7k),3700.0,0.10640124960209649,1.0731787556761876,0.07699090482220632,False,False,False
"Bryan County, Oklahoma",40013,T3 mid (11.7k-100k),20220.0,0.07933749923890664,0.3828241920822726,0.06194763159478443,False,False,False
"Caddo County, Oklahoma",40015,T2 small (2.2k-11.7k),10150.0,0.054959074406171315,0.3223507913863347,0.26147958696887763,False,False,False
"Canadian County, Oklahoma",40017,T3 mid (11.7k-100k),76320.0,0.053324757132856906,0.33202399814686523,0.3396634078941075,False,False,False
"Carter County, Oklahoma",40019,T3 mid (11.7k-100k),21150.0,0.1077901280981907,0.6560490848085833,0.49283282716718163,False,False,False
"Cherokee County, Oklahoma",40021,T3 mid (11.7k-100k),18660.0,0.05982159425284309,0.32831502069475943,0.21349256250735488,False,False,False
"Choctaw County, Oklahoma",40023,T2 small (2.2k-11.7k),5660.0,0.08172276475800092,0.31167820217642767,0.46787494728402335,False,False,False
"Cimarron County, Oklahoma",40025,T1 thin (<2.2k returns),1010.0,0.11084004750746317,0.7103477545080314,0.2582495227681033,True,False,False
"Cleveland County, Oklahoma",40027,T4 large (>=100k),129600.0,0.09844312143194273,0.5091496747920232,0.2112788566316232,False,False,False
"Coal County, Oklahoma",40029,T1 thin (<2.2k returns),2080.0,0.06167682697373372,0.319568117959687,0.15998832323647624,True,False,False
"Comanche County, Oklahoma",40031,T3 mid (11.7k-100k),47780.0,0.04504872699642534,0.23758598848902338,0.38072097402027444,False,False,False
"Cotton County, Oklahoma",40033,T2 small (2.2k-11.7k),2380.0,0.02782989368355222,0.1565900098476859,0.3239964613255091,False,False,False
"Craig County, Oklahoma",40035,T2 small (2.2k-11.7k),5520.0,0.0768477132370503,0.4824668262479528,0.5295156673199456,False,False,False
"Creek County, Oklahoma",40037,T3 mid (11.7k-100k),30420.0,0.09907152324409586,0.4407196532526291,0.09053037666835685,False,False,False
"Custer County, Oklahoma",40039,T2 small (2.2k-11.7k),11550.0,0.11872795528353988,0.7135552628359281,0.24852379297333363,False,False,False
"Delaware County, Oklahoma",40041,T3 mid (11.7k-100k),17090.0,0.16549056175810883,0.7367245946039802,0.0905423366559944,False,False,False
"Dewey County, Oklahoma",40043,T1 thin (<2.2k returns),2070.0,0.08745174891620643,0.5821127716938208,0.1344347052247515,True,False,False
"Ellis County, Oklahoma",40045,T1 thin (<2.2k returns),1570.0,0.0904868456739897,0.6293430262497606,0.46718978035657477,True,False,False
"Garfield County, Oklahoma",40047,T3 mid (11.7k-100k),26480.0,0.11835470665370303,0.6796334671803482,0.18747617605964106,False,False,False
"Garvin County, Oklahoma",40049,T2 small (2.2k-11.7k),11070.0,0.08382823605333613,0.46296285249435787,0.03942636162530583,False,False,False
"Grady County, Oklahoma",40051,T3 mid (11.7k-100k),23440.0,0.07460821562053424,0.4993138784527266,0.10166727914054362,False,False,False
"Grant County, Oklahoma",40053,T1 thin (<2.2k returns),1790.0,0.08924565056760933,0.555607468012569,0.2868821266524146,True,False,False
"Greer County, Oklahoma",40055,T1 thin (<2.2k returns),1820.0,0.0257052983387398,0.20975188112906284,0.5974720551820607,True,False,False
"Harmon County, Oklahoma",40057,T1 thin (<2.2k returns),900.0,0.06044398857059125,0.44235944767846663,0.41697621835260495,True,False,False
"Harper County, Oklahoma",40059,T1 thin (<2.2k returns),1530.0,0.11306782116176495,0.7471251484848592,0.39021747041106203,True,False,False
"Haskell County, Oklahoma",40061,T2 small (2.2k-11.7k),4560.0,0.07490410926520215,0.3235230560618499,0.08422604667935188,False,False,False
"Hughes County, Oklahoma",40063,T2 small (2.2k-11.7k),4900.0,0.06545500762582614,0.3733799419124045,0.3275814332400741,False,False,False
"Jackson County, Oklahoma",40065,T2 small (2.2k-11.7k),10290.0,0.03795651188401948,0.2650086576304733,0.4182504655324562,False,False,False
"Jefferson County, Oklahoma",40067,T2 small (2.2k-11.7k),2210.0,0.0786735859363361,0.3913353784411653,0.0892715488018442,False,False,False
"Johnston County, Oklahoma",40069,T2 small (2.2k-11.7k),4170.0,0.09144980515641778,0.34642888496613605,0.1434654351233244,False,False,False
"Kay County, Oklahoma",40071,T3 mid (11.7k-100k),18820.0,0.07418291022888338,0.4748207283046308,0.42731988684153455,False,False,False
"Kingfisher County, Oklahoma",40073,T2 small (2.2k-11.7k),6990.0,0.12201090714496161,0.9072218066627278,0.2160661125120786,False,False,False
"Kiowa County, Oklahoma",40075,T2 small (2.2k-11.7k),3200.0,0.056807193529438346,0.40777036013722495,0.3077948114217895,False,False,False
"Latimer County, Oklahoma",40077,T2 small (2.2k-11.7k),4280.0,0.04385731442111072,0.21374830264595018,0.18790776744973017,False,False,False
"Le Flore County, Oklahoma",40079,T3 mid (11.7k-100k),18450.0,0.048908221217069614,0.2766773378522793,0.41022945146901013,False,False,False
"Lincoln County, Oklahoma",40081,T3 mid (11.7k-100k),14430.0,0.06215691701691596,0.3465850181987737,0.13950636372916833,False,False,False
"Logan County, Oklahoma",40083,T3 mid (11.7k-100k),21600.0,0.09385961553508612,0.41650426616857567,0.06868623502275525,False,False,False
"Love County, Oklahoma",40085,T2 small (2.2k-11.7k),4520.0,0.0895701584034613,0.4086924223933586,0.17500379411146233,False,False,False
"McClain County, Oklahoma",40087,T3 mid (11.7k-100k),20210.0,0.06859984308219244,0.37923287218185375,0.19489173179705596,False,False,False
"McCurtain County, Oklahoma",40089,T3 mid (11.7k-100k),12490.0,0.09154711136526211,0.4273449717714464,0.11458122661553666,False,False,False
"McIntosh County, Oklahoma",40091,T2 small (2.2k-11.7k),7810.0,0.06435816985500183,0.3848257705290301,0.33744570969269244,False,False,False
"Major County, Oklahoma",40093,T2 small (2.2k-11.7k),3260.0,0.10448730724656938,0.611353148443282,0.024919937972022133,False,False,False
"Marshall County, Oklahoma",40095,T2 small (2.2k-11.7k),6950.0,0.09001914252737662,0.3643582128396563,0.2708382042981649,False,False,False
"Mayes County, Oklahoma",40097,T3 mid (11.7k-100k),16930.0,0.05910578515142621,0.33578238995501647,0.33275962593568065,False,False,False
"Murray County, Oklahoma",40099,T2 small (2.2k-11.7k),5870.0,0.07177283751636925,0.39001565429114865,0.3067167072581411,False,False,False
"Muskogee County, Oklahoma",40101,T3 mid (11.7k-100k),27090.0,0.05519751598556041,0.31873470995198294,0.18792223252375845,False,False,False
"Noble County, Oklahoma",40103,T2 small (2.2k-11.7k),4790.0,0.050527572212938646,0.4240738532036518,0.4315339708704421,False,False,False
"Nowata County, Oklahoma",40105,T2 small (2.2k-11.7k),4050.0,0.0722864332070264,0.3140545337497582,0.17403923895321116,False,False,False
"Okfuskee County, Oklahoma",40107,T2 small (2.2k-11.7k),4280.0,0.07907012311692284,0.2688318765831449,0.7536589995400957,False,False,False
"Oklahoma County, Oklahoma",40109,T4 large (>=100k),355230.0,0.15412234470766292,0.8922607018287165,0.24726555471302014,False,False,False
"Okmulgee County, Oklahoma",40111,T3 mid (11.7k-100k),14970.0,0.03887373897913774,0.24137481418081452,0.32469920901664867,False,False,False
"Osage County, Oklahoma",40113,T3 mid (11.7k-100k),18790.0,0.06362472740510663,0.3844162213775277,0.5182087863809934,False,False,False
"Ottawa County, Oklahoma",40115,T3 mid (11.7k-100k),12730.0,0.05659195471104346,0.32241144573577296,0.27600604081336494,False,False,False
"Pawnee County, Oklahoma",40117,T2 small (2.2k-11.7k),6470.0,0.04291706408098782,0.2916107914961847,0.4897669725942196,False,False,False
"Payne County, Oklahoma",40119,T3 mid (11.7k-100k),30740.0,0.0986515588671151,0.6093027909896768,0.2961334690216465,False,False,False
"Pittsburg County, Oklahoma",40121,T3 mid (11.7k-100k),17640.0,0.05615355979256788,0.31714748484782807,0.3389238446469286,False,False,False
"Pontotoc County, Oklahoma",40123,T3 mid (11.7k-100k),16240.0,0.05772852223433306,0.3853160430988095,0.39736600052506693,False,False,False
"Pottawatomie County, Oklahoma",40125,T3 mid (11.7k-100k),29810.0,0.07479656961320805,0.36595684523459737,0.10259610807225707,False,False,False
"Pushmataha County, Oklahoma",40127,T2 small (2.2k-11.7k),4260.0,0.04610409244481838,0.26247126564165735,0.5238057476340948,False,False,False
"Roger Mills County, Oklahoma",40129,T1 thin (<2.2k returns),1450.0,0.1354342208740591,0.8565058605053035,0.2743632527639118,True,False,False
"Rogers County, Oklahoma",40131,T3 mid (11.7k-100k),43690.0,0.08587532888406624,0.5096045650101422,0.5475839908953902,False,False,False
"Seminole County, Oklahoma",40133,T2 small (2.2k-11.7k),9060.0,0.06774692352296888,0.34210895580851536,0.038870281596287345,False,False,False
"Sequoyah County, Oklahoma",40135,T3 mid (11.7k-100k),16100.0,0.07932944319717856,0.37076834386050017,0.30213890708388197,False,False,False
"Stephens County, Oklahoma",40137,T3 mid (11.7k-100k),18140.0,0.1151608842501368,0.6791995323408655,0.31794039868108764,False,False,False
"Texas County, Oklahoma",40139,T2 small (2.2k-11.7k),9030.0,0.048685615435925124,0.2527458103806914,0.17835835160940752,False,False,False
"Tillman County, Oklahoma",40141,T2 small (2.2k-11.7k),2760.0,0.031474288609305075,0.19438959717122148,0.24854918941087992,False,False,False
"Tulsa County, Oklahoma",40143,T4 large (>=100k),297370.0,0.16378633221481836,1.0799265987861648,0.3932957443169463,False,False,False
"Wagoner County, Oklahoma",40145,T3 mid (11.7k-100k),38240.0,0.07136921647759313,0.3282509679467275,0.20154506896938912,False,False,False
"Washington County, Oklahoma",40147,T3 mid (11.7k-100k),22690.0,0.09039819476564297,0.5985063782085134,0.3757840800146049,False,False,False
"Washita County, Oklahoma",40149,T2 small (2.2k-11.7k),4340.0,0.07364975450081833,0.3591894065238659,0.052740927467327246,False,False,False
"Woods County, Oklahoma",40151,T2 small (2.2k-11.7k),3410.0,0.13898996453982895,0.7547318019605862,0.09307794780347445,False,False,False
"Woodward County, Oklahoma",40153,T2 small (2.2k-11.7k),8340.0,0.07802214767926567,0.6031519383734446,0.4275712345572522,False,False,False
"Baker County, Oregon",41001,T2 small (2.2k-11.7k),7440.0,0.16452582672861438,0.9703319057668335,0.25857148415825704,False,False,False
"Benton County, Oregon",41003,T3 mid (11.7k-100k),43060.0,0.20917187917383928,1.1963323555404457,0.27554203816707923,False,False,False
"Clackamas County, Oregon",41005,T4 large (>=100k),208050.0,0.15770801040226032,0.9968458732257612,0.2751801800187141,False,False,False
"Clatsop County, Oregon",41007,T3 mid (11.7k-100k),20180.0,0.14260905166499077,0.8502022217560313,0.4272846278616458,False,False,False
"Columbia County, Oregon",41009,T3 mid (11.7k-100k),25140.0,0.07014514901323753,0.40489844971320393,0.27413964811547165,False,False,False
"Coos County, Oregon",41011,T3 mid (11.7k-100k),28990.0,0.12560306743992355,0.8245229299102149,0.3755910096248945,False,False,False
"Crook County, Oregon",41013,T3 mid (11.7k-100k),12370.0,0.175604817994546,0.9050629222054635,0.0667204424200657,False,False,False
"Curry County, Oregon",41015,T2 small (2.2k-11.7k),11140.0,0.2377201465559057,1.439187720359526,0.19456820359779178,False,False,False
"Deschutes County, Oregon",41017,T4 large (>=100k),106700.0,0.22495443285467379,1.5922453461851056,0.46281726971669984,False,False,False
"Douglas County, Oregon",41019,T3 mid (11.7k-100k),49660.0,0.1054072142703943,0.6538406109056407,0.35696129491775275,False,False,False
"Gilliam County, Oregon",41021,T1 thin (<2.2k returns),900.0,0.054222661225338566,0.45952285951214733,0.7050667263012248,True,False,False
"Grant County, Oregon",41023,T2 small (2.2k-11.7k),3140.0,0.09771497038554032,0.7137794243343653,0.4362136725183502,False,False,False
"Harney County, Oregon",41025,T2 small (2.2k-11.7k),3190.0,0.14865805082534658,0.6864846583166145,0.06374642182040666,False,False,False
"Hood River County, Oregon",41027,T3 mid (11.7k-100k),12570.0,0.2277482046301958,1.242352260700816,0.33443278711272756,False,False,False
"Jackson County, Oregon",41029,T4 large (>=100k),106350.0,0.13379752587861865,1.0053892602804784,0.4769386438655802,False,False,False
"Jefferson County, Oregon",41031,T2 small (2.2k-11.7k),11100.0,0.07145560165975104,0.487001335327325,0.4029472494459069,False,False,False
"Josephine County, Oregon",41033,T3 mid (11.7k-100k),39500.0,0.14642186706428126,0.8737136268731511,0.4475583701589721,False,False,False
"Klamath County, Oregon",41035,T3 mid (11.7k-100k),30130.0,0.0797504447680473,0.6085874755321277,0.3765919508754444,False,False,False
"Lake County, Oregon",41037,T2 small (2.2k-11.7k),3320.0,0.139448947619372,0.6531521789475618,0.1531217955916547,False,False,False
"Lane County, Oregon",41039,T4 large (>=100k),178590.0,0.14242186865981973,0.9277141987134095,0.43146688945274453,False,False,False
"Lincoln County, Oregon",41041,T3 mid (11.7k-100k),24130.0,0.22079188587179877,1.1053771321251342,0.1932111679673484,False,False,False
"Linn County, Oregon",41043,T3 mid (11.7k-100k),60200.0,0.06392407571054519,0.45682794951369504,0.4142400475636303,False,False,False
"Malheur County, Oregon",41045,T3 mid (11.7k-100k),11940.0,0.09777754833380656,0.7057241697257671,0.42571714597692795,False,False,False
"Marion County, Oregon",41047,T4 large (>=100k),159660.0,0.11968539950562253,0.6055809413850687,0.1505249842793529,False,False,False
"Morrow County, Oregon",41049,T2 small (2.2k-11.7k),5240.0,0.0373856250644785,0.2731272103861097,0.3133570060301968,False,False,False
"Multnomah County, Oregon",41051,T4 large (>=100k),406670.0,0.1152838159538792,0.8154659015444157,0.3527907307288858,False,False,False
"Polk County, Oregon",41053,T3 mid (11.7k-100k),40170.0,0.08538323222983604,0.5547697034613147,0.38476509592815394,False,False,False
"Sherman County, Oregon",41055,T1 thin (<2.2k returns),860.0,0.09007981755986318,0.588438582110617,0.11212918395977642,True,False,False
"Tillamook County, Oregon",41057,T3 mid (11.7k-100k),13350.0,0.2109197128837648,1.183316999897654,0.3214698168801699,False,False,False
"Umatilla County, Oregon",41059,T3 mid (11.7k-100k),33910.0,0.06433472660647882,0.42028825617951693,0.4724032664264882,False,False,False
"Union County, Oregon",41061,T3 mid (11.7k-100k),11870.0,0.07986358220651384,0.5121656758255226,0.26209005864187684,False,False,False
"Wallowa County, Oregon",41063,T2 small (2.2k-11.7k),3730.0,0.2283448525639091,1.2078020753992451,0.13098842199408037,False,False,False
"Wasco County, Oregon",41065,T3 mid (11.7k-100k),11940.0,0.08482904604703799,0.5788761088355721,0.4338710650848397,False,False,False
"Washington County, Oregon",41067,T4 large (>=100k),295660.0,0.09237763636207821,0.6915408515009034,0.5320657184113992,False,False,False
"Wheeler County, Oregon",41069,T1 thin (<2.2k returns),570.0,0.0918474687705457,0.4963776119161983,0.39899376108524254,True,False,False
"Yamhill County, Oregon",41071,T3 mid (11.7k-100k),49550.0,0.1252192179352524,0.8004394642022092,0.4232775598569018,False,False,False
"Adams County, Pennsylvania",42001,T3 mid (11.7k-100k),53940.0,0.07827182141274734,0.5237661552018762,0.4043650526734945,False,False,False
"Allegheny County, Pennsylvania",42003,T4 large (>=100k),616670.0,0.10750754811561743,0.7850758360050696,0.4279559172443123,False,False,False
"Armstrong County, Pennsylvania",42005,T3 mid (11.7k-100k),31470.0,0.053438958099223964,0.34337523575428713,0.31219755195484694,False,False,False
"Beaver County, Pennsylvania",42007,T3 mid (11.7k-100k),83310.0,0.04940544440387487,0.3072195185530894,0.36958475098708754,False,False,False
"Bedford County, Pennsylvania",42009,T3 mid (11.7k-100k),23180.0,0.05303845963220229,0.35989462140032136,0.45881681517094935,False,False,False
"Berks County, Pennsylvania",42011,T4 large (>=100k),214000.0,0.07549446814395352,0.49386401310410893,0.42565994548403274,False,False,False
"Blair County, Pennsylvania",42013,T3 mid (11.7k-100k),58960.0,0.08394624157773233,0.6206658630576511,0.5010974646965742,False,False,False
"Bradford County, Pennsylvania",42015,T3 mid (11.7k-100k),28390.0,0.06808748832820834,0.4335863931191358,0.3171532720568678,False,False,False
"Bucks County, Pennsylvania",42017,T4 large (>=100k),335920.0,0.13656051944939748,0.9272623699539733,0.48451534110410605,False,False,False
"Butler County, Pennsylvania",42019,T3 mid (11.7k-100k),98900.0,0.08376974226900814,0.5577504699372454,0.44758644284234056,False,False,False
"Cambria County, Pennsylvania",42021,T3 mid (11.7k-100k),62020.0,0.04391287160117499,0.3354350044601181,0.5846422725863388,False,False,False
"Cameron County, Pennsylvania",42023,T2 small (2.2k-11.7k),2200.0,0.04038751887267237,0.43045544889903053,0.687847017223494,False,False,False
"Carbon County, Pennsylvania",42025,T3 mid (11.7k-100k),32650.0,0.053549551873105936,0.3351953636318366,0.3434835808043098,False,False,False
"Centre County, Pennsylvania",42027,T3 mid (11.7k-100k),61590.0,0.09910890778918724,0.7703115034791653,0.48993065293619203,False,False,False
"Chester County, Pennsylvania",42029,T4 large (>=100k),268240.0,0.18902683166156023,1.3216233475038197,0.555954793835612,False,False,False
"Clarion County, Pennsylvania",42031,T3 mid (11.7k-100k),16710.0,0.08109719120235472,0.5177908710515281,0.47152008559044756,False,False,False
"Clearfield County, Pennsylvania",42033,T3 mid (11.7k-100k),35990.0,0.05027794696159576,0.36251947944008817,0.4565476061196208,False,False,False
"Clinton County, Pennsylvania",42035,T3 mid (11.7k-100k),16990.0,0.0540432587127779,0.3394991685937743,0.2762754480494181,False,False,False
"Columbia County, Pennsylvania",42037,T3 mid (11.7k-100k),30070.0,0.05891998155261591,0.413169677865355,0.33753268726724966,False,False,False
"Crawford County, Pennsylvania",42039,T3 mid (11.7k-100k),37790.0,0.06925748674395144,1.0408524233780683,0.5607175931410913,False,False,False
"Cumberland County, Pennsylvania",42041,T4 large (>=100k),134150.0,0.11669457734939362,0.6638862395458697,0.3988804065250879,False,False,False
"Dauphin County, Pennsylvania",42043,T4 large (>=100k),147350.0,0.08160113214437885,0.5074705471264396,0.432145496750091,False,False,False
"Delaware County, Pennsylvania",42045,T4 large (>=100k),278090.0,0.1919548320739769,1.0876814687679999,0.3561728459490359,False,False,True
"Elk County, Pennsylvania",42047,T3 mid (11.7k-100k),15650.0,0.10036345154154881,0.49763484301758315,0.1563787582162079,False,False,False
"Erie County, Pennsylvania",42049,T4 large (>=100k),127180.0,0.082562082807423,0.6685148722961431,0.37578304261212253,False,False,False
"Fayette County, Pennsylvania",42051,T3 mid (11.7k-100k),59710.0,0.053107904960543094,0.3124627226896915,0.23479825856450795,False,False,False
"Forest County, Pennsylvania",42053,T2 small (2.2k-11.7k),2590.0,0.06395508917918438,0.41172055619246883,0.337901604324228,False,False,False
"Franklin County, Pennsylvania",42055,T3 mid (11.7k-100k),79490.0,0.06792785810234458,0.4765875133779491,0.40063616720141026,False,False,False
"Fulton County, Pennsylvania",42057,T2 small (2.2k-11.7k),7200.0,0.060079359916737136,0.3458795629120268,0.2332602923308878,False,False,False
"Greene County, Pennsylvania",42059,T3 mid (11.7k-100k),15520.0,0.06055377913643836,0.4353849399247438,0.28399673442524304,False,False,False
"Huntingdon County, Pennsylvania",42061,T3 mid (11.7k-100k),20530.0,0.08694839097070976,0.426464762593341,0.05919654090992733,False,False,False
"Indiana County, Pennsylvania",42063,T3 mid (11.7k-100k),36410.0,0.06429597508616393,0.44069942227667863,0.4301633806635858,False,False,False
"Jefferson County, Pennsylvania",42065,T3 mid (11.7k-100k),20590.0,0.09343705677569089,0.6194333626807066,0.45330918654566765,False,False,False
"Juniata County, Pennsylvania",42067,T2 small (2.2k-11.7k),11290.0,0.05500270065896078,0.3666636773463594,0.3724758347241863,False,False,False
"Lackawanna County, Pennsylvania",42069,T4 large (>=100k),104590.0,0.10158304771738233,0.5817029237315475,0.22943825202542253,False,False,False
"Lancaster County, Pennsylvania",42071,T4 large (>=100k),276970.0,0.10225266634552924,0.6870718265089616,0.3740557675414603,False,False,False
"Lawrence County, Pennsylvania",42073,T3 mid (11.7k-100k),40820.0,0.048854735164134716,0.3502814629899541,0.48528621566908137,False,False,False
"Lebanon County, Pennsylvania",42075,T3 mid (11.7k-100k),72670.0,0.08032168390458418,0.47326005982837216,0.2836907854635245,False,False,False
"Lehigh County, Pennsylvania",42077,T4 large (>=100k),194220.0,0.0874680934538687,0.5684678302044213,0.41930253831923076,False,False,False
"Luzerne County, Pennsylvania",42079,T4 large (>=100k),163160.0,0.08146225923787424,0.46762613373710005,0.28452350938521404,False,False,False
"Lycoming County, Pennsylvania",42081,T3 mid (11.7k-100k),54190.0,0.08025485843725956,0.45709718212458705,0.24276273018597738,False,False,False
"McKean County, Pennsylvania",42083,T3 mid (11.7k-100k),18430.0,0.054741756476856106,0.3993635705336412,0.42537239196338344,False,False,False
"Mercer County, Pennsylvania",42085,T3 mid (11.7k-100k),51750.0,0.07126441676425707,0.4679750424802281,0.37584901273442806,False,False,False
"Mifflin County, Pennsylvania",42087,T3 mid (11.7k-100k),21760.0,0.04765007354293069,0.301720341683805,0.193131541446258,False,False,False
"Monroe County, Pennsylvania",42089,T3 mid (11.7k-100k),80920.0,0.06394087011167966,0.37096935765612127,0.33023244222157694,False,False,False
"Montgomery County, Pennsylvania",42091,T4 large (>=100k),437880.0,0.2246479410999893,1.5676460349857186,0.3768387934131228,False,False,True
"Montour County, Pennsylvania",42093,T2 small (2.2k-11.7k),9130.0,0.05263557192863595,0.3677337368938546,0.42296006257265684,False,False,False
"Northampton County, Pennsylvania",42095,T4 large (>=100k),159490.0,0.10090323093891312,0.6742740257471926,0.4116300335415716,False,False,False
"Northumberland County, Pennsylvania",42097,T3 mid (11.7k-100k),43320.0,0.04480978385829377,0.31185819141429444,0.38403250531669064,False,False,False
"Perry County, Pennsylvania",42099,T3 mid (11.7k-100k),23380.0,0.04653999265930715,0.29242250710531426,0.3639841918824786,False,False,False
"Philadelphia County, Pennsylvania",42101,T4 large (>=100k),690400.0,0.08432501479544675,0.5702283280750422,0.45206770937907415,False,False,False
"Pike County, Pennsylvania",42103,T3 mid (11.7k-100k),29330.0,0.07974295092015307,0.5036773214409827,0.40796126678530203,False,False,False
"Potter County, Pennsylvania",42105,T2 small (2.2k-11.7k),7420.0,0.09170899258230716,0.46387484991285266,0.02036956801411653,False,False,False
"Schuylkill County, Pennsylvania",42107,T3 mid (11.7k-100k),69830.0,0.05477492025168419,0.3492401044982335,0.39398232142891093,False,False,False
"Snyder County, Pennsylvania",42109,T3 mid (11.7k-100k),18520.0,0.06646794891086881,0.4434421386340305,0.3574731689981935,False,False,False
"Somerset County, Pennsylvania",42111,T3 mid (11.7k-100k),34130.0,0.08354408982918159,0.4984734407898518,0.3003745855212822,False,False,False
"Sullivan County, Pennsylvania",42113,T2 small (2.2k-11.7k),2970.0,0.12257487543574674,0.7460001673552403,0.38140339057130856,False,False,False
"Susquehanna County, Pennsylvania",42115,T3 mid (11.7k-100k),19400.0,0.0901250894383598,0.5714103345228934,0.3522880957732431,False,False,False
"Tioga County, Pennsylvania",42117,T3 mid (11.7k-100k),18610.0,0.06704323905669951,0.4377438095507493,0.363464643298377,False,False,False
"Union County, Pennsylvania",42119,T3 mid (11.7k-100k),17470.0,0.1267357083015689,0.7265595274907661,0.13187980675540423,False,False,False
"Venango County, Pennsylvania",42121,T3 mid (11.7k-100k),23520.0,0.07447682400721503,0.4751553021944218,0.43041482833144545,False,False,False
"Warren County, Pennsylvania",42123,T3 mid (11.7k-100k),18020.0,0.06648496016106192,0.4986158416482134,0.42180018517057305,False,False,False
"Washington County, Pennsylvania",42125,T4 large (>=100k),104620.0,0.08044401350763984,0.5888205536566684,0.4169582686567904,False,False,False
"Wayne County, Pennsylvania",42127,T3 mid (11.7k-100k),25390.0,0.10049795465059107,0.6471683366813153,0.434956368212911,False,False,False
"Westmoreland County, Pennsylvania",42129,T4 large (>=100k),181020.0,0.09898767955402295,0.590078666157991,0.31437674256299014,False,False,False
"Wyoming County, Pennsylvania",42131,T3 mid (11.7k-100k),13270.0,0.07021257242016289,0.5349557601392141,0.4232489153224222,False,False,False
"York County, Pennsylvania",42133,T4 large (>=100k),234210.0,0.08474353744293663,0.5746416470508435,0.33212968802390125,False,False,False
"Bristol County, Rhode Island",44001,T3 mid (11.7k-100k),25560.0,0.2704459621028571,1.5005418645824782,0.07737208804081733,False,False,True
"Kent County, Rhode Island",44003,T3 mid (11.7k-100k),93050.0,0.08447341758698404,0.554673870735073,0.4264886459026853,False,False,False
"Newport County, Rhode Island",44005,T3 mid (11.7k-100k),43920.0,0.23116413096562877,1.6399590345899324,0.28508869215565635,False,False,False
"Providence County, Rhode Island",44007,T4 large (>=100k),337600.0,0.08732654450697741,0.5451223739755294,0.3561475946999448,False,False,False
"Washington County, Rhode Island",44009,T3 mid (11.7k-100k),68250.0,0.17250014276088124,1.0763787523106125,0.4273647599747064,False,False,False
"Abbeville County, South Carolina",45001,T2 small (2.2k-11.7k),10250.0,0.05574058336076849,0.2486917665232539,0.1189267262691233,False,False,False
"Aiken County, South Carolina",45003,T3 mid (11.7k-100k),81060.0,0.09157246365005116,0.6068984808303045,0.39104360883301553,False,False,False
"Allendale County, South Carolina",45005,T2 small (2.2k-11.7k),3220.0,0.035317860746720484,0.24722560418824574,0.20692666749281552,False,False,False
"Anderson County, South Carolina",45007,T3 mid (11.7k-100k),95400.0,0.07300477211510925,0.4510437923014,0.39952306997030584,False,False,False
"Bamberg County, South Carolina",45009,T2 small (2.2k-11.7k),5260.0,0.08705048555741766,0.3680073619410504,0.03110635563108116,False,False,False
"Barnwell County, South Carolina",45011,T2 small (2.2k-11.7k),8730.0,0.03607116278773924,0.210009687262754,0.334492064052183,False,False,False
"Beaufort County, South Carolina",45013,T3 mid (11.7k-100k),98680.0,0.36925959300553485,2.348170057186459,0.3443078847143148,False,False,True
"Berkeley County, South Carolina",45015,T4 large (>=100k),119930.0,0.09533007172157267,0.5805876091238227,0.3652036767735709,False,False,False
"Calhoun County, South Carolina",45017,T2 small (2.2k-11.7k),6470.0,0.06949034845730895,0.5383517589864935,0.5150218415329664,False,False,False
"Charleston County, South Carolina",45019,T4 large (>=100k),208530.0,0.288842458337074,1.876603586902252,0.47536593762748036,False,False,True
"Cherokee County, South Carolina",45021,T3 mid (11.7k-100k),24600.0,0.05274314331816656,0.2981223828401315,0.333309136705885,False,False,False
"Chester County, South Carolina",45023,T3 mid (11.7k-100k),14600.0,0.04249888405744648,0.3434609487449274,0.4023317483074056,False,False,False
"Chesterfield County, South Carolina",45025,T3 mid (11.7k-100k),18830.0,0.03788511454689087,0.23148394951385934,0.22369899259374512,False,False,False
"Clarendon County, South Carolina",45027,T3 mid (11.7k-100k),13720.0,0.0764299460790263,0.3779337646525214,0.1007528320114431,False,False,False
"Colleton County, South Carolina",45029,T3 mid (11.7k-100k),17770.0,0.08308381151910116,0.4691721517318804,0.21845113627387755,False,False,False
"Darlington County, South Carolina",45031,T3 mid (11.7k-100k),28730.0,0.06858334209327586,0.6264936735870571,0.12155944084212235,False,False,False
"Dillon County, South Carolina",45033,T3 mid (11.7k-100k),12450.0,0.023082401239998326,0.20110376778555933,0.4711675968754271,False,False,False
"Dorchester County, South Carolina",45035,T3 mid (11.7k-100k),80370.0,0.047696463870950404,0.3008075801770789,0.3518466129079795,False,False,False
"Edgefield County, South Carolina",45037,T3 mid (11.7k-100k),12050.0,0.06764746371823761,0.443469711762347,0.21841475534722263,False,False,False
"Fairfield County, South Carolina",45039,T2 small (2.2k-11.7k),10020.0,0.06736225075350473,0.38080465121932155,0.4064441021148052,False,False,False
"Florence County, South Carolina",45041,T3 mid (11.7k-100k),61040.0,0.10310067571939822,0.5733389007533531,0.065267727290366,False,False,False
"Georgetown County, South Carolina",45043,T3 mid (11.7k-100k),32880.0,0.2793677623534489,1.5290916567490194,0.2306027153220653,False,False,False
"Greenville County, South Carolina",45045,T4 large (>=100k),260910.0,0.1310928998276864,0.8321197908772511,0.3724919290223697,False,False,False
"Greenwood County, South Carolina",45047,T3 mid (11.7k-100k),30280.0,0.07126932076590976,0.47874279523061036,0.46212679132648093,False,False,False
"Hampton County, South Carolina",45049,T2 small (2.2k-11.7k),7850.0,0.05158662505837268,0.7743257057544375,0.2503473614474654,False,False,False
"Horry County, South Carolina",45051,T4 large (>=100k),199150.0,0.1436947160402385,0.7949767696225702,0.26550520985093745,False,False,False
"Jasper County, South Carolina",45053,T3 mid (11.7k-100k),16530.0,0.11403464154679796,0.6068764681738925,0.31545208448230216,False,False,False
"Kershaw County, South Carolina",45055,T3 mid (11.7k-100k),32040.0,0.06782831837602904,0.40830998602185337,0.4323844689377795,False,False,False
"Lancaster County, South Carolina",45057,T3 mid (11.7k-100k),48810.0,0.07541136736685787,0.4492669086979264,0.3176456721201009,False,False,False
"Laurens County, South Carolina",45059,T3 mid (11.7k-100k),29360.0,0.04786014114562243,0.34271405168403174,0.5559489723371356,False,False,False
"Lee County, South Carolina",45061,T2 small (2.2k-11.7k),7020.0,0.06654373446644753,0.2560730096350756,0.34719936144875485,False,False,False
"Lexington County, South Carolina",45063,T4 large (>=100k),144130.0,0.07850918465566796,0.5286782906363736,0.4151412611048246,False,False,False
"McCormick County, South Carolina",45065,T2 small (2.2k-11.7k),4430.0,0.13876667172392868,1.066841303009213,0.7051790766268362,False,False,False
"Marion County, South Carolina",45067,T3 mid (11.7k-100k),12940.0,0.039216903983545146,0.1918786960814276,0.08939096599031046,False,False,False
"Marlboro County, South Carolina",45069,T2 small (2.2k-11.7k),10320.0,0.035098389762304096,0.1702268551568425,0.11852594292211423,False,False,False
"Newberry County, South Carolina",45071,T3 mid (11.7k-100k),17570.0,0.07570890624304721,0.4446109807924742,0.21895300602248396,False,False,False
"Oconee County, South Carolina",45073,T3 mid (11.7k-100k),36760.0,0.1482128096919866,0.9518005179912956,0.49164550030652937,False,False,False
"Orangeburg County, South Carolina",45075,T3 mid (11.7k-100k),36290.0,0.08606767368241271,0.42063121095404954,0.09219266238997206,False,False,False
"Pickens County, South Carolina",45077,T3 mid (11.7k-100k),55900.0,0.15815214084906914,0.7460415824370864,0.027538979826000388,False,False,False
"Richland County, South Carolina",45079,T4 large (>=100k),189580.0,0.10120457105814472,0.6168137711576962,0.338537857603845,False,False,False
"Saluda County, South Carolina",45081,T2 small (2.2k-11.7k),8400.0,0.056449497418531724,0.3746238911627747,0.266826863832753,False,False,False
"Spartanburg County, South Carolina",45083,T4 large (>=100k),159470.0,0.11161472074838201,0.7377963408116863,0.3801172200081909,False,False,False
"Sumter County, South Carolina",45085,T3 mid (11.7k-100k),48110.0,0.055982133881778244,0.3050469083828327,0.05269526162370493,False,False,False
"Union County, South Carolina",45087,T2 small (2.2k-11.7k),11180.0,0.029635479860579954,0.1371967368175186,0.0734066317881122,False,False,False
"Williamsburg County, South Carolina",45089,T3 mid (11.7k-100k),12680.0,0.03777813236040095,0.24910918889127923,0.3179202556081727,False,False,False
"York County, South Carolina",45091,T4 large (>=100k),136810.0,0.0844708418508914,0.552246021366432,0.33420879189776975,False,False,False
"Aurora County, South Dakota",46003,T1 thin (<2.2k returns),1310.0,0.11327796575412694,0.8693777465910767,0.3402351944830989,True,False,False
"Beadle County, South Dakota",46005,T2 small (2.2k-11.7k),8630.0,0.12929509395212824,0.7232568699599571,0.2592471288022416,False,False,False
"Bennett County, South Dakota",46007,T1 thin (<2.2k returns),1180.0,0.14566034005535786,0.7794656418378539,0.24748832730050438,True,False,False
"Bon Homme County, South Dakota",46009,T2 small (2.2k-11.7k),2750.0,0.16956608678264348,0.7871838529879356,0.12083639406178488,False,False,False
"Brookings County, South Dakota",46011,T3 mid (11.7k-100k),15070.0,0.16843440849134378,1.0694902328546347,0.06592232867314433,False,False,False
"Brown County, South Dakota",46013,T3 mid (11.7k-100k),18480.0,0.19820903763216471,1.043051104096684,0.12553929231244,False,False,False
"Brule County, South Dakota",46015,T2 small (2.2k-11.7k),2600.0,0.17442156633011727,1.0349637934478946,0.0290715368656225,False,False,False
"Buffalo County, South Dakota",46017,T1 thin (<2.2k returns),630.0,0.14759340289464826,0.6458734541655138,0.099551031502073,True,True,True
"Butte County, South Dakota",46019,T2 small (2.2k-11.7k),5120.0,0.18749406632721893,0.9840725909247429,0.14437577668137558,False,False,False
"Campbell County, South Dakota",46021,T1 thin (<2.2k returns),710.0,0.25852027204749556,1.2139393149582285,0.010383741224182447,True,False,False
"Charles Mix County, South Dakota",46023,T2 small (2.2k-11.7k),3450.0,0.19034442526153142,1.050892582009801,0.03509075938595572,False,False,False
"Clark County, South Dakota",46025,T1 thin (<2.2k returns),1950.0,0.12781477957500792,0.9385970355099504,0.4638035187305632,True,False,False
"Clay County, South Dakota",46027,T2 small (2.2k-11.7k),5540.0,0.10391329832802515,0.6223681296942553,0.3225463378246693,False,False,False
"Codington County, South Dakota",46029,T3 mid (11.7k-100k),14310.0,0.14644407854259078,0.9452349452856371,0.4893422666814062,False,False,False
"Corson County, South Dakota",46031,T1 thin (<2.2k returns),1160.0,0.19021324090935793,1.1328585298237355,0.042785836903957625,True,False,False
"Custer County, South Dakota",46033,T2 small (2.2k-11.7k),4800.0,0.30561382635649204,1.4704488063991275,0.08003724067676972,False,False,False
"Davison County, South Dakota",46035,T2 small (2.2k-11.7k),9660.0,0.1258100805117459,0.944335328573725,0.4020303035105633,False,False,False
"Day County, South Dakota",46037,T2 small (2.2k-11.7k),2680.0,0.2385953156247055,1.014745054390681,0.23276421306882,False,False,False
"Deuel County, South Dakota",46039,T1 thin (<2.2k returns),2170.0,0.10164382952219948,0.5665619034593373,0.2343702552615732,True,False,False
"Dewey County, South Dakota",46041,T2 small (2.2k-11.7k),2410.0,0.09523332331228913,0.5805143300057217,0.2582133941376234,False,False,False
"Douglas County, South Dakota",46043,T1 thin (<2.2k returns),1340.0,0.16111332801276934,1.0127919469910687,0.34037570531114436,True,False,False
"Edmunds County, South Dakota",46045,T1 thin (<2.2k returns),2070.0,0.18503171134679955,1.2399066372701562,0.4218630601761713,True,False,False
"Fall River County, South Dakota",46047,T2 small (2.2k-11.7k),3610.0,0.2171875492265524,1.0388441055194515,0.2641210469170922,False,False,False
"Faulk County, South Dakota",46049,T1 thin (<2.2k returns),980.0,0.2831109550561798,1.5420681064687414,0.15769321224247035,True,False,False
"Grant County, South Dakota",46051,T2 small (2.2k-11.7k),3580.0,0.13330818045745246,0.8093830259750951,0.2845874709129264,False,False,False
"Gregory County, South Dakota",46053,T1 thin (<2.2k returns),1970.0,0.27013084870527887,1.3423965146717307,0.17952115324469065,True,False,False
"Haakon County, South Dakota",46055,T1 thin (<2.2k returns),970.0,0.38368138424821,1.9354538094005072,0.0389739118887925,True,False,False
"Hamlin County, South Dakota",46057,T2 small (2.2k-11.7k),2910.0,0.12360796937532625,0.7776180810805337,0.28665338996559836,False,False,False
"Hand County, South Dakota",46059,T1 thin (<2.2k returns),1490.0,0.22204458165646765,1.4261509317124976,0.24156508903408355,True,False,False
"Hanson County, South Dakota",46061,T1 thin (<2.2k returns),1910.0,0.09844769688905784,0.952190584532647,0.5033738560335058,True,False,False
"Harding County, South Dakota",46063,T1 thin (<2.2k returns),590.0,0.5086041070964388,2.436792283645773,0.06077707238006996,True,False,False
"Hughes County, South Dakota",46065,T2 small (2.2k-11.7k),8700.0,0.14228424083428898,0.6480793987963285,0.006799409328524322,False,False,False
"Hutchinson County, South Dakota",46067,T2 small (2.2k-11.7k),3320.0,0.18508596828412202,0.9534663325517598,0.1632353432592831,False,False,False
"Hyde County, South Dakota",46069,T1 thin (<2.2k returns),640.0,0.2119605053248825,1.6996573767489078,0.4018119939484844,True,False,False
"Jackson County, South Dakota",46071,T1 thin (<2.2k returns),1090.0,0.23130962972052643,1.3028595458969416,0.19105412219404416,True,False,False
"Jerauld County, South Dakota",46073,T1 thin (<2.2k returns),940.0,0.22398781739331944,1.2582845830481144,0.17844147138426245,True,False,False
"Jones County, South Dakota",46075,T1 thin (<2.2k returns),470.0,0.29232830820770517,1.555210022443033,0.10494348672374217,True,False,False
"Kingsbury County, South Dakota",46077,T2 small (2.2k-11.7k),2750.0,0.12974664855607393,0.7270486407848709,0.3418546653173941,False,False,False
"Lake County, South Dakota",46079,T2 small (2.2k-11.7k),5570.0,0.12410762909971955,0.8205087505911723,0.3916265758018699,False,False,False
"Lawrence County, South Dakota",46081,T3 mid (11.7k-100k),14360.0,0.30255781850930485,1.6979945852258012,0.42912469186700053,False,False,True
"Lincoln County, South Dakota",46083,T3 mid (11.7k-100k),35390.0,0.15173500250964325,0.9930790705800188,0.38111840904096755,False,False,False
"Lyman County, South Dakota",46085,T1 thin (<2.2k returns),1590.0,0.17310394668165577,1.0345852077364954,0.19974735237093372,True,False,False
"McCook County, South Dakota",46087,T2 small (2.2k-11.7k),2710.0,0.127517907241635,0.5719673743626571,0.12532658464591634,False,False,False
"McPherson County, South Dakota",46089,T1 thin (<2.2k returns),1060.0,0.2162704945018766,1.5578448610141282,0.3390698093748221,True,False,False
"Marshall County, South Dakota",46091,T1 thin (<2.2k returns),1950.0,0.19189349936094555,1.1245784855330145,0.20118874030583206,True,False,False
"Meade County, South Dakota",46093,T3 mid (11.7k-100k),15240.0,0.1037444686168593,0.677430204036383,0.4221286446188744,False,False,False
"Mellette County, South Dakota",46095,T1 thin (<2.2k returns),730.0,0.20134163409101877,1.2964998535810988,0.009492288659914673,True,False,False
"Miner County, South Dakota",46097,T1 thin (<2.2k returns),1050.0,0.2551785942901037,0.8759314225662255,0.5431958943108973,True,False,False
"Minnehaha County, South Dakota",46099,T4 large (>=100k),104710.0,0.11748537823193309,0.8211938544257951,0.45548902007313397,False,False,False
"Moody County, South Dakota",46101,T2 small (2.2k-11.7k),2980.0,0.13647043466910325,0.6852619861362225,0.1832548218994086,False,False,False
"Oglala Lakota County, South Dakota",46102,T2 small (2.2k-11.7k),4230.0,0.011041923345875929,0.04477058938693698,0.06349623982196087,False,False,False
"Pennington County, South Dakota",46103,T3 mid (11.7k-100k),61380.0,0.1769111368860023,1.061104824997559,0.3331297251280136,False,False,False
"Perkins County, South Dakota",46105,T1 thin (<2.2k returns),1300.0,0.3210915884314328,1.8218931399538163,0.08871992152337281,True,False,False
"Potter County, South Dakota",46107,T1 thin (<2.2k returns),1130.0,0.14636271901660397,1.1776009450718452,0.5347772827870131,True,False,False
"Roberts County, South Dakota",46109,T2 small (2.2k-11.7k),4190.0,0.12459335416141569,0.7374417256314019,0.12529649734841664,False,False,False
"Sanborn County, South Dakota",46111,T1 thin (<2.2k returns),1070.0,0.12103233461880747,0.802749322642493,0.3221726422591069,True,False,False
"Spink County, South Dakota",46115,T2 small (2.2k-11.7k),2830.0,0.1481070878838965,0.9901644240724725,0.4258290762698461,False,False,False
"Stanley County, South Dakota",46117,T1 thin (<2.2k returns),1640.0,0.2702200371724924,1.138807191529229,0.13126314107014925,True,False,False
"Sully County, South Dakota",46119,T1 thin (<2.2k returns),790.0,0.22390089137331923,1.2344234631977677,0.1598527917322987,True,False,False
"Todd County, South Dakota",46121,T2 small (2.2k-11.7k),2750.0,0.02062336086004725,0.11317921315536394,0.07843094937609116,False,False,False
"Tripp County, South Dakota",46123,T2 small (2.2k-11.7k),2610.0,0.24077456289318253,1.370090559997386,0.18006628454251064,False,False,False
"Turner County, South Dakota",46125,T2 small (2.2k-11.7k),4040.0,0.12173386310202154,0.5674954711203857,0.07513671505937633,False,False,False
"Union County, South Dakota",46127,T2 small (2.2k-11.7k),8070.0,0.38666174628808053,3.112543465266539,0.40535315498341823,False,False,True
"Walworth County, South Dakota",46129,T2 small (2.2k-11.7k),2570.0,0.21775443257058907,1.1345221662614033,0.31253186370542313,False,False,False
"Yankton County, South Dakota",46135,T2 small (2.2k-11.7k),11130.0,0.1270498619565579,0.826003476138897,0.349431837351197,False,False,False
"Ziebach County, South Dakota",46137,T1 thin (<2.2k returns),500.0,0.16616454229432212,0.8577970712053855,0.08951278934929459,True,False,False
"Anderson County, Tennessee",47001,T3 mid (11.7k-100k),37270.0,0.1079415894505231,0.5923548641879772,0.6178683836656781,False,False,False
"Bedford County, Tennessee",47003,T3 mid (11.7k-100k),23040.0,0.10478552351883141,0.5077179203843665,0.2343582937982584,False,False,False
"Benton County, Tennessee",47005,T2 small (2.2k-11.7k),7060.0,0.053366364835692015,0.31299781843192,0.4344253964199319,False,False,False
"Bledsoe County, Tennessee",47007,T2 small (2.2k-11.7k),5630.0,0.07272370072929744,0.27932827103014335,0.012758447432946908,False,False,False
"Blount County, Tennessee",47009,T3 mid (11.7k-100k),65910.0,0.1340769574487865,0.7188154678621512,0.2269393253643162,False,False,False
"Bradley County, Tennessee",47011,T3 mid (11.7k-100k),49610.0,0.08262968295193616,0.482279068527452,0.4427159113091195,False,False,False
"Campbell County, Tennessee",47013,T3 mid (11.7k-100k),15700.0,0.05014581289373613,0.32823859894222307,0.4206957269557141,False,False,False
"Cannon County, Tennessee",47015,T2 small (2.2k-11.7k),6760.0,0.07164661218280576,0.35239946992245763,0.2839751767893889,False,False,False
"Carroll County, Tennessee",47017,T3 mid (11.7k-100k),11990.0,0.07367799162557608,0.3172274409486002,0.21606339866826116,False,False,False
"Carter County, Tennessee",47019,T3 mid (11.7k-100k),23970.0,0.06054295391789359,0.36981850417742745,0.4566023932746463,False,False,False
"Cheatham County, Tennessee",47021,T3 mid (11.7k-100k),20650.0,0.07383471404331769,0.4126310492653914,0.010376971861485155,False,False,False
"Chester County, Tennessee",47023,T2 small (2.2k-11.7k),6910.0,0.036975369654193395,0.23820583619933347,0.3428301902939105,False,False,False
"Claiborne County, Tennessee",47025,T3 mid (11.7k-100k),12960.0,0.05644924701740661,0.3142160332249305,0.21999555922029046,False,False,False
"Clay County, Tennessee",47027,T2 small (2.2k-11.7k),3200.0,0.0682966066818811,0.3265145390754904,0.19443778547519697,False,False,False
"Cocke County, Tennessee",47029,T3 mid (11.7k-100k),16500.0,0.06167043774163088,0.2436167441608789,0.055269182289213174,False,False,False
"Coffee County, Tennessee",47031,T3 mid (11.7k-100k),26820.0,0.07639466950795655,0.45092560097910966,0.41776771589468376,False,False,False
"Crockett County, Tennessee",47033,T2 small (2.2k-11.7k),6310.0,0.03403920874060463,0.22520577885147852,0.5163074602181975,False,False,False
"Cumberland County, Tennessee",47035,T3 mid (11.7k-100k),30020.0,0.17947867662425734,0.9198711827561074,0.13704985864566585,False,False,False
"Davidson County, Tennessee",47037,T4 large (>=100k),360910.0,0.25525259278343365,1.6042847257551287,0.35515086728658546,False,False,True
"Decatur County, Tennessee",47039,T2 small (2.2k-11.7k),4780.0,0.050926224053920624,0.3632011570091607,0.4046242743035785,False,False,False
"DeKalb County, Tennessee",47041,T2 small (2.2k-11.7k),9060.0,0.09150948531260449,0.5369848474137787,0.4410939572879706,False,False,False
"Dickson County, Tennessee",47043,T3 mid (11.7k-100k),25870.0,0.07332382003217673,0.3828838875271253,0.16735210667938424,False,False,False
"Dyer County, Tennessee",47045,T3 mid (11.7k-100k),15810.0,0.061327966528694745,0.4983574523885956,0.688324951031442,False,False,False
"Fayette County, Tennessee",47047,T3 mid (11.7k-100k),21610.0,0.08016443046724438,0.5212990329317356,0.49540417777292545,False,False,False
"Fentress County, Tennessee",47049,T2 small (2.2k-11.7k),7900.0,0.08471751511128192,0.4427906296277907,0.4662866511068336,False,False,False
"Franklin County, Tennessee",47051,T3 mid (11.7k-100k),19530.0,0.09953281823549041,0.5568768016661302,0.2546351095355782,False,False,False
"Gibson County, Tennessee",47053,T3 mid (11.7k-100k),22270.0,0.04864388915770691,0.3023161957981498,0.1737292778094419,False,False,False
"Giles County, Tennessee",47055,T3 mid (11.7k-100k),13470.0,0.07687045005356517,0.46238475202037393,0.32765408643525046,False,False,False
"Grainger County, Tennessee",47057,T2 small (2.2k-11.7k),10340.0,0.045889225929670825,0.23624768270043997,0.3059551431488854,False,False,False
"Greene County, Tennessee",47059,T3 mid (11.7k-100k),31510.0,0.07837144409164688,0.42616291268133094,0.3304470575502988,False,False,False
"Grundy County, Tennessee",47061,T2 small (2.2k-11.7k),6010.0,0.0646289318826468,0.401958001800261,0.6399669832978139,False,False,False
"Hamblen County, Tennessee",47063,T3 mid (11.7k-100k),29020.0,0.1912521781576901,0.5722187629644734,1.1328276062080769,False,False,True
"Hamilton County, Tennessee",47065,T4 large (>=100k),177580.0,0.22546223830519416,1.165210781646407,0.18179133460584632,False,False,True
"Hancock County, Tennessee",47067,T2 small (2.2k-11.7k),2510.0,0.045243081244435525,0.21363499907710787,0.12835374232604627,False,False,False
"Hardeman County, Tennessee",47069,T2 small (2.2k-11.7k),10830.0,0.04956677940336132,0.22870574454860834,0.18379608010853482,False,False,False
"Hardin County, Tennessee",47071,T2 small (2.2k-11.7k),11290.0,0.1322643391198892,0.5512896688654113,0.32237902851582523,False,False,False
"Hawkins County, Tennessee",47073,T3 mid (11.7k-100k),24970.0,0.05571073944486576,0.2816767807465639,0.3103480663861935,False,False,False
"Haywood County, Tennessee",47075,T2 small (2.2k-11.7k),7800.0,0.05852350386684891,0.23748267292154307,0.07364798642198235,False,False,False
"Henderson County, Tennessee",47077,T3 mid (11.7k-100k),12110.0,0.05617639532680524,0.2931465129705983,0.05427235155361951,False,False,False
"Henry County, Tennessee",47079,T3 mid (11.7k-100k),14880.0,0.10179377776476702,0.6640193699996793,0.45890411466295467,False,False,False
"Hickman County, Tennessee",47081,T2 small (2.2k-11.7k),10730.0,0.056538699342364114,0.28354503867468284,0.3785674941382937,False,False,False
"Houston County, Tennessee",47083,T2 small (2.2k-11.7k),3540.0,0.03326646606486125,0.20189958087127602,0.41002199196768935,False,False,False
"Humphreys County, Tennessee",47085,T2 small (2.2k-11.7k),8440.0,0.06277171695187311,0.429840806447369,0.5733765360338074,False,False,False
"Jackson County, Tennessee",47087,T2 small (2.2k-11.7k),5050.0,0.056578351915086186,0.30539985770211253,0.23777859937575824,False,False,False
"Jefferson County, Tennessee",47089,T3 mid (11.7k-100k),25450.0,0.13561700966528772,0.5772895429212944,0.13897721108800615,False,False,False
"Johnson County, Tennessee",47091,T2 small (2.2k-11.7k),7020.0,0.09145907188527805,0.5093768200158459,0.3333450315689822,False,False,False
"Knox County, Tennessee",47093,T4 large (>=100k),227170.0,0.14718362456409315,0.9115096072183464,0.4469312467112494,False,False,False
"Lake County, Tennessee",47095,T1 thin (<2.2k returns),2130.0,0.03222155954183297,0.1487662131216161,0.20402305582822922,True,False,False
"Lauderdale County, Tennessee",47097,T2 small (2.2k-11.7k),9870.0,0.05081303035604934,0.34501622892105877,0.19091291365553942,False,False,False
"Lawrence County, Tennessee",47099,T3 mid (11.7k-100k),18370.0,0.05701800657744782,0.44452669450093696,0.33432931621687495,False,False,False
"Lewis County, Tennessee",47101,T2 small (2.2k-11.7k),5400.0,0.05944076600424447,0.2668678092612212,0.33265188232564663,False,False,False
"Lincoln County, Tennessee",47103,T3 mid (11.7k-100k),16050.0,0.08060331050307978,0.4712775674910651,0.42900349007637545,False,False,False
"Loudon County, Tennessee",47105,T3 mid (11.7k-100k),29170.0,0.18870857917901043,1.0903535820958732,0.4037592994036154,False,False,False
"McMinn County, Tennessee",47107,T3 mid (11.7k-100k),24130.0,0.06011648149147475,0.3293588001556894,0.516430369992192,False,False,False
"McNairy County, Tennessee",47109,T2 small (2.2k-11.7k),10670.0,0.040310099169360604,0.23786411995867737,0.3715730232835309,False,False,False
"Macon County, Tennessee",47111,T2 small (2.2k-11.7k),10840.0,0.07244288808040776,0.36110793602338453,0.34793937176271644,False,False,False
"Madison County, Tennessee",47113,T3 mid (11.7k-100k),45290.0,0.09160298478923688,0.6044609520151999,0.47221364247046027,False,False,False
"Marion County, Tennessee",47115,T3 mid (11.7k-100k),13190.0,0.08009534846098736,0.46684597758316765,0.5407230189384109,False,False,False
"Marshall County, Tennessee",47117,T3 mid (11.7k-100k),16770.0,0.08086945480947855,0.5859690930895308,0.5253482181409468,False,False,False
"Maury County, Tennessee",47119,T3 mid (11.7k-100k),51940.0,0.10556613844444256,0.5483588616337328,0.24839000992484744,False,False,False
"Meigs County, Tennessee",47121,T2 small (2.2k-11.7k),5760.0,0.08407219634114511,0.4005496825649549,0.4406160980234363,False,False,False
"Monroe County, Tennessee",47123,T3 mid (11.7k-100k),20900.0,0.09694298452953663,0.5014636648820143,0.28546274759734175,False,False,False
"Montgomery County, Tennessee",47125,T4 large (>=100k),102480.0,0.0627150822868514,0.3776708890642667,0.26542294199171623,False,False,False
"Moore County, Tennessee",47127,T2 small (2.2k-11.7k),3050.0,0.05902980325608528,0.30514308365581033,0.19697433636301825,False,False,False
"Morgan County, Tennessee",47129,T2 small (2.2k-11.7k),8520.0,0.029523287610570482,0.1868297367706331,0.32284589295735583,False,False,False
"Obion County, Tennessee",47131,T3 mid (11.7k-100k),13730.0,0.12718930247083124,0.7171940308312735,0.5122656005567409,False,False,False
"Overton County, Tennessee",47133,T2 small (2.2k-11.7k),9970.0,0.04741980474198047,0.3664048779902631,0.4888427566831469,False,False,False
"Perry County, Tennessee",47135,T2 small (2.2k-11.7k),3360.0,0.07639535338522314,0.26405829997599073,0.04013486363265628,False,False,False
"Pickett County, Tennessee",47137,T2 small (2.2k-11.7k),2250.0,0.16919795112853986,0.6897184693753768,0.228546227330999,False,False,False
"Polk County, Tennessee",47139,T2 small (2.2k-11.7k),7440.0,0.04896329617653641,0.29400640627188857,0.5359653988826812,False,False,False
"Putnam County, Tennessee",47141,T3 mid (11.7k-100k),35890.0,0.14231718666807994,0.8300126946638976,0.2612232055782185,False,False,False
"Rhea County, Tennessee",47143,T3 mid (11.7k-100k),14240.0,0.058383910469014894,0.31087910237058536,0.26587906680602,False,False,False
"Roane County, Tennessee",47145,T3 mid (11.7k-100k),25280.0,0.08246788712450692,0.4128877318838183,0.12277874227716368,False,False,False
"Robertson County, Tennessee",47147,T3 mid (11.7k-100k),36700.0,0.0634353737084988,0.43900079879021137,0.34765584238618025,False,False,False
"Rutherford County, Tennessee",47149,T4 large (>=100k),169380.0,0.07510937966427755,0.3911960884457379,0.2293662680814362,False,False,False
"Scott County, Tennessee",47151,T2 small (2.2k-11.7k),8470.0,0.04085276513960648,0.24951612028467504,0.5172706780202204,False,False,False
"Sequatchie County, Tennessee",47153,T2 small (2.2k-11.7k),7110.0,0.05627820379311433,0.35424849074031384,0.4535755647059086,False,False,False
"Sevier County, Tennessee",47155,T3 mid (11.7k-100k),49180.0,0.17962600563091252,0.7827114602988668,0.016480132748634736,False,False,True
"Shelby County, Tennessee",47157,T4 large (>=100k),425690.0,0.13807977330158117,0.9324126615905655,0.40795217012047696,False,False,True
"Smith County, Tennessee",47159,T2 small (2.2k-11.7k),9160.0,0.09200923254472014,0.49651869824860195,0.08647075367307851,False,False,False
"Stewart County, Tennessee",47161,T2 small (2.2k-11.7k),5990.0,0.05478342088036658,0.2761038950356923,0.16184286009011567,False,False,False
"Sullivan County, Tennessee",47163,T3 mid (11.7k-100k),73750.0,0.09773329434230832,0.5451138332408678,0.3472966313055382,False,False,False
"Sumner County, Tennessee",47165,T3 mid (11.7k-100k),97320.0,0.12147408594063278,0.8108455831717297,0.39704320472020016,False,False,False
"Tipton County, Tennessee",47167,T3 mid (11.7k-100k),27650.0,0.04154358835695024,0.1706523265840772,0.17225012999146352,False,False,False
"Trousdale County, Tennessee",47169,T2 small (2.2k-11.7k),4780.0,0.06253783018182699,0.32733044182119186,0.5291616289383627,False,False,False
"Unicoi County, Tennessee",47171,T2 small (2.2k-11.7k),7820.0,0.05145646260541833,0.34376484701576243,0.5008089091056346,False,False,False
"Union County, Tennessee",47173,T2 small (2.2k-11.7k),8430.0,0.04807883514881018,0.24087376508529273,0.3009185850231908,False,False,False
"Van Buren County, Tennessee",47175,T2 small (2.2k-11.7k),2680.0,0.07626629269097508,0.3306303602774895,0.16523780782711642,False,False,False
"Warren County, Tennessee",47177,T3 mid (11.7k-100k),18390.0,0.09983717412458726,0.4514876048464405,0.020457919756427648,False,False,False
"Washington County, Tennessee",47179,T3 mid (11.7k-100k),61400.0,0.09474902611708952,0.5942029882931139,0.43061746851874844,False,False,False
"Wayne County, Tennessee",47181,T2 small (2.2k-11.7k),6010.0,0.05124002013654575,0.30987588720345205,0.21074572868647043,False,False,False
"Weakley County, Tennessee",47183,T3 mid (11.7k-100k),13330.0,0.0814611593949852,0.4614979431352507,0.18283150845265944,False,False,False
"White County, Tennessee",47185,T3 mid (11.7k-100k),12260.0,0.08440948882793425,0.39603536537119666,0.167157218070174,False,False,False
"Williamson County, Tennessee",47187,T4 large (>=100k),119380.0,0.33046175028607044,1.7621879477456333,0.31616938159137226,False,False,True
"Wilson County, Tennessee",47189,T3 mid (11.7k-100k),78700.0,0.10464969923636881,0.5843124712857282,0.3610580708708514,False,False,False
"Anderson County, Texas",48001,T3 mid (11.7k-100k),21080.0,0.11289590258614403,0.5372488547911602,0.15258020649369403,False,False,False
"Andrews County, Texas",48003,T2 small (2.2k-11.7k),7580.0,0.04866117253717336,0.2593298752713363,0.03935365299857886,False,False,False
"Angelina County, Texas",48005,T3 mid (11.7k-100k),37400.0,0.23172981436577267,0.864380254678526,0.1515687108878904,False,False,True
"Aransas County, Texas",48007,T3 mid (11.7k-100k),12260.0,0.2804234403013638,1.287073824590657,0.01572223313377947,False,False,False
"Archer County, Texas",48009,T2 small (2.2k-11.7k),4150.0,0.1265591577687209,0.7750095171151059,0.46684184633255393,False,False,False
"Armstrong County, Texas",48011,T1 thin (<2.2k returns),870.0,0.0700571596072109,0.3876445723434502,0.35098176572924256,True,False,False
"Atascosa County, Texas",48013,T3 mid (11.7k-100k),23220.0,0.07931514468421967,0.32107784911957216,0.08527240701305898,False,False,False
"Austin County, Texas",48015,T3 mid (11.7k-100k),15530.0,0.1503336902657071,0.9428565394943069,0.4939636402496765,False,False,False
"Bailey County, Texas",48017,T2 small (2.2k-11.7k),2500.0,0.054532988766415276,0.5019335619511367,0.6050430924749945,False,False,False
"Bandera County, Texas",48019,T2 small (2.2k-11.7k),11190.0,0.2771051634894584,1.1786068469139488,0.023607235785831657,False,False,True
"Bastrop County, Texas",48021,T3 mid (11.7k-100k),47110.0,0.15769523539772878,0.56778974949878,0.27223809251368936,False,False,True
"Baylor County, Texas",48023,T1 thin (<2.2k returns),1420.0,0.12432718448373382,0.5919791005988497,0.33592405604288184,True,False,False
"Bee County, Texas",48025,T2 small (2.2k-11.7k),10920.0,0.07827671178483422,0.4632511416068933,0.1834342834606585,False,False,False
"Bell County, Texas",48027,T4 large (>=100k),169120.0,0.06880602273292973,0.4059109344053004,0.401351987016882,False,False,False
"Bexar County, Texas",48029,T4 large (>=100k),949060.0,0.10897708255158475,0.8573704769050151,0.44402856573912686,False,False,False
"Blanco County, Texas",48031,T2 small (2.2k-11.7k),6650.0,0.3693043186111708,2.0696204330244847,0.41483170031545014,False,False,True
"Borden County, Texas",48033,T1 thin (<2.2k returns),260.0,0.11195158850226929,0.5833242480098892,0.38569088578473765,True,True,False
"Bosque County, Texas",48035,T2 small (2.2k-11.7k),8310.0,0.1599728516815336,0.8363657599489562,0.3074249573615062,False,False,False
"Bowie County, Texas",48037,T3 mid (11.7k-100k),40160.0,0.11705723311673973,0.7548710946728523,0.5769886451468426,False,False,False
"Brazoria County, Texas",48039,T4 large (>=100k),173770.0,0.05979486422344147,0.3172179213353427,0.26862840235360336,False,False,False
"Brazos County, Texas",48041,T3 mid (11.7k-100k),91870.0,0.13102805227990585,0.864866890912025,0.297142574440677,False,False,False
"Brewster County, Texas",48043,T2 small (2.2k-11.7k),4350.0,0.18902781804948193,1.340578168007514,0.4886705546985203,False,False,False
"Briscoe County, Texas",48045,T1 thin (<2.2k returns),640.0,0.1052490746108906,0.6845645233800951,0.17951077310840544,True,False,False
"Brooks County, Texas",48047,T2 small (2.2k-11.7k),2780.0,0.009393700156752366,0.0792312917775597,0.6235792614133998,False,False,False
"Brown County, Texas",48049,T3 mid (11.7k-100k),16470.0,0.13889887637068785,0.7024866221543975,0.20814125098749284,False,False,False
"Burleson County, Texas",48051,T2 small (2.2k-11.7k),9180.0,0.13009661347460907,0.6175977058697081,0.13002809551713246,False,False,False
"Burnet County, Texas",48053,T3 mid (11.7k-100k),26340.0,0.3819210644764051,2.085815870051637,0.2529810728395024,False,False,True
"Caldwell County, Texas",48055,T3 mid (11.7k-100k),21640.0,0.10713871526761484,0.5704966287909518,0.3196261463502649,False,False,False
"Calhoun County, Texas",48057,T2 small (2.2k-11.7k),9340.0,0.06438237859779722,0.38146800926628377,0.4421002057629713,False,False,False
"Callahan County, Texas",48059,T2 small (2.2k-11.7k),6340.0,0.11517126709003137,0.5622672022915067,0.07771461581353924,False,False,False
"Cameron County, Texas",48061,T4 large (>=100k),183430.0,0.04550273753973673,0.2864180399971327,0.298538528026867,False,False,False
"Camp County, Texas",48063,T2 small (2.2k-11.7k),5770.0,0.057495363950749286,0.44784714310617824,0.7071386425887437,False,False,False
"Carson County, Texas",48065,T2 small (2.2k-11.7k),2650.0,0.09669120722831089,0.3139745856493541,0.708646182335842,False,False,False
"Cass County, Texas",48067,T3 mid (11.7k-100k),12750.0,0.0674956598659868,0.3566580794960746,0.3012214907175218,False,False,False
"Castro County, Texas",48069,T2 small (2.2k-11.7k),3000.0,0.18397719805773874,0.9185277481719574,0.19221244735248705,False,False,True
"Chambers County, Texas",48071,T3 mid (11.7k-100k),23800.0,0.06153545636120895,0.38465208806877427,0.15344863435606146,False,False,False
"Cherokee County, Texas",48073,T3 mid (11.7k-100k),22210.0,0.09770340922218607,0.5114708019994438,0.3090875863331306,False,False,False
"Childress County, Texas",48075,T2 small (2.2k-11.7k),2440.0,0.0628039926483281,0.40949097719381483,0.3550710794760015,False,False,False
"Clay County, Texas",48077,T2 small (2.2k-11.7k),4880.0,0.07784768399865524,0.4777917388476115,0.40511993151377645,False,False,False
"Cochran County, Texas",48079,T1 thin (<2.2k returns),1070.0,0.035089524593537764,0.16218374892384305,0.03148655621506001,True,True,False
"Coke County, Texas",48081,T1 thin (<2.2k returns),1520.0,0.11252265814617961,0.635956641955198,0.21328103939132456,True,False,False
"Coleman County, Texas",48083,T2 small (2.2k-11.7k),3640.0,0.1387042253521127,0.9454611178456052,0.3928546828156328,False,False,False
"Collin County, Texas",48085,T4 large (>=100k),537580.0,0.1236623723066308,0.807637571266454,0.4138935534293923,False,False,False
"Collingsworth County, Texas",48087,T1 thin (<2.2k returns),1130.0,0.08526199297502766,0.5790935051830153,0.6574557376728095,True,False,False
"Colorado County, Texas",48089,T2 small (2.2k-11.7k),10380.0,0.21489733988149076,1.385658823671147,0.610335368591749,False,False,False
"Comal County, Texas",48091,T3 mid (11.7k-100k),90650.0,0.14769436647896841,0.9771063488016006,0.4510693477589257,False,False,False
"Comanche County, Texas",48093,T2 small (2.2k-11.7k),6120.0,0.25065176596039446,1.0207376791383598,0.09413967305346514,False,False,True
"Concho County, Texas",48095,T1 thin (<2.2k returns),1060.0,0.18178100119969462,0.710351988266825,0.8101046680654965,True,False,False
"Cooke County, Texas",48097,T3 mid (11.7k-100k),20140.0,0.18093785566204393,1.0826114520813095,0.36845682005955593,False,False,False
"Coryell County, Texas",48099,T3 mid (11.7k-100k),30800.0,0.06025472646042451,0.2604826009436967,0.027560141399962285,False,False,False
"Cottle County, Texas",48101,T1 thin (<2.2k returns),540.0,0.030885780885780884,0.3218653956169425,0.8157680471558317,True,True,False
"Crane County, Texas",48103,T1 thin (<2.2k returns),2020.0,0.015311904280832447,0.11272091580920614,0.4755106164293307,True,False,False
"Crockett County, Texas",48105,T1 thin (<2.2k returns),1400.0,0.066560118816996,0.6228673576174061,0.4300777500346788,True,False,False
"Crosby County, Texas",48107,T1 thin (<2.2k returns),2140.0,0.05437524449300581,0.32396529543248337,0.42352489580867986,True,False,False
"Culberson County, Texas",48109,T1 thin (<2.2k returns),1070.0,0.004064967209264512,0.05628602071563452,0.7894050340331437,True,True,False
"Dallam County, Texas",48111,T2 small (2.2k-11.7k),3370.0,0.09658296051082454,0.6346220262215738,0.6347850915497253,False,False,False
"Dallas County, Texas",48113,T4 large (>=100k),1222890.0,0.3130242172424687,1.6779466170152468,0.1635958403871096,False,False,True
"Dawson County, Texas",48115,T2 small (2.2k-11.7k),4600.0,0.0817155051267371,0.5967440829773112,0.1500757867782522,False,False,False
"Deaf Smith County, Texas",48117,T2 small (2.2k-11.7k),7910.0,0.11429434749249778,0.4777191853812098,0.19500339214903228,False,False,True
"Delta County, Texas",48119,T2 small (2.2k-11.7k),2250.0,0.0778187223237234,0.30670840191773896,0.09089162518682777,False,False,False
"Denton County, Texas",48121,T4 large (>=100k),462230.0,0.10798701277231848,0.6644637168381704,0.4391770735007797,False,False,False
"DeWitt County, Texas",48123,T2 small (2.2k-11.7k),8480.0,0.2148186663200312,1.0434785300726186,0.011999536094631655,False,False,False
"Dickens County, Texas",48125,T1 thin (<2.2k returns),740.0,0.0380897361833237,0.35104682010280286,0.652527467344185,True,False,False
"Dimmit County, Texas",48127,T2 small (2.2k-11.7k),3810.0,0.038666507980587406,0.23792261035791365,0.12468614727810037,False,False,False
"Donley County, Texas",48129,T1 thin (<2.2k returns),1410.0,0.06423011706061411,0.2864722137850082,0.5401846820159758,True,False,False
"Duval County, Texas",48131,T2 small (2.2k-11.7k),4370.0,0.02957668851319778,0.206361359343123,0.08789147467890457,False,False,False
"Eastland County, Texas",48133,T2 small (2.2k-11.7k),7660.0,0.1979334714898597,1.0584320339753497,0.08735298554208133,False,False,False
"Ector County, Texas",48135,T3 mid (11.7k-100k),71900.0,0.04950835761665871,0.32976723984420236,0.21529208795593222,False,False,False
"Edwards County, Texas",48137,T1 thin (<2.2k returns),800.0,0.20365218072808497,1.2433267766419154,0.260394809173573,True,False,False
"Ellis County, Texas",48139,T3 mid (11.7k-100k),99690.0,0.07451894437417174,0.3992580811076728,0.29659937315695206,False,False,False
"El Paso County, Texas",48141,T4 large (>=100k),406360.0,0.055326597915214146,0.3370201927842746,0.36281942650982957,False,False,False
"Erath County, Texas",48143,T3 mid (11.7k-100k),17530.0,0.15890300129270357,0.9764019003369725,0.4671828823709915,False,False,False
"Falls County, Texas",48145,T2 small (2.2k-11.7k),6770.0,0.08069933517706784,0.48773193997392605,0.526210310872745,False,False,False
"Fannin County, Texas",48147,T3 mid (11.7k-100k),15410.0,0.1090310074362462,0.5771059839840981,0.32671808425704724,False,False,False
"Fayette County, Texas",48149,T3 mid (11.7k-100k),12810.0,0.2842428080363962,1.5413138196295444,0.3169779167425268,False,False,False
"Fisher County, Texas",48151,T1 thin (<2.2k returns),1590.0,0.09321945475413257,0.4697501801541014,0.1848811818612435,True,False,False
"Floyd County, Texas",48153,T2 small (2.2k-11.7k),2280.0,0.09661793311162703,0.44917124401193986,0.06985575563683558,False,False,False
"Foard County, Texas",48155,T1 thin (<2.2k returns),460.0,0.030290154182347942,0.2023037810896932,0.05771495741961918,True,True,False
"Fort Bend County, Texas",48157,T4 large (>=100k),401780.0,0.1152755961750711,0.6453654976102262,0.3567424144680214,False,False,False
"Franklin County, Texas",48159,T2 small (2.2k-11.7k),4660.0,0.12117607758184358,0.7589510645298093,0.37876509738773007,False,False,False
"Freestone County, Texas",48161,T2 small (2.2k-11.7k),8300.0,0.1284205960512156,0.5907174940498313,0.289962602153585,False,False,False
"Frio County, Texas",48163,T2 small (2.2k-11.7k),6610.0,0.03806876963660588,0.2889678109987691,0.3997866180445193,False,False,False
"Gaines County, Texas",48165,T2 small (2.2k-11.7k),9160.0,0.10514256684464537,0.4399754373732475,0.1081505363173163,False,False,False
"Galveston County, Texas",48167,T4 large (>=100k),163400.0,0.11442467445256846,0.6226496085092974,0.22800877054409643,False,False,False
"Garza County, Texas",48169,T1 thin (<2.2k returns),1830.0,0.21258932889151577,0.8166087906168589,0.17812656789262282,True,False,True
"Gillespie County, Texas",48171,T3 mid (11.7k-100k),14660.0,0.4534196688616625,3.13295168071181,0.4428783094455517,False,False,True
"Glasscock County, Texas",48173,T1 thin (<2.2k returns),620.0,0.24213586375229684,1.4069540963036886,0.3006113785811201,True,False,False
"Goliad County, Texas",48175,T2 small (2.2k-11.7k),3330.0,0.1298419429693706,0.7095864379242742,0.21140781369101044,False,False,False
"Gonzales County, Texas",48177,T2 small (2.2k-11.7k),9570.0,0.14235390420870428,0.6367669847736895,0.03563095606687419,False,False,False
"Gray County, Texas",48179,T2 small (2.2k-11.7k),8540.0,0.08658988789726021,0.443808729416687,0.0236006956900852,False,False,False
"Grayson County, Texas",48181,T3 mid (11.7k-100k),65660.0,0.13648009837774466,0.6561729158152966,0.16294106459290203,False,False,False
"Gregg County, Texas",48183,T3 mid (11.7k-100k),57190.0,0.13914227036903618,0.818820520651107,0.3342752896033184,False,False,False
"Grimes County, Texas",48185,T3 mid (11.7k-100k),14240.0,0.13250248043053553,0.7381263717757169,0.29760941558254206,False,False,False
"Guadalupe County, Texas",48187,T3 mid (11.7k-100k),86690.0,0.07452807702905324,0.3992882491027955,0.2898200535991473,False,False,False
"Hale County, Texas",48189,T3 mid (11.7k-100k),12800.0,0.1408277386538256,0.6253593136351782,0.04627351023825045,False,False,True
"Hall County, Texas",48191,T1 thin (<2.2k returns),1260.0,0.1471948212083847,0.48835221381200833,0.8985171120512492,True,False,False
"Hamilton County, Texas",48193,T2 small (2.2k-11.7k),3950.0,0.3026278214904153,1.802605599077879,0.44409286057214903,False,False,False
"Hansford County, Texas",48195,T2 small (2.2k-11.7k),2260.0,0.08459558551218428,0.7597602520802867,0.5024988537581052,False,False,False
"Hardeman County, Texas",48197,T1 thin (<2.2k returns),1570.0,0.040615953402392664,0.36481256381521504,0.40252268325505763,True,False,False
"Hardin County, Texas",48199,T3 mid (11.7k-100k),25590.0,0.06510590518105214,0.33217622468572516,0.10930077449571368,False,False,False
"Harris County, Texas",48201,T4 large (>=100k),2147630.0,0.17975958978509748,1.1105650777507905,0.3722255406494175,False,False,True
"Harrison County, Texas",48203,T3 mid (11.7k-100k),30040.0,0.13178791246894106,0.5779292122649553,0.05132154293670915,False,False,False
"Hartley County, Texas",48205,T1 thin (<2.2k returns),2050.0,0.23849662541632888,1.023350099851435,0.35843920341073093,True,False,True
"Haskell County, Texas",48207,T1 thin (<2.2k returns),2120.0,0.0662884011715723,0.45702160827025196,0.370053306993845,True,False,False
"Hays County, Texas",48209,T4 large (>=100k),122280.0,0.12948385304321589,0.8971384402807011,0.45634868525983285,False,False,False
"Hemphill County, Texas",48211,T1 thin (<2.2k returns),1520.0,0.15596823919492758,1.115079229739099,0.335204426862107,True,False,False
"Henderson County, Texas",48213,T3 mid (11.7k-100k),37240.0,0.146583981527413,0.7269309633932769,0.2807365197318065,False,False,False
"Hidalgo County, Texas",48215,T4 large (>=100k),364270.0,0.04223308682558721,0.23334114331655886,0.32500651814942105,False,False,False
"Hill County, Texas",48217,T3 mid (11.7k-100k),17160.0,0.11838406936306035,0.566313273374719,0.1542112167112947,False,False,False
"Hockley County, Texas",48219,T2 small (2.2k-11.7k),9340.0,0.059625161905903286,0.34657052078620554,0.33381722359328075,False,False,False
"Hood County, Texas",48221,T3 mid (11.7k-100k),31590.0,0.18858536081096583,1.122576981647834,0.3126147320341302,False,False,False
"Hopkins County, Texas",48223,T3 mid (11.7k-100k),16720.0,0.10217556272845814,0.6110865203380775,0.4257323879190069,False,False,False
"Houston County, Texas",48225,T2 small (2.2k-11.7k),8730.0,0.13266310038625917,0.708055925399359,0.2855493866849291,False,False,False
"Howard County, Texas",48227,T3 mid (11.7k-100k),12480.0,0.09724127517533179,0.5575824641891872,0.1337369825412456,False,False,False
"Hudspeth County, Texas",48229,T1 thin (<2.2k returns),1400.0,0.016822059987685812,0.2109033011668616,0.7450270280938036,True,True,False
"Hunt County, Texas",48231,T3 mid (11.7k-100k),48140.0,0.06943649672701052,0.39128793818524044,0.5067565022324017,False,False,False
"Hutchinson County, Texas",48233,T2 small (2.2k-11.7k),8630.0,0.04373327324731222,0.2475077326124903,0.23155036708312643,False,False,False
"Irion County, Texas",48235,T1 thin (<2.2k returns),700.0,0.0605143361060133,0.5664146363475732,0.7191544135635639,True,False,False
"Jack County, Texas",48237,T2 small (2.2k-11.7k),3710.0,0.10835584602498614,0.5307765062498753,0.05720156246020018,False,False,False
"Jackson County, Texas",48239,T2 small (2.2k-11.7k),6810.0,0.16857484541434517,0.6578430947365878,0.21440805238808386,False,False,True
"Jasper County, Texas",48241,T3 mid (11.7k-100k),14600.0,0.06624858443195658,0.3284582976521398,0.13061497911371195,False,False,False
"Jeff Davis County, Texas",48243,T1 thin (<2.2k returns),910.0,0.5862692885429469,1.868180051100844,1.1012143902375284,True,False,True
"Jefferson County, Texas",48245,T4 large (>=100k),104630.0,0.12510825375033524,0.578885328302311,0.04066926838882789,False,False,False
"Jim Hogg County, Texas",48247,T1 thin (<2.2k returns),2050.0,0.017151321431355733,0.08905011132792406,0.34821237814625455,True,False,False
"Jim Wells County, Texas",48249,T3 mid (11.7k-100k),16890.0,0.04830163973286789,0.28341085683983136,0.47641976677367,False,False,False
"Johnson County, Texas",48251,T3 mid (11.7k-100k),90260.0,0.0826704373496068,0.4010725993211276,0.15436453026560606,False,False,False
"Jones County, Texas",48253,T2 small (2.2k-11.7k),6820.0,0.09512917619708275,0.4459319067396982,0.007488126840183401,False,False,False
"Karnes County, Texas",48255,T2 small (2.2k-11.7k),5710.0,0.16530823752601947,0.9071584669265604,0.22511881712705697,False,False,False
"Kaufman County, Texas",48257,T3 mid (11.7k-100k),80950.0,0.053199177948343175,0.2760078158123295,0.18335986462446108,False,False,False
"Kendall County, Texas",48259,T3 mid (11.7k-100k),24090.0,0.36682066905696864,2.210808485065013,0.30801921080119077,False,False,True
"Kenedy County, Texas",48261,T1 thin (<2.2k returns),140.0,0.0,0.0,,True,True,False
"Kent County, Texas",48263,T1 thin (<2.2k returns),330.0,0.06232173416999429,0.2994091599006802,0.4267634550106466,True,True,False
"Kerr County, Texas",48265,T3 mid (11.7k-100k),26330.0,0.2604917388461567,2.0709131632541458,0.5263329890475418,False,False,False
"Kimble County, Texas",48267,T1 thin (<2.2k returns),2120.0,0.2966854724964739,1.6302962846921616,0.05538678199832837,True,False,False
"King County, Texas",48269,T1 thin (<2.2k returns),100.0,0.0,0.0,,True,True,False
"Kinney County, Texas",48271,T1 thin (<2.2k returns),1320.0,0.09757788465704753,0.6250639666516793,0.03507136608674444,True,False,False
"Kleberg County, Texas",48273,T3 mid (11.7k-100k),12750.0,0.053308444878696126,0.3389199802732173,0.3177217932051142,False,False,False
"Knox County, Texas",48275,T1 thin (<2.2k returns),1400.0,0.0812211530939529,0.4250883575944641,0.042711561961333314,True,False,False
"Lamar County, Texas",48277,T3 mid (11.7k-100k),21410.0,0.10394976249899364,0.5143736975433351,0.14169481783062848,False,False,False
"Lamb County, Texas",48279,T2 small (2.2k-11.7k),5140.0,0.0730230853792598,0.41184407145025864,0.13513856157179277,False,False,False
"Lampasas County, Texas",48281,T2 small (2.2k-11.7k),10660.0,0.19007375308193958,0.9227634125505292,0.17647006755192046,False,False,True
"La Salle County, Texas",48283,T2 small (2.2k-11.7k),2430.0,0.11089238131491652,1.0556719336842624,0.5606712737003022,False,False,True
"Lavaca County, Texas",48285,T2 small (2.2k-11.7k),9840.0,0.13829926225295927,0.820487467272476,0.43991371112510164,False,False,False
"Lee County, Texas",48287,T2 small (2.2k-11.7k),8590.0,0.10364476237365693,0.8451342283855917,0.5265340594964785,False,False,False
"Leon County, Texas",48289,T2 small (2.2k-11.7k),7920.0,0.19697517993256478,0.8520851378508688,0.3694150359829917,False,False,False
"Liberty County, Texas",48291,T3 mid (11.7k-100k),43910.0,0.06766893919057619,0.278133023926929,0.465897810655103,False,False,False
"Limestone County, Texas",48293,T2 small (2.2k-11.7k),9460.0,0.08829732440564939,0.42167234389357927,0.18636151537933798,False,False,False
"Lipscomb County, Texas",48295,T1 thin (<2.2k returns),1250.0,0.11318274393630809,0.6470302948651805,0.3256995276387292,True,False,False
"Live Oak County, Texas",48297,T2 small (2.2k-11.7k),4860.0,0.11439954467842914,0.7470059944779648,0.5254470544607817,False,False,False
"Llano County, Texas",48299,T2 small (2.2k-11.7k),10560.0,0.3682392414296134,2.5044493155811827,0.5264784875734502,False,False,True
"Loving County, Texas",48301,T1 thin (<2.2k returns),40.0,0.0,0.0,,True,True,False
"Lubbock County, Texas",48303,T4 large (>=100k),137550.0,0.1565985633521223,0.8828799746713987,0.34843426033435887,False,False,True
"Lynn County, Texas",48305,T2 small (2.2k-11.7k),2510.0,0.060197451192255884,0.4982553160997723,0.14176655899646143,False,False,False
"McCulloch County, Texas",48307,T2 small (2.2k-11.7k),3440.0,0.16643857934180514,0.8007563907288766,0.17775111239869973,False,False,False
"McLennan County, Texas",48309,T4 large (>=100k),114950.0,0.11396041110955349,0.6539410895964882,0.37274071199057013,False,False,False
"McMullen County, Texas",48311,T1 thin (<2.2k returns),390.0,0.27048590674252826,1.923062810123919,0.30004508243577604,True,True,True
"Madison County, Texas",48313,T2 small (2.2k-11.7k),5600.0,0.11926578148096084,0.5653043147597477,0.37225001840128663,False,False,False
"Marion County, Texas",48315,T2 small (2.2k-11.7k),4160.0,0.0861657042008332,0.43626722610684715,0.19500213016528237,False,False,False
"Martin County, Texas",48317,T2 small (2.2k-11.7k),2210.0,0.1578301549158955,1.480609061912313,0.05055832486312082,False,False,True
"Mason County, Texas",48319,T1 thin (<2.2k returns),2100.0,0.5277352129941771,2.573005480766207,0.393732283888492,True,False,True
"Matagorda County, Texas",48321,T3 mid (11.7k-100k),16230.0,0.0861810274967304,0.45779729750380743,0.23889673396531202,False,False,False
"Maverick County, Texas",48323,T3 mid (11.7k-100k),27300.0,0.013236052260753863,0.06716218554734472,0.25532515316240767,False,False,False
"Medina County, Texas",48325,T3 mid (11.7k-100k),23450.0,0.09374290506768777,0.559979252587725,0.33428913882660327,False,False,False
"Menard County, Texas",48327,T1 thin (<2.2k returns),890.0,0.1331068804802907,1.03029112701739,0.4615960714280219,True,False,False
"Midland County, Texas",48329,T3 mid (11.7k-100k),81660.0,0.26027885328638367,1.6006364931889305,0.03395111767121834,False,False,True
"Milam County, Texas",48331,T2 small (2.2k-11.7k),11570.0,0.18787854669903298,0.7665227723193165,0.20724977691038346,False,False,True
"Mills County, Texas",48333,T1 thin (<2.2k returns),2170.0,0.2737263852537306,1.1408527888571622,0.13208761096908897,True,False,False
"Mitchell County, Texas",48335,T2 small (2.2k-11.7k),2810.0,0.04703163548921021,0.3119843761528812,0.1873648686759863,False,False,False
"Montague County, Texas",48337,T2 small (2.2k-11.7k),9450.0,0.16222237393045694,0.7319653801664716,0.1281388803592351,False,False,False
"Montgomery County, Texas",48339,T4 large (>=100k),314480.0,0.16175660856476629,0.9411569033652883,0.4077344023830816,False,False,True
"Moore County, Texas",48341,T2 small (2.2k-11.7k),9560.0,0.06373742416491525,0.29054059934778326,0.1433281601387344,False,False,False
"Morris County, Texas",48343,T2 small (2.2k-11.7k),5470.0,0.05453016399119444,0.30725497336386576,0.11792025836092315,False,False,False
"Motley County, Texas",48345,T1 thin (<2.2k returns),480.0,0.08930029948271168,0.46057781273953696,0.3486667658725234,True,False,False
"Nacogdoches County, Texas",48347,T3 mid (11.7k-100k),26020.0,0.09493314422360853,0.6132647657704248,0.4155459241933718,False,False,False
"Navarro County, Texas",48349,T3 mid (11.7k-100k),23120.0,0.10920065681846675,0.6039357817929785,0.3281764057430578,False,False,False
"Newton County, Texas",48351,T2 small (2.2k-11.7k),4930.0,0.028906260860700368,0.17551268342103005,0.33231645931603754,False,False,False
"Nolan County, Texas",48353,T2 small (2.2k-11.7k),6050.0,0.14199235016502668,0.4764330319565623,0.7344384840399723,False,False,True
"Nueces County, Texas",48355,T4 large (>=100k),155790.0,0.09608020208072053,0.5758327438333009,0.3763595564841702,False,False,False
"Ochiltree County, Texas",48357,T2 small (2.2k-11.7k),4200.0,0.1126597156015597,0.5435029880250576,0.15158825584361874,False,False,False
"Oldham County, Texas",48359,T1 thin (<2.2k returns),970.0,0.045066062006715216,0.3603374388823091,0.37224468082144735,True,False,False
"Orange County, Texas",48361,T3 mid (11.7k-100k),35950.0,0.046756516766604514,0.27251412122101526,0.31454121119481476,False,False,False
"Palo Pinto County, Texas",48363,T3 mid (11.7k-100k),13260.0,0.1624979539526153,0.8193477677468863,0.30782424461168856,False,False,False
"Panola County, Texas",48365,T2 small (2.2k-11.7k),10210.0,0.08369374957514784,0.4976216320305342,0.25063209618552146,False,False,False
"Parker County, Texas",48367,T3 mid (11.7k-100k),76850.0,0.1328082194145797,0.8367934017498811,0.37610911023816035,False,False,False
"Parmer County, Texas",48369,T2 small (2.2k-11.7k),4000.0,0.12745394648379724,0.5638033826240758,0.20922306247158404,False,False,True
"Pecos County, Texas",48371,T2 small (2.2k-11.7k),6110.0,0.041939839320740524,0.3531561980273542,0.2890247689647632,False,False,False
"Polk County, Texas",48373,T3 mid (11.7k-100k),27150.0,0.13936868190116417,0.8652335885587995,0.31235188049218476,False,False,False
"Potter County, Texas",48375,T3 mid (11.7k-100k),49720.0,0.10169869104066406,0.6900913361861015,0.4199100046858597,False,False,False
"Presidio County, Texas",48377,T2 small (2.2k-11.7k),3520.0,0.059796758872074855,0.4790798229458753,0.6230477641736775,False,False,False
"Rains County, Texas",48379,T2 small (2.2k-11.7k),5350.0,0.1377940371696593,0.5803968503513555,0.0268627637743743,False,False,False
"Randall County, Texas",48381,T3 mid (11.7k-100k),66750.0,0.09817543569335051,0.59639035486224,0.31481573428926507,False,False,False
"Reagan County, Texas",48383,T1 thin (<2.2k returns),1490.0,0.05334061965405816,0.38634435835788294,0.3306456400011794,True,False,False
"Real County, Texas",48385,T1 thin (<2.2k returns),1730.0,0.37105433579143077,1.4628494080941303,0.2044015390324448,True,False,True
"Red River County, Texas",48387,T2 small (2.2k-11.7k),5240.0,0.16122980612863924,0.5589722587510508,0.5132776210779537,False,False,False
"Reeves County, Texas",48389,T2 small (2.2k-11.7k),5570.0,0.032152075263674765,0.4649018409637195,0.6144814168686357,False,False,False
"Refugio County, Texas",48391,T2 small (2.2k-11.7k),3170.0,0.08086348496768549,0.4723613746967216,0.08956824417449141,False,False,False
"Roberts County, Texas",48393,T1 thin (<2.2k returns),400.0,0.060419596812001874,0.5015372990921542,0.6189627159797555,True,False,False
"Robertson County, Texas",48395,T2 small (2.2k-11.7k),7820.0,0.12712789761031057,0.6496321515711173,0.2064126874598407,False,False,False
"Rockwall County, Texas",48397,T3 mid (11.7k-100k),56720.0,0.1359045301940792,0.821950648787588,0.43575424195006124,False,False,False
"Runnels County, Texas",48399,T2 small (2.2k-11.7k),4580.0,0.0890728199983279,0.5251978328480458,0.34390273819533046,False,False,False
"Rusk County, Texas",48401,T3 mid (11.7k-100k),21540.0,0.07330556489793806,0.5113357173130885,0.41387438164192064,False,False,False
"Sabine County, Texas",48403,T2 small (2.2k-11.7k),4370.0,0.07303117261808335,0.42854210008393745,0.41761261417587986,False,False,False
"San Augustine County, Texas",48405,T2 small (2.2k-11.7k),3270.0,0.10733932994394473,0.45096739020363297,0.05852878484167811,False,False,False
"San Jacinto County, Texas",48407,T3 mid (11.7k-100k),12040.0,0.07011275649670849,0.40237518577375553,0.3236684970811157,False,False,False
"San Patricio County, Texas",48409,T3 mid (11.7k-100k),31880.0,0.05333628717566034,0.34566614486352165,0.4352437381064001,False,False,False
"San Saba County, Texas",48411,T2 small (2.2k-11.7k),2520.0,0.2732405267890681,1.2123181805014163,0.14149809156429538,False,False,False
"Schleicher County, Texas",48413,T1 thin (<2.2k returns),1100.0,0.08774402558061259,0.4772859997223837,0.3230097405763502,True,False,False
"Scurry County, Texas",48415,T2 small (2.2k-11.7k),6470.0,0.12137302593265048,0.6166836454373559,0.2112528971970702,False,False,False
"Shackelford County, Texas",48417,T1 thin (<2.2k returns),1490.0,0.9969789338210391,2.8377355350870617,1.333634957117316,True,False,True
"Shelby County, Texas",48419,T2 small (2.2k-11.7k),10420.0,0.11929555712524094,0.7788712577758016,0.597842864297046,False,False,False
"Sherman County, Texas",48421,T1 thin (<2.2k returns),1170.0,0.1160610061809901,0.4155663327990996,0.7840865126772989,True,False,False
"Smith County, Texas",48423,T4 large (>=100k),109680.0,0.13438611628910288,0.8396794121942662,0.32409342965433463,False,False,False
"Somervell County, Texas",48425,T2 small (2.2k-11.7k),4310.0,0.11253273667922555,0.6751544955126315,0.479091363086809,False,False,False
"Starr County, Texas",48427,T3 mid (11.7k-100k),28050.0,0.00996770011459198,0.04491495740662132,0.08814455629728524,False,False,False
"Stephens County, Texas",48429,T2 small (2.2k-11.7k),3690.0,0.14911749838024108,0.6328679714687924,0.14806685214242415,False,False,False
"Sterling County, Texas",48431,T1 thin (<2.2k returns),520.0,0.17554154893863652,1.1501091745717833,0.2650745024569399,True,False,False
"Stonewall County, Texas",48433,T1 thin (<2.2k returns),580.0,0.21405434587007377,0.9973653897318112,0.10439892472698335,True,False,False
"Sutton County, Texas",48435,T1 thin (<2.2k returns),1670.0,0.17040114504300244,1.4786343814188903,0.5097242599860776,True,False,False
"Swisher County, Texas",48437,T2 small (2.2k-11.7k),2840.0,0.0676792450971701,0.3756548836813229,0.21738303522092575,False,False,False
"Tarrant County, Texas",48439,T4 large (>=100k),1008130.0,0.16361099492284467,0.971617563517427,0.33756414704662563,False,False,True
"Taylor County, Texas",48441,T3 mid (11.7k-100k),63580.0,0.12382812345153733,0.8313873642318942,0.4591300761967915,False,False,False
"Terrell County, Texas",48443,T1 thin (<2.2k returns),310.0,0.055397611891804074,0.23405424021960636,0.01554562306921421,True,True,False
"Terry County, Texas",48445,T2 small (2.2k-11.7k),4590.0,0.05147576259850534,0.31372254838478497,0.00972004547457356,False,False,False
"Throckmorton County, Texas",48447,T1 thin (<2.2k returns),680.0,0.14815734989648033,0.6029881168648865,0.07533416803738162,True,False,False
"Titus County, Texas",48449,T3 mid (11.7k-100k),14430.0,0.10912619963337047,0.5400671178490464,0.3324755729526885,False,False,False
"Tom Green County, Texas",48451,T3 mid (11.7k-100k),53490.0,0.1464080064271631,0.8604080990625966,0.36329554392247015,False,False,False
"Travis County, Texas",48453,T4 large (>=100k),639430.0,0.36503523812647093,2.176792431109887,0.27506850726857696,False,False,True
"Trinity County, Texas",48455,T2 small (2.2k-11.7k),6390.0,0.08371873565368201,0.35774489210624694,0.1636231328878682,False,False,False
"Tyler County, Texas",48457,T2 small (2.2k-11.7k),7860.0,0.060113782500143056,0.3495764486898529,0.4200655462726537,False,False,False
"Upshur County, Texas",48459,T3 mid (11.7k-100k),18200.0,0.05951944899519119,0.3298093399193474,0.316403003873484,False,False,False
"Upton County, Texas",48461,T1 thin (<2.2k returns),1390.0,0.05608279731591119,0.5198919812979466,0.5074951450093668,True,False,False
"Uvalde County, Texas",48463,T3 mid (11.7k-100k),12140.0,0.1270900942667285,0.8099353246362184,0.3874300984432649,False,False,False
"Val Verde County, Texas",48465,T3 mid (11.7k-100k),22400.0,0.04357833965895119,0.29156098293952404,0.23228779039366723,False,False,False
"Van Zandt County, Texas",48467,T3 mid (11.7k-100k),25710.0,0.09833669643075968,0.5050376050666213,0.23085723374533174,False,False,False
"Victoria County, Texas",48469,T3 mid (11.7k-100k),41400.0,0.18385869196627055,0.844559146024207,0.04123254910786105,False,False,True
"Walker County, Texas",48471,T3 mid (11.7k-100k),26690.0,0.12934115706306254,0.598109416602006,0.12219615369253628,False,False,False
"Waller County, Texas",48473,T3 mid (11.7k-100k),24760.0,0.1015002795635064,0.606016537441584,0.4188111561816559,False,False,False
"Ward County, Texas",48475,T2 small (2.2k-11.7k),5090.0,0.036176944454941136,0.43254085218631433,0.750984626952158,False,False,False
"Washington County, Texas",48477,T3 mid (11.7k-100k),17450.0,0.2309189356549688,1.334314524023797,0.28479940726648073,False,False,False
"Webb County, Texas",48479,T4 large (>=100k),124020.0,0.06330107251390985,0.4081628680287972,0.4343206601764117,False,False,False
"Wharton County, Texas",48481,T3 mid (11.7k-100k),19850.0,0.07589447175974084,0.5473106928625839,0.49793770786207936,False,False,False
"Wheeler County, Texas",48483,T1 thin (<2.2k returns),2130.0,0.12745789934780494,0.6143457882238597,0.18671627238693758,True,False,False
"Wichita County, Texas",48485,T3 mid (11.7k-100k),54800.0,0.14576782582854103,0.8871363976557903,0.41697810162700344,False,False,False
"Wilbarger County, Texas",48487,T2 small (2.2k-11.7k),5400.0,0.06894522866802023,0.7708347571616947,0.40558154866190926,False,False,False
"Willacy County, Texas",48489,T2 small (2.2k-11.7k),7640.0,0.017965096611147594,0.15631292303352284,0.47188771516633443,False,False,False
"Williamson County, Texas",48491,T4 large (>=100k),322120.0,0.09655841096279445,0.5971557006512067,0.39467870946069655,False,False,False
"Wilson County, Texas",48493,T3 mid (11.7k-100k),24220.0,0.07652420853346423,0.34734178147660894,0.1215151735056907,False,False,False
"Winkler County, Texas",48495,T2 small (2.2k-11.7k),3170.0,0.030925174876170282,0.24759334676775807,0.5119956551220903,False,False,False
"Wise County, Texas",48497,T3 mid (11.7k-100k),34720.0,0.07938378455446006,0.4870191451176703,0.41853285071971974,False,False,False
"Wood County, Texas",48499,T3 mid (11.7k-100k),21130.0,0.12548754548405697,0.7537813137605379,0.5080310964107088,False,False,False
"Yoakum County, Texas",48501,T2 small (2.2k-11.7k),3440.0,0.02518064936330395,0.19133077172134513,0.24731989558507755,False,False,False
"Young County, Texas",48503,T2 small (2.2k-11.7k),7940.0,0.20117656987142665,1.0421896874882113,0.21658354004774558,False,False,False
"Zapata County, Texas",48505,T2 small (2.2k-11.7k),5440.0,0.02346881648191692,0.15901016497886006,0.44069930776876376,False,False,False
"Zavala County, Texas",48507,T2 small (2.2k-11.7k),4170.0,0.005509938722585002,0.14321496379837412,0.81276677072832,False,True,False
"Beaver County, Utah",49001,T2 small (2.2k-11.7k),3140.0,0.06679118752391025,0.3284529283348602,0.23279764364653094,False,False,False
"Box Elder County, Utah",49003,T3 mid (11.7k-100k),26670.0,0.06337661873642536,0.4085358628655108,0.3468304247590006,False,False,False
"Cache County, Utah",49005,T3 mid (11.7k-100k),57590.0,0.12565011720193336,0.828485765388535,0.23583283285842646,False,False,False
"Carbon County, Utah",49007,T2 small (2.2k-11.7k),8820.0,0.04053239201153188,0.25687474026555035,0.4743964841295436,False,False,False
"Daggett County, Utah",49009,T1 thin (<2.2k returns),450.0,0.057427013153673406,0.2829330114204597,0.3551846073083048,True,True,False
"Davis County, Utah",49011,T4 large (>=100k),162470.0,0.09557262309750149,0.6950165739500819,0.5726745433919271,False,False,False
"Duchesne County, Utah",49013,T2 small (2.2k-11.7k),8150.0,0.07939250416837831,0.33905007196579245,0.051215356185166684,False,False,False
"Emery County, Utah",49015,T2 small (2.2k-11.7k),4210.0,0.030867682101340315,0.17344079856395442,0.4686386987707266,False,False,False
"Garfield County, Utah",49017,T2 small (2.2k-11.7k),2380.0,0.1655413194558809,1.004865061735552,0.4542530161117251,False,False,False
"Grand County, Utah",49019,T2 small (2.2k-11.7k),5370.0,0.1352069752211859,0.9759585452919829,0.6078685014041274,False,False,False
"Iron County, Utah",49021,T3 mid (11.7k-100k),25830.0,0.08761519378293166,0.5542066257761122,0.4871960843202207,False,False,False
"Juab County, Utah",49023,T2 small (2.2k-11.7k),5270.0,0.05928168754913933,0.378478768345723,0.5755080569138117,False,False,False
"Kane County, Utah",49025,T2 small (2.2k-11.7k),3850.0,0.11524105069019998,0.6978198976116182,0.40189692521458903,False,False,False
"Millard County, Utah",49027,T2 small (2.2k-11.7k),5530.0,0.05768916054241055,0.3386255909967656,0.2010625949954329,False,False,False
"Morgan County, Utah",49029,T2 small (2.2k-11.7k),5370.0,0.17819527079610473,0.8979282773710432,0.25354941992022173,False,False,True
"Piute County, Utah",49031,T1 thin (<2.2k returns),620.0,0.026164940828402365,0.546920967555197,0.8292549267390151,True,True,False
"Rich County, Utah",49033,T1 thin (<2.2k returns),1050.0,0.3827301166380078,1.2674400536964792,0.7741219265264766,True,False,True
"Salt Lake County, Utah",49035,T4 large (>=100k),565830.0,0.16614089515924554,1.0437446726190767,0.409555967995568,False,False,True
"San Juan County, Utah",49037,T2 small (2.2k-11.7k),5240.0,0.03238057430197168,0.23062887227269635,0.5485311421816563,False,False,False
"Sanpete County, Utah",49039,T2 small (2.2k-11.7k),11620.0,0.08337663826372703,0.4256453808996195,0.2804974285312643,False,False,False
"Sevier County, Utah",49041,T2 small (2.2k-11.7k),9320.0,0.07282374219316673,0.4447157527517838,0.39539006397670384,False,False,False
"Summit County, Utah",49043,T3 mid (11.7k-100k),24970.0,0.7192024056079425,4.077420255435884,0.367235736302201,False,False,True
"Tooele County, Utah",49045,T3 mid (11.7k-100k),34620.0,0.027346052332634492,0.1739231181149371,0.45421059093679106,False,False,False
"Uintah County, Utah",49047,T3 mid (11.7k-100k),14560.0,0.05863538725040251,0.2825476741935892,0.2993017393727146,False,False,False
"Utah County, Utah",49049,T4 large (>=100k),288370.0,0.15241236367872307,1.2154959937207575,0.3900397306588852,False,False,True
"Wasatch County, Utah",49051,T3 mid (11.7k-100k),16890.0,0.4171604185460736,1.973340157045272,0.347895185944837,False,False,True
"Washington County, Utah",49053,T3 mid (11.7k-100k),88900.0,0.21893095597317022,1.2888575947111662,0.371553435568074,False,False,False
"Wayne County, Utah",49055,T1 thin (<2.2k returns),1260.0,0.12033502968617472,0.7407531029504302,0.3815382617104872,True,False,False
"Weber County, Utah",49057,T4 large (>=100k),126110.0,0.08179254856407527,0.4761372071795993,0.3319445574186822,False,False,False
"Addison County, Vermont",50001,T3 mid (11.7k-100k),19070.0,0.17498704907479457,1.2110137131776062,0.5152000836268378,False,False,False
"Bennington County, Vermont",50003,T3 mid (11.7k-100k),19020.0,0.24345945268874566,1.5122375683700873,0.20431086057946812,False,False,False
"Caledonia County, Vermont",50005,T3 mid (11.7k-100k),15570.0,0.12378729256268686,0.7180804851102666,0.3465724808510937,False,False,False
"Chittenden County, Vermont",50007,T3 mid (11.7k-100k),87480.0,0.15290621932040915,1.1905066164105766,0.4315107627657151,False,False,False
"Essex County, Vermont",50009,T2 small (2.2k-11.7k),3010.0,0.051902117663999714,0.3003368185714758,0.20065813329571963,False,False,False
"Franklin County, Vermont",50011,T3 mid (11.7k-100k),26180.0,0.06419387877880786,0.37668709211090057,0.3007283333363225,False,False,False
"Grand Isle County, Vermont",50013,T2 small (2.2k-11.7k),4160.0,0.13231779405135533,1.1765959168515319,0.6396717513440561,False,False,False
"Lamoille County, Vermont",50015,T3 mid (11.7k-100k),14160.0,0.17311697374257554,1.1911898012563142,0.4148995108266494,False,False,False
"Orange County, Vermont",50017,T3 mid (11.7k-100k),15640.0,0.11293984427903893,0.7871741566269248,0.3621321792182728,False,False,False
"Orleans County, Vermont",50019,T3 mid (11.7k-100k),14500.0,0.10350863206111297,0.6400488399342611,0.29068632335888384,False,False,False
"Rutland County, Vermont",50021,T3 mid (11.7k-100k),31790.0,0.10154042475617538,0.6510902169127285,0.33136736675705836,False,False,False
"Washington County, Vermont",50023,T3 mid (11.7k-100k),32040.0,0.14455864881095587,0.8688632064850742,0.29212326325666566,False,False,False
"Windham County, Vermont",50025,T3 mid (11.7k-100k),23560.0,0.15704888761185454,1.1037913541968682,0.35389631015162526,False,False,False
"Windsor County, Vermont",50027,T3 mid (11.7k-100k),30700.0,0.21156442813238832,1.463558666491195,0.3641073597167548,False,False,False
"Accomack County, Virginia",51001,T3 mid (11.7k-100k),16020.0,0.09664162601190157,0.5746906700450942,0.3039492778800157,False,False,False
"Albemarle County, Virginia",51003,T3 mid (11.7k-100k),54920.0,0.42227229819689893,2.7216657905782036,0.43739068805808123,False,False,True
"Alleghany County, Virginia",51005,T2 small (2.2k-11.7k),6780.0,0.04609873011994509,0.2869067122529628,0.3355072864211154,False,False,False
"Amelia County, Virginia",51007,T2 small (2.2k-11.7k),6420.0,0.05195799359933099,0.3427999999570675,0.2766786624863189,False,False,False
"Amherst County, Virginia",51009,T3 mid (11.7k-100k),14370.0,0.04578194957817105,0.3188691151954751,0.4073060213342709,False,False,False
"Appomattox County, Virginia",51011,T2 small (2.2k-11.7k),7650.0,0.0399737386186283,0.29667461590733135,0.46338480693888345,False,False,False
"Arlington County, Virginia",51013,T4 large (>=100k),128410.0,0.12549985108821152,0.815078006769248,0.4022509055077885,False,False,False
"Augusta County, Virginia",51015,T3 mid (11.7k-100k),37420.0,0.09896938347107066,0.5649012435594014,0.26371660243710726,False,False,False
"Bath County, Virginia",51017,T1 thin (<2.2k returns),2130.0,0.12947641002968482,0.8482132834098751,0.2799562995441885,True,False,False
"Bedford County, Virginia",51019,T3 mid (11.7k-100k),38010.0,0.18698691546206692,0.7672615609225616,0.1358381762550934,False,False,False
"Bland County, Virginia",51021,T2 small (2.2k-11.7k),2600.0,0.06312274070132301,0.324461058898612,0.32722422304192456,False,False,False
"Botetourt County, Virginia",51023,T3 mid (11.7k-100k),16750.0,0.08719333902919216,0.6718800268754166,0.3279586672440615,False,False,False
"Brunswick County, Virginia",51025,T2 small (2.2k-11.7k),6370.0,0.0618327259941184,0.3884389796845932,0.33414931548158255,False,False,False
"Buchanan County, Virginia",51027,T2 small (2.2k-11.7k),6670.0,0.029831967612036613,0.21206068193717606,0.43497654161468996,False,False,False
"Buckingham County, Virginia",51029,T2 small (2.2k-11.7k),6650.0,0.054267958964247034,0.29400585939512525,0.23080376701718444,False,False,False
"Campbell County, Virginia",51031,T3 mid (11.7k-100k),26000.0,0.05236271844129582,0.30577388968917385,0.3064624721954638,False,False,False
"Caroline County, Virginia",51033,T3 mid (11.7k-100k),15590.0,0.035231015618884795,0.23072857235968208,0.3988137255336296,False,False,False
"Carroll County, Virginia",51035,T3 mid (11.7k-100k),12700.0,0.06812275540012774,0.37462572908924674,0.23489476793032205,False,False,False
"Charles City County, Virginia",51036,T2 small (2.2k-11.7k),3450.0,0.16262452241244493,0.6959647686724406,0.12386209403133684,False,False,True
"Charlotte County, Virginia",51037,T2 small (2.2k-11.7k),4970.0,0.0797644711863316,0.4307336167398036,0.15177946858872346,False,False,False
"Chesterfield County, Virginia",51041,T4 large (>=100k),186020.0,0.08218617182583812,0.5273930456248943,0.40529548438841256,False,False,False
"Clarke County, Virginia",51043,T2 small (2.2k-11.7k),7780.0,0.1894127869839851,1.1681917095151277,0.3650587403896747,False,False,False
"Craig County, Virginia",51045,T2 small (2.2k-11.7k),2290.0,0.06405798315807114,0.4258571385411837,0.5742273943478081,False,False,False
"Culpeper County, Virginia",51047,T3 mid (11.7k-100k),25750.0,0.08178213327657151,0.4555651187804872,0.21236894282233498,False,False,False
"Cumberland County, Virginia",51049,T2 small (2.2k-11.7k),4450.0,0.05622144152832312,0.316226276682081,0.1392070408042584,False,False,False
"Dickenson County, Virginia",51051,T2 small (2.2k-11.7k),4810.0,0.017212515743154643,0.12111903351441003,0.40657769675786876,False,False,False
"Dinwiddie County, Virginia",51053,T3 mid (11.7k-100k),13400.0,0.044646639325405954,0.24234968972524928,0.2628336278737377,False,False,False
"Essex County, Virginia",51057,T2 small (2.2k-11.7k),5480.0,0.1045766763562872,0.562522975444973,0.3078101322633538,False,False,False
"Fairfax County, Virginia",51059,T4 large (>=100k),577330.0,0.19364838773181497,1.0845480403806214,0.27625378608942464,False,False,True
"Fauquier County, Virginia",51061,T3 mid (11.7k-100k),36860.0,0.15499257656866525,1.0587483410899927,0.33888633319999684,False,False,False
"Floyd County, Virginia",51063,T2 small (2.2k-11.7k),7200.0,0.09028304523134656,0.5283181085111589,0.19865326570953745,False,False,False
"Fluvanna County, Virginia",51065,T3 mid (11.7k-100k),13510.0,0.06595124293107221,0.44358325363822493,0.4088165589606938,False,False,False
"Franklin County, Virginia",51067,T3 mid (11.7k-100k),25050.0,0.127183470053493,0.7137872423666252,0.1482529610417142,False,False,False
"Frederick County, Virginia",51069,T3 mid (11.7k-100k),47460.0,0.0738051868203768,0.43797794600697665,0.421006114275096,False,False,False
"Giles County, Virginia",51071,T2 small (2.2k-11.7k),7550.0,0.04492325281568513,0.2678037980512523,0.3435326671955336,False,False,False
"Gloucester County, Virginia",51073,T3 mid (11.7k-100k),19270.0,0.08859582028458393,0.4464482058799305,0.18153228516206524,False,False,False
"Goochland County, Virginia",51075,T3 mid (11.7k-100k),13870.0,0.32282980726788796,2.4148592814349215,0.4048195994078083,False,False,True
"Grayson County, Virginia",51077,T2 small (2.2k-11.7k),6430.0,0.07806888798675951,0.42202007632271316,0.21029633309589535,False,False,False
"Greene County, Virginia",51079,T2 small (2.2k-11.7k),10170.0,0.051738158740268526,0.36575822318758605,0.49428620110502364,False,False,False
"Greensville County, Virginia",51081,T2 small (2.2k-11.7k),3680.0,0.0388008401756731,0.21320457281473443,0.08765371541822793,False,False,False
"Halifax County, Virginia",51083,T3 mid (11.7k-100k),15030.0,0.06431049516085573,0.3935024961069211,0.2953596441966038,False,False,False
"Hanover County, Virginia",51085,T3 mid (11.7k-100k),56580.0,0.10039959555312705,0.6651286450008301,0.3881455617674865,False,False,False
"Henrico County, Virginia",51087,T4 large (>=100k),170610.0,0.11505090981285124,0.802403396896929,0.38613661091429086,False,False,False
"Henry County, Virginia",51089,T3 mid (11.7k-100k),21760.0,0.05318991583597836,0.3428610036972812,0.3519119355668993,False,False,False
"Highland County, Virginia",51091,T1 thin (<2.2k returns),1080.0,0.15028596294914834,1.1461239707030093,0.4035181604048397,True,False,False
"Isle of Wight County, Virginia",51093,T3 mid (11.7k-100k),19390.0,0.054095622685741966,0.357051541524784,0.42094678219923976,False,False,False
"James City County, Virginia",51095,T3 mid (11.7k-100k),41080.0,0.18370692295231905,1.2241971177551587,0.4298560126099182,False,False,False
"King and Queen County, Virginia",51097,T2 small (2.2k-11.7k),3260.0,0.0757062628241993,0.3853345444441144,0.06800287837467048,False,False,False
"King George County, Virginia",51099,T3 mid (11.7k-100k),13030.0,0.04466988916909558,0.26763780005075744,0.44387669112930966,False,False,False
"King William County, Virginia",51101,T2 small (2.2k-11.7k),9270.0,0.04001785619886167,0.30284260081716524,0.46112828874154604,False,False,False
"Lancaster County, Virginia",51103,T2 small (2.2k-11.7k),5870.0,0.40218287513221346,2.4034534369824265,0.13243546337288278,False,False,False
"Lee County, Virginia",51105,T2 small (2.2k-11.7k),7610.0,0.03677758318739054,0.20817916220657526,0.3021844192725744,False,False,False
"Loudoun County, Virginia",51107,T4 large (>=100k),209920.0,0.09861963307938426,0.6503456124722815,0.4038071748428352,False,False,False
"Louisa County, Virginia",51109,T3 mid (11.7k-100k),19070.0,0.06333483127038213,0.43108068154827395,0.39871096700685954,False,False,False
"Lunenburg County, Virginia",51111,T2 small (2.2k-11.7k),4900.0,0.056470798976718674,0.42980869553362056,0.46325397906216675,False,False,False
"Madison County, Virginia",51113,T2 small (2.2k-11.7k),6630.0,0.14575048608772936,0.771379796860552,0.17479876028132313,False,False,False
"Mathews County, Virginia",51115,T2 small (2.2k-11.7k),4300.0,0.16013206108091674,1.1162359075907493,0.36479451893199877,False,False,False
"Mecklenburg County, Virginia",51117,T3 mid (11.7k-100k),13950.0,0.08539385057429774,0.5799807720813919,0.28851846667949477,False,False,False
"Middlesex County, Virginia",51119,T2 small (2.2k-11.7k),5350.0,0.1460575358286524,1.3876508733476163,0.3735089467284114,False,False,False
"Montgomery County, Virginia",51121,T3 mid (11.7k-100k),36020.0,0.1386743269313872,1.0079570229310624,0.1822325338845003,False,False,False
"Nelson County, Virginia",51125,T2 small (2.2k-11.7k),7500.0,0.204751686874693,1.306331718888824,0.4152515951701511,False,False,False
"New Kent County, Virginia",51127,T3 mid (11.7k-100k),13920.0,0.04561342665515105,0.2657498144410875,0.3166125112834483,False,False,False
"Northampton County, Virginia",51131,T2 small (2.2k-11.7k),6040.0,0.35907715301374443,1.2221825364885404,0.49569029446929064,False,False,True
"Northumberland County, Virginia",51133,T2 small (2.2k-11.7k),6340.0,0.22360775686855885,1.5323782318019519,0.3980851489698962,False,False,False
"Nottoway County, Virginia",51135,T2 small (2.2k-11.7k),6060.0,0.05516505910696245,0.39123345061182685,0.32631542458432106,False,False,False
"Orange County, Virginia",51137,T3 mid (11.7k-100k),18950.0,0.10883626252867121,0.6652449565690357,0.2531221111942651,False,False,False
"Page County, Virginia",51139,T2 small (2.2k-11.7k),11010.0,0.06435242765018569,0.3494662182477274,0.26793080828710897,False,False,False
"Patrick County, Virginia",51141,T2 small (2.2k-11.7k),7410.0,0.05341013405088748,0.5192566976885175,0.6196132846964898,False,False,False
"Pittsylvania County, Virginia",51143,T3 mid (11.7k-100k),26680.0,0.07046987865639974,0.386472611219869,0.36665672844552966,False,False,False
"Powhatan County, Virginia",51145,T3 mid (11.7k-100k),15100.0,0.13055221475162698,0.8460194159942761,0.14674208684329765,False,False,False
"Prince Edward County, Virginia",51147,T2 small (2.2k-11.7k),7970.0,0.08568253559234684,0.5171173678565462,0.3071007554669471,False,False,False
"Prince George County, Virginia",51149,T3 mid (11.7k-100k),16150.0,0.043330495980139355,0.2990517858366172,0.3542024463510495,False,False,False
"Prince William County, Virginia",51153,T4 large (>=100k),239990.0,0.04125313905692684,0.289658441137459,0.4289656472261715,False,False,False
"Pulaski County, Virginia",51155,T3 mid (11.7k-100k),14560.0,0.04929400230057206,0.3217089886557297,0.533874455292322,False,False,False
"Rappahannock County, Virginia",51157,T2 small (2.2k-11.7k),3750.0,0.35625888355425506,2.045573197418769,0.16981839390426035,False,False,True
"Richmond County, Virginia",51159,T2 small (2.2k-11.7k),3820.0,0.08161072346170536,0.5227383708272424,0.2473874225138147,False,False,False
"Roanoke County, Virginia",51161,T3 mid (11.7k-100k),47620.0,0.12100852376109386,0.6798133382068408,0.275277938123812,False,False,False
"Rockbridge County, Virginia",51163,T2 small (2.2k-11.7k),10360.0,0.15964811767149584,1.0901935051249187,0.2872707076920792,False,False,False
"Rockingham County, Virginia",51165,T3 mid (11.7k-100k),40850.0,0.09806031983851794,0.6452184969827318,0.36644832217444234,False,False,False
"Russell County, Virginia",51167,T2 small (2.2k-11.7k),9800.0,0.04213873981315842,0.24574392479299342,0.23425838579404415,False,False,False
"Scott County, Virginia",51169,T2 small (2.2k-11.7k),8140.0,0.032903716731360826,0.22051197456410393,0.27794542415200413,False,False,False
"Shenandoah County, Virginia",51171,T3 mid (11.7k-100k),22090.0,0.0937733761376387,0.7494286184700452,0.7154526471954963,False,False,False
"Smyth County, Virginia",51173,T3 mid (11.7k-100k),12430.0,0.03918215976601579,0.2619714532290602,0.3006106124925851,False,False,False
"Southampton County, Virginia",51175,T2 small (2.2k-11.7k),7760.0,0.043990162143497984,0.3202176990749527,0.36494283605952493,False,False,False
"Spotsylvania County, Virginia",51177,T3 mid (11.7k-100k),71460.0,0.06384532379621043,0.3735791088283067,0.3427381833245726,False,False,False
"Stafford County, Virginia",51179,T3 mid (11.7k-100k),75860.0,0.036089074226896854,0.23715830016545483,0.38727586604938746,False,False,False
"Surry County, Virginia",51181,T2 small (2.2k-11.7k),3200.0,0.02808076761006072,0.2004278379209612,0.40918773611337234,False,False,False
"Sussex County, Virginia",51183,T2 small (2.2k-11.7k),4310.0,0.052421866063371424,0.2813376818984314,0.02341938445482594,False,False,False
"Tazewell County, Virginia",51185,T3 mid (11.7k-100k),15360.0,0.07183293456614287,0.5491629823312428,0.1622479094731637,False,False,False
"Warren County, Virginia",51187,T3 mid (11.7k-100k),20210.0,0.05846643790832395,0.3817830468687598,0.42000254390255276,False,False,False
"Washington County, Virginia",51191,T3 mid (11.7k-100k),22990.0,0.13479242949979017,0.6919551371722426,0.24661794646376836,False,False,False
"Westmoreland County, Virginia",51193,T2 small (2.2k-11.7k),9270.0,0.0934832237126251,0.4985611328599546,0.15864417260923383,False,False,False
"Wise County, Virginia",51195,T3 mid (11.7k-100k),13300.0,0.033756125253973944,0.1782462189440074,0.21634358300109618,False,False,False
"Wythe County, Virginia",51197,T3 mid (11.7k-100k),12700.0,0.06453259978709575,0.3266446506441868,0.19543512351878461,False,False,False
"York County, Virginia",51199,T3 mid (11.7k-100k),33690.0,0.08030316509932105,0.5124998005133221,0.4000972551927459,False,False,False
"Alexandria City, Virginia",51510,T3 mid (11.7k-100k),88530.0,0.13836551035387964,0.8554925545255783,0.4337633192382974,False,False,False
"Bristol City, Virginia",51520,T2 small (2.2k-11.7k),7290.0,0.11196390542662168,0.728899825466969,0.4690425436247857,False,False,False
"Buena Vista City, Virginia",51530,T2 small (2.2k-11.7k),2730.0,0.015592370875678685,0.10463627912532983,0.3815826854532384,False,False,False
"Charlottesville City, Virginia",51540,T3 mid (11.7k-100k),19600.0,0.36474536584182216,2.7185663562187865,0.48785675967387804,False,False,True
"Chesapeake City, Virginia",51550,T4 large (>=100k),118110.0,0.05107452150372324,0.31048685728314407,0.40899856685191177,False,False,False
"Colonial Heights City, Virginia",51570,T2 small (2.2k-11.7k),9050.0,0.06000585740473582,0.39926778007222696,0.39910746326230756,False,False,False
"Covington City, Virginia",51580,T2 small (2.2k-11.7k),2720.0,0.034233849439402025,0.20663594155645026,0.28104666692469327,False,False,False
"Danville City, Virginia",51590,T3 mid (11.7k-100k),17830.0,0.07740498564809853,0.5794067056003213,0.4408955120042564,False,False,False
"Emporia City, Virginia",51595,T2 small (2.2k-11.7k),2520.0,0.030199237782816343,0.2192992173461883,0.3489538035177612,False,False,False
"Fairfax City, Virginia",51600,T3 mid (11.7k-100k),13540.0,0.07883180332522959,0.6538103372356916,0.6140729134533306,False,False,False
"Falls Church City, Virginia",51610,T2 small (2.2k-11.7k),7280.0,0.19359279244791697,1.2925427158099638,0.4601238875480847,False,False,False
"Franklin City, Virginia",51620,T2 small (2.2k-11.7k),3710.0,0.0906127673508268,0.509131600760939,0.42449261452381953,False,False,False
"Fredericksburg City, Virginia",51630,T3 mid (11.7k-100k),13880.0,0.10226852300182009,0.831210270737014,0.6267879902354624,False,False,False
"Galax City, Virginia",51640,T2 small (2.2k-11.7k),3050.0,0.08478716651599377,0.4418465065451418,0.1681961474856267,False,False,False
"Hampton City, Virginia",51650,T3 mid (11.7k-100k),65210.0,0.03229509333097721,0.2224983061833988,0.5638012977875467,False,False,False
"Harrisonburg City, Virginia",51660,T3 mid (11.7k-100k),18990.0,0.09762500082902792,0.5566698362899103,0.37967019631094256,False,False,False
"Hopewell City, Virginia",51670,T2 small (2.2k-11.7k),10710.0,0.021918632835598268,0.15773214088657966,0.32194063457022165,False,False,False
"Lexington City, Virginia",51678,T2 small (2.2k-11.7k),2340.0,0.17485935546603695,1.5203649672010404,0.5350025885383805,False,False,False
"Lynchburg City, Virginia",51680,T3 mid (11.7k-100k),32370.0,0.14714219101044212,0.7642403697256953,0.26450647713772757,False,False,False
"Manassas City, Virginia",51683,T3 mid (11.7k-100k),22620.0,0.032474580191133834,0.2240685846122085,0.4207237046986938,False,False,False
"Manassas Park City, Virginia",51685,T2 small (2.2k-11.7k),9270.0,0.009833527727706499,0.07582685451471674,0.5266681360637085,False,False,False
"Martinsville City, Virginia",51690,T2 small (2.2k-11.7k),5920.0,0.11357372303299493,0.7927169616708517,0.3721653425512067,False,False,False
"Newport News City, Virginia",51700,T3 mid (11.7k-100k),84290.0,0.041962311166484974,0.31586061721003095,0.5132621562179052,False,False,False
"Norfolk City, Virginia",51710,T4 large (>=100k),101730.0,0.12899270837768265,0.6566672972970317,0.18020520163564518,False,False,False
"Norton City, Virginia",51720,T1 thin (<2.2k returns),1650.0,0.024386095132059134,0.1553907456450219,0.43148938716370633,True,False,False
"Petersburg City, Virginia",51730,T3 mid (11.7k-100k),15450.0,0.019369520057158668,0.1402585706651042,0.4064132053402414,False,False,False
"Poquoson City, Virginia",51735,T2 small (2.2k-11.7k),6140.0,0.11090768052189583,0.5932173719233959,0.1813946895045106,False,False,False
"Portsmouth City, Virginia",51740,T3 mid (11.7k-100k),44050.0,0.0333725703179879,0.19650512033907552,0.25850307641060416,False,False,False
"Radford City, Virginia",51750,T2 small (2.2k-11.7k),5840.0,0.039709609040052274,0.3437549999250309,0.4499977605318697,False,False,False
"Richmond City, Virginia",51760,T4 large (>=100k),109160.0,0.2877040821313489,1.8554132793340519,0.37507886965552245,False,False,True
"Roanoke City, Virginia",51770,T3 mid (11.7k-100k),46940.0,0.1285895268097246,0.7338430904157653,0.21867251053757422,False,False,False
"Salem City, Virginia",51775,T3 mid (11.7k-100k),11970.0,0.12821537705519392,0.6959493685939357,0.052444864868471705,False,False,False
"Staunton City, Virginia",51790,T3 mid (11.7k-100k),12550.0,0.1027379904385252,0.8043461968750625,0.4171617350826919,False,False,False
"Suffolk City, Virginia",51800,T3 mid (11.7k-100k),46190.0,0.08729012259193095,0.44176491746570534,0.14651120866823186,False,False,False
"Virginia Beach City, Virginia",51810,T4 large (>=100k),221290.0,0.16494783112649725,0.927132883306338,0.30014913283325834,False,False,False
"Waynesboro City, Virginia",51820,T3 mid (11.7k-100k),11740.0,0.07189449545877853,0.41547989556891174,0.22795320311369918,False,False,False
"Williamsburg City, Virginia",51830,T2 small (2.2k-11.7k),6230.0,0.14148598973876272,1.459350473129589,0.666868188864634,False,False,False
"Winchester City, Virginia",51840,T3 mid (11.7k-100k),14220.0,0.09781150876989703,0.661747046132268,0.37849817693872867,False,False,False
"Adams County, Washington",53001,T2 small (2.2k-11.7k),8990.0,0.050312194707556386,0.37852464891246307,0.47817317495733247,False,False,False
"Asotin County, Washington",53003,T2 small (2.2k-11.7k),10170.0,0.14354857502388554,0.9526483770155414,0.42278208628616903,False,False,False
"Benton County, Washington",53005,T3 mid (11.7k-100k),97030.0,0.08499095747143674,0.5621566891742682,0.4632126279855957,False,False,False
"Chelan County, Washington",53007,T3 mid (11.7k-100k),41460.0,0.15940879017664022,1.1216128567365284,0.4636142692823856,False,False,False
"Clallam County, Washington",53009,T3 mid (11.7k-100k),38270.0,0.21116859574508412,1.311418867808788,0.34744084326459895,False,False,False
"Clark County, Washington",53011,T4 large (>=100k),251160.0,0.13962686990032439,1.0961807145250142,0.5274925382082543,False,False,False
"Columbia County, Washington",53013,T1 thin (<2.2k returns),1810.0,0.11338916684794431,0.6474496839078127,0.2339903717292334,True,False,False
"Cowlitz County, Washington",53015,T3 mid (11.7k-100k),51690.0,0.08785488283374822,0.5228666397209701,0.3471102726954269,False,False,False
"Douglas County, Washington",53017,T3 mid (11.7k-100k),21400.0,0.10434215175039432,0.7441178901485467,0.4536821324995366,False,False,False
"Ferry County, Washington",53019,T2 small (2.2k-11.7k),3010.0,0.09842768826364212,0.6089322012362731,0.4028497122295067,False,False,False
"Franklin County, Washington",53021,T3 mid (11.7k-100k),43510.0,0.06498955460737878,0.45823344709168234,0.5970981901205392,False,False,False
"Garfield County, Washington",53023,T1 thin (<2.2k returns),920.0,0.05607329430604048,0.36290924956631315,0.4003290824884274,True,False,False
"Grant County, Washington",53025,T3 mid (11.7k-100k),47540.0,0.07779931600736607,0.5546903130647811,0.4398848397247705,False,False,False
"Grays Harbor County, Washington",53027,T3 mid (11.7k-100k),33770.0,0.08297608260817534,0.5279229798929604,0.4298542864728933,False,False,False
"Island County, Washington",53029,T3 mid (11.7k-100k),43180.0,0.21124234669506153,1.3706612375473939,0.36952396949394617,False,False,False
"Jefferson County, Washington",53031,T3 mid (11.7k-100k),17800.0,0.3445925879612986,2.3801638430042713,0.48176632884436416,False,False,False
"King County, Washington",53033,T4 large (>=100k),1150040.0,0.22127355381062447,1.598072805089969,0.42531302008112243,False,False,True
"Kitsap County, Washington",53035,T4 large (>=100k),134180.0,0.14295476863240103,1.0353881266826068,0.42710734470472006,False,False,False
"Kittitas County, Washington",53037,T3 mid (11.7k-100k),21370.0,0.19109284094711576,1.0804613275198733,0.39552467736098135,False,False,False
"Klickitat County, Washington",53039,T2 small (2.2k-11.7k),11180.0,0.21083431097568417,1.7175783648299734,0.7331858619184649,False,False,False
"Lewis County, Washington",53041,T3 mid (11.7k-100k),38550.0,0.09352816034653147,0.5806527275021763,0.3566704479312515,False,False,False
"Lincoln County, Washington",53043,T2 small (2.2k-11.7k),5260.0,0.09553595385028173,0.7665007535378703,0.4927074429255203,False,False,False
"Mason County, Washington",53045,T3 mid (11.7k-100k),30900.0,0.11492424870503674,0.7025568909700535,0.3414316567975539,False,False,False
"Okanogan County, Washington",53047,T3 mid (11.7k-100k),19600.0,0.16277495420121493,0.8263344634018204,0.20846267039871663,False,False,False
"Pacific County, Washington",53049,T2 small (2.2k-11.7k),11140.0,0.14181818181818182,0.9201486434838826,0.375255350900505,False,False,False
"Pend Oreille County, Washington",53051,T2 small (2.2k-11.7k),6200.0,0.11026114792105542,0.737473098898964,0.4919814586007867,False,False,False
"Pierce County, Washington",53053,T4 large (>=100k),436110.0,0.08383823064520231,0.5689088346987422,0.41401693565063297,False,False,False
"San Juan County, Washington",53055,T2 small (2.2k-11.7k),9800.0,0.5059467357034835,5.010653926336994,0.5323674347072889,False,False,True
"Skagit County, Washington",53057,T3 mid (11.7k-100k),63400.0,0.17907592235277714,1.143214013413115,0.37802119114108174,False,False,False
"Skamania County, Washington",53059,T2 small (2.2k-11.7k),5560.0,0.2124577116677642,1.4362009157549942,0.3936522424149147,False,False,True
"Snohomish County, Washington",53061,T4 large (>=100k),403960.0,0.08082620492752217,0.5884993777858009,0.4776152403098019,False,False,False
"Spokane County, Washington",53063,T4 large (>=100k),255430.0,0.1196483895120196,0.7504430865521456,0.36387545933763865,False,False,False
"Stevens County, Washington",53065,T3 mid (11.7k-100k),20550.0,0.1079246166452066,0.6433903956755783,0.2859888011231019,False,False,False
"Thurston County, Washington",53067,T4 large (>=100k),146380.0,0.10087069994406897,0.6674041364753125,0.3755453739698924,False,False,False
"Wahkiakum County, Washington",53069,T1 thin (<2.2k returns),2120.0,0.15080003360981406,0.8461101030236717,0.22156097599288718,True,False,False
"Walla Walla County, Washington",53071,T3 mid (11.7k-100k),27530.0,0.13415561444152482,0.8610310772316765,0.3765427569323666,False,False,False
"Whatcom County, Washington",53073,T4 large (>=100k),112120.0,0.17834235720269337,1.1454919138205002,0.44306822543950186,False,False,False
"Whitman County, Washington",53075,T3 mid (11.7k-100k),17930.0,0.07493904671745362,0.6830421151415885,0.5031181823232732,False,False,False
"Yakima County, Washington",53077,T4 large (>=100k),116430.0,0.09978104107214264,0.6975580702485756,0.4136144944298119,False,False,False
"Barbour County, West Virginia",54001,T2 small (2.2k-11.7k),6450.0,0.028493089919006356,0.16126948549464348,0.32409160096576234,False,False,False
"Berkeley County, West Virginia",54003,T3 mid (11.7k-100k),63660.0,0.03527194480827152,0.20034730578360574,0.3291472834119872,False,False,False
"Boone County, West Virginia",54005,T2 small (2.2k-11.7k),7640.0,0.01367431464072053,0.09045596804870373,0.3434656777587643,False,False,False
"Braxton County, West Virginia",54007,T2 small (2.2k-11.7k),5040.0,0.02565083632791293,0.15647337476445222,0.28523252207595307,False,False,False
"Brooke County, West Virginia",54009,T2 small (2.2k-11.7k),10340.0,0.0423526934057191,0.31825503720065473,0.2989155709816654,False,False,False
"Cabell County, West Virginia",54011,T3 mid (11.7k-100k),39080.0,0.07597544926710341,0.42624379033776066,0.14868562989583448,False,False,False
"Calhoun County, West Virginia",54013,T2 small (2.2k-11.7k),2340.0,0.020562770562770564,0.12254995163927115,0.41872524008047624,False,False,False
"Clay County, West Virginia",54015,T2 small (2.2k-11.7k),2990.0,0.012454836020011118,0.07706428698543757,0.289983025444668,False,False,False
"Doddridge County, West Virginia",54017,T2 small (2.2k-11.7k),2830.0,0.05611058276287417,0.28378810191434267,0.48757213339137917,False,False,False
"Fayette County, West Virginia",54019,T3 mid (11.7k-100k),16420.0,0.03949801723480516,0.21607610009550565,0.2786900392907337,False,False,False
"Gilmer County, West Virginia",54021,T2 small (2.2k-11.7k),2480.0,0.03801415457921659,0.22872673462105966,0.31144428427204296,False,False,False
"Grant County, West Virginia",54023,T2 small (2.2k-11.7k),5180.0,0.05433604068919292,0.31840892041442104,0.22567744728504965,False,False,False
"Greenbrier County, West Virginia",54025,T3 mid (11.7k-100k),14980.0,0.09724975287559001,0.5790666822237638,0.4300404975780361,False,False,False
"Hampshire County, West Virginia",54027,T2 small (2.2k-11.7k),10310.0,0.04968473198687129,0.24349868246387624,0.14582545317557497,False,False,False
"Hancock County, West Virginia",54029,T3 mid (11.7k-100k),13930.0,0.036946123068661345,0.25060941062284564,0.4052355405134425,False,False,False
"Hardy County, West Virginia",54031,T2 small (2.2k-11.7k),6690.0,0.04656166466703377,0.2628159722023461,0.24844315136771833,False,False,False
"Harrison County, West Virginia",54033,T3 mid (11.7k-100k),30640.0,0.060849758821895354,0.40832140509344433,0.36625788633813955,False,False,False
"Jackson County, West Virginia",54035,T3 mid (11.7k-100k),12100.0,0.041194722635655004,0.228236788708338,0.45407409403784094,False,False,False
"Jefferson County, West Virginia",54037,T3 mid (11.7k-100k),28620.0,0.061853931921221635,0.34403438561293503,0.32337916935388294,False,False,False
"Kanawha County, West Virginia",54039,T3 mid (11.7k-100k),80450.0,0.06114158276573756,0.48061447190619494,0.46897277505701523,False,False,False
"Lewis County, West Virginia",54041,T2 small (2.2k-11.7k),7370.0,0.056073785439708215,0.3481951744066098,0.2692131685589682,False,False,False
"Lincoln County, West Virginia",54043,T2 small (2.2k-11.7k),7160.0,0.01407632433643185,0.0769455384770405,0.22580511932863664,False,False,False
"Logan County, West Virginia",54045,T2 small (2.2k-11.7k),11250.0,0.022431365404561632,0.1481695501168639,0.14770320658210995,False,False,False
"McDowell County, West Virginia",54047,T2 small (2.2k-11.7k),5010.0,0.008055708020779625,0.05672962999605839,0.3725199557647715,False,False,False
"Marion County, West Virginia",54049,T3 mid (11.7k-100k),25560.0,0.03529791919250617,0.2401304165065417,0.3908919292050724,False,False,False
"Marshall County, West Virginia",54051,T3 mid (11.7k-100k),13800.0,0.04900109242735176,0.3576806308991879,0.26939137275210806,False,False,False
"Mason County, West Virginia",54053,T2 small (2.2k-11.7k),10440.0,0.029031425556134183,0.18920029748007233,0.45571105308416476,False,False,False
"Mercer County, West Virginia",54055,T3 mid (11.7k-100k),24080.0,0.047347562943216834,0.3154710604835622,0.25462587510657625,False,False,False
"Mineral County, West Virginia",54057,T3 mid (11.7k-100k),12750.0,0.038435148295706066,0.23697452101335528,0.29598348576103384,False,False,False
"Mingo County, West Virginia",54059,T2 small (2.2k-11.7k),7630.0,0.013982315999684684,0.0990148603596424,0.3968424630139364,False,False,False
"Monongalia County, West Virginia",54061,T3 mid (11.7k-100k),43630.0,0.0668718251708911,0.4777801948823428,0.35377156412837757,False,False,False
"Monroe County, West Virginia",54063,T2 small (2.2k-11.7k),5480.0,0.03867707680325222,0.278787513007262,0.4666870500139203,False,False,False
"Morgan County, West Virginia",54065,T2 small (2.2k-11.7k),8640.0,0.05958132497143611,0.31116920756864974,0.30176288137721713,False,False,False
"Nicholas County, West Virginia",54067,T2 small (2.2k-11.7k),9870.0,0.053312441240990285,0.303970803399515,0.23697564047412994,False,False,False
"Ohio County, West Virginia",54069,T3 mid (11.7k-100k),19650.0,0.114385373394632,0.8806797546489354,0.4863933516713212,False,False,False
"Pendleton County, West Virginia",54071,T2 small (2.2k-11.7k),3180.0,0.06021851134578141,0.42249630264269616,0.3113374742855583,False,False,False
"Pleasants County, West Virginia",54073,T2 small (2.2k-11.7k),3160.0,0.03743675490217368,0.16812891482396292,0.03354632975600263,False,False,False
"Pocahontas County, West Virginia",54075,T2 small (2.2k-11.7k),3780.0,0.11171809675492733,0.5137730972280791,0.2191763892674613,False,False,False
"Preston County, West Virginia",54077,T3 mid (11.7k-100k),14070.0,0.048410779063741576,0.2719091689973084,0.20391559179593763,False,False,False
"Putnam County, West Virginia",54079,T3 mid (11.7k-100k),26020.0,0.05636664465128313,0.2578157754284306,0.0555787444629643,False,False,False
"Raleigh County, West Virginia",54081,T3 mid (11.7k-100k),30080.0,0.06458804828106476,0.40885852044484594,0.35536470937543496,False,False,False
"Randolph County, West Virginia",54083,T3 mid (11.7k-100k),11990.0,0.070215855638695,0.37979917817253883,0.4261232830983591,False,False,False
"Ritchie County, West Virginia",54085,T2 small (2.2k-11.7k),3860.0,0.03485529160576813,0.2618666173978573,0.46920086396130967,False,False,False
"Roane County, West Virginia",54087,T2 small (2.2k-11.7k),5150.0,0.032262881210192725,0.21498585704950696,0.4452090721154827,False,False,False
"Summers County, West Virginia",54089,T2 small (2.2k-11.7k),4390.0,0.0448946181029262,0.2570255822590669,0.1633440176372739,False,False,False
"Taylor County, West Virginia",54091,T2 small (2.2k-11.7k),7330.0,0.04075350756850855,0.2024645058128292,0.0703697926786951,False,False,False
"Tucker County, West Virginia",54093,T2 small (2.2k-11.7k),3260.0,0.05465208844410508,0.32457937501892065,0.32115686432604257,False,False,False
"Tyler County, West Virginia",54095,T2 small (2.2k-11.7k),3650.0,0.039183226879054206,0.4421246508815727,0.5999008651109247,False,False,False
"Upshur County, West Virginia",54097,T2 small (2.2k-11.7k),9950.0,0.06502119286655503,0.3239427695781785,0.12708172198794732,False,False,False
"Wayne County, West Virginia",54099,T3 mid (11.7k-100k),15200.0,0.025914396887159533,0.13037453420287762,0.16371700451090918,False,False,False
"Webster County, West Virginia",54101,T2 small (2.2k-11.7k),2870.0,0.011367533436888504,0.07546003778945069,0.4099251864281656,False,False,False
"Wetzel County, West Virginia",54103,T2 small (2.2k-11.7k),6610.0,0.07930020960923685,0.34677086259652545,0.12960111159937437,False,False,False
"Wirt County, West Virginia",54105,T2 small (2.2k-11.7k),2260.0,0.019350274158363306,0.08300798878070016,0.08812567412437533,False,False,False
"Wood County, West Virginia",54107,T3 mid (11.7k-100k),38040.0,0.06937132410307194,0.4805896512852317,0.3709846127381968,False,False,False
"Wyoming County, West Virginia",54109,T2 small (2.2k-11.7k),6820.0,0.009630157653604993,0.084688592147978,0.3868533921872078,False,False,False
"Adams County, Wisconsin",55001,T2 small (2.2k-11.7k),10100.0,0.11533291844627638,0.5802832902584651,0.2682091569136226,False,False,False
"Ashland County, Wisconsin",55003,T2 small (2.2k-11.7k),7380.0,0.05866486392836154,0.381936855788055,0.36590619833844096,False,False,False
"Barron County, Wisconsin",55005,T3 mid (11.7k-100k),23440.0,0.07287644643968194,0.5148908410691228,0.44860944070038394,False,False,False
"Bayfield County, Wisconsin",55007,T2 small (2.2k-11.7k),8360.0,0.1305425613973973,0.8908143744601877,0.32983137858973205,False,False,False
"Brown County, Wisconsin",55009,T4 large (>=100k),136320.0,0.12013527339412239,0.83098485226779,0.4552616896400844,False,False,False
"Buffalo County, Wisconsin",55011,T2 small (2.2k-11.7k),6800.0,0.10784369566018581,0.6771683467907572,0.314425022854736,False,False,False
"Burnett County, Wisconsin",55013,T2 small (2.2k-11.7k),8160.0,0.10660076195689883,0.6789694003296604,0.24589869835791953,False,False,False
"Calumet County, Wisconsin",55015,T3 mid (11.7k-100k),26750.0,0.0782579605616512,0.5474266420325401,0.2927137586112756,False,False,False
"Chippewa County, Wisconsin",55017,T3 mid (11.7k-100k),32810.0,0.08709573057176498,0.645583766702219,0.45460743935599046,False,False,False
"Clark County, Wisconsin",55019,T3 mid (11.7k-100k),15300.0,0.10479158098624249,0.6240618324904069,0.18317114446578744,False,False,False
"Columbia County, Wisconsin",55021,T3 mid (11.7k-100k),30710.0,0.08583625939409774,0.5626324807308298,0.37506435639661695,False,False,False
"Crawford County, Wisconsin",55023,T2 small (2.2k-11.7k),7810.0,0.14475672307336668,0.8209741273977018,0.2405365495665959,False,False,False
"Dane County, Wisconsin",55025,T4 large (>=100k),287520.0,0.1099995572575656,0.8835088668652962,0.5355363788810295,False,False,False
"Dodge County, Wisconsin",55027,T3 mid (11.7k-100k),43730.0,0.08180453864139701,0.5126847901106556,0.3384992022875177,False,False,False
"Door County, Wisconsin",55029,T3 mid (11.7k-100k),17300.0,0.21802797792824297,1.6634428938811254,0.5568263411612396,False,False,False
"Douglas County, Wisconsin",55031,T3 mid (11.7k-100k),21270.0,0.06380969841415345,0.38226891729663715,0.31354876489443917,False,False,False
"Dunn County, Wisconsin",55033,T3 mid (11.7k-100k),20750.0,0.07427776818309045,0.4827183641389672,0.45610548888958424,False,False,False
"Eau Claire County, Wisconsin",55035,T3 mid (11.7k-100k),50960.0,0.08109772148775714,0.6340171039214308,0.46966705447446466,False,False,False
"Florence County, Wisconsin",55037,T2 small (2.2k-11.7k),2350.0,0.07948015026906285,0.5337327723113653,0.2674811881634909,False,False,False
"Fond du Lac County, Wisconsin",55039,T3 mid (11.7k-100k),52090.0,0.11396716830892774,0.6000288670596534,0.2108065269449092,False,False,False
"Forest County, Wisconsin",55041,T2 small (2.2k-11.7k),4460.0,0.09480220920126721,0.5303841266832665,0.2732456739294874,False,False,False
"Grant County, Wisconsin",55043,T3 mid (11.7k-100k),22830.0,0.09991072276185801,0.7028544234591909,0.38939129371273984,False,False,False
"Green County, Wisconsin",55045,T3 mid (11.7k-100k),19250.0,0.08381320410926145,0.7281076538570945,0.496038793192312,False,False,False
"Green Lake County, Wisconsin",55047,T2 small (2.2k-11.7k),9820.0,0.10154159826552248,0.6978837360221634,0.5002434129103732,False,False,False
"Iowa County, Wisconsin",55049,T3 mid (11.7k-100k),12160.0,0.10603666762845758,0.6709876160074597,0.28933656518180434,False,False,False
"Iron County, Wisconsin",55051,T2 small (2.2k-11.7k),3190.0,0.10318181024396207,0.7340391560053676,0.48638258592370254,False,False,False
"Jackson County, Wisconsin",55053,T2 small (2.2k-11.7k),9280.0,0.07813397463081556,0.7257683933039443,0.438139996365536,False,False,False
"Jefferson County, Wisconsin",55055,T3 mid (11.7k-100k),42630.0,0.08616963779137982,0.43750374117726204,0.1697456688773694,False,False,False
"Juneau County, Wisconsin",55057,T3 mid (11.7k-100k),12760.0,0.05751957227420279,0.4309497497002224,0.47306602747689347,False,False,False
"Kenosha County, Wisconsin",55059,T3 mid (11.7k-100k),84430.0,0.06302427726047952,0.4001261896587442,0.3363096379364937,False,False,False
"Kewaunee County, Wisconsin",55061,T2 small (2.2k-11.7k),10350.0,0.10403730755273441,0.5735251646421302,0.29160141369504927,False,False,False
"La Crosse County, Wisconsin",55063,T3 mid (11.7k-100k),57640.0,0.0967287038551846,0.6448661723149464,0.42467964736625796,False,False,False
"Lafayette County, Wisconsin",55065,T2 small (2.2k-11.7k),8260.0,0.12655681525454635,0.7145931315896557,0.12922578844384425,False,False,False
"Langlade County, Wisconsin",55067,T2 small (2.2k-11.7k),9800.0,0.08555909621554546,0.5267857991979596,0.4174787431390768,False,False,False
"Lincoln County, Wisconsin",55069,T3 mid (11.7k-100k),14520.0,0.07028006574502003,0.4056750220014812,0.28323933976212085,False,False,False
"Manitowoc County, Wisconsin",55071,T3 mid (11.7k-100k),40890.0,0.11278261471777253,0.6041612395260306,0.20324551383111103,False,False,False
"Marathon County, Wisconsin",55073,T3 mid (11.7k-100k),69870.0,0.09112741251167544,0.6121908831500293,0.28743820953770094,False,False,False
"Marinette County, Wisconsin",55075,T3 mid (11.7k-100k),20970.0,0.06265087256457959,0.4486941832970455,0.33685812793054276,False,False,False
"Marquette County, Wisconsin",55077,T2 small (2.2k-11.7k),8020.0,0.07122133447953276,0.39460783392737453,0.3336283991344066,False,False,False
"Menominee County, Wisconsin",55078,T1 thin (<2.2k returns),1770.0,0.03829614747453385,0.19021061427649183,0.2255926232994869,True,False,False
"Milwaukee County, Wisconsin",55079,T4 large (>=100k),440900.0,0.08065041430690822,0.6283549779504418,0.530633400155854,False,False,False
"Monroe County, Wisconsin",55081,T3 mid (11.7k-100k),21910.0,0.07940830349907003,0.44303057080090325,0.11331276428604964,False,False,False
"Oconto County, Wisconsin",55083,T3 mid (11.7k-100k),19650.0,0.0730748774654212,0.44457192941273355,0.32417111704274054,False,False,False
"Oneida County, Wisconsin",55085,T3 mid (11.7k-100k),20200.0,0.11744898598599901,0.783966215959669,0.45181626132882474,False,False,False
"Outagamie County, Wisconsin",55087,T3 mid (11.7k-100k),98170.0,0.09539672904135381,0.6133108367203619,0.3305914987417113,False,False,False
"Ozaukee County, Wisconsin",55089,T3 mid (11.7k-100k),47800.0,0.2222636691981784,1.6717046657721522,0.3609031020614389,False,False,False
"Pepin County, Wisconsin",55091,T2 small (2.2k-11.7k),3610.0,0.08747209486545525,0.6992394255071647,0.5583430444500922,False,False,False
"Pierce County, Wisconsin",55093,T3 mid (11.7k-100k),20250.0,0.09652300870599687,0.5276629737243187,0.205483455021811,False,False,False
"Polk County, Wisconsin",55095,T3 mid (11.7k-100k),22810.0,0.09919425633022455,0.5046957070334053,0.17366523160501596,False,False,False
"Portage County, Wisconsin",55097,T3 mid (11.7k-100k),35220.0,0.14336371108426293,0.7055430260322284,0.3120263632548089,False,False,False
"Price County, Wisconsin",55099,T2 small (2.2k-11.7k),7130.0,0.08769283195429849,0.6435694866962669,0.36134116683934375,False,False,False
"Racine County, Wisconsin",55101,T3 mid (11.7k-100k),98990.0,0.08938375339760496,0.5679095980443509,0.2819679837924293,False,False,False
"Richland County, Wisconsin",55103,T2 small (2.2k-11.7k),7960.0,0.10317252026244693,0.6308894593027929,0.4304451012616829,False,False,False
"Rock County, Wisconsin",55105,T3 mid (11.7k-100k),82160.0,0.08984143871216996,0.5190022212484958,0.2284676573089535,False,False,False
"Rusk County, Wisconsin",55107,T2 small (2.2k-11.7k),6660.0,0.08454885916350596,0.5965565718153875,0.261164875039336,False,False,False
"St. Croix County, Wisconsin",55109,T3 mid (11.7k-100k),47660.0,0.10422141928406731,0.5865190691662978,0.33179665204362646,False,False,False
"Sauk County, Wisconsin",55111,T3 mid (11.7k-100k),35080.0,0.09242616447289749,0.6476347486701869,0.230597243085522,False,False,False
"Sawyer County, Wisconsin",55113,T2 small (2.2k-11.7k),8950.0,0.14102665708091094,0.8611658440398118,0.3268421423035419,False,False,False
"Shawano County, Wisconsin",55115,T3 mid (11.7k-100k),20130.0,0.08751139787332152,0.5334398995637439,0.327867764528964,False,False,False
"Sheboygan County, Wisconsin",55117,T3 mid (11.7k-100k),60140.0,0.09179135433508076,0.6240468427303792,0.4337218328269196,False,False,False
"Taylor County, Wisconsin",55119,T2 small (2.2k-11.7k),9530.0,0.06380043878256021,0.4636231885447829,0.5286934482088341,False,False,False
"Trempealeau County, Wisconsin",55121,T3 mid (11.7k-100k),15010.0,0.0833180320332134,0.42856743214345394,0.09535373695910661,False,False,False
"Vernon County, Wisconsin",55123,T3 mid (11.7k-100k),13900.0,0.09880935995663603,0.5976698781535229,0.30054400185500135,False,False,False
"Vilas County, Wisconsin",55125,T3 mid (11.7k-100k),12330.0,0.26127206414043075,1.46354171122618,0.20475752307653652,False,False,False
"Walworth County, Wisconsin",55127,T3 mid (11.7k-100k),52840.0,0.15178811739835854,0.9698573175370806,0.517609325845645,False,False,False
"Washburn County, Wisconsin",55129,T2 small (2.2k-11.7k),8610.0,0.13918587340908153,0.7298158413210099,0.20351576612134492,False,False,False
"Washington County, Wisconsin",55131,T3 mid (11.7k-100k),72700.0,0.09662579351704824,0.6223203044445398,0.28681321264026066,False,False,False
"Waukesha County, Wisconsin",55133,T4 large (>=100k),216140.0,0.12889650358525287,0.9320068922800366,0.4647761936799888,False,False,False
"Waupaca County, Wisconsin",55135,T3 mid (11.7k-100k),25920.0,0.11105680070156271,0.6168643524630205,0.136676115907584,False,False,False
"Waushara County, Wisconsin",55137,T3 mid (11.7k-100k),12010.0,0.07656548847562755,0.5186061705028943,0.2937011775961487,False,False,False
"Winnebago County, Wisconsin",55139,T3 mid (11.7k-100k),86250.0,0.09652173776956326,0.6621401415023535,0.3602456624696826,False,False,False
"Wood County, Wisconsin",55141,T3 mid (11.7k-100k),37640.0,0.08669875300809451,0.5232564131002186,0.38257959738010866,False,False,False
"Albany County, Wyoming",56001,T3 mid (11.7k-100k),16620.0,0.18721314583662507,0.9360000761990822,0.18424652399663402,False,False,False
"Big Horn County, Wyoming",56003,T2 small (2.2k-11.7k),5260.0,0.19018532783542524,0.7872966008328683,0.03523297064827261,False,False,False
"Campbell County, Wyoming",56005,T3 mid (11.7k-100k),21890.0,0.1510454136951242,0.6136846750615563,0.20245689835595734,False,False,True
"Carbon County, Wyoming",56007,T2 small (2.2k-11.7k),6860.0,0.1572803778257487,1.227363749517543,0.4118545235625768,False,False,False
"Converse County, Wyoming",56009,T2 small (2.2k-11.7k),6400.0,0.1052231047407323,0.8042224689392141,0.45856769512010226,False,False,False
"Crook County, Wyoming",56011,T2 small (2.2k-11.7k),3570.0,0.3071463248262427,1.638045124011344,0.06864095974756051,False,False,False
"Fremont County, Wyoming",56013,T3 mid (11.7k-100k),17610.0,0.21755991903701166,1.0402941005525703,0.17878526567682715,False,False,False
"Goshen County, Wyoming",56015,T2 small (2.2k-11.7k),5560.0,0.24826465467208358,1.0508256419310646,0.07393656724347394,False,False,False
"Hot Springs County, Wyoming",56017,T1 thin (<2.2k returns),2160.0,0.10614269188037614,0.6166642566848985,0.3637337890850759,True,False,False
"Johnson County, Wyoming",56019,T2 small (2.2k-11.7k),4400.0,0.35640815881326354,1.744827204942636,0.22343707120109238,False,False,True
"Laramie County, Wyoming",56021,T3 mid (11.7k-100k),50110.0,0.13243532004824304,0.7744415755622656,0.45200370463574646,False,False,False
"Lincoln County, Wyoming",56023,T2 small (2.2k-11.7k),9540.0,0.2929843374034165,2.115011214490031,0.28450515560557615,False,False,True
"Natrona County, Wyoming",56025,T3 mid (11.7k-100k),38470.0,0.16056479001608356,1.1304562513081167,0.5227792754397813,False,False,False
"Niobrara County, Wyoming",56027,T1 thin (<2.2k returns),1030.0,0.33883652518460705,1.769230702169289,0.20073167486800256,True,False,False
"Park County, Wyoming",56029,T3 mid (11.7k-100k),15730.0,0.3991899677921347,2.280767158560994,0.30487450659637066,False,False,False
"Platte County, Wyoming",56031,T2 small (2.2k-11.7k),4230.0,0.21945291258136276,1.0775269721513019,0.2335093022207877,False,False,False
"Sheridan County, Wyoming",56033,T3 mid (11.7k-100k),16350.0,0.32067672409427445,2.1094499354073326,0.37223135439576827,False,False,False
"Sublette County, Wyoming",56035,T2 small (2.2k-11.7k),4510.0,0.2774816479274196,1.6390757745383364,0.36250704751407764,False,False,False
"Sweetwater County, Wyoming",56037,T3 mid (11.7k-100k),19130.0,0.053997371821466626,0.29743193802538437,0.21547779220480587,False,False,False
"Teton County, Wyoming",56039,T3 mid (11.7k-100k),15210.0,2.798465773124988,15.7365048055286,0.27268067252546196,False,False,True
"Uinta County, Wyoming",56041,T2 small (2.2k-11.7k),9310.0,0.07822264183117718,0.42719810907969347,0.2536481319380562,False,False,False
"Washakie County, Wyoming",56043,T2 small (2.2k-11.7k),3750.0,0.14731362797688144,0.9519629186339283,0.36656276097209795,False,False,False
"Weston County, Wyoming",56045,T2 small (2.2k-11.7k),3130.0,0.1563937965119582,0.7080008543061125,0.3206871570812686,False,False,False
