target,model,model_label,n,n_predictors,r2_change,withheld_pillars,reference_model,noise_share_of_change,mostly_noise,change_sd,contribution,lift_over_lagged_size,lift_over_lagged,lift_over_lagged_size_geo
broadband_rate,fixed_effect,intercept only (= a geographic fixed effect's prediction of change),3135,1,-0.0022874052751766794,,,0.6561639238815394,False,0.03929399427011974,,-0.5033749547297854,-0.5034253055561912,-0.5045202576997508
broadband_rate,lagged,the county's own early-vintage level,3135,1,0.5011379002810146,,,0.6561639238815394,False,0.03929399427011974,,5.035082640580946e-05,0.0,-0.001094952143559591
broadband_rate,lagged_size,lagged + county size,3135,4,0.5010875494546088,,,0.6561639238815394,False,0.03929399427011974,,0.0,-5.035082640580946e-05,-0.0011453029699654005
broadband_rate,lagged_size_geo,lagged + size + lat/lon,3135,6,0.5022328524245742,,,0.6561639238815394,False,0.03929399427011974,,0.0011453029699654005,0.001094952143559591,0.0
broadband_rate,lagged_size_emacro,lagged + size + E_macro pillars,3135,122,0.4677026895770914,,,0.6561639238815394,False,0.03929399427011974,,-0.03338485987751738,-0.03343521070392319,-0.03453016284748278
broadband_rate,lagged_size_geo_emacro,lagged + size + lat/lon + E_macro pillars,3135,124,0.46444380771660776,,,0.6561639238815394,False,0.03929399427011974,,-0.036643741738001,-0.03669409256440681,-0.0377890447079664
broadband_rate,lagged_size_emacro_drop_A,"lagged + size + E_macro pillars, Source A withheld",3135,93,0.4735085575266277,A,lagged_size_emacro,0.6561639238815394,False,0.03929399427011974,-0.005805867949536303,-0.027578991927981078,-0.027629342754386887,-0.02872429489794648
broadband_rate,lagged_size_emacro_drop_B,"lagged + size + E_macro pillars, Source B withheld",3135,82,0.4946289454353774,B,lagged_size_emacro,0.6561639238815394,False,0.03929399427011974,-0.026926255858286008,-0.006458604019231373,-0.006508954845637183,-0.007603906989196774
broadband_rate,lagged_size_emacro_drop_C,"lagged + size + E_macro pillars, Source C withheld",3135,118,0.471130055049659,C,lagged_size_emacro,0.6561639238815394,False,0.03929399427011974,-0.0034273654725676117,-0.02995749440494977,-0.03000784523135558,-0.03110279737491517
broadband_rate,lagged_size_emacro_drop_D,"lagged + size + E_macro pillars, Source D withheld",3135,107,0.4662840870258339,D,lagged_size_emacro,0.6561639238815394,False,0.03929399427011974,0.0014186025512574751,-0.034803462428774856,-0.034853813255180666,-0.03594876539874026
broadband_rate,lagged_size_emacro_drop_E,"lagged + size + E_macro pillars, Source E withheld",3135,112,0.4691026495165568,E,lagged_size_emacro,0.6561639238815394,False,0.03929399427011974,-0.0013999599394654005,-0.03198489993805198,-0.03203525076445779,-0.03313020290801738
broadband_rate,lagged_size_emacro_drop_F,"lagged + size + E_macro pillars, Source F withheld",3135,102,0.4689433078950951,F,lagged_size_emacro,0.6561639238815394,False,0.03929399427011974,-0.0012406183180037056,-0.032144241559513675,-0.032194592385919485,-0.033289544529479076
median_household_income,fixed_effect,intercept only (= a geographic fixed effect's prediction of change),3133,1,-0.0007365803212444622,,,1.1176310447781836,True,4904.615207549164,,-0.09721292730399089,-0.1056042125735227,-0.06307648797772925
median_household_income,lagged,the county's own early-vintage level,3133,1,0.10486763225227824,,,1.1176310447781836,True,4904.615207549164,,0.008391285269531812,0.0,0.04252772459579346
median_household_income,lagged_size,lagged + county size,3133,4,0.09647634698274643,,,1.1176310447781836,True,4904.615207549164,,0.0,-0.008391285269531812,0.03413643932626165
median_household_income,lagged_size_geo,lagged + size + lat/lon,3133,6,0.06233990765648478,,,1.1176310447781836,True,4904.615207549164,,-0.03413643932626165,-0.04252772459579346,0.0
median_household_income,lagged_size_emacro,lagged + size + E_macro pillars,3133,121,0.13654192465125548,,,1.1176310447781836,True,4904.615207549164,,0.040065577668509045,0.03167429239897723,0.07420201699477069
median_household_income,lagged_size_geo_emacro,lagged + size + lat/lon + E_macro pillars,3133,123,0.1329680834146182,,,1.1176310447781836,True,4904.615207549164,,0.03649173643187176,0.028100451162339946,0.0706281757581334
median_household_income,lagged_size_emacro_drop_A,"lagged + size + E_macro pillars, Source A withheld",3133,92,0.14363739562302824,A,lagged_size_emacro,1.1176310447781836,True,4904.615207549164,-0.007095470971772766,0.04716104864028181,0.03876976337075,0.08129748796654346
median_household_income,lagged_size_emacro_drop_B,"lagged + size + E_macro pillars, Source B withheld",3133,81,0.11369934633204237,B,lagged_size_emacro,1.1176310447781836,True,4904.615207549164,0.022842578319213103,0.017222999349295942,0.00883171407976413,0.05135943867555759
median_household_income,lagged_size_emacro_drop_C,"lagged + size + E_macro pillars, Source C withheld",3133,117,0.13951763436994036,C,lagged_size_emacro,1.1176310447781836,True,4904.615207549164,-0.0029757097186848824,0.04304128738719393,0.034650002117662115,0.07717772671345557
median_household_income,lagged_size_emacro_drop_D,"lagged + size + E_macro pillars, Source D withheld",3133,106,0.12797951733148583,D,lagged_size_emacro,1.1176310447781836,True,4904.615207549164,0.00856240731976965,0.031503170348739395,0.023111885079207584,0.06563960967500104
median_household_income,lagged_size_emacro_drop_E,"lagged + size + E_macro pillars, Source E withheld",3133,112,0.12702398021694283,E,lagged_size_emacro,1.1176310447781836,True,4904.615207549164,0.009517944434312642,0.030547633234196403,0.02215634796466459,0.06468407256045805
median_household_income,lagged_size_emacro_drop_F,"lagged + size + E_macro pillars, Source F withheld",3133,101,0.11638051881759526,F,lagged_size_emacro,1.1176310447781836,True,4904.615207549164,0.020161405833660218,0.019904171834848827,0.011512886565317015,0.054040611161110474
median_age,fixed_effect,intercept only (= a geographic fixed effect's prediction of change),3135,1,-0.002023318924597284,,,0.9325126658002865,True,1.8341263169115878,,-0.007232898076132144,-0.015452091675831725,-0.006091643246293299
median_age,lagged,the county's own early-vintage level,3135,1,0.013428772751234441,,,0.9325126658002865,True,1.8341263169115878,,0.008219193599699581,0.0,0.009360448429538426
median_age,lagged_size,lagged + county size,3135,4,0.00520957915153486,,,0.9325126658002865,True,1.8341263169115878,,0.0,-0.008219193599699581,0.0011412548298388447
median_age,lagged_size_geo,lagged + size + lat/lon,3135,6,0.004068324321696015,,,0.9325126658002865,True,1.8341263169115878,,-0.0011412548298388447,-0.009360448429538426,0.0
median_age,lagged_size_emacro,lagged + size + E_macro pillars,3135,121,-0.06040480384886626,,,0.9325126658002865,True,1.8341263169115878,,-0.06561438300040112,-0.0738335766001007,-0.06447312817056228
median_age,lagged_size_geo_emacro,lagged + size + lat/lon + E_macro pillars,3135,123,-0.06182124515624565,,,0.9325126658002865,True,1.8341263169115878,,-0.06703082430778051,-0.0752500179074801,-0.06588956947794167
median_age,lagged_size_emacro_drop_A,"lagged + size + E_macro pillars, Source A withheld",3135,92,-0.05743001831589889,A,lagged_size_emacro,0.9325126658002865,True,1.8341263169115878,-0.0029747855329673722,-0.06263959746743375,-0.07085879106713333,-0.061498342637594905
median_age,lagged_size_emacro_drop_B,"lagged + size + E_macro pillars, Source B withheld",3135,81,-0.009547633964777091,B,lagged_size_emacro,0.9325126658002865,True,1.8341263169115878,-0.05085716988408917,-0.014757213116311951,-0.022976406716011533,-0.013615958286473107
median_age,lagged_size_emacro_drop_C,"lagged + size + E_macro pillars, Source C withheld",3135,117,-0.057258111134549816,C,lagged_size_emacro,0.9325126658002865,True,1.8341263169115878,-0.003146692714316446,-0.062467690286084676,-0.07068688388578426,-0.06132643545624583
median_age,lagged_size_emacro_drop_D,"lagged + size + E_macro pillars, Source D withheld",3135,106,-0.06155121522608109,D,lagged_size_emacro,0.9325126658002865,True,1.8341263169115878,0.0011464113772148288,-0.06676079437761595,-0.07497998797731553,-0.0656195395477771
median_age,lagged_size_emacro_drop_E,"lagged + size + E_macro pillars, Source E withheld",3135,111,-0.06716416044201967,E,lagged_size_emacro,0.9325126658002865,True,1.8341263169115878,0.006759356593153409,-0.07237373959355453,-0.08059293319325411,-0.07123248476371569
median_age,lagged_size_emacro_drop_F,"lagged + size + E_macro pillars, Source F withheld",3135,102,-0.06694775038253509,F,lagged_size_emacro,0.9325126658002865,True,1.8341263169115878,0.006542946533668825,-0.07215732953406995,-0.08037652313376953,-0.0710160747042311
median_home_value,fixed_effect,intercept only (= a geographic fixed effect's prediction of change),3130,1,-0.0055464382328755946,,,0.10821926995281475,False,44285.004979145924,,-0.6760216980396295,-0.672171532031944,-0.6798305719072282
median_home_value,lagged,the county's own early-vintage level,3130,1,0.6666250937990684,,,0.10821926995281475,False,44285.004979145924,,-0.003850166007685507,0.0,-0.007659039875284157
median_home_value,lagged_size,lagged + county size,3130,4,0.6704752598067539,,,0.10821926995281475,False,44285.004979145924,,0.0,0.003850166007685507,-0.00380887386759865
median_home_value,lagged_size_geo,lagged + size + lat/lon,3130,6,0.6742841336743526,,,0.10821926995281475,False,44285.004979145924,,0.00380887386759865,0.007659039875284157,0.0
median_home_value,lagged_size_emacro,lagged + size + E_macro pillars,3130,122,0.705744535430811,,,0.10821926995281475,False,44285.004979145924,,0.03526927562405702,0.039119441631742524,0.03146040175645837
median_home_value,lagged_size_geo_emacro,lagged + size + lat/lon + E_macro pillars,3130,124,0.7144954426857855,,,0.10821926995281475,False,44285.004979145924,,0.04402018287903153,0.04787034888671704,0.04021130901143288
median_home_value,lagged_size_emacro_drop_A,"lagged + size + E_macro pillars, Source A withheld",3130,93,0.7081551104964293,A,lagged_size_emacro,0.10821926995281475,False,44285.004979145924,-0.00241057506561837,0.03767985068967539,0.041530016697360894,0.03387097682207674
median_home_value,lagged_size_emacro_drop_B,"lagged + size + E_macro pillars, Source B withheld",3130,82,0.7175627647584266,B,lagged_size_emacro,0.10821926995281475,False,44285.004979145924,-0.01181822932761567,0.04708750495167269,0.050937670959358194,0.04327863108407404
median_home_value,lagged_size_emacro_drop_C,"lagged + size + E_macro pillars, Source C withheld",3130,118,0.7083997625030516,C,lagged_size_emacro,0.10821926995281475,False,44285.004979145924,-0.00265522707224064,0.03792450269629766,0.041774668703983164,0.03411562882869901
median_home_value,lagged_size_emacro_drop_D,"lagged + size + E_macro pillars, Source D withheld",3130,107,0.7018210729677845,D,lagged_size_emacro,0.10821926995281475,False,44285.004979145924,0.003923462463026439,0.03134581316103058,0.035195979168716085,0.027536939293431928
median_home_value,lagged_size_emacro_drop_E,"lagged + size + E_macro pillars, Source E withheld",3130,112,0.6985505275089529,E,lagged_size_emacro,0.10821926995281475,False,44285.004979145924,0.007194007921858092,0.028075267702198925,0.03192543370988443,0.024266393834600275
median_home_value,lagged_size_emacro_drop_F,"lagged + size + E_macro pillars, Source F withheld",3130,102,0.6968991977612413,F,lagged_size_emacro,0.10821926995281475,False,44285.004979145924,0.00884533766956963,0.026423937954487386,0.030274103962172894,0.022615064086888736
mean_commute_minutes,fixed_effect,intercept only (= a geographic fixed effect's prediction of change),3134,1,-0.0007726655220345879,,,1.77174873167866,True,2.2105523737473365,,-0.06031937694762868,-0.06042434476578307,-0.06759751528054925
mean_commute_minutes,lagged,the county's own early-vintage level,3134,1,0.05965167924374848,,,1.77174873167866,True,2.2105523737473365,,0.00010496781815438894,0.0,-0.007173170514766181
mean_commute_minutes,lagged_size,lagged + county size,3134,4,0.05954671142559409,,,1.77174873167866,True,2.2105523737473365,,0.0,-0.00010496781815438894,-0.0072781383329205696
mean_commute_minutes,lagged_size_geo,lagged + size + lat/lon,3134,6,0.06682484975851466,,,1.77174873167866,True,2.2105523737473365,,0.0072781383329205696,0.007173170514766181,0.0
mean_commute_minutes,lagged_size_emacro,lagged + size + E_macro pillars,3134,122,0.05275636366263736,,,1.77174873167866,True,2.2105523737473365,,-0.006790347762956728,-0.006895315581111117,-0.014068486095877297
mean_commute_minutes,lagged_size_geo_emacro,lagged + size + lat/lon + E_macro pillars,3134,124,0.05189463847315223,,,1.77174873167866,True,2.2105523737473365,,-0.007652072952441857,-0.007757040770596246,-0.014930211285362427
mean_commute_minutes,lagged_size_emacro_drop_A,"lagged + size + E_macro pillars, Source A withheld",3134,93,0.05920128000369851,A,lagged_size_emacro,1.77174873167866,True,2.2105523737473365,-0.0064449163410611465,-0.0003454314218955812,-0.0004503992400499701,-0.007623569754816151
mean_commute_minutes,lagged_size_emacro_drop_B,"lagged + size + E_macro pillars, Source B withheld",3134,82,0.044308095255070845,B,lagged_size_emacro,1.77174873167866,True,2.2105523737473365,0.008448268407566517,-0.015238616170523245,-0.015343583988677634,-0.022516754503443814
mean_commute_minutes,lagged_size_emacro_drop_C,"lagged + size + E_macro pillars, Source C withheld",3134,118,0.057825247784028755,C,lagged_size_emacro,1.77174873167866,True,2.2105523737473365,-0.005068884121391393,-0.001721463641565335,-0.001826431459719724,-0.008999601974485905
mean_commute_minutes,lagged_size_emacro_drop_D,"lagged + size + E_macro pillars, Source D withheld",3134,107,0.05415704159776702,D,lagged_size_emacro,1.77174873167866,True,2.2105523737473365,-0.0014006779351296572,-0.0053896698278270705,-0.005494637645981459,-0.01266780816074764
mean_commute_minutes,lagged_size_emacro_drop_E,"lagged + size + E_macro pillars, Source E withheld",3134,112,0.04347807283249383,E,lagged_size_emacro,1.77174873167866,True,2.2105523737473365,0.009278290830143532,-0.01606863859310026,-0.01617360641125465,-0.02334677692602083
mean_commute_minutes,lagged_size_emacro_drop_F,"lagged + size + E_macro pillars, Source F withheld",3134,102,0.05557444927877875,F,lagged_size_emacro,1.77174873167866,True,2.2105523737473365,-0.002818085616141386,-0.003972262146815342,-0.004077229964969731,-0.011250400479735911
per_capita_income,fixed_effect,intercept only (= a geographic fixed effect's prediction of change),3135,1,-0.002478259212449485,,,0.7639778959308331,True,2906.0743495337642,,-0.16962532824232424,-0.16546408560328174,-0.17282079966374353
per_capita_income,lagged,the county's own early-vintage level,3135,1,0.16298582639083226,,,0.7639778959308331,True,2906.0743495337642,,-0.004161242639042495,0.0,-0.007356714060461789
per_capita_income,lagged_size,lagged + county size,3135,4,0.16714706902987475,,,0.7639778959308331,True,2906.0743495337642,,0.0,0.004161242639042495,-0.0031954714214192936
per_capita_income,lagged_size_geo,lagged + size + lat/lon,3135,6,0.17034254045129404,,,0.7639778959308331,True,2906.0743495337642,,0.0031954714214192936,0.007356714060461789,0.0
per_capita_income,lagged_size_emacro,lagged + size + E_macro pillars,3135,121,0.24922346334780765,,,0.7639778959308331,True,2906.0743495337642,,0.0820763943179329,0.0862376369569754,0.0788809228965136
per_capita_income,lagged_size_geo_emacro,lagged + size + lat/lon + E_macro pillars,3135,123,0.2632442562943633,,,0.7639778959308331,True,2906.0743495337642,,0.09609718726448857,0.10025842990353107,0.09290171584306928
per_capita_income,lagged_size_emacro_drop_A,"lagged + size + E_macro pillars, Source A withheld",3135,92,0.24704939528305858,A,lagged_size_emacro,0.7639778959308331,True,2906.0743495337642,0.0021740680647490684,0.07990232625318383,0.08406356889222633,0.07670685483176454
per_capita_income,lagged_size_emacro_drop_B,"lagged + size + E_macro pillars, Source B withheld",3135,81,0.2531647734783715,B,lagged_size_emacro,0.7639778959308331,True,2906.0743495337642,-0.003941310130563869,0.08601770444849677,0.09017894708753926,0.08282223302707747
per_capita_income,lagged_size_emacro_drop_C,"lagged + size + E_macro pillars, Source C withheld",3135,117,0.25109470106102183,C,lagged_size_emacro,0.7639778959308331,True,2906.0743495337642,-0.00187123771321418,0.08394763203114708,0.08810887467018957,0.08075216060972779
per_capita_income,lagged_size_emacro_drop_D,"lagged + size + E_macro pillars, Source D withheld",3135,106,0.25127917227108143,D,lagged_size_emacro,0.7639778959308331,True,2906.0743495337642,-0.00205570892327378,0.08413210324120668,0.08829334588024917,0.08093663181978739
per_capita_income,lagged_size_emacro_drop_E,"lagged + size + E_macro pillars, Source E withheld",3135,112,0.2087702580396784,E,lagged_size_emacro,0.7639778959308331,True,2906.0743495337642,0.040453205308129236,0.04162318900980366,0.04578443164884616,0.03842771758838437
per_capita_income,lagged_size_emacro_drop_F,"lagged + size + E_macro pillars, Source F withheld",3135,101,0.25166898155716855,F,lagged_size_emacro,0.7639778959308331,True,2906.0743495337642,-0.0024455182093608974,0.0845219125272938,0.08868315516633629,0.0813264411058745
median_family_income,fixed_effect,intercept only (= a geographic fixed effect's prediction of change),3131,1,-0.00012003891907252928,,,1.0939826668431036,True,6464.16406330285,,-0.1276762732072887,-0.09310058819068379,-0.11839001760795531
median_family_income,lagged,the county's own early-vintage level,3131,1,0.09298054927161126,,,1.0939826668431036,True,6464.16406330285,,-0.03457568501660491,0.0,-0.025289429417271525
median_family_income,lagged_size,lagged + county size,3131,4,0.12755623428821616,,,1.0939826668431036,True,6464.16406330285,,0.0,0.03457568501660491,0.009286255599333382
median_family_income,lagged_size_geo,lagged + size + lat/lon,3131,6,0.11826997868888278,,,1.0939826668431036,True,6464.16406330285,,-0.009286255599333382,0.025289429417271525,0.0
median_family_income,lagged_size_emacro,lagged + size + E_macro pillars,3131,121,0.13611289511250624,,,1.0939826668431036,True,6464.16406330285,,0.008556660824290074,0.04313234584089498,0.017842916423623456
median_family_income,lagged_size_geo_emacro,lagged + size + lat/lon + E_macro pillars,3131,123,0.1379178325973811,,,1.0939826668431036,True,6464.16406330285,,0.010361598309164943,0.04493728332576985,0.019647853908498325
median_family_income,lagged_size_emacro_drop_A,"lagged + size + E_macro pillars, Source A withheld",3131,92,0.13818486317732281,A,lagged_size_emacro,1.0939826668431036,True,6464.16406330285,-0.002071968064816576,0.01062862888910665,0.04520431390571156,0.019914884488440032
median_family_income,lagged_size_emacro_drop_B,"lagged + size + E_macro pillars, Source B withheld",3131,81,0.11726258688494728,B,lagged_size_emacro,1.0939826668431036,True,6464.16406330285,0.018850308227558954,-0.01029364740326888,0.024282037613336027,-0.0010073918039354979
median_family_income,lagged_size_emacro_drop_C,"lagged + size + E_macro pillars, Source C withheld",3131,117,0.1407023602017773,C,lagged_size_emacro,1.0939826668431036,True,6464.16406330285,-0.00458946508927105,0.013146125913561124,0.04772181093016603,0.022432381512894506
median_family_income,lagged_size_emacro_drop_D,"lagged + size + E_macro pillars, Source D withheld",3131,106,0.13476639559845438,D,lagged_size_emacro,1.0939826668431036,True,6464.16406330285,0.0013464995140518576,0.007210161310238217,0.041785846326843123,0.0164964169095716
median_family_income,lagged_size_emacro_drop_E,"lagged + size + E_macro pillars, Source E withheld",3131,112,0.07970876436049212,E,lagged_size_emacro,1.0939826668431036,True,6464.16406330285,0.056404130752014114,-0.04784746992772404,-0.013271784911119133,-0.03856121432839066
median_family_income,lagged_size_emacro_drop_F,"lagged + size + E_macro pillars, Source F withheld",3131,101,0.1349994130419997,F,lagged_size_emacro,1.0939826668431036,True,6464.16406330285,0.001113482070506544,0.00744317875378353,0.04201886377038844,0.016729434353116912
median_gross_rent,fixed_effect,intercept only (= a geographic fixed effect's prediction of change),3126,1,-0.012010473910836872,,,0.7247665996367514,False,100.79502488255487,,-0.32738983442469305,-0.30027419255274956,-0.33370602419419526
median_gross_rent,lagged,the county's own early-vintage level,3126,1,0.2882637186419127,,,0.7247665996367514,False,100.79502488255487,,-0.027115641871943486,0.0,-0.0334318316414457
median_gross_rent,lagged_size,lagged + county size,3126,4,0.3153793605138562,,,0.7247665996367514,False,100.79502488255487,,0.0,0.027115641871943486,-0.006316189769502212
median_gross_rent,lagged_size_geo,lagged + size + lat/lon,3126,6,0.3216955502833584,,,0.7247665996367514,False,100.79502488255487,,0.006316189769502212,0.0334318316414457,0.0
median_gross_rent,lagged_size_emacro,lagged + size + E_macro pillars,3126,122,0.30818145971114574,,,0.7247665996367514,False,100.79502488255487,,-0.007197900802710433,0.019917741069233053,-0.013514090572212645
median_gross_rent,lagged_size_geo_emacro,lagged + size + lat/lon + E_macro pillars,3126,124,0.31324232556182363,,,0.7247665996367514,False,100.79502488255487,,-0.002137034952032546,0.02497860691991094,-0.008453224721534758
median_gross_rent,lagged_size_emacro_drop_A,"lagged + size + E_macro pillars, Source A withheld",3126,93,0.31159745562782837,A,lagged_size_emacro,0.7247665996367514,False,100.79502488255487,-0.0034159959166826237,-0.0037819048860278093,0.023333736985915676,-0.010098094655530021
median_gross_rent,lagged_size_emacro_drop_B,"lagged + size + E_macro pillars, Source B withheld",3126,82,0.31638044835122847,B,lagged_size_emacro,0.7247665996367514,False,100.79502488255487,-0.008198988640082727,0.0010010878373722942,0.02811672970931578,-0.0053151019321299176
median_gross_rent,lagged_size_emacro_drop_C,"lagged + size + E_macro pillars, Source C withheld",3126,118,0.31480442064680214,C,lagged_size_emacro,0.7247665996367514,False,100.79502488255487,-0.006622960935656397,-0.0005749398670540362,0.02654070200488945,-0.006891129636556248
median_gross_rent,lagged_size_emacro_drop_D,"lagged + size + E_macro pillars, Source D withheld",3126,107,0.30436245533042017,D,lagged_size_emacro,0.7247665996367514,False,100.79502488255487,0.003819004380725577,-0.01101690518343601,0.016098736688507476,-0.01733309495293822
median_gross_rent,lagged_size_emacro_drop_E,"lagged + size + E_macro pillars, Source E withheld",3126,112,0.3053652059831111,E,lagged_size_emacro,0.7247665996367514,False,100.79502488255487,0.0028162537280346234,-0.010014154530745056,0.01710148734119843,-0.016330344300247268
median_gross_rent,lagged_size_emacro_drop_F,"lagged + size + E_macro pillars, Source F withheld",3126,102,0.29899429032468416,F,lagged_size_emacro,0.7247665996367514,False,100.79502488255487,0.00918716938646158,-0.016385070189172013,0.010730571682771473,-0.022701259958674225
median_contract_rent,fixed_effect,intercept only (= a geographic fixed effect's prediction of change),3112,1,-0.0031868186267092202,,,0.5577340433506608,False,91.39535928010186,,-0.42051916090150776,-0.4001946258735165,-0.4271781945346178
median_contract_rent,lagged,the county's own early-vintage level,3112,1,0.3970078072468073,,,0.5577340433506608,False,91.39535928010186,,-0.020324535027991253,0.0,-0.026983568661101298
median_contract_rent,lagged_size,lagged + county size,3112,4,0.41733234227479854,,,0.5577340433506608,False,91.39535928010186,,0.0,0.020324535027991253,-0.006659033633110045
median_contract_rent,lagged_size_geo,lagged + size + lat/lon,3112,6,0.4239913759079086,,,0.5577340433506608,False,91.39535928010186,,0.006659033633110045,0.026983568661101298,0.0
median_contract_rent,lagged_size_emacro,lagged + size + E_macro pillars,3112,122,0.41767395715291444,,,0.5577340433506608,False,91.39535928010186,,0.0003416148781159034,0.020666149906107156,-0.006317418754994142
median_contract_rent,lagged_size_geo_emacro,lagged + size + lat/lon + E_macro pillars,3112,124,0.42048560312810634,,,0.5577340433506608,False,91.39535928010186,,0.0031532608533078044,0.023477795881299057,-0.003505772779802241
median_contract_rent,lagged_size_emacro_drop_A,"lagged + size + E_macro pillars, Source A withheld",3112,93,0.4229073527613797,A,lagged_size_emacro,0.5577340433506608,False,91.39535928010186,-0.005233395608465252,0.005575010486581156,0.02589954551457241,-0.0010840231465288896
median_contract_rent,lagged_size_emacro_drop_B,"lagged + size + E_macro pillars, Source B withheld",3112,82,0.4251915343307915,B,lagged_size_emacro,0.5577340433506608,False,91.39535928010186,-0.007517577177877044,0.007859192055992947,0.0281837270839842,0.001200158422882902
median_contract_rent,lagged_size_emacro_drop_C,"lagged + size + E_macro pillars, Source C withheld",3112,118,0.42140635702559226,C,lagged_size_emacro,0.5577340433506608,False,91.39535928010186,-0.0037323998726778163,0.00407401475079372,0.024398549778784973,-0.0025850188823163256
median_contract_rent,lagged_size_emacro_drop_D,"lagged + size + E_macro pillars, Source D withheld",3112,107,0.41241969419165814,D,lagged_size_emacro,0.5577340433506608,False,91.39535928010186,0.005254262961256306,-0.004912648083140403,0.01541188694485085,-0.011571681716250448
median_contract_rent,lagged_size_emacro_drop_E,"lagged + size + E_macro pillars, Source E withheld",3112,112,0.40992541876556954,E,lagged_size_emacro,0.5577340433506608,False,91.39535928010186,0.007748538387344905,-0.007406923509229002,0.012917611518762251,-0.014065957142339047
median_contract_rent,lagged_size_emacro_drop_F,"lagged + size + E_macro pillars, Source F withheld",3112,102,0.4097808353110576,F,lagged_size_emacro,0.5577340433506608,False,91.39535928010186,0.007893121841856865,-0.0075515069637409615,0.012773028064250291,-0.014210540596851007
median_monthly_housing_cost,fixed_effect,intercept only (= a geographic fixed effect's prediction of change),3133,1,-0.003050920362967169,,,0.5025716023085195,False,74.71813038295413,,-0.4367094525306616,-0.4256664713959053,-0.4338413585071811
median_monthly_housing_cost,lagged,the county's own early-vintage level,3133,1,0.42261555103293813,,,0.5025716023085195,False,74.71813038295413,,-0.011042981134756324,0.0,-0.008174887111275786
median_monthly_housing_cost,lagged_size,lagged + county size,3133,4,0.43365853216769445,,,0.5025716023085195,False,74.71813038295413,,0.0,0.011042981134756324,0.0028680940234805385
median_monthly_housing_cost,lagged_size_geo,lagged + size + lat/lon,3133,6,0.4307904381442139,,,0.5025716023085195,False,74.71813038295413,,-0.0028680940234805385,0.008174887111275786,0.0
median_monthly_housing_cost,lagged_size_emacro,lagged + size + E_macro pillars,3133,121,0.4294070440894613,,,0.5025716023085195,False,74.71813038295413,,-0.004251488078233168,0.006791493056523157,-0.0013833940547526291
median_monthly_housing_cost,lagged_size_geo_emacro,lagged + size + lat/lon + E_macro pillars,3133,123,0.42436484295376553,,,0.5025716023085195,False,74.71813038295413,,-0.009293689213928924,0.0017492919208274005,-0.0064255951904483855
median_monthly_housing_cost,lagged_size_emacro_drop_A,"lagged + size + E_macro pillars, Source A withheld",3133,92,0.43044512439071025,A,lagged_size_emacro,0.5025716023085195,False,74.71813038295413,-0.001038080301248967,-0.0032134077769842007,0.007829573357772124,-0.0003453137535036621
median_monthly_housing_cost,lagged_size_emacro_drop_B,"lagged + size + E_macro pillars, Source B withheld",3133,81,0.4429216249997239,B,lagged_size_emacro,0.5025716023085195,False,74.71813038295413,-0.013514580910262586,0.009263092832029418,0.020306073966785743,0.012131186855509957
median_monthly_housing_cost,lagged_size_emacro_drop_C,"lagged + size + E_macro pillars, Source C withheld",3133,117,0.4375459628987437,C,lagged_size_emacro,0.5025716023085195,False,74.71813038295413,-0.008138918809282414,0.003887430731049246,0.01493041186580557,0.006755524754529785
median_monthly_housing_cost,lagged_size_emacro_drop_D,"lagged + size + E_macro pillars, Source D withheld",3133,106,0.4306409305508824,D,lagged_size_emacro,0.5025716023085195,False,74.71813038295413,-0.0012338864614210854,-0.0030176016168120823,0.008025379517944242,-0.00014950759333154373
median_monthly_housing_cost,lagged_size_emacro_drop_E,"lagged + size + E_macro pillars, Source E withheld",3133,111,0.4064478853099456,E,lagged_size_emacro,0.5025716023085195,False,74.71813038295413,0.02295915877951571,-0.027210646857748877,-0.016167665722992552,-0.02434255283426834
median_monthly_housing_cost,lagged_size_emacro_drop_F,"lagged + size + E_macro pillars, Source F withheld",3133,102,0.4229139788823457,F,lagged_size_emacro,0.5025716023085195,False,74.71813038295413,0.006493065207115567,-0.010744553285348735,0.0002984278494075898,-0.007876459261868196
median_year_built,fixed_effect,intercept only (= a geographic fixed effect's prediction of change),3134,1,-0.0020082215912282653,,,25463329255.251892,True,60.014303968977785,,0.03061542151456975,0.035354444501975335,0.022953403194770905
median_year_built,lagged,the county's own early-vintage level,3134,1,-0.0373626660932036,,,25463329255.251892,True,60.014303968977785,,-0.004739022987405583,0.0,-0.01240104130720443
median_year_built,lagged_size,lagged + county size,3134,4,-0.03262364310579802,,,25463329255.251892,True,60.014303968977785,,0.0,0.004739022987405583,-0.007662018319798847
median_year_built,lagged_size_geo,lagged + size + lat/lon,3134,6,-0.02496162478599917,,,25463329255.251892,True,60.014303968977785,,0.007662018319798847,0.01240104130720443,0.0
median_year_built,lagged_size_emacro,lagged + size + E_macro pillars,3134,122,-0.007141038675084976,,,25463329255.251892,True,60.014303968977785,,0.02548260443071304,0.030221627418118624,0.017820586110914194
median_year_built,lagged_size_geo_emacro,lagged + size + lat/lon + E_macro pillars,3134,124,-0.006095406434820871,,,25463329255.251892,True,60.014303968977785,,0.026528236670977146,0.03126725965838273,0.0188662183511783
median_year_built,lagged_size_emacro_drop_A,"lagged + size + E_macro pillars, Source A withheld",3134,93,-0.008195077149624641,A,lagged_size_emacro,25463329255.251892,True,60.014303968977785,0.0010540384745396647,0.024428565956173376,0.02916758894357896,0.01676654763637453
median_year_built,lagged_size_emacro_drop_B,"lagged + size + E_macro pillars, Source B withheld",3134,82,-0.011527990566719382,B,lagged_size_emacro,25463329255.251892,True,60.014303968977785,0.004386951891634405,0.021095652539078635,0.02583467552648422,0.013433634219279789
median_year_built,lagged_size_emacro_drop_C,"lagged + size + E_macro pillars, Source C withheld",3134,118,-0.007333794206112909,C,lagged_size_emacro,25463329255.251892,True,60.014303968977785,0.00019275553102793275,0.025289848899685108,0.03002887188709069,0.01762783057988626
median_year_built,lagged_size_emacro_drop_D,"lagged + size + E_macro pillars, Source D withheld",3134,107,-0.009217427666213363,D,lagged_size_emacro,25463329255.251892,True,60.014303968977785,0.002076388991128386,0.023406215439584654,0.028145238426990238,0.015744197119785808
median_year_built,lagged_size_emacro_drop_E,"lagged + size + E_macro pillars, Source E withheld",3134,112,-0.008517760212956249,E,lagged_size_emacro,25463329255.251892,True,60.014303968977785,0.0013767215378712727,0.024105882892841768,0.02884490588024735,0.01644386457304292
median_year_built,lagged_size_emacro_drop_F,"lagged + size + E_macro pillars, Source F withheld",3134,102,-0.01725376494540032,F,lagged_size_emacro,25463329255.251892,True,60.014303968977785,0.010112726270315342,0.015369878160397699,0.020108901147803282,0.007707859840598852
mean_household_size,fixed_effect,intercept only (= a geographic fixed effect's prediction of change),3135,1,-0.0044891607281731805,,,0.7504093365495608,True,0.12622069962069532,,-0.13342273367362933,-0.11441210481773545,-0.11363247484770167
mean_household_size,lagged,the county's own early-vintage level,3135,1,0.10992294408956227,,,0.7504093365495608,True,0.12622069962069532,,-0.019010628855893885,0.0,0.0007796299700337794
mean_household_size,lagged_size,lagged + county size,3135,4,0.12893357294545615,,,0.7504093365495608,True,0.12622069962069532,,0.0,0.019010628855893885,0.019790258825927665
mean_household_size,lagged_size_geo,lagged + size + lat/lon,3135,6,0.10914331411952849,,,0.7504093365495608,True,0.12622069962069532,,-0.019790258825927665,-0.0007796299700337794,0.0
mean_household_size,lagged_size_emacro,lagged + size + E_macro pillars,3135,122,0.20876803241638586,,,0.7504093365495608,True,0.12622069962069532,,0.07983445947092971,0.0988450883268236,0.09962471829685737
mean_household_size,lagged_size_geo_emacro,lagged + size + lat/lon + E_macro pillars,3135,124,0.20633103161138766,,,0.7504093365495608,True,0.12622069962069532,,0.0773974586659315,0.09640808752182539,0.09718771749185917
mean_household_size,lagged_size_emacro_drop_A,"lagged + size + E_macro pillars, Source A withheld",3135,93,0.2163723070552963,A,lagged_size_emacro,0.7504093365495608,True,0.12622069962069532,-0.0076042746389104465,0.08743873410984015,0.10644936296573404,0.10722899293576782
mean_household_size,lagged_size_emacro_drop_B,"lagged + size + E_macro pillars, Source B withheld",3135,82,0.21710542340012196,B,lagged_size_emacro,0.7504093365495608,True,0.12622069962069532,-0.008337390983736093,0.0881718504546658,0.10718247931055969,0.10796210928059347
mean_household_size,lagged_size_emacro_drop_C,"lagged + size + E_macro pillars, Source C withheld",3135,118,0.20904523982844125,C,lagged_size_emacro,0.7504093365495608,True,0.12622069962069532,-0.00027720741205539134,0.0801116668829851,0.09912229573887898,0.09990192570891276
mean_household_size,lagged_size_emacro_drop_D,"lagged + size + E_macro pillars, Source D withheld",3135,107,0.20638801221701464,D,lagged_size_emacro,0.7504093365495608,True,0.12622069962069532,0.0023800201993712244,0.07745443927155848,0.09646506812745237,0.09724469809748615
mean_household_size,lagged_size_emacro_drop_E,"lagged + size + E_macro pillars, Source E withheld",3135,112,0.19916533991220098,E,lagged_size_emacro,0.7504093365495608,True,0.12622069962069532,0.009602692504184884,0.07023176696674482,0.08924239582263871,0.09002202579267249
mean_household_size,lagged_size_emacro_drop_F,"lagged + size + E_macro pillars, Source F withheld",3135,102,0.17663930695704955,F,lagged_size_emacro,0.7504093365495608,True,0.12622069962069532,0.032128725459336316,0.04770573401159339,0.06671636286748728,0.06749599283752106
owner_occupied_share,fixed_effect,intercept only (= a geographic fixed effect's prediction of change),3135,1,-0.0007633479935948984,,,0.9705588980063541,True,0.03129807584610517,,-0.03570008213534637,-0.020919860391419576,-0.03856723837082876
owner_occupied_share,lagged,the county's own early-vintage level,3135,1,0.020156512397824677,,,0.9705588980063541,True,0.03129807584610517,,-0.014780221743926791,0.0,-0.017647377979409185
owner_occupied_share,lagged_size,lagged + county size,3135,4,0.03493673414175147,,,0.9705588980063541,True,0.03129807584610517,,0.0,0.014780221743926791,-0.002867156235482393
owner_occupied_share,lagged_size_geo,lagged + size + lat/lon,3135,6,0.03780389037723386,,,0.9705588980063541,True,0.03129807584610517,,0.002867156235482393,0.017647377979409185,0.0
owner_occupied_share,lagged_size_emacro,lagged + size + E_macro pillars,3135,122,0.02149000013675828,,,0.9705588980063541,True,0.03129807584610517,,-0.013446734004993188,0.001333487738933603,-0.01631389024047558
owner_occupied_share,lagged_size_geo_emacro,lagged + size + lat/lon + E_macro pillars,3135,124,0.02333663918971829,,,0.9705588980063541,True,0.03129807584610517,,-0.01160009495203318,0.0031801267918936116,-0.014467251187515573
owner_occupied_share,lagged_size_emacro_drop_A,"lagged + size + E_macro pillars, Source A withheld",3135,93,0.02346565958323288,A,lagged_size_emacro,0.9705588980063541,True,0.03129807584610517,-0.001975659446474598,-0.01147107455851859,0.003309147185408201,-0.014338230794000983
owner_occupied_share,lagged_size_emacro_drop_B,"lagged + size + E_macro pillars, Source B withheld",3135,82,0.04654171471690305,B,lagged_size_emacro,0.9705588980063541,True,0.03129807584610517,-0.025051714580144768,0.01160498057515158,0.02638520231907837,0.008737824339669187
owner_occupied_share,lagged_size_emacro_drop_C,"lagged + size + E_macro pillars, Source C withheld",3135,118,0.021707105934871462,C,lagged_size_emacro,0.9705588980063541,True,0.03129807584610517,-0.00021710579811318187,-0.013229628206880006,0.001550593537046785,-0.0160967844423624
owner_occupied_share,lagged_size_emacro_drop_D,"lagged + size + E_macro pillars, Source D withheld",3135,107,0.015970821827383297,D,lagged_size_emacro,0.9705588980063541,True,0.03129807584610517,0.0055191783093749835,-0.018965912314368172,-0.0041856905704413805,-0.021833068549850565
owner_occupied_share,lagged_size_emacro_drop_E,"lagged + size + E_macro pillars, Source E withheld",3135,112,0.020091394217949254,E,lagged_size_emacro,0.9705588980063541,True,0.03129807584610517,0.001398605918809026,-0.014845339923802214,-6.511817987542301e-05,-0.017712496159284608
owner_occupied_share,lagged_size_emacro_drop_F,"lagged + size + E_macro pillars, Source F withheld",3135,102,0.013544096441715947,F,lagged_size_emacro,0.9705588980063541,True,0.03129807584610517,0.007945903695042333,-0.02139263770003552,-0.00661241595610873,-0.024259793935517915
poverty_rate,fixed_effect,intercept only (= a geographic fixed effect's prediction of change),3135,1,-0.0014136316918318403,,,1.0300433350882774,True,0.02631443701773358,,-0.09573555813605361,-0.07940924281893513,-0.10266180021095694
poverty_rate,lagged,the county's own early-vintage level,3135,1,0.07799561112710329,,,1.0300433350882774,True,0.02631443701773358,,-0.01632631531711848,0.0,-0.02325255739202181
poverty_rate,lagged_size,lagged + county size,3135,4,0.09432192644422177,,,1.0300433350882774,True,0.02631443701773358,,0.0,0.01632631531711848,-0.006926242074903333
poverty_rate,lagged_size_geo,lagged + size + lat/lon,3135,6,0.1012481685191251,,,1.0300433350882774,True,0.02631443701773358,,0.006926242074903333,0.02325255739202181,0.0
poverty_rate,lagged_size_emacro,lagged + size + E_macro pillars,3135,121,0.05247763665681138,,,1.0300433350882774,True,0.02631443701773358,,-0.041844289787410394,-0.025517974470291915,-0.048770531862313726
poverty_rate,lagged_size_geo_emacro,lagged + size + lat/lon + E_macro pillars,3135,123,0.04820161364531239,,,1.0300433350882774,True,0.02631443701773358,,-0.04612031279890938,-0.0297939974817909,-0.05304655487381271
poverty_rate,lagged_size_emacro_drop_A,"lagged + size + E_macro pillars, Source A withheld",3135,92,0.061345485778886544,A,lagged_size_emacro,1.0300433350882774,True,0.02631443701773358,-0.008867849122075167,-0.03297644066533523,-0.01665012534821675,-0.03990268274023856
poverty_rate,lagged_size_emacro_drop_B,"lagged + size + E_macro pillars, Source B withheld",3135,81,0.0902478749165545,B,lagged_size_emacro,1.0300433350882774,True,0.02631443701773358,-0.03777023825974313,-0.004074051527667266,0.012252263789451212,-0.011000293602570599
poverty_rate,lagged_size_emacro_drop_C,"lagged + size + E_macro pillars, Source C withheld",3135,117,0.06014556230468393,C,lagged_size_emacro,1.0300433350882774,True,0.02631443701773358,-0.007667925647872553,-0.03417636413953784,-0.017850048822419362,-0.04110260621444117
poverty_rate,lagged_size_emacro_drop_D,"lagged + size + E_macro pillars, Source D withheld",3135,106,0.05050837871712699,D,lagged_size_emacro,1.0300433350882774,True,0.02631443701773358,0.001969257939684388,-0.04381354772709478,-0.027487232409976303,-0.050739789801998114
poverty_rate,lagged_size_emacro_drop_E,"lagged + size + E_macro pillars, Source E withheld",3135,111,0.039247332281174496,E,lagged_size_emacro,1.0300433350882774,True,0.02631443701773358,0.013230304375636881,-0.055074594163047275,-0.038748278845928796,-0.06200083623795061
poverty_rate,lagged_size_emacro_drop_F,"lagged + size + E_macro pillars, Source F withheld",3135,102,0.052581649753781656,F,lagged_size_emacro,1.0300433350882774,True,0.02631443701773358,-0.00010401309697027905,-0.041740276690440115,-0.025413961373321636,-0.04866651876534345
family_household_share,fixed_effect,intercept only (= a geographic fixed effect's prediction of change),3135,1,-0.0008524023424565375,,,1.1451801579432646,True,0.030108911412279882,,-0.053959078980054365,-0.03866435816119651,-0.05404157818473898
family_household_share,lagged,the county's own early-vintage level,3135,1,0.03781195581873997,,,1.1451801579432646,True,0.030108911412279882,,-0.015294720818857854,0.0,-0.01537722002354247
family_household_share,lagged_size,lagged + county size,3135,4,0.05310667663759783,,,1.1451801579432646,True,0.030108911412279882,,0.0,0.015294720818857854,-8.249920468461625e-05
family_household_share,lagged_size_geo,lagged + size + lat/lon,3135,6,0.05318917584228244,,,1.1451801579432646,True,0.030108911412279882,,8.249920468461625e-05,0.01537722002354247,0.0
family_household_share,lagged_size_emacro,lagged + size + E_macro pillars,3135,122,0.02854979577453498,,,1.1451801579432646,True,0.030108911412279882,,-0.024556880863062847,-0.009262160044204992,-0.024639380067747463
family_household_share,lagged_size_geo_emacro,lagged + size + lat/lon + E_macro pillars,3135,124,0.03241653245969034,,,1.1451801579432646,True,0.030108911412279882,,-0.020690144177907488,-0.005395423359049634,-0.020772643382592104
family_household_share,lagged_size_emacro_drop_A,"lagged + size + E_macro pillars, Source A withheld",3135,93,0.03210547406001496,A,lagged_size_emacro,1.1451801579432646,True,0.030108911412279882,-0.0035556782854799796,-0.021001202577582867,-0.005706481758725013,-0.021083701782267483
family_household_share,lagged_size_emacro_drop_B,"lagged + size + E_macro pillars, Source B withheld",3135,82,0.03992618838018802,B,lagged_size_emacro,1.1451801579432646,True,0.030108911412279882,-0.01137639260565304,-0.013180488257409806,0.0021142325614480484,-0.013262987462094422
family_household_share,lagged_size_emacro_drop_C,"lagged + size + E_macro pillars, Source C withheld",3135,118,0.02896263856890613,C,lagged_size_emacro,1.1451801579432646,True,0.030108911412279882,-0.0004128427943711488,-0.024144038068691698,-0.008849317249833843,-0.024226537273376314
family_household_share,lagged_size_emacro_drop_D,"lagged + size + E_macro pillars, Source D withheld",3135,107,0.02402965841435467,D,lagged_size_emacro,1.1451801579432646,True,0.030108911412279882,0.00452013736018031,-0.029077018223243156,-0.013782297404385302,-0.029159517427927772
family_household_share,lagged_size_emacro_drop_E,"lagged + size + E_macro pillars, Source E withheld",3135,112,0.03286436916248969,E,lagged_size_emacro,1.1451801579432646,True,0.030108911412279882,-0.004314573387954712,-0.020242307475108134,-0.00494758665625028,-0.02032480667979275
family_household_share,lagged_size_emacro_drop_F,"lagged + size + E_macro pillars, Source F withheld",3135,102,0.02359418114860412,F,lagged_size_emacro,1.1451801579432646,True,0.030108911412279882,0.00495561462593086,-0.029512495488993706,-0.014217774670135852,-0.029594994693678323
single_unit_share,fixed_effect,intercept only (= a geographic fixed effect's prediction of change),3135,1,-0.0016438451724249958,,,1.25491245199576,True,0.02517367772968358,,-0.012902090923533449,-0.0021258809518380772,-0.012790302307963297
single_unit_share,lagged,the county's own early-vintage level,3135,1,0.0004820357794130814,,,1.25491245199576,True,0.02517367772968358,,-0.010776209971695372,0.0,-0.01066442135612522
single_unit_share,lagged_size,lagged + county size,3135,4,0.011258245751108453,,,1.25491245199576,True,0.02517367772968358,,0.0,0.010776209971695372,0.00011178861557015196
single_unit_share,lagged_size_geo,lagged + size + lat/lon,3135,6,0.011146457135538301,,,1.25491245199576,True,0.02517367772968358,,-0.00011178861557015196,0.01066442135612522,0.0
single_unit_share,lagged_size_emacro,lagged + size + E_macro pillars,3135,122,-0.021622330335520745,,,1.25491245199576,True,0.02517367772968358,,-0.0328805760866292,-0.022104366114933827,-0.03276878747105905
single_unit_share,lagged_size_geo_emacro,lagged + size + lat/lon + E_macro pillars,3135,124,-0.022721380147912695,,,1.25491245199576,True,0.02517367772968358,,-0.03397962589902115,-0.023203415927325777,-0.033867837283451
single_unit_share,lagged_size_emacro_drop_A,"lagged + size + E_macro pillars, Source A withheld",3135,93,-0.021551094601532483,A,lagged_size_emacro,1.25491245199576,True,0.02517367772968358,-7.123573398826188e-05,-0.03280934035264094,-0.022033130380945565,-0.032697551737070785
single_unit_share,lagged_size_emacro_drop_B,"lagged + size + E_macro pillars, Source B withheld",3135,82,0.024412013416759915,B,lagged_size_emacro,1.25491245199576,True,0.02517367772968358,-0.04603434375228066,0.013153767665651461,0.023929977637346833,0.013265556281221613
single_unit_share,lagged_size_emacro_drop_C,"lagged + size + E_macro pillars, Source C withheld",3135,118,-0.01953617928158735,C,lagged_size_emacro,1.25491245199576,True,0.02517367772968358,-0.002086151053933394,-0.030794425032695805,-0.020018215061000433,-0.030682636417125653
single_unit_share,lagged_size_emacro_drop_D,"lagged + size + E_macro pillars, Source D withheld",3135,107,-0.019177113333010087,D,lagged_size_emacro,1.25491245199576,True,0.02517367772968358,-0.002445217002510658,-0.03043535908411854,-0.01965914911242317,-0.03032357046854839
single_unit_share,lagged_size_emacro_drop_E,"lagged + size + E_macro pillars, Source E withheld",3135,112,-0.0185474001688688,E,lagged_size_emacro,1.25491245199576,True,0.02517367772968358,-0.0030749301666519457,-0.029805645919977253,-0.01902943594828188,-0.0296938573044071
single_unit_share,lagged_size_emacro_drop_F,"lagged + size + E_macro pillars, Source F withheld",3135,102,-0.03367171721509066,F,lagged_size_emacro,1.25491245199576,True,0.02517367772968358,0.012049386879569912,-0.04492996296619911,-0.03415375299450374,-0.04481817435062896
bachelors_share,fixed_effect,intercept only (= a geographic fixed effect's prediction of change),3135,1,-0.0004413018721991513,,,685710726.3379045,True,0.017926371026062857,,-0.01226655549868727,-0.003217697521941121,-0.005457817268611498
bachelors_share,lagged,the county's own early-vintage level,3135,1,0.0027763956497419695,,,685710726.3379045,True,0.017926371026062857,,-0.00904885797674615,0.0,-0.002240119746670377
bachelors_share,lagged_size,lagged + county size,3135,4,0.01182525362648812,,,685710726.3379045,True,0.017926371026062857,,0.0,0.00904885797674615,0.006808738230075773
bachelors_share,lagged_size_geo,lagged + size + lat/lon,3135,6,0.0050165153964123466,,,685710726.3379045,True,0.017926371026062857,,-0.006808738230075773,0.002240119746670377,0.0
bachelors_share,lagged_size_emacro,lagged + size + E_macro pillars,3135,121,0.022954421880311493,,,685710726.3379045,True,0.017926371026062857,,0.011129168253823374,0.020178026230569523,0.017937906483899146
bachelors_share,lagged_size_geo_emacro,lagged + size + lat/lon + E_macro pillars,3135,123,0.0217665053451358,,,685710726.3379045,True,0.017926371026062857,,0.009941251718647681,0.01899010969539383,0.016749989948723454
bachelors_share,lagged_size_emacro_drop_A,"lagged + size + E_macro pillars, Source A withheld",3135,92,0.02434743078311352,A,lagged_size_emacro,685710726.3379045,True,0.017926371026062857,-0.0013930089028020287,0.012522177156625403,0.021571035133371552,0.019330915386701175
bachelors_share,lagged_size_emacro_drop_B,"lagged + size + E_macro pillars, Source B withheld",3135,81,0.05006132508163996,B,lagged_size_emacro,685710726.3379045,True,0.017926371026062857,-0.02710690320132847,0.03823607145515184,0.04728492943189799,0.045044809685227616
bachelors_share,lagged_size_emacro_drop_C,"lagged + size + E_macro pillars, Source C withheld",3135,117,0.02389113359336692,C,lagged_size_emacro,685710726.3379045,True,0.017926371026062857,-0.000936711713055427,0.0120658799668788,0.02111473794362495,0.018874618196954573
bachelors_share,lagged_size_emacro_drop_D,"lagged + size + E_macro pillars, Source D withheld",3135,106,0.02498433230205155,D,lagged_size_emacro,685710726.3379045,True,0.017926371026062857,-0.0020299104217400554,0.01315907867556343,0.02220793665230958,0.019967816905639202
bachelors_share,lagged_size_emacro_drop_E,"lagged + size + E_macro pillars, Source E withheld",3135,111,0.011069780494144754,E,lagged_size_emacro,685710726.3379045,True,0.017926371026062857,0.011884641386166739,-0.000755473132343365,0.008293384844402785,0.006053265097732408
bachelors_share,lagged_size_emacro_drop_F,"lagged + size + E_macro pillars, Source F withheld",3135,102,0.01637778783856325,F,lagged_size_emacro,685710726.3379045,True,0.017926371026062857,0.006576634041748242,0.004552534212075132,0.013601392188821282,0.011361272442150905
masters_share,fixed_effect,intercept only (= a geographic fixed effect's prediction of change),3135,1,-0.002029148267441716,,,177493954.13500926,True,0.011533461107525721,,-0.007653105939304683,0.0009114929964730845,-0.007423441278591292
masters_share,lagged,the county's own early-vintage level,3135,1,-0.0029406412639148005,,,177493954.13500926,True,0.011533461107525721,,-0.008564598935777767,0.0,-0.008334934275064376
masters_share,lagged_size,lagged + county size,3135,4,0.005623957671862967,,,177493954.13500926,True,0.011533461107525721,,0.0,0.008564598935777767,0.0002296646607133912
masters_share,lagged_size_geo,lagged + size + lat/lon,3135,6,0.005394293011149576,,,177493954.13500926,True,0.011533461107525721,,-0.0002296646607133912,0.008334934275064376,0.0
masters_share,lagged_size_emacro,lagged + size + E_macro pillars,3135,121,-0.0059924008523914996,,,177493954.13500926,True,0.011533461107525721,,-0.011616358524254466,-0.003051759588476699,-0.011386693863541075
masters_share,lagged_size_geo_emacro,lagged + size + lat/lon + E_macro pillars,3135,123,-0.0023949726446237385,,,177493954.13500926,True,0.011533461107525721,,-0.008018930316486705,0.000545668619291062,-0.007789265655773314
masters_share,lagged_size_emacro_drop_A,"lagged + size + E_macro pillars, Source A withheld",3135,92,-0.002454755849053747,A,lagged_size_emacro,177493954.13500926,True,0.011533461107525721,-0.0035376450033377527,-0.008078713520916714,0.00048588541486105363,-0.007849048860203323
masters_share,lagged_size_emacro_drop_B,"lagged + size + E_macro pillars, Source B withheld",3135,81,-0.02151523136803024,B,lagged_size_emacro,177493954.13500926,True,0.011533461107525721,0.015522830515638741,-0.027139189039893208,-0.01857459010411544,-0.026909524379179817
masters_share,lagged_size_emacro_drop_C,"lagged + size + E_macro pillars, Source C withheld",3135,117,0.0004052924927934187,C,lagged_size_emacro,177493954.13500926,True,0.011533461107525721,-0.006397693345184918,-0.005218665179069548,0.0033459337567082192,-0.004989000518356157
masters_share,lagged_size_emacro_drop_D,"lagged + size + E_macro pillars, Source D withheld",3135,106,-0.007396757587185165,D,lagged_size_emacro,177493954.13500926,True,0.011533461107525721,0.0014043567347936659,-0.013020715259048132,-0.004456116323270365,-0.012791050598334741
masters_share,lagged_size_emacro_drop_E,"lagged + size + E_macro pillars, Source E withheld",3135,111,-0.019903930951513438,E,lagged_size_emacro,177493954.13500926,True,0.011533461107525721,0.013911530099121938,-0.025527888623376405,-0.016963289687598637,-0.025298223962663013
masters_share,lagged_size_emacro_drop_F,"lagged + size + E_macro pillars, Source F withheld",3135,102,-0.007198971855496117,F,lagged_size_emacro,177493954.13500926,True,0.011533461107525721,0.0012065710031046173,-0.012822929527359084,-0.004258330591581316,-0.012593264866645693
labor_force_participation,fixed_effect,intercept only (= a geographic fixed effect's prediction of change),3135,1,-0.0032076826961136007,,,1.150951604643076,True,0.025066921412525523,,-0.10264405775364749,-0.10055476353119364,-0.09971206677570044
labor_force_participation,lagged,the county's own early-vintage level,3135,1,0.09734708083508004,,,1.150951604643076,True,0.025066921412525523,,-0.0020892942224538524,0.0,0.0008426967554931997
labor_force_participation,lagged_size,lagged + county size,3135,4,0.09943637505753389,,,1.150951604643076,True,0.025066921412525523,,0.0,0.0020892942224538524,0.002931990977947052
labor_force_participation,lagged_size_geo,lagged + size + lat/lon,3135,6,0.09650438407958684,,,1.150951604643076,True,0.025066921412525523,,-0.002931990977947052,-0.0008426967554931997,0.0
labor_force_participation,lagged_size_emacro,lagged + size + E_macro pillars,3135,121,0.036014402203269014,,,1.150951604643076,True,0.025066921412525523,,-0.06342197285426487,-0.06133267863181102,-0.06048998187631782
labor_force_participation,lagged_size_geo_emacro,lagged + size + lat/lon + E_macro pillars,3135,123,0.033963000680648614,,,1.150951604643076,True,0.025066921412525523,,-0.06547337437688527,-0.06338408015443142,-0.06254138339893822
labor_force_participation,lagged_size_emacro_drop_A,"lagged + size + E_macro pillars, Source A withheld",3135,92,0.0425008244269407,A,lagged_size_emacro,1.150951604643076,True,0.025066921412525523,-0.006486422223671684,-0.05693555063059319,-0.05484625640813934,-0.05400355965264614
labor_force_participation,lagged_size_emacro_drop_B,"lagged + size + E_macro pillars, Source B withheld",3135,81,0.0712433785650125,B,lagged_size_emacro,1.150951604643076,True,0.025066921412525523,-0.03522897636174349,-0.028192996492521383,-0.02610370227006753,-0.02526100551457433
labor_force_participation,lagged_size_emacro_drop_C,"lagged + size + E_macro pillars, Source C withheld",3135,117,0.04331541373484693,C,lagged_size_emacro,1.150951604643076,True,0.025066921412525523,-0.007301011531577917,-0.05612096132268696,-0.054031667100233105,-0.053188970344739905
labor_force_participation,lagged_size_emacro_drop_D,"lagged + size + E_macro pillars, Source D withheld",3135,106,0.035394063463890624,D,lagged_size_emacro,1.150951604643076,True,0.025066921412525523,0.0006203387393783899,-0.06404231159364326,-0.06195301737118941,-0.06111032061569621
labor_force_participation,lagged_size_emacro_drop_E,"lagged + size + E_macro pillars, Source E withheld",3135,111,0.039944647402797906,E,lagged_size_emacro,1.150951604643076,True,0.025066921412525523,-0.003930245199528892,-0.05949172765473598,-0.05740243343228213,-0.05655973667678893
labor_force_participation,lagged_size_emacro_drop_F,"lagged + size + E_macro pillars, Source F withheld",3135,102,0.03828055961546606,F,lagged_size_emacro,1.150951604643076,True,0.025066921412525523,-0.002266157412197045,-0.06115581544206783,-0.05906652121961398,-0.05822382446412078
housing_vacancy_rate,fixed_effect,intercept only (= a geographic fixed effect's prediction of change),3135,1,-0.004448466332891865,,,0.8162560647579066,True,0.027634682817732775,,-0.19633599854560047,-0.20165813831574242,-0.19506384717512537
housing_vacancy_rate,lagged,the county's own early-vintage level,3135,1,0.19720967198285055,,,0.8162560647579066,True,0.027634682817732775,,0.005322139770141954,0.0,0.006594291140617048
housing_vacancy_rate,lagged_size,lagged + county size,3135,4,0.1918875322127086,,,0.8162560647579066,True,0.027634682817732775,,0.0,-0.005322139770141954,0.0012721513704750942
housing_vacancy_rate,lagged_size_geo,lagged + size + lat/lon,3135,6,0.1906153808422335,,,0.8162560647579066,True,0.027634682817732775,,-0.0012721513704750942,-0.006594291140617048,0.0
housing_vacancy_rate,lagged_size_emacro,lagged + size + E_macro pillars,3135,122,0.13084939035222154,,,0.8162560647579066,True,0.027634682817732775,,-0.06103814186048706,-0.06636028163062901,-0.059765990490011967
housing_vacancy_rate,lagged_size_geo_emacro,lagged + size + lat/lon + E_macro pillars,3135,124,0.12865627679150005,,,0.8162560647579066,True,0.027634682817732775,,-0.06323125542120855,-0.06855339519135051,-0.06195910405073346
housing_vacancy_rate,lagged_size_emacro_drop_A,"lagged + size + E_macro pillars, Source A withheld",3135,93,0.13212580387180617,A,lagged_size_emacro,0.8162560647579066,True,0.027634682817732775,-0.0012764135195846293,-0.05976172834090243,-0.06508386811104439,-0.05848957697042734
housing_vacancy_rate,lagged_size_emacro_drop_B,"lagged + size + E_macro pillars, Source B withheld",3135,82,0.16671381483922387,B,lagged_size_emacro,0.8162560647579066,True,0.027634682817732775,-0.03586442448700233,-0.025173717373484727,-0.03049585714362668,-0.023901566003009633
housing_vacancy_rate,lagged_size_emacro_drop_C,"lagged + size + E_macro pillars, Source C withheld",3135,118,0.13248921157553972,C,lagged_size_emacro,0.8162560647579066,True,0.027634682817732775,-0.001639821223318183,-0.05939832063716888,-0.06472046040731083,-0.058126169266693783
housing_vacancy_rate,lagged_size_emacro_drop_D,"lagged + size + E_macro pillars, Source D withheld",3135,107,0.13066760590905468,D,lagged_size_emacro,0.8162560647579066,True,0.027634682817732775,0.00018178444316685471,-0.061219926303653915,-0.06654206607379587,-0.05994777493317882
housing_vacancy_rate,lagged_size_emacro_drop_E,"lagged + size + E_macro pillars, Source E withheld",3135,112,0.1371308972856159,E,lagged_size_emacro,0.8162560647579066,True,0.027634682817732775,-0.006281506933394354,-0.05475663492709271,-0.06007877469723466,-0.05348448355661761
housing_vacancy_rate,lagged_size_emacro_drop_F,"lagged + size + E_macro pillars, Source F withheld",3135,102,0.13731669087254395,F,lagged_size_emacro,0.8162560647579066,True,0.027634682817732775,-0.006467300520322405,-0.054570841340164655,-0.05989298111030661,-0.05329868996968956
electric_heating_share,fixed_effect,intercept only (= a geographic fixed effect's prediction of change),3135,1,-0.0048364961938685,,,0.8932375070713378,True,0.035154920679515825,,-0.0196189982133963,0.0015021428146777538,-0.014035125928190229
electric_heating_share,lagged,the county's own early-vintage level,3135,1,-0.006338639008546254,,,0.8932375070713378,True,0.035154920679515825,,-0.021121141028074053,0.0,-0.015537268742867982
electric_heating_share,lagged_size,lagged + county size,3135,4,0.014782502019527799,,,0.8932375070713378,True,0.035154920679515825,,0.0,0.021121141028074053,0.005583872285206071
electric_heating_share,lagged_size_geo,lagged + size + lat/lon,3135,6,0.009198629734321728,,,0.8932375070713378,True,0.035154920679515825,,-0.005583872285206071,0.015537268742867982,0.0
electric_heating_share,lagged_size_emacro,lagged + size + E_macro pillars,3135,122,0.007222804117080761,,,0.8932375070713378,True,0.035154920679515825,,-0.007559697902447038,0.013561443125627015,-0.001975825617240967
electric_heating_share,lagged_size_geo_emacro,lagged + size + lat/lon + E_macro pillars,3135,124,0.005704652715186609,,,0.8932375070713378,True,0.035154920679515825,,-0.00907784930434119,0.012043291723732863,-0.0034939770191351194
electric_heating_share,lagged_size_emacro_drop_A,"lagged + size + E_macro pillars, Source A withheld",3135,93,0.007563310245164878,A,lagged_size_emacro,0.8932375070713378,True,0.035154920679515825,-0.00034050612808411707,-0.007219191774362921,0.013901949253711132,-0.00163531948915685
electric_heating_share,lagged_size_emacro_drop_B,"lagged + size + E_macro pillars, Source B withheld",3135,82,0.015602897604670596,B,lagged_size_emacro,0.8932375070713378,True,0.035154920679515825,-0.008380093487589835,0.0008203955851427969,0.02194153661321685,0.006404267870348868
electric_heating_share,lagged_size_emacro_drop_C,"lagged + size + E_macro pillars, Source C withheld",3135,118,0.009534312022780655,C,lagged_size_emacro,0.8932375070713378,True,0.035154920679515825,-0.0023115079056998944,-0.0052481899967471435,0.01587295103132691,0.0003356822884589272
electric_heating_share,lagged_size_emacro_drop_D,"lagged + size + E_macro pillars, Source D withheld",3135,107,0.0029594531782808353,D,lagged_size_emacro,0.8932375070713378,True,0.035154920679515825,0.004263350938799926,-0.011823048841246964,0.00929809218682709,-0.006239176556040893
electric_heating_share,lagged_size_emacro_drop_E,"lagged + size + E_macro pillars, Source E withheld",3135,112,0.005446042274007912,E,lagged_size_emacro,0.8932375070713378,True,0.035154920679515825,0.0017767618430728493,-0.009336459745519887,0.011784681282554166,-0.0037525874603138165
electric_heating_share,lagged_size_emacro_drop_F,"lagged + size + E_macro pillars, Source F withheld",3135,102,0.013037353741620739,F,lagged_size_emacro,0.8932375070713378,True,0.035154920679515825,-0.0058145496245399775,-0.0017451482779070604,0.019375992750166993,0.0038387240072990103
gas_heating_share,fixed_effect,intercept only (= a geographic fixed effect's prediction of change),3135,1,-0.0005269513864198938,,,1.104355967557007,True,0.027179804382105734,,-0.02162243707532152,-0.018964333450647297,-0.022890001870527366
gas_heating_share,lagged,the county's own early-vintage level,3135,1,0.018437382064227403,,,1.104355967557007,True,0.027179804382105734,,-0.002658103624674224,0.0,-0.003925668419880068
gas_heating_share,lagged_size,lagged + county size,3135,4,0.021095485688901627,,,1.104355967557007,True,0.027179804382105734,,0.0,0.002658103624674224,-0.0012675647952058444
gas_heating_share,lagged_size_geo,lagged + size + lat/lon,3135,6,0.022363050484107472,,,1.104355967557007,True,0.027179804382105734,,0.0012675647952058444,0.003925668419880068,0.0
gas_heating_share,lagged_size_emacro,lagged + size + E_macro pillars,3135,122,0.01149830338972846,,,1.104355967557007,True,0.027179804382105734,,-0.009597182299173168,-0.006939078674498944,-0.010864747094379013
gas_heating_share,lagged_size_geo_emacro,lagged + size + lat/lon + E_macro pillars,3135,124,0.01197802889750088,,,1.104355967557007,True,0.027179804382105734,,-0.009117456791400746,-0.0064593531667265225,-0.010385021586606591
gas_heating_share,lagged_size_emacro_drop_A,"lagged + size + E_macro pillars, Source A withheld",3135,93,0.010076188086120319,A,lagged_size_emacro,1.104355967557007,True,0.027179804382105734,0.0014221153036081402,-0.011019297602781308,-0.008361193978107084,-0.012286862397987153
gas_heating_share,lagged_size_emacro_drop_B,"lagged + size + E_macro pillars, Source B withheld",3135,82,0.02236826704306616,B,lagged_size_emacro,1.104355967557007,True,0.027179804382105734,-0.0108699636533377,0.0012727813541645316,0.003930884978838756,5.216558958687223e-06
gas_heating_share,lagged_size_emacro_drop_C,"lagged + size + E_macro pillars, Source C withheld",3135,118,0.01327955567203365,C,lagged_size_emacro,1.104355967557007,True,0.027179804382105734,-0.0017812522823051902,-0.007815930016867978,-0.005157826392193754,-0.009083494812073822
gas_heating_share,lagged_size_emacro_drop_D,"lagged + size + E_macro pillars, Source D withheld",3135,107,0.013156539745965867,D,lagged_size_emacro,1.104355967557007,True,0.027179804382105734,-0.001658236356237408,-0.00793894594293576,-0.005280842318261536,-0.009206510738141604
gas_heating_share,lagged_size_emacro_drop_E,"lagged + size + E_macro pillars, Source E withheld",3135,112,0.012076287760660609,E,lagged_size_emacro,1.104355967557007,True,0.027179804382105734,-0.0005779843709321497,-0.009019197928241018,-0.006361094303566794,-0.010286762723446863
gas_heating_share,lagged_size_emacro_drop_F,"lagged + size + E_macro pillars, Source F withheld",3135,102,0.008231480544312553,F,lagged_size_emacro,1.104355967557007,True,0.027179804382105734,0.0032668228454159065,-0.012864005144589075,-0.01020590151991485,-0.014131569939794919
bottled_gas_heating_share,fixed_effect,intercept only (= a geographic fixed effect's prediction of change),3135,1,-0.0067573607479736175,,,1.0604080480347098,True,0.026149477563320027,,-0.008848482958822346,0.00456266157409102,-0.014069989180529707
bottled_gas_heating_share,lagged,the county's own early-vintage level,3135,1,-0.011320022322064638,,,1.0604080480347098,True,0.026149477563320027,,-0.013411144532913366,0.0,-0.018632650754620728
bottled_gas_heating_share,lagged_size,lagged + county size,3135,4,0.002091122210848728,,,1.0604080480347098,True,0.026149477563320027,,0.0,0.013411144532913366,-0.0052215062217073616
bottled_gas_heating_share,lagged_size_geo,lagged + size + lat/lon,3135,6,0.00731262843255609,,,1.0604080480347098,True,0.026149477563320027,,0.0052215062217073616,0.018632650754620728,0.0
bottled_gas_heating_share,lagged_size_emacro,lagged + size + E_macro pillars,3135,122,-0.0006896947082415394,,,1.0604080480347098,True,0.026149477563320027,,-0.0027808169190902676,0.010630327613823098,-0.00800232314079763
bottled_gas_heating_share,lagged_size_geo_emacro,lagged + size + lat/lon + E_macro pillars,3135,124,0.010176210797152474,,,1.0604080480347098,True,0.026149477563320027,,0.008085088586303746,0.021496233119217112,0.0028635823645963843
bottled_gas_heating_share,lagged_size_emacro_drop_A,"lagged + size + E_macro pillars, Source A withheld",3135,93,0.008112106512873196,A,lagged_size_emacro,1.0604080480347098,True,0.026149477563320027,-0.008801801221114736,0.006020984302024468,0.019432128834937834,0.0007994780803171064
bottled_gas_heating_share,lagged_size_emacro_drop_B,"lagged + size + E_macro pillars, Source B withheld",3135,82,0.0024710574233768323,B,lagged_size_emacro,1.0604080480347098,True,0.026149477563320027,-0.0031607521316183718,0.00037993521252810414,0.01379107974544147,-0.004841571009179257
bottled_gas_heating_share,lagged_size_emacro_drop_C,"lagged + size + E_macro pillars, Source C withheld",3135,118,-0.0014753732156917998,C,lagged_size_emacro,1.0604080480347098,True,0.026149477563320027,0.0007856785074502604,-0.003566495426540528,0.009844649106372838,-0.00878800164824789
bottled_gas_heating_share,lagged_size_emacro_drop_D,"lagged + size + E_macro pillars, Source D withheld",3135,107,0.0011486629937227377,D,lagged_size_emacro,1.0604080480347098,True,0.026149477563320027,-0.0018383577019642772,-0.0009424592171259905,0.012468685315787376,-0.006163965438833352
bottled_gas_heating_share,lagged_size_emacro_drop_E,"lagged + size + E_macro pillars, Source E withheld",3135,112,0.0014276961021587598,E,lagged_size_emacro,1.0604080480347098,True,0.026149477563320027,-0.002117390810400299,-0.0006634261086899684,0.012747718424223398,-0.00588493233039733
bottled_gas_heating_share,lagged_size_emacro_drop_F,"lagged + size + E_macro pillars, Source F withheld",3135,102,-0.003769026668952291,F,lagged_size_emacro,1.0604080480347098,True,0.026149477563320027,0.0030793319607107517,-0.005860148879801019,0.007550995653112347,-0.01108165510150838
fuel_oil_heating_share,fixed_effect,intercept only (= a geographic fixed effect's prediction of change),3135,1,-0.009422725966499401,,,1.5531560943640572,True,0.013722483743871106,,-0.2200506855799148,-0.21724904797316114,-0.22108071356037828
fuel_oil_heating_share,lagged,the county's own early-vintage level,3135,1,0.20782632200666173,,,1.5531560943640572,True,0.013722483743871106,,-0.002801637606753671,0.0,-0.003831665587217148
fuel_oil_heating_share,lagged_size,lagged + county size,3135,4,0.2106279596134154,,,1.5531560943640572,True,0.013722483743871106,,0.0,0.002801637606753671,-0.001030027980463477
fuel_oil_heating_share,lagged_size_geo,lagged + size + lat/lon,3135,6,0.21165798759387888,,,1.5531560943640572,True,0.013722483743871106,,0.001030027980463477,0.003831665587217148,0.0
fuel_oil_heating_share,lagged_size_emacro,lagged + size + E_macro pillars,3135,122,0.16536260531639235,,,1.5531560943640572,True,0.013722483743871106,,-0.04526535429702305,-0.04246371669026938,-0.04629538227748653
fuel_oil_heating_share,lagged_size_geo_emacro,lagged + size + lat/lon + E_macro pillars,3135,124,0.1685238741214663,,,1.5531560943640572,True,0.013722483743871106,,-0.042104085491949106,-0.039302447885195435,-0.04313411347241258
fuel_oil_heating_share,lagged_size_emacro_drop_A,"lagged + size + E_macro pillars, Source A withheld",3135,93,0.13523802921361472,A,lagged_size_emacro,1.5531560943640572,True,0.013722483743871106,0.030124576102777634,-0.07538993039980069,-0.07258829279304702,-0.07641995838026416
fuel_oil_heating_share,lagged_size_emacro_drop_B,"lagged + size + E_macro pillars, Source B withheld",3135,82,0.15402165395074552,B,lagged_size_emacro,1.5531560943640572,True,0.013722483743871106,0.011340951365646834,-0.05660630566266989,-0.053804668055916216,-0.057636333643133364
fuel_oil_heating_share,lagged_size_emacro_drop_C,"lagged + size + E_macro pillars, Source C withheld",3135,118,0.14110862771222998,C,lagged_size_emacro,1.5531560943640572,True,0.013722483743871106,0.02425397760416237,-0.06951933190118542,-0.06671769429443175,-0.0705493598816489
fuel_oil_heating_share,lagged_size_emacro_drop_D,"lagged + size + E_macro pillars, Source D withheld",3135,107,0.1741977177937224,D,lagged_size_emacro,1.5531560943640572,True,0.013722483743871106,-0.008835112477330043,-0.03643024181969301,-0.03362860421293934,-0.03746026980015649
fuel_oil_heating_share,lagged_size_emacro_drop_E,"lagged + size + E_macro pillars, Source E withheld",3135,112,0.14001732936930078,E,lagged_size_emacro,1.5531560943640572,True,0.013722483743871106,0.025345275947091572,-0.07061063024411462,-0.06780899263736095,-0.0716406582245781
fuel_oil_heating_share,lagged_size_emacro_drop_F,"lagged + size + E_macro pillars, Source F withheld",3135,102,0.1409326391892749,F,lagged_size_emacro,1.5531560943640572,True,0.013722483743871106,0.024429966127117453,-0.0696953204241405,-0.06689368281738683,-0.07072534840460398
no_fuel_used_share,fixed_effect,intercept only (= a geographic fixed effect's prediction of change),3135,1,-0.001450386554424865,,,4.146635771242955,True,0.006054442722787965,,-0.17855876508168234,-0.3849744890081712,-0.20042558155114854
no_fuel_used_share,lagged,the county's own early-vintage level,3135,1,0.38352410245374635,,,4.146635771242955,True,0.006054442722787965,,0.20641572392648888,0.0,0.18454890745702268
no_fuel_used_share,lagged_size,lagged + county size,3135,4,0.17710837852725747,,,4.146635771242955,True,0.006054442722787965,,0.0,-0.20641572392648888,-0.0218668164694662
no_fuel_used_share,lagged_size_geo,lagged + size + lat/lon,3135,6,0.19897519499672367,,,4.146635771242955,True,0.006054442722787965,,0.0218668164694662,-0.18454890745702268,0.0
no_fuel_used_share,lagged_size_emacro,lagged + size + E_macro pillars,3135,122,0.2769212821393622,,,4.146635771242955,True,0.006054442722787965,,0.09981290361210471,-0.10660282031438417,0.07794608714263851
no_fuel_used_share,lagged_size_geo_emacro,lagged + size + lat/lon + E_macro pillars,3135,124,0.263754126654276,,,4.146635771242955,True,0.006054442722787965,,0.08664574812701853,-0.11976997579947035,0.06477893165755233
no_fuel_used_share,lagged_size_emacro_drop_A,"lagged + size + E_macro pillars, Source A withheld",3135,93,0.286076883387244,A,lagged_size_emacro,4.146635771242955,True,0.006054442722787965,-0.00915560124788184,0.10896850485998655,-0.09744721906650233,0.08710168839052035
no_fuel_used_share,lagged_size_emacro_drop_B,"lagged + size + E_macro pillars, Source B withheld",3135,82,0.27353387618100433,B,lagged_size_emacro,4.146635771242955,True,0.006054442722787965,0.0033874059583578475,0.09642549765374686,-0.10999022627274202,0.07455868118428066
no_fuel_used_share,lagged_size_emacro_drop_C,"lagged + size + E_macro pillars, Source C withheld",3135,118,0.2911509739085223,C,lagged_size_emacro,4.146635771242955,True,0.006054442722787965,-0.014229691769160113,0.11404259538126482,-0.09237312854522406,0.09217577891179862
no_fuel_used_share,lagged_size_emacro_drop_D,"lagged + size + E_macro pillars, Source D withheld",3135,107,0.28362065045206,D,lagged_size_emacro,4.146635771242955,True,0.006054442722787965,-0.006699368312697795,0.1065122719248025,-0.09990345200168638,0.0846454554553363
no_fuel_used_share,lagged_size_emacro_drop_E,"lagged + size + E_macro pillars, Source E withheld",3135,112,0.2771954306325147,E,lagged_size_emacro,4.146635771242955,True,0.006054442722787965,-0.0002741484931525484,0.10008705210525726,-0.10632867182123162,0.07822023563579106
no_fuel_used_share,lagged_size_emacro_drop_F,"lagged + size + E_macro pillars, Source F withheld",3135,102,0.272950068068869,F,lagged_size_emacro,4.146635771242955,True,0.006054442722787965,0.0039712140704931675,0.09584168954161154,-0.11057403438487734,0.07397487307214534
drove_alone_share,fixed_effect,intercept only (= a geographic fixed effect's prediction of change),3135,1,-0.0009082252353307396,,,0.8964424930068264,True,0.03849027593121747,,-0.14401537352307303,-0.027079651601459864,-0.1414460898307912
drove_alone_share,lagged,the county's own early-vintage level,3135,1,0.026171426366129125,,,0.8964424930068264,True,0.03849027593121747,,-0.11693572192161317,0.0,-0.11436643822933135
drove_alone_share,lagged_size,lagged + county size,3135,4,0.1431071482877423,,,0.8964424930068264,True,0.03849027593121747,,0.0,0.11693572192161317,0.0025692836922818207
drove_alone_share,lagged_size_geo,lagged + size + lat/lon,3135,6,0.14053786459546047,,,0.8964424930068264,True,0.03849027593121747,,-0.0025692836922818207,0.11436643822933135,0.0
drove_alone_share,lagged_size_emacro,lagged + size + E_macro pillars,3135,122,0.11615967818820228,,,0.8964424930068264,True,0.03849027593121747,,-0.026947470099540016,0.08998825182207315,-0.024378186407258196
drove_alone_share,lagged_size_geo_emacro,lagged + size + lat/lon + E_macro pillars,3135,124,0.11760501404415113,,,0.8964424930068264,True,0.03849027593121747,,-0.025502134243591157,0.09143358767802201,-0.022932850551309336
drove_alone_share,lagged_size_emacro_drop_A,"lagged + size + E_macro pillars, Source A withheld",3135,93,0.11701490555517291,A,lagged_size_emacro,0.8964424930068264,True,0.03849027593121747,-0.0008552273669706345,-0.026092242732569382,0.09084347918904379,-0.02352295904028756
drove_alone_share,lagged_size_emacro_drop_B,"lagged + size + E_macro pillars, Source B withheld",3135,82,0.1187720539472834,B,lagged_size_emacro,0.8964424930068264,True,0.03849027593121747,-0.0026123757590811314,-0.024335094340458885,0.09260062758115428,-0.021765810648177064
drove_alone_share,lagged_size_emacro_drop_C,"lagged + size + E_macro pillars, Source C withheld",3135,118,0.1285228049579643,C,lagged_size_emacro,0.8964424930068264,True,0.03849027593121747,-0.012363126769762034,-0.014584343329777982,0.10235137859183518,-0.012015059637496162
drove_alone_share,lagged_size_emacro_drop_D,"lagged + size + E_macro pillars, Source D withheld",3135,107,0.11627550754613747,D,lagged_size_emacro,0.8964424930068264,True,0.03849027593121747,-0.00011582935793519322,-0.026831640741604823,0.09010408118000834,-0.024262357049323002
drove_alone_share,lagged_size_emacro_drop_E,"lagged + size + E_macro pillars, Source E withheld",3135,112,0.10988381607484143,E,lagged_size_emacro,0.8964424930068264,True,0.03849027593121747,0.006275862113360842,-0.03322333221290086,0.08371238970871231,-0.030654048520619037
drove_alone_share,lagged_size_emacro_drop_F,"lagged + size + E_macro pillars, Source F withheld",3135,102,0.1337698421666368,F,lagged_size_emacro,0.8964424930068264,True,0.03849027593121747,-0.017610163978434512,-0.009337306121105504,0.10759841580050766,-0.0067680224288236834
carpooled_share,fixed_effect,intercept only (= a geographic fixed effect's prediction of change),3135,1,-0.0008218792170133771,,,0.9711738750114614,True,0.02696013581621144,,-0.2253214958646862,-0.2095308559147292,-0.22989550214556576
carpooled_share,lagged,the county's own early-vintage level,3135,1,0.20870897669771582,,,0.9711738750114614,True,0.02696013581621144,,-0.015790639949956997,0.0,-0.02036464623083656
carpooled_share,lagged_size,lagged + county size,3135,4,0.22449961664767282,,,0.9711738750114614,True,0.02696013581621144,,0.0,0.015790639949956997,-0.004574006280879561
carpooled_share,lagged_size_geo,lagged + size + lat/lon,3135,6,0.22907362292855238,,,0.9711738750114614,True,0.02696013581621144,,0.004574006280879561,0.02036464623083656,0.0
carpooled_share,lagged_size_emacro,lagged + size + E_macro pillars,3135,122,0.17763651827470028,,,0.9711738750114614,True,0.02696013581621144,,-0.046863098372972534,-0.031072458423015537,-0.051437104653852095
carpooled_share,lagged_size_geo_emacro,lagged + size + lat/lon + E_macro pillars,3135,124,0.1788919557488815,,,0.9711738750114614,True,0.02696013581621144,,-0.04560766089879131,-0.029817020948834316,-0.050181667179670875
carpooled_share,lagged_size_emacro_drop_A,"lagged + size + E_macro pillars, Source A withheld",3135,93,0.15852501904713312,A,lagged_size_emacro,0.9711738750114614,True,0.02696013581621144,0.019111499227567164,-0.0659745976005397,-0.0501839576505827,-0.07054860388141926
carpooled_share,lagged_size_emacro_drop_B,"lagged + size + E_macro pillars, Source B withheld",3135,82,0.18315256102227995,B,lagged_size_emacro,0.9711738750114614,True,0.02696013581621144,-0.005516042747579664,-0.04134705562539287,-0.025556415675435873,-0.04592106190627243
carpooled_share,lagged_size_emacro_drop_C,"lagged + size + E_macro pillars, Source C withheld",3135,118,0.18183718490031076,C,lagged_size_emacro,0.9711738750114614,True,0.02696013581621144,-0.004200666625610472,-0.04266243174736206,-0.026871791797405065,-0.04723643802824162
carpooled_share,lagged_size_emacro_drop_D,"lagged + size + E_macro pillars, Source D withheld",3135,107,0.17755109961311744,D,lagged_size_emacro,0.9711738750114614,True,0.02696013581621144,8.541866158284783e-05,-0.04694851703455538,-0.031157877084598384,-0.05152252331543494
carpooled_share,lagged_size_emacro_drop_E,"lagged + size + E_macro pillars, Source E withheld",3135,112,0.15137964289545092,E,lagged_size_emacro,0.9711738750114614,True,0.02696013581621144,0.026256875379249367,-0.0731199737522219,-0.057329333802264903,-0.07769398003310146
carpooled_share,lagged_size_emacro_drop_F,"lagged + size + E_macro pillars, Source F withheld",3135,102,0.1854862022810212,F,lagged_size_emacro,0.9711738750114614,True,0.02696013581621144,-0.007849684006320912,-0.03901341436665162,-0.023222774416694625,-0.04358742064753118
public_transit_share,fixed_effect,intercept only (= a geographic fixed effect's prediction of change),3135,1,-0.0010612584473321807,,,2.4250296968614564,True,0.007787514683411252,,-0.23130964298073076,-0.23772468847155492,-0.21882855485411734
public_transit_share,lagged,the county's own early-vintage level,3135,1,0.23666343002422274,,,2.4250296968614564,True,0.007787514683411252,,0.006415045490824167,0.0,0.018896133617437583
public_transit_share,lagged_size,lagged + county size,3135,4,0.23024838453339858,,,2.4250296968614564,True,0.007787514683411252,,0.0,-0.006415045490824167,0.012481088126613415
public_transit_share,lagged_size_geo,lagged + size + lat/lon,3135,6,0.21776729640678516,,,2.4250296968614564,True,0.007787514683411252,,-0.012481088126613415,-0.018896133617437583,0.0
public_transit_share,lagged_size_emacro,lagged + size + E_macro pillars,3135,122,0.1597015245329888,,,2.4250296968614564,True,0.007787514683411252,,-0.07054686000040977,-0.07696190549123394,-0.05806577187379636
public_transit_share,lagged_size_geo_emacro,lagged + size + lat/lon + E_macro pillars,3135,124,0.15986215566407813,,,2.4250296968614564,True,0.007787514683411252,,-0.07038622886932044,-0.07680127436014461,-0.05790514074270703
public_transit_share,lagged_size_emacro_drop_A,"lagged + size + E_macro pillars, Source A withheld",3135,93,0.16205235451072397,A,lagged_size_emacro,2.4250296968614564,True,0.007787514683411252,-0.0023508299777351693,-0.0681960300226746,-0.07461107551349877,-0.05571494189606119
public_transit_share,lagged_size_emacro_drop_B,"lagged + size + E_macro pillars, Source B withheld",3135,82,0.18825890602319773,B,lagged_size_emacro,2.4250296968614564,True,0.007787514683411252,-0.028557381490208922,-0.04198947851020085,-0.04840452400102502,-0.029508390383587435
public_transit_share,lagged_size_emacro_drop_C,"lagged + size + E_macro pillars, Source C withheld",3135,118,0.16125189891292868,C,lagged_size_emacro,2.4250296968614564,True,0.007787514683411252,-0.0015503743799398784,-0.0689964856204699,-0.07541153111129406,-0.05651539749385648
public_transit_share,lagged_size_emacro_drop_D,"lagged + size + E_macro pillars, Source D withheld",3135,107,0.1618380226018159,D,lagged_size_emacro,2.4250296968614564,True,0.007787514683411252,-0.0021364980688270974,-0.06841036193158267,-0.07482540742240684,-0.05592927380496926
public_transit_share,lagged_size_emacro_drop_E,"lagged + size + E_macro pillars, Source E withheld",3135,112,0.15216036885828377,E,lagged_size_emacro,2.4250296968614564,True,0.007787514683411252,0.007541155674705036,-0.07808801567511481,-0.08450306116593898,-0.06560692754850139
public_transit_share,lagged_size_emacro_drop_F,"lagged + size + E_macro pillars, Source F withheld",3135,102,0.15569734803176716,F,lagged_size_emacro,2.4250296968614564,True,0.007787514683411252,0.004004176501221646,-0.07455103650163142,-0.08096608199245559,-0.062069948375018
walked_share,fixed_effect,intercept only (= a geographic fixed effect's prediction of change),3135,1,-0.0012809292302409236,,,1.2679169381703257,True,0.0169808444969589,,-0.15723218049774812,-0.1752408963921902,-0.16969143635206374
walked_share,lagged,the county's own early-vintage level,3135,1,0.17395996716194928,,,1.2679169381703257,True,0.0169808444969589,,0.018008715894442084,0.0,0.005549460040126464
walked_share,lagged_size,lagged + county size,3135,4,0.1559512512675072,,,1.2679169381703257,True,0.0169808444969589,,0.0,-0.018008715894442084,-0.01245925585431562
walked_share,lagged_size_geo,lagged + size + lat/lon,3135,6,0.16841050712182282,,,1.2679169381703257,True,0.0169808444969589,,0.01245925585431562,-0.005549460040126464,0.0
walked_share,lagged_size_emacro,lagged + size + E_macro pillars,3135,122,0.1498166970110777,,,1.2679169381703257,True,0.0169808444969589,,-0.006134554256429503,-0.024143270150871587,-0.018593810110745124
walked_share,lagged_size_geo_emacro,lagged + size + lat/lon + E_macro pillars,3135,124,0.15631914098178357,,,1.2679169381703257,True,0.0169808444969589,,0.0003678897142763704,-0.017640826180165714,-0.01209136614003925
walked_share,lagged_size_emacro_drop_A,"lagged + size + E_macro pillars, Source A withheld",3135,93,0.1532956129038301,A,lagged_size_emacro,1.2679169381703257,True,0.0169808444969589,-0.003478915892752399,-0.002655638363677104,-0.02066435425811919,-0.015114894217992725
walked_share,lagged_size_emacro_drop_B,"lagged + size + E_macro pillars, Source B withheld",3135,82,0.11770222072497527,B,lagged_size_emacro,1.2679169381703257,True,0.0169808444969589,0.03211447628610242,-0.038249030542531925,-0.05625774643697401,-0.050708286396847546
walked_share,lagged_size_emacro_drop_C,"lagged + size + E_macro pillars, Source C withheld",3135,118,0.15017274315926088,C,lagged_size_emacro,1.2679169381703257,True,0.0169808444969589,-0.0003560461481831867,-0.005778508108246316,-0.0237872240026884,-0.018237763962561937
walked_share,lagged_size_emacro_drop_D,"lagged + size + E_macro pillars, Source D withheld",3135,107,0.14808070168937126,D,lagged_size_emacro,1.2679169381703257,True,0.0169808444969589,0.0017359953217064295,-0.007870549578135932,-0.025879265472578017,-0.020329805432451553
walked_share,lagged_size_emacro_drop_E,"lagged + size + E_macro pillars, Source E withheld",3135,112,0.15420250893702891,E,lagged_size_emacro,1.2679169381703257,True,0.0169808444969589,-0.004385811925951222,-0.0017487423304782812,-0.019757458224920366,-0.014207998184793902
walked_share,lagged_size_emacro_drop_F,"lagged + size + E_macro pillars, Source F withheld",3135,102,0.1468015928407581,F,lagged_size_emacro,1.2679169381703257,True,0.0169808444969589,0.0030151041703195824,-0.009149658426749085,-0.02715837432119117,-0.021608914281064706
work_from_home_share,fixed_effect,intercept only (= a geographic fixed effect's prediction of change),3135,1,-0.004883117969393114,,,0.6131530233462803,False,0.02914534536662217,,-0.2579506694469357,0.0038038531085271554,-0.26263264886381066
work_from_home_share,lagged,the county's own early-vintage level,3135,1,-0.008686971077920269,,,0.6131530233462803,False,0.02914534536662217,,-0.26175452255546283,0.0,-0.2664365019723378
work_from_home_share,lagged_size,lagged + county size,3135,4,0.25306755147754256,,,0.6131530233462803,False,0.02914534536662217,,0.0,0.26175452255546283,-0.004681979416874982
work_from_home_share,lagged_size_geo,lagged + size + lat/lon,3135,6,0.25774953089441754,,,0.6131530233462803,False,0.02914534536662217,,0.004681979416874982,0.2664365019723378,0.0
work_from_home_share,lagged_size_emacro,lagged + size + E_macro pillars,3135,122,0.2762812110322105,,,0.6131530233462803,False,0.02914534536662217,,0.02321365955466792,0.28496818211013075,0.01853168013779294
work_from_home_share,lagged_size_geo_emacro,lagged + size + lat/lon + E_macro pillars,3135,124,0.27575901211314524,,,0.6131530233462803,False,0.02914534536662217,,0.022691460635602678,0.2844459831910655,0.018009481218727696
work_from_home_share,lagged_size_emacro_drop_A,"lagged + size + E_macro pillars, Source A withheld",3135,93,0.28089530486260406,A,lagged_size_emacro,0.6131530233462803,False,0.02914534536662217,-0.004614093830393573,0.027827753385061493,0.2895822759405243,0.02314577396818651
work_from_home_share,lagged_size_emacro_drop_B,"lagged + size + E_macro pillars, Source B withheld",3135,82,0.28750262977749186,B,lagged_size_emacro,0.6131530233462803,False,0.02914534536662217,-0.011221418745281375,0.034435078299949295,0.2961896008554121,0.029753098883074314
work_from_home_share,lagged_size_emacro_drop_C,"lagged + size + E_macro pillars, Source C withheld",3135,118,0.28576475232438836,C,lagged_size_emacro,0.6131530233462803,False,0.02914534536662217,-0.009483541292177877,0.0326972008468458,0.29445172340230863,0.028015221429970816
work_from_home_share,lagged_size_emacro_drop_D,"lagged + size + E_macro pillars, Source D withheld",3135,107,0.25835997723709514,D,lagged_size_emacro,0.6131530233462803,False,0.02914534536662217,0.017921233795115343,0.005292425759552577,0.2670469483150154,0.0006104463426775952
work_from_home_share,lagged_size_emacro_drop_E,"lagged + size + E_macro pillars, Source E withheld",3135,112,0.2638580665705379,E,lagged_size_emacro,0.6131530233462803,False,0.02914534536662217,0.012423144461672586,0.010790515092995334,0.27254503764845817,0.006108535676120352
work_from_home_share,lagged_size_emacro_drop_F,"lagged + size + E_macro pillars, Source F withheld",3135,102,0.2716585246312263,F,lagged_size_emacro,0.6131530233462803,False,0.02914534536662217,0.004622686400984177,0.018590973153683743,0.2803454957091466,0.013908993736808761
foreign_born_share,fixed_effect,intercept only (= a geographic fixed effect's prediction of change),3135,1,-0.002623880086200181,,,49856950791.01748,True,0.01417943386062596,,0.004696797771004624,0.013941737959116907,0.005745429627766807
foreign_born_share,lagged,the county's own early-vintage level,3135,1,-0.016565618045317088,,,49856950791.01748,True,0.01417943386062596,,-0.009244940188112283,0.0,-0.0081963083313501
foreign_born_share,lagged_size,lagged + county size,3135,4,-0.007320677857204805,,,49856950791.01748,True,0.01417943386062596,,0.0,0.009244940188112283,0.0010486318567621833
foreign_born_share,lagged_size_geo,lagged + size + lat/lon,3135,6,-0.008369309713966988,,,49856950791.01748,True,0.01417943386062596,,-0.0010486318567621833,0.0081963083313501,0.0
foreign_born_share,lagged_size_emacro,lagged + size + E_macro pillars,3135,122,-0.0672540552960934,,,49856950791.01748,True,0.01417943386062596,,-0.0599333774388886,-0.05068843725077632,-0.05888474558212642
foreign_born_share,lagged_size_geo_emacro,lagged + size + lat/lon + E_macro pillars,3135,124,-0.06680739155545101,,,49856950791.01748,True,0.01417943386062596,,-0.05948671369824621,-0.050241773510133925,-0.058438081841484024
foreign_born_share,lagged_size_emacro_drop_A,"lagged + size + E_macro pillars, Source A withheld",3135,93,-0.07277291503349503,A,lagged_size_emacro,49856950791.01748,True,0.01417943386062596,0.005518859737401627,-0.06545223717629023,-0.056207296988177946,-0.06440360531952805
foreign_born_share,lagged_size_emacro_drop_B,"lagged + size + E_macro pillars, Source B withheld",3135,82,-0.03373335152616441,B,lagged_size_emacro,49856950791.01748,True,0.01417943386062596,-0.033520703769928994,-0.026412673668959608,-0.017167733480847325,-0.025364041812197424
foreign_born_share,lagged_size_emacro_drop_C,"lagged + size + E_macro pillars, Source C withheld",3135,118,-0.05765604806208513,C,lagged_size_emacro,49856950791.01748,True,0.01417943386062596,-0.009598007234008277,-0.050335370204880325,-0.04109043001676804,-0.04928673834811814
foreign_born_share,lagged_size_emacro_drop_D,"lagged + size + E_macro pillars, Source D withheld",3135,107,-0.0685973490253271,D,lagged_size_emacro,49856950791.01748,True,0.01417943386062596,0.0013432937292336966,-0.0612766711681223,-0.052031730980010016,-0.060228039311360115
foreign_born_share,lagged_size_emacro_drop_E,"lagged + size + E_macro pillars, Source E withheld",3135,112,-0.05983305942897377,E,lagged_size_emacro,49856950791.01748,True,0.01417943386062596,-0.00742099586711964,-0.05251238157176896,-0.04326744138365668,-0.05146374971500678
foreign_born_share,lagged_size_emacro_drop_F,"lagged + size + E_macro pillars, Source F withheld",3135,102,-0.048785272922099,F,lagged_size_emacro,49856950791.01748,True,0.01417943386062596,-0.018468782373994408,-0.041464595064894194,-0.03221965487678191,-0.04041596320813201
naturalized_share_of_foreign_born,fixed_effect,intercept only (= a geographic fixed effect's prediction of change),3108,1,-0.0022982261351267574,,,3.6502338382301107,True,0.1810087587810215,,-0.21517906493545436,-0.2269897218989182,-0.21475332638977285
naturalized_share_of_foreign_born,lagged,the county's own early-vintage level,3108,1,0.22469149576379144,,,3.6502338382301107,True,0.1810087587810215,,0.01181065696346384,0.0,0.012236395509145348
naturalized_share_of_foreign_born,lagged_size,lagged + county size,3108,4,0.2128808388003276,,,3.6502338382301107,True,0.1810087587810215,,0.0,-0.01181065696346384,0.0004257385456815088
naturalized_share_of_foreign_born,lagged_size_geo,lagged + size + lat/lon,3108,6,0.2124551002546461,,,3.6502338382301107,True,0.1810087587810215,,-0.0004257385456815088,-0.012236395509145348,0.0
naturalized_share_of_foreign_born,lagged_size_emacro,lagged + size + E_macro pillars,3108,122,0.2003034569002411,,,3.6502338382301107,True,0.1810087587810215,,-0.012577381900086504,-0.024388038863550343,-0.012151643354404995
naturalized_share_of_foreign_born,lagged_size_geo_emacro,lagged + size + lat/lon + E_macro pillars,3108,124,0.2006732667328277,,,3.6502338382301107,True,0.1810087587810215,,-0.012207572067499894,-0.024018229030963734,-0.011781833521818386
naturalized_share_of_foreign_born,lagged_size_emacro_drop_A,"lagged + size + E_macro pillars, Source A withheld",3108,93,0.2040609115284433,A,lagged_size_emacro,3.6502338382301107,True,0.1810087587810215,-0.003757454628202206,-0.008819927271884298,-0.020630584235348137,-0.00839418872620279
naturalized_share_of_foreign_born,lagged_size_emacro_drop_B,"lagged + size + E_macro pillars, Source B withheld",3108,82,0.2380534110730368,B,lagged_size_emacro,3.6502338382301107,True,0.1810087587810215,-0.0377499541727957,0.025172572272709193,0.013361915309245354,0.0255983108183907
naturalized_share_of_foreign_born,lagged_size_emacro_drop_C,"lagged + size + E_macro pillars, Source C withheld",3108,118,0.20554956829632098,C,lagged_size_emacro,3.6502338382301107,True,0.1810087587810215,-0.005246111396079889,-0.007331270504006615,-0.019141927467470454,-0.006905531958325106
naturalized_share_of_foreign_born,lagged_size_emacro_drop_D,"lagged + size + E_macro pillars, Source D withheld",3108,107,0.19573028192628217,D,lagged_size_emacro,3.6502338382301107,True,0.1810087587810215,0.004573174973958927,-0.01715055687404543,-0.02896121383750927,-0.016724818328363922
naturalized_share_of_foreign_born,lagged_size_emacro_drop_E,"lagged + size + E_macro pillars, Source E withheld",3108,112,0.18865123427748665,E,lagged_size_emacro,3.6502338382301107,True,0.1810087587810215,0.011652222622754449,-0.024229604522840953,-0.03604026148630479,-0.023803865977159444
naturalized_share_of_foreign_born,lagged_size_emacro_drop_F,"lagged + size + E_macro pillars, Source F withheld",3108,102,0.1958254036126299,F,lagged_size_emacro,3.6502338382301107,True,0.1810087587810215,0.0044780532876111945,-0.0170554351876977,-0.028866092151161538,-0.01662969664201619
same_house_share,fixed_effect,intercept only (= a geographic fixed effect's prediction of change),3135,1,-0.00017694179698390933,,,1.0748130107280154,True,0.024291979879349484,,-0.1713136953559019,-0.16866483858034564,-0.17016298018480436
same_house_share,lagged,the county's own early-vintage level,3135,1,0.16848789678336173,,,1.0748130107280154,True,0.024291979879349484,,-0.002648856775556263,0.0,-0.0014981416044587137
same_house_share,lagged_size,lagged + county size,3135,4,0.171136753558918,,,1.0748130107280154,True,0.024291979879349484,,0.0,0.002648856775556263,0.0011507151710975494
same_house_share,lagged_size_geo,lagged + size + lat/lon,3135,6,0.16998603838782045,,,1.0748130107280154,True,0.024291979879349484,,-0.0011507151710975494,0.0014981416044587137,0.0
same_house_share,lagged_size_emacro,lagged + size + E_macro pillars,3135,122,0.11934342651873608,,,1.0748130107280154,True,0.024291979879349484,,-0.05179332704018191,-0.04914447026462565,-0.050642611869084364
same_house_share,lagged_size_geo_emacro,lagged + size + lat/lon + E_macro pillars,3135,124,0.11483540964700945,,,1.0748130107280154,True,0.024291979879349484,,-0.05630134391190855,-0.05365248713635229,-0.055150628740811
same_house_share,lagged_size_emacro_drop_A,"lagged + size + E_macro pillars, Source A withheld",3135,93,0.12221156936547184,A,lagged_size_emacro,1.0748130107280154,True,0.024291979879349484,-0.002868142846735755,-0.04892518419344616,-0.046276327417889895,-0.04777446902234861
same_house_share,lagged_size_emacro_drop_B,"lagged + size + E_macro pillars, Source B withheld",3135,82,0.13744632062388873,B,lagged_size_emacro,1.0748130107280154,True,0.024291979879349484,-0.018102894105152645,-0.03369043293502927,-0.031041576159473006,-0.03253971776393172
same_house_share,lagged_size_emacro_drop_C,"lagged + size + E_macro pillars, Source C withheld",3135,118,0.12129757379545691,C,lagged_size_emacro,1.0748130107280154,True,0.024291979879349484,-0.00195414727672083,-0.04983917976346108,-0.04719032298790482,-0.048688464592363534
same_house_share,lagged_size_emacro_drop_D,"lagged + size + E_macro pillars, Source D withheld",3135,107,0.12621184221944415,D,lagged_size_emacro,1.0748130107280154,True,0.024291979879349484,-0.006868415700708064,-0.04492491133947385,-0.04227605456391759,-0.0437741961683763
same_house_share,lagged_size_emacro_drop_E,"lagged + size + E_macro pillars, Source E withheld",3135,112,0.12662193482706852,E,lagged_size_emacro,1.0748130107280154,True,0.024291979879349484,-0.007278508308332432,-0.04451481873184948,-0.04186596195629322,-0.04336410356075193
same_house_share,lagged_size_emacro_drop_F,"lagged + size + E_macro pillars, Source F withheld",3135,102,0.14736498833087508,F,lagged_size_emacro,1.0748130107280154,True,0.024291979879349484,-0.028021561812138995,-0.023771765228042918,-0.021122908452486655,-0.02262105005694537
moved_within_county_share,fixed_effect,intercept only (= a geographic fixed effect's prediction of change),3135,1,-0.0014599886134292195,,,1.0180640602026003,True,0.015957224395796242,,-0.16952926353948217,-0.20989879890691865,-0.1726565019065749
moved_within_county_share,lagged,the county's own early-vintage level,3135,1,0.20843881029348943,,,1.0180640602026003,True,0.015957224395796242,,0.04036953536743648,0.0,0.03724229700034376
moved_within_county_share,lagged_size,lagged + county size,3135,4,0.16806927492605295,,,1.0180640602026003,True,0.015957224395796242,,0.0,-0.04036953536743648,-0.0031272383670927217
moved_within_county_share,lagged_size_geo,lagged + size + lat/lon,3135,6,0.17119651329314567,,,1.0180640602026003,True,0.015957224395796242,,0.0031272383670927217,-0.03724229700034376,0.0
moved_within_county_share,lagged_size_emacro,lagged + size + E_macro pillars,3135,122,0.1421926518859472,,,1.0180640602026003,True,0.015957224395796242,,-0.02587662304010574,-0.06624615840754222,-0.02900386140719846
moved_within_county_share,lagged_size_geo_emacro,lagged + size + lat/lon + E_macro pillars,3135,124,0.12942999184592852,,,1.0180640602026003,True,0.015957224395796242,,-0.03863928308012443,-0.07900881844756091,-0.04176652144721715
moved_within_county_share,lagged_size_emacro_drop_A,"lagged + size + E_macro pillars, Source A withheld",3135,93,0.15437983558182666,A,lagged_size_emacro,1.0180640602026003,True,0.015957224395796242,-0.012187183695879455,-0.013689439344226284,-0.054058974711662766,-0.016816677711319006
moved_within_county_share,lagged_size_emacro_drop_B,"lagged + size + E_macro pillars, Source B withheld",3135,82,0.16793745300874507,B,lagged_size_emacro,1.0180640602026003,True,0.015957224395796242,-0.025744801122797867,-0.00013182191730787274,-0.040501357284744355,-0.0032590602844005945
moved_within_county_share,lagged_size_emacro_drop_C,"lagged + size + E_macro pillars, Source C withheld",3135,118,0.14793912897943773,C,lagged_size_emacro,1.0180640602026003,True,0.015957224395796242,-0.005746477093490521,-0.02013014594661522,-0.0604996813140517,-0.02325738431370794
moved_within_county_share,lagged_size_emacro_drop_D,"lagged + size + E_macro pillars, Source D withheld",3135,107,0.15116349802469853,D,lagged_size_emacro,1.0180640602026003,True,0.015957224395796242,-0.00897084613875132,-0.01690577690135442,-0.0572753122687909,-0.02003301526844714
moved_within_county_share,lagged_size_emacro_drop_E,"lagged + size + E_macro pillars, Source E withheld",3135,112,0.14915436416617878,E,lagged_size_emacro,1.0180640602026003,True,0.015957224395796242,-0.006961712280231569,-0.01891491075987417,-0.05928444612731065,-0.022042149126966892
moved_within_county_share,lagged_size_emacro_drop_F,"lagged + size + E_macro pillars, Source F withheld",3135,102,0.15999689155206076,F,lagged_size_emacro,1.0180640602026003,True,0.015957224395796242,-0.017804239666113553,-0.008072383373992187,-0.04844191874142867,-0.011199621741084909
moved_different_state_share,fixed_effect,intercept only (= a geographic fixed effect's prediction of change),3135,1,-0.002387968086261072,,,1.3266919383588902,True,0.010218936683975444,,-0.10829870868825353,-0.11347355178526108,-0.10417478674465064
moved_different_state_share,lagged,the county's own early-vintage level,3135,1,0.11108558369900001,,,1.3266919383588902,True,0.010218936683975444,,0.005174843097007553,0.0,0.009298765040610446
moved_different_state_share,lagged_size,lagged + county size,3135,4,0.10591074060199246,,,1.3266919383588902,True,0.010218936683975444,,0.0,-0.005174843097007553,0.004123921943602893
moved_different_state_share,lagged_size_geo,lagged + size + lat/lon,3135,6,0.10178681865838957,,,1.3266919383588902,True,0.010218936683975444,,-0.004123921943602893,-0.009298765040610446,0.0
moved_different_state_share,lagged_size_emacro,lagged + size + E_macro pillars,3135,122,0.0535135190521403,,,1.3266919383588902,True,0.010218936683975444,,-0.05239722154985216,-0.05757206464685971,-0.048273299606249265
moved_different_state_share,lagged_size_geo_emacro,lagged + size + lat/lon + E_macro pillars,3135,124,0.05207296989302024,,,1.3266919383588902,True,0.010218936683975444,,-0.05383777070897222,-0.059012613805979774,-0.04971384876536933
moved_different_state_share,lagged_size_emacro_drop_A,"lagged + size + E_macro pillars, Source A withheld",3135,93,0.05831422097162153,A,lagged_size_emacro,1.3266919383588902,True,0.010218936683975444,-0.004800701919481232,-0.047596519630370926,-0.05277136272737848,-0.04347259768676803
moved_different_state_share,lagged_size_emacro_drop_B,"lagged + size + E_macro pillars, Source B withheld",3135,82,0.06704637162873839,B,lagged_size_emacro,1.3266919383588902,True,0.010218936683975444,-0.013532852576598087,-0.03886436897325407,-0.044039212070261624,-0.03474044702965118
moved_different_state_share,lagged_size_emacro_drop_C,"lagged + size + E_macro pillars, Source C withheld",3135,118,0.0663642316453954,C,lagged_size_emacro,1.3266919383588902,True,0.010218936683975444,-0.012850712593255098,-0.03954650895659706,-0.04472135205360461,-0.03542258701299417
moved_different_state_share,lagged_size_emacro_drop_D,"lagged + size + E_macro pillars, Source D withheld",3135,107,0.05665090325362199,D,lagged_size_emacro,1.3266919383588902,True,0.010218936683975444,-0.0031373842014816855,-0.04925983734837047,-0.054434680445378025,-0.04513591540476758
moved_different_state_share,lagged_size_emacro_drop_E,"lagged + size + E_macro pillars, Source E withheld",3135,112,0.05667750607412125,E,lagged_size_emacro,1.3266919383588902,True,0.010218936683975444,-0.003163987021980952,-0.049233234527871206,-0.05440807762487876,-0.04510931258426831
moved_different_state_share,lagged_size_emacro_drop_F,"lagged + size + E_macro pillars, Source F withheld",3135,102,0.06994098679659422,F,lagged_size_emacro,1.3266919383588902,True,0.010218936683975444,-0.016427467744453916,-0.03596975380539824,-0.041144596902405794,-0.03184583186179535
children_married_couple_share,fixed_effect,intercept only (= a geographic fixed effect's prediction of change),3133,1,-0.0011765645315169326,,,1.0518048485278362,True,0.06517793148408935,,-0.08788783116185372,-0.054528739042950636,-0.086256698967341
children_married_couple_share,lagged,the county's own early-vintage level,3133,1,0.0533521745114337,,,1.0518048485278362,True,0.06517793148408935,,-0.03335909211890309,0.0,-0.03172795992439037
children_married_couple_share,lagged_size,lagged + county size,3133,4,0.08671126663033679,,,1.0518048485278362,True,0.06517793148408935,,0.0,0.03335909211890309,0.0016311321945127188
children_married_couple_share,lagged_size_geo,lagged + size + lat/lon,3133,6,0.08508013443582407,,,1.0518048485278362,True,0.06517793148408935,,-0.0016311321945127188,0.03172795992439037,0.0
children_married_couple_share,lagged_size_emacro,lagged + size + E_macro pillars,3133,122,0.049897827839062825,,,1.0518048485278362,True,0.06517793148408935,,-0.03681343879127397,-0.0034543466723708782,-0.03518230659676125
children_married_couple_share,lagged_size_geo_emacro,lagged + size + lat/lon + E_macro pillars,3133,124,0.04894611524034698,,,1.0518048485278362,True,0.06517793148408935,,-0.037765151389989815,-0.004406059271086726,-0.036134019195477096
children_married_couple_share,lagged_size_emacro_drop_A,"lagged + size + E_macro pillars, Source A withheld",3133,93,0.05015291343588735,A,lagged_size_emacro,1.0518048485278362,True,0.06517793148408935,-0.0002550855968245225,-0.036558353194449444,-0.0031992610755463557,-0.034927220999936726
children_married_couple_share,lagged_size_emacro_drop_B,"lagged + size + E_macro pillars, Source B withheld",3133,82,0.08276637332902337,B,lagged_size_emacro,1.0518048485278362,True,0.06517793148408935,-0.03286854548996054,-0.0039448933013134235,0.029414198817589665,-0.0023137611068007047
children_married_couple_share,lagged_size_emacro_drop_C,"lagged + size + E_macro pillars, Source C withheld",3133,118,0.04594437254094963,C,lagged_size_emacro,1.0518048485278362,True,0.06517793148408935,0.003953455298113195,-0.04076689408938716,-0.007407801970484074,-0.03913576189487444
children_married_couple_share,lagged_size_emacro_drop_D,"lagged + size + E_macro pillars, Source D withheld",3133,107,0.047529185768991566,D,lagged_size_emacro,1.0518048485278362,True,0.06517793148408935,0.0023686420700712585,-0.039182080861345225,-0.005822988742442137,-0.03755094866683251
children_married_couple_share,lagged_size_emacro_drop_E,"lagged + size + E_macro pillars, Source E withheld",3133,112,0.041123487467468745,E,lagged_size_emacro,1.0518048485278362,True,0.06517793148408935,0.00877434037159408,-0.04558777916286805,-0.012228687043964959,-0.04395664696835533
children_married_couple_share,lagged_size_emacro_drop_F,"lagged + size + E_macro pillars, Source F withheld",3133,102,0.03987471696340361,F,lagged_size_emacro,1.0518048485278362,True,0.06517793148408935,0.010023110875659214,-0.04683654966693318,-0.013477457548030092,-0.04520541747242046
children_female_householder_share,fixed_effect,intercept only (= a geographic fixed effect's prediction of change),3133,1,-0.0010974204658353859,,,1.087641601535997,True,0.059210623511596366,,-0.0700979740680151,-0.04644760679357984,-0.06885766128356618
children_female_householder_share,lagged,the county's own early-vintage level,3133,1,0.04535018632774446,,,1.087641601535997,True,0.059210623511596366,,-0.023650367274435258,0.0,-0.022410054489986342
children_female_householder_share,lagged_size,lagged + county size,3133,4,0.06900055360217972,,,1.087641601535997,True,0.059210623511596366,,0.0,0.023650367274435258,0.001240312784448916
children_female_householder_share,lagged_size_geo,lagged + size + lat/lon,3133,6,0.0677602408177308,,,1.087641601535997,True,0.059210623511596366,,-0.001240312784448916,0.022410054489986342,0.0
children_female_householder_share,lagged_size_emacro,lagged + size + E_macro pillars,3133,122,0.026743025809108034,,,1.087641601535997,True,0.059210623511596366,,-0.04225752779307168,-0.018607160518636423,-0.041017215008622765
children_female_householder_share,lagged_size_geo_emacro,lagged + size + lat/lon + E_macro pillars,3133,124,0.026852639383399213,,,1.087641601535997,True,0.059210623511596366,,-0.0421479142187805,-0.018497546944345244,-0.040907601434331586
children_female_householder_share,lagged_size_emacro_drop_A,"lagged + size + E_macro pillars, Source A withheld",3133,93,0.03037270580009177,A,lagged_size_emacro,1.087641601535997,True,0.059210623511596366,-0.0036296799909837363,-0.038627847802087945,-0.014977480527652687,-0.03738753501763903
children_female_householder_share,lagged_size_emacro_drop_B,"lagged + size + E_macro pillars, Source B withheld",3133,82,0.06405256819972216,B,lagged_size_emacro,1.087641601535997,True,0.059210623511596366,-0.037309542390614125,-0.004947985402457555,0.018702381871977702,-0.0037076726180086395
children_female_householder_share,lagged_size_emacro_drop_C,"lagged + size + E_macro pillars, Source C withheld",3133,118,0.02785178511298636,C,lagged_size_emacro,1.087641601535997,True,0.059210623511596366,-0.001108759303878326,-0.041148768489193355,-0.017498401214758097,-0.03990845570474444
children_female_householder_share,lagged_size_emacro_drop_D,"lagged + size + E_macro pillars, Source D withheld",3133,107,0.028834445220316418,D,lagged_size_emacro,1.087641601535997,True,0.059210623511596366,-0.002091419411208384,-0.0401661083818633,-0.01651574110742804,-0.03892579559741438
children_female_householder_share,lagged_size_emacro_drop_E,"lagged + size + E_macro pillars, Source E withheld",3133,112,0.019883692781292983,E,lagged_size_emacro,1.087641601535997,True,0.059210623511596366,0.006859333027815051,-0.04911686082088673,-0.025466493546451474,-0.047876548036437816
children_female_householder_share,lagged_size_emacro_drop_F,"lagged + size + E_macro pillars, Source F withheld",3133,102,0.02123912006081241,F,lagged_size_emacro,1.087641601535997,True,0.059210623511596366,0.005503905748295623,-0.047761433541367304,-0.024111066266932046,-0.04652112075691839
children_male_householder_share,fixed_effect,intercept only (= a geographic fixed effect's prediction of change),3133,1,-0.0011938114806224753,,,1.0431756609518252,True,0.04188558176629971,,-0.20108149394273578,-0.205447815386274,-0.19936661619624252
children_male_householder_share,lagged,the county's own early-vintage level,3133,1,0.20425400390565152,,,1.0431756609518252,True,0.04188558176629971,,0.0043663214435382125,0.0,0.006081199190031472
children_male_householder_share,lagged_size,lagged + county size,3133,4,0.1998876824621133,,,1.0431756609518252,True,0.04188558176629971,,0.0,-0.0043663214435382125,0.0017148777464932596
children_male_householder_share,lagged_size_geo,lagged + size + lat/lon,3133,6,0.19817280471562004,,,1.0431756609518252,True,0.04188558176629971,,-0.0017148777464932596,-0.006081199190031472,0.0
children_male_householder_share,lagged_size_emacro,lagged + size + E_macro pillars,3133,122,0.16289877064271463,,,1.0431756609518252,True,0.04188558176629971,,-0.03698891181939867,-0.041355233262936886,-0.035274034072905414
children_male_householder_share,lagged_size_geo_emacro,lagged + size + lat/lon + E_macro pillars,3133,124,0.1634711335549518,,,1.0431756609518252,True,0.04188558176629971,,-0.036416548907161506,-0.04078287035069972,-0.034701671160668246
children_male_householder_share,lagged_size_emacro_drop_A,"lagged + size + E_macro pillars, Source A withheld",3133,93,0.1700299068168707,A,lagged_size_emacro,1.0431756609518252,True,0.04188558176629971,-0.007131136174156061,-0.029857775645242612,-0.034224097088780825,-0.028142897898749353
children_male_householder_share,lagged_size_emacro_drop_B,"lagged + size + E_macro pillars, Source B withheld",3133,82,0.1855909704932125,B,lagged_size_emacro,1.0431756609518252,True,0.04188558176629971,-0.022692199850497863,-0.01429671196890081,-0.018663033412439023,-0.01258183422240755
children_male_householder_share,lagged_size_emacro_drop_C,"lagged + size + E_macro pillars, Source C withheld",3133,118,0.16343302241990176,C,lagged_size_emacro,1.0431756609518252,True,0.04188558176629971,-0.0005342517771871336,-0.03645466004221154,-0.04082098148574975,-0.03473978229571828
children_male_householder_share,lagged_size_emacro_drop_D,"lagged + size + E_macro pillars, Source D withheld",3133,107,0.15771204168980313,D,lagged_size_emacro,1.0431756609518252,True,0.04188558176629971,0.005186728952911501,-0.042175640772310174,-0.04654196221584839,-0.040460763025816915
children_male_householder_share,lagged_size_emacro_drop_E,"lagged + size + E_macro pillars, Source E withheld",3133,112,0.1629774419202189,E,lagged_size_emacro,1.0431756609518252,True,0.04188558176629971,-7.867127750427194e-05,-0.0369102405418944,-0.041276561985432614,-0.03519536279540114
children_male_householder_share,lagged_size_emacro_drop_F,"lagged + size + E_macro pillars, Source F withheld",3133,102,0.16208812561784558,F,lagged_size_emacro,1.0431756609518252,True,0.04188558176629971,0.00081064502486905,-0.03779955684426772,-0.042165878287805936,-0.036084679097774464
household_earnings_share,fixed_effect,intercept only (= a geographic fixed effect's prediction of change),3135,1,-0.0026307669920573318,,,1.3822418397115999,True,0.028943611196980728,,-0.09424967590125621,-0.09200002942130892,-0.09297418791292167
household_earnings_share,lagged,the county's own early-vintage level,3135,1,0.08936926242925158,,,1.3822418397115999,True,0.028943611196980728,,-0.002249646479947298,0.0,-0.0009741584916127533
household_earnings_share,lagged_size,lagged + county size,3135,4,0.09161890890919888,,,1.3822418397115999,True,0.028943611196980728,,0.0,0.002249646479947298,0.001275487988334545
household_earnings_share,lagged_size_geo,lagged + size + lat/lon,3135,6,0.09034342092086434,,,1.3822418397115999,True,0.028943611196980728,,-0.001275487988334545,0.0009741584916127533,0.0
household_earnings_share,lagged_size_emacro,lagged + size + E_macro pillars,3135,121,0.031131728430039196,,,1.3822418397115999,True,0.028943611196980728,,-0.060487180479159686,-0.05823753399921239,-0.05921169249082514
household_earnings_share,lagged_size_geo_emacro,lagged + size + lat/lon + E_macro pillars,3135,123,0.029192795157055862,,,1.3822418397115999,True,0.028943611196980728,,-0.06242611375214302,-0.06017646727219572,-0.061150625763808475
household_earnings_share,lagged_size_emacro_drop_A,"lagged + size + E_macro pillars, Source A withheld",3135,92,0.036635766380778034,A,lagged_size_emacro,1.3822418397115999,True,0.028943611196980728,-0.005504037950738838,-0.05498314252842085,-0.05273349604847355,-0.0537076545400863
household_earnings_share,lagged_size_emacro_drop_B,"lagged + size + E_macro pillars, Source B withheld",3135,81,0.0798402731371124,B,lagged_size_emacro,1.3822418397115999,True,0.028943611196980728,-0.0487085447070732,-0.011778635772086488,-0.00952898929213919,-0.010503147783751943
household_earnings_share,lagged_size_emacro_drop_C,"lagged + size + E_macro pillars, Source C withheld",3135,117,0.03963241729430311,C,lagged_size_emacro,1.3822418397115999,True,0.028943611196980728,-0.008500688864263917,-0.05198649161489577,-0.04973684513494847,-0.050711003626561224
household_earnings_share,lagged_size_emacro_drop_D,"lagged + size + E_macro pillars, Source D withheld",3135,106,0.03047141101419304,D,lagged_size_emacro,1.3822418397115999,True,0.028943611196980728,0.0006603174158461567,-0.06114749789500584,-0.058897851415058544,-0.0598720099066713
household_earnings_share,lagged_size_emacro_drop_E,"lagged + size + E_macro pillars, Source E withheld",3135,111,0.025198186178627457,E,lagged_size_emacro,1.3822418397115999,True,0.028943611196980728,0.005933542251411739,-0.06642072273057142,-0.06417107625062413,-0.06514523474223688
household_earnings_share,lagged_size_emacro_drop_F,"lagged + size + E_macro pillars, Source F withheld",3135,102,0.03842962351480539,F,lagged_size_emacro,1.3822418397115999,True,0.028943611196980728,-0.007297895084766193,-0.05318928539439349,-0.050939638914446195,-0.05191379740605895
household_ss_income_share,fixed_effect,intercept only (= a geographic fixed effect's prediction of change),3135,1,-0.001663741809480257,,,1.0174260019319794,True,0.02744180681862055,,-0.0759044083283722,-0.09812904386541399,-0.07514060314786519
household_ss_income_share,lagged,the county's own early-vintage level,3135,1,0.09646530205593373,,,1.0174260019319794,True,0.02744180681862055,,0.022224635537041793,0.0,0.022988440717548797
household_ss_income_share,lagged_size,lagged + county size,3135,4,0.07424066651889194,,,1.0174260019319794,True,0.02744180681862055,,0.0,-0.022224635537041793,0.0007638051805070045
household_ss_income_share,lagged_size_geo,lagged + size + lat/lon,3135,6,0.07347686133838494,,,1.0174260019319794,True,0.02744180681862055,,-0.0007638051805070045,-0.022988440717548797,0.0
household_ss_income_share,lagged_size_emacro,lagged + size + E_macro pillars,3135,121,0.0011781641041078705,,,1.0174260019319794,True,0.02744180681862055,,-0.07306250241478407,-0.09528713795182586,-0.07229869723427707
household_ss_income_share,lagged_size_geo_emacro,lagged + size + lat/lon + E_macro pillars,3135,123,0.0026344068247926566,,,1.0174260019319794,True,0.02744180681862055,,-0.07160625969409928,-0.09383089523114108,-0.07084245451359228
household_ss_income_share,lagged_size_emacro_drop_A,"lagged + size + E_macro pillars, Source A withheld",3135,92,0.0017404072971199946,A,lagged_size_emacro,1.0174260019319794,True,0.02744180681862055,-0.0005622431930121241,-0.07250025922177195,-0.09472489475881374,-0.07173645404126494
household_ss_income_share,lagged_size_emacro_drop_B,"lagged + size + E_macro pillars, Source B withheld",3135,81,0.06000623742377198,B,lagged_size_emacro,1.0174260019319794,True,0.02744180681862055,-0.05882807331966411,-0.01423442909511996,-0.03645906463216175,-0.013470623914612956
household_ss_income_share,lagged_size_emacro_drop_C,"lagged + size + E_macro pillars, Source C withheld",3135,117,0.010399701381143878,C,lagged_size_emacro,1.0174260019319794,True,0.02744180681862055,-0.009221537277036007,-0.06384096513774806,-0.08606560067478985,-0.06307715995724106
household_ss_income_share,lagged_size_emacro_drop_D,"lagged + size + E_macro pillars, Source D withheld",3135,106,0.0014364468872380964,D,lagged_size_emacro,1.0174260019319794,True,0.02744180681862055,-0.0002582827831302259,-0.07280421963165384,-0.09502885516869564,-0.07204041445114684
household_ss_income_share,lagged_size_emacro_drop_E,"lagged + size + E_macro pillars, Source E withheld",3135,111,0.00448077858569651,E,lagged_size_emacro,1.0174260019319794,True,0.02744180681862055,-0.0033026144815886394,-0.06975988793319543,-0.09198452347023722,-0.06899608275268843
household_ss_income_share,lagged_size_emacro_drop_F,"lagged + size + E_macro pillars, Source F withheld",3135,102,-0.01675971946287147,F,lagged_size_emacro,1.0174260019319794,True,0.02744180681862055,0.01793788356697934,-0.09100038598176341,-0.1132250215188052,-0.0902365808012564
mortgaged_share,fixed_effect,intercept only (= a geographic fixed effect's prediction of change),3134,1,-0.0014627632246126954,,,4.577648721553727,True,0.03498588359476152,,-0.05013620766688209,-0.05500701716083001,-0.052132128573282865
mortgaged_share,lagged,the county's own early-vintage level,3134,1,0.05354425393621731,,,4.577648721553727,True,0.03498588359476152,,0.004870809493947914,0.0,0.002874888587547142
mortgaged_share,lagged_size,lagged + county size,3134,4,0.0486734444422694,,,4.577648721553727,True,0.03498588359476152,,0.0,-0.004870809493947914,-0.001995920906400772
mortgaged_share,lagged_size_geo,lagged + size + lat/lon,3134,6,0.05066936534867017,,,4.577648721553727,True,0.03498588359476152,,0.001995920906400772,-0.002874888587547142,0.0
mortgaged_share,lagged_size_emacro,lagged + size + E_macro pillars,3134,122,0.008294852273273645,,,4.577648721553727,True,0.03498588359476152,,-0.04037859216899575,-0.04524940166294367,-0.042374513075396525
mortgaged_share,lagged_size_geo_emacro,lagged + size + lat/lon + E_macro pillars,3134,124,0.017602101851633578,,,4.577648721553727,True,0.03498588359476152,,-0.03107134259063582,-0.035942152084583734,-0.03306726349703659
mortgaged_share,lagged_size_emacro_drop_A,"lagged + size + E_macro pillars, Source A withheld",3134,93,0.017043560488596565,A,lagged_size_emacro,4.577648721553727,True,0.03498588359476152,-0.00874870821532292,-0.03162988395367283,-0.03650069344762075,-0.033625804860073605
mortgaged_share,lagged_size_emacro_drop_B,"lagged + size + E_macro pillars, Source B withheld",3134,82,0.04302151793196529,B,lagged_size_emacro,4.577648721553727,True,0.03498588359476152,-0.03472666565869165,-0.005651926510304106,-0.01052273600425202,-0.007647847416704878
mortgaged_share,lagged_size_emacro_drop_C,"lagged + size + E_macro pillars, Source C withheld",3134,118,0.009724977547244329,C,lagged_size_emacro,4.577648721553727,True,0.03498588359476152,-0.0014301252739706838,-0.03894846689502507,-0.04381927638897298,-0.04094438780142584
mortgaged_share,lagged_size_emacro_drop_D,"lagged + size + E_macro pillars, Source D withheld",3134,107,0.01657573663143197,D,lagged_size_emacro,4.577648721553727,True,0.03498588359476152,-0.008280884358158325,-0.03209770781083743,-0.03696851730478534,-0.0340936287172382
mortgaged_share,lagged_size_emacro_drop_E,"lagged + size + E_macro pillars, Source E withheld",3134,112,0.00796555115157227,E,lagged_size_emacro,4.577648721553727,True,0.03498588359476152,0.00032930112170137527,-0.04070789329069713,-0.04557870278464504,-0.0427038141970979
mortgaged_share,lagged_size_emacro_drop_F,"lagged + size + E_macro pillars, Source F withheld",3134,102,0.002700516780644535,F,lagged_size_emacro,4.577648721553727,True,0.03498588359476152,0.00559433549262911,-0.04597292766162486,-0.05084373715557278,-0.047968848568025635
computer_ownership_share,fixed_effect,intercept only (= a geographic fixed effect's prediction of change),3135,1,-0.0019726129197292774,,,1.0176072091321977,True,0.02814697465390333,,-0.548596376398788,-0.5453253819974437,-0.5540664894944185
computer_ownership_share,lagged,the county's own early-vintage level,3135,1,0.5433527690777145,,,1.0176072091321977,True,0.02814697465390333,,-0.0032709944013442627,0.0,-0.008741107496974765
computer_ownership_share,lagged_size,lagged + county size,3135,4,0.5466237634790587,,,1.0176072091321977,True,0.02814697465390333,,0.0,0.0032709944013442627,-0.005470113095630502
computer_ownership_share,lagged_size_geo,lagged + size + lat/lon,3135,6,0.5520938765746892,,,1.0176072091321977,True,0.02814697465390333,,0.005470113095630502,0.008741107496974765,0.0
computer_ownership_share,lagged_size_emacro,lagged + size + E_macro pillars,3135,122,0.495078355714586,,,1.0176072091321977,True,0.02814697465390333,,-0.051545407764472695,-0.04827441336312843,-0.0570155208601032
computer_ownership_share,lagged_size_geo_emacro,lagged + size + lat/lon + E_macro pillars,3135,124,0.4949862107195233,,,1.0176072091321977,True,0.02814697465390333,,-0.05163755275953541,-0.04836655835819115,-0.05710766585516591
computer_ownership_share,lagged_size_emacro_drop_A,"lagged + size + E_macro pillars, Source A withheld",3135,93,0.49597092468797754,A,lagged_size_emacro,1.0176072091321977,True,0.02814697465390333,-0.0008925689733915165,-0.05065283879108118,-0.047381844389736916,-0.05612295188671168
computer_ownership_share,lagged_size_emacro_drop_B,"lagged + size + E_macro pillars, Source B withheld",3135,82,0.5265131194774773,B,lagged_size_emacro,1.0176072091321977,True,0.02814697465390333,-0.03143476376289123,-0.020110644001581468,-0.016839649600237205,-0.02558075709721197
computer_ownership_share,lagged_size_emacro_drop_C,"lagged + size + E_macro pillars, Source C withheld",3135,118,0.49553101036955904,C,lagged_size_emacro,1.0176072091321977,True,0.02814697465390333,-0.00045265465497301705,-0.05109275310949968,-0.047821758708155415,-0.05656286620513018
computer_ownership_share,lagged_size_emacro_drop_D,"lagged + size + E_macro pillars, Source D withheld",3135,107,0.5013829277722079,D,lagged_size_emacro,1.0176072091321977,True,0.02814697465390333,-0.0063045720576219155,-0.04524083570685078,-0.04196984130550652,-0.05071094880248128
computer_ownership_share,lagged_size_emacro_drop_E,"lagged + size + E_macro pillars, Source E withheld",3135,112,0.5013941064393359,E,lagged_size_emacro,1.0176072091321977,True,0.02814697465390333,-0.00631575072474988,-0.045229657039722815,-0.04195866263837855,-0.05069977013535332
computer_ownership_share,lagged_size_emacro_drop_F,"lagged + size + E_macro pillars, Source F withheld",3135,102,0.5050706062986213,F,lagged_size_emacro,1.0176072091321977,True,0.02814697465390333,-0.0099922505840353,-0.041553157180437394,-0.03828216277909313,-0.0470232702760679
